strata generate: native pack:  experts (largest blob 2.76 MB), token embedding BF16 in mapped host memory (1212 MiB, 1.6 s)
strata generate: 7016 MiB of weights loaded from  in 10.7 s (1 canonical tensors skipped: served natively)
strata generate: GPU 0: NVIDIA GeForce RTX 5090, compute capability 12.0
strata generate: the SSD is kept awake while rows are read: one page of the table after 100 ms without a read, until 60 s after the last request (STRATA_SSD_KEEPALIVE=0 turns it off)
strata generate: profile G:\Strata\Strata-Safetensors\data\expert-profile.bin: 24576 ranked pairs, built for 24576 slots
strata generate: --batch: 2 slot sessions on CUDA0 (0.56 GiB each); 20.92 GiB free
strata generate: --batch 2: the slot sessions take 1.12 GiB of VRAM on CUDA0 that the expert cache would otherwise hold
safetensors MTP: 29 dense tensors, 512 original FP8 experts; 2573.1 MiB, no requantization
strata mtp: original safetensors draft, 2620 MiB total VRAM, startup 2.20 s
strata generate: native BF16 head, 1271398400 bytes, in 1.4 s
safetensors: allocating 63.282 GiB expert RAM (CUDA pinned); startup batch=64 workers=4
safetensors: expert RAM allocated and locked in 5.08 s
safetensors: resident experts 1/48 layers (elapsed 5.66 s, read 0.48 s, pack 0.07 s)
safetensors: resident experts 2/48 layers (elapsed 6.21 s, read 0.96 s, pack 0.13 s)
safetensors: resident experts 3/48 layers (elapsed 6.95 s, read 1.63 s, pack 0.20 s)
safetensors: resident experts 4/48 layers (elapsed 7.78 s, read 2.39 s, pack 0.26 s)
safetensors: resident experts 5/48 layers (elapsed 8.30 s, read 2.85 s, pack 0.32 s)
safetensors: resident experts 6/48 layers (elapsed 8.81 s, read 3.30 s, pack 0.38 s)
safetensors: resident experts 7/48 layers (elapsed 9.31 s, read 3.75 s, pack 0.44 s)
safetensors: resident experts 8/48 layers (elapsed 9.82 s, read 4.19 s, pack 0.50 s)
safetensors: resident experts 9/48 layers (elapsed 10.31 s, read 4.62 s, pack 0.56 s)
safetensors: resident experts 10/48 layers (elapsed 10.86 s, read 5.11 s, pack 0.62 s)
safetensors: resident experts 11/48 layers (elapsed 11.37 s, read 5.56 s, pack 0.68 s)
safetensors: resident experts 12/48 layers (elapsed 11.85 s, read 5.98 s, pack 0.74 s)
safetensors: resident experts 13/48 layers (elapsed 12.34 s, read 6.41 s, pack 0.80 s)
safetensors: resident experts 14/48 layers (elapsed 12.82 s, read 6.83 s, pack 0.86 s)
safetensors: resident experts 15/48 layers (elapsed 13.29 s, read 7.24 s, pack 0.92 s)
safetensors: resident experts 16/48 layers (elapsed 13.80 s, read 7.69 s, pack 0.98 s)
safetensors: resident experts 17/48 layers (elapsed 14.32 s, read 8.14 s, pack 1.04 s)
safetensors: resident experts 18/48 layers (elapsed 14.83 s, read 8.59 s, pack 1.10 s)
safetensors: resident experts 19/48 layers (elapsed 15.34 s, read 9.04 s, pack 1.16 s)
safetensors: resident experts 20/48 layers (elapsed 15.88 s, read 9.52 s, pack 1.22 s)
safetensors: resident experts 21/48 layers (elapsed 16.42 s, read 10.00 s, pack 1.28 s)
safetensors: resident experts 22/48 layers (elapsed 16.91 s, read 10.43 s, pack 1.34 s)
safetensors: resident experts 23/48 layers (elapsed 17.40 s, read 10.86 s, pack 1.40 s)
safetensors: resident experts 24/48 layers (elapsed 17.90 s, read 11.29 s, pack 1.46 s)
safetensors: resident experts 25/48 layers (elapsed 18.38 s, read 11.72 s, pack 1.52 s)
safetensors: resident experts 26/48 layers (elapsed 18.88 s, read 12.15 s, pack 1.58 s)
safetensors: resident experts 27/48 layers (elapsed 19.38 s, read 12.60 s, pack 1.64 s)
safetensors: resident experts 28/48 layers (elapsed 19.82 s, read 12.98 s, pack 1.70 s)
safetensors: resident experts 29/48 layers (elapsed 20.32 s, read 13.41 s, pack 1.76 s)
safetensors: resident experts 30/48 layers (elapsed 20.83 s, read 13.86 s, pack 1.82 s)
safetensors: resident experts 31/48 layers (elapsed 21.37 s, read 14.34 s, pack 1.88 s)
safetensors: resident experts 32/48 layers (elapsed 21.90 s, read 14.81 s, pack 1.94 s)
safetensors: resident experts 33/48 layers (elapsed 22.39 s, read 15.24 s, pack 2.00 s)
safetensors: resident experts 34/48 layers (elapsed 23.05 s, read 15.84 s, pack 2.06 s)
safetensors: resident experts 35/48 layers (elapsed 25.23 s, read 17.96 s, pack 2.13 s)
safetensors: resident experts 36/48 layers (elapsed 25.86 s, read 18.53 s, pack 2.19 s)
safetensors: resident experts 37/48 layers (elapsed 26.36 s, read 18.97 s, pack 2.25 s)
safetensors: resident experts 38/48 layers (elapsed 26.84 s, read 19.38 s, pack 2.31 s)
safetensors: resident experts 39/48 layers (elapsed 27.34 s, read 19.82 s, pack 2.37 s)
safetensors: resident experts 40/48 layers (elapsed 28.40 s, read 20.82 s, pack 2.43 s)
safetensors: resident experts 41/48 layers (elapsed 28.83 s, read 21.19 s, pack 2.49 s)
safetensors: resident experts 42/48 layers (elapsed 29.35 s, read 21.64 s, pack 2.55 s)
safetensors: resident experts 43/48 layers (elapsed 29.85 s, read 22.08 s, pack 2.61 s)
safetensors: resident experts 44/48 layers (elapsed 30.36 s, read 22.54 s, pack 2.67 s)
safetensors: resident experts 45/48 layers (elapsed 30.84 s, read 22.96 s, pack 2.73 s)
safetensors: resident experts 46/48 layers (elapsed 31.34 s, read 23.40 s, pack 2.79 s)
safetensors: resident experts 47/48 layers (elapsed 31.80 s, read 23.79 s, pack 2.85 s)
safetensors: resident experts 48/48 layers (elapsed 32.28 s, read 24.21 s, pack 2.91 s)
safetensors: 63.282 GiB physically page-locked and GPU-mapped via cudaHostAlloc, 0.0 MiB GPU staging
safetensors: startup weight handles closed; all resident payload reads sealed
safetensors: expert startup complete: 32.28 s, batch=64 workers=4 scratch_peak_mib=168.75 read_s=24.21 pack_s=2.91 source_read_calls=29980
safetensors: all expert weights in locked RAM; expert source reads sealed
strata generate: CPU pool tasks/phase: 40 (capped by rows), participating threads: 16
strata generate: 15 pool workers on logical processors 2,4,6,8,10,12,14,16,18,20,22,24,26,28,30, the host thread on 0 (draining too) (--host-core first)
strata prefill allocation: requested=4096 effective=4096 capacity=4096 workspace_bytes=2906123008 free_vram_bytes=14720958464
safetensors: prefill-first: 4096 rows allocated and touched before expert cache sizing; 512 MiB startup headroom held; experts use the remaining budget
strata generate: expert cache auto: 13.71 GiB free, 1536 MiB reserved (+2 MiB for the draft head) -> 4716 slots
strata generate: only 0 MiB free once the slots are written (reserve 1536 MiB); shrinking the expert cache
safetensors: written-cache budget also keeps 3 MiB for the late MTP head
strata generate: only 0 MiB free once the slots are written (reserve 1536 MiB); shrinking the expert cache
safetensors: written-cache budget also keeps 3 MiB for the late MTP head
strata generate: only 972 MiB free once the slots are written (reserve 1536 MiB); shrinking the expert cache
safetensors: written-cache budget also keeps 3 MiB for the late MTP head
strata generate: expert cache 3260 slots, 8.40 GiB of VRAM; policy is
strata generate: native NVFP4 CPU/GPU FP32 canonical arithmetic enabled
                 (32-lane reduction and double exp rounded to float).
                 PROFILE, ranked by routing frequency, no eviction.
strata generate: the profile fill asks for 0 pairs ahead (STRATA_FILL_AHEAD)
strata generate: pre-filled 3260 of 3260 slots from the profile in 0.2 s (37800 MB/s); slot 0 verified
strata generate: R4 hit path ON - resident experts are computed on the GPU
strata generate: 15 expert-pool workers + the host thread
strata generate: session is up (engine 0.1.41)
strata generate: token graph hit path: 3260 resident experts, decided on the device
strata generate: resident RAM mode: 63.28 GiB of experts in RAM (page-locked), 3260 in the GPU cache; adaptive swaps off
strata serve: the prompt path allocates its own buffers (dedicated workspace: --no-prefill-borrow)
strata serve prefill selection: configured=4096 selected=4096 auto=0 reduced=0
strata generate: elastic K/V: 16384 of 262144 cells in VRAM (0.72 of 9.54 GiB); the expert cache (3260 slots) gives the K/V room below slot 3260 as the context grows
strata hc: CUDA0: the hyper-connection read runs as staged (the norm per token and stream, the down projection's activations staged ahead by cp.async); checked bit for bit against the plain read on this card (STRATA_HC_SPLIT=1 or 0 for the earlier ones)
strata verify: window up to 3 tokens, 355.1 MiB of device buffers
strata verify: batch windows of up to 2 sequences (layers [0, 48))
strata serve: STRATA_ADAPT_FETCH is off (the adaptive tier is off)
safetensors: startup MTP weight warm: 2573.1 MiB read on device in 7.4 ms; original weights, KV and sampling state unchanged
safetensors: startup immutable weight warm completed in 20.1 ms using the 512 MiB guard; no forward pass or expert source read
safetensors: prefill-first ready: configured=4096 allocated=4096; startup headroom released; 1752 MiB free
strata serve: 1752 MiB of VRAM free with everything loaded
safetensors: engine ready after 74.98 s from main entry
strata serve prefill segment: start=0 end=22 root=0 turn=1 message=0 pin=0 reread=0
strata verify: capturing the 3-token window (1752 MiB of VRAM free)
strata: the hyper-connection read v4 (programmatic dependent launch)
strata verify: captured the 3-token window (upload no error, sync no error)
strata verify: capturing the 1-token window (1753 MiB of VRAM free)
strata verify: captured the 1-token window (upload no error, sync no error)
strata serve prefill segment: start=22 end=28 root=0 turn=0 message=0 pin=0 reread=0
strata verify: capturing the 2-token window (1742 MiB of VRAM free)
strata verify: captured the 2-token window (upload no error, sync no error)
strata serve: prompt 29 tokens = 0 reused + 29 read in 689 ms (42.1 tok/s), 32 generated in 762 ms (42.0 tok/s), drafts accepted 18 of 24, 1 checkpoints
strata serve: decode expert cache hit rate: 43.0% (7010 hits / 16303 lookups); 1937 more read by the GPU over PCIe or from another GPU (10.6% of all 18240 routed)
strata serve: resident RAM: 63.28 GiB of experts in RAM, 0 exchanged with the VRAM tier, 0 blob reads from the file
safetensors residency metrics: ram_bytes=67948118016 os_locked_bytes=0 cuda_pinned_bytes=67948118016 promotions=0 promoted_payload_bytes=0 expert_file_bytes=0 (cumulative; payload is not a physical PCIe counter)
safetensors ngram metrics: ple io: 1088 rows, 6.6% row-cache hits, 1016 SSD reads (4.4 MB), read p50 153 us p99 321 us, blocked 0.016 ms total (submit 0.677 ms), cache 1016/1048576 rows
strata serve: expert tiers: GPU 7010 hits this request; since the start RAM 18868 blobs, files 0 blobs 0.0 MB read
strata serve: conversation cache: parked 60 tokens in 61.1 ms; parked=1 bytes=237053168 evictions=0 snapshot_bytes=237053168 reused_kv_bytes=0
strata serve prefill segment: start=0 end=19 root=0 turn=1 message=0 pin=0 reread=0
strata serve prefill segment: start=19 end=25 root=0 turn=0 message=0 pin=0 reread=0
strata serve: prompt 26 tokens = 0 reused + 26 read in 542 ms (48.0 tok/s), 32 generated in 595 ms (53.7 tok/s), drafts accepted 20 of 22, 1 checkpoints
strata serve: decode expert cache hit rate: 27.5% (3924 hits / 14289 lookups); 2031 more read by the GPU over PCIe or from another GPU (12.4% of all 16320 routed)
strata serve: resident RAM: 63.28 GiB of experts in RAM, 0 exchanged with the VRAM tier, 0 blob reads from the file
safetensors residency metrics: ram_bytes=67948118016 os_locked_bytes=0 cuda_pinned_bytes=67948118016 promotions=0 promoted_payload_bytes=0 expert_file_bytes=0 (cumulative; payload is not a physical PCIe counter)
safetensors ngram metrics: ple io: 2032 rows, 16.5% row-cache hits, 1696 SSD reads (7.3 MB), read p50 149 us p99 3255 us, blocked 1.164 ms total (submit 1.167 ms), cache 1696/1048576 rows, SSD kept awake by 2 reads (slowest 5.1 ms)
strata serve: expert tiers: GPU 3924 hits this request; since the start RAM 33973 blobs, files 0 blobs 0.0 MB read
strata serve: conversation cache: parked 57 tokens in 58.8 ms; parked=1 bytes=237047000 evictions=0 snapshot_bytes=237047000 reused_kv_bytes=0
strata serve: conversation cache: restored 22 tokens (checkpoint) in 29.9 ms; parked=1 bytes=237973328
strata serve prefill segment: start=22 end=28 root=0 turn=0 message=0 pin=0 reread=0
strata batch: slot 0 takes 29 tokens (copied in 51.8 ms)
strata serve: prompt 29 tokens = 22 reused + 7 read in 201 ms (34.7 tok/s), 1 generated in 32 ms (31.0 tok/s), drafts accepted 0 of 0, 1 checkpoints
strata serve: decode expert cache hit rate: 44.8% (191 hits / 426 lookups); 54 more read by the GPU over PCIe or from another GPU (11.2% of all 480 routed)
strata serve: resident RAM: 63.28 GiB of experts in RAM, 0 exchanged with the VRAM tier, 0 blob reads from the file
safetensors residency metrics: ram_bytes=67948118016 os_locked_bytes=0 cuda_pinned_bytes=67948118016 promotions=0 promoted_payload_bytes=0 expert_file_bytes=0 (cumulative; payload is not a physical PCIe counter)
safetensors ngram metrics: ple io: 2144 rows, 20.9% row-cache hits, 1696 SSD reads (7.3 MB), read p50 149 us p99 3255 us, blocked 1.165 ms total (submit 1.167 ms), cache 1696/1048576 rows, SSD kept awake by 5 reads (slowest 5.1 ms)
strata serve: expert tiers: GPU 191 hits this request; since the start RAM 35755 blobs, files 0 blobs 0.0 MB read
strata serve: conversation cache: parked 29 tokens in 49.4 ms; parked=1 bytes=237053044 evictions=0 snapshot_bytes=237053044 reused_kv_bytes=305280
strata serve: conversation cache: restored 19 tokens (checkpoint) in 27.5 ms; parked=1 bytes=237973228
strata serve prefill segment: start=19 end=25 root=0 turn=0 message=0 pin=0 reread=0
strata batch: slot 1 takes 26 tokens (copied in 51.4 ms)
strata serve: prompt 26 tokens = 19 reused + 7 read in 184 ms (38.0 tok/s), 1 generated in 32 ms (31.4 tok/s), drafts accepted 0 of 0, 1 checkpoints
strata serve: decode expert cache hit rate: 37.6% (156 hits / 415 lookups); 65 more read by the GPU over PCIe or from another GPU (13.5% of all 480 routed)
strata serve: resident RAM: 63.28 GiB of experts in RAM, 0 exchanged with the VRAM tier, 0 blob reads from the file
safetensors residency metrics: ram_bytes=67948118016 os_locked_bytes=0 cuda_pinned_bytes=67948118016 promotions=0 promoted_payload_bytes=0 expert_file_bytes=0 (cumulative; payload is not a physical PCIe counter)
safetensors ngram metrics: ple io: 2256 rows, 24.8% row-cache hits, 1696 SSD reads (7.3 MB), read p50 149 us p99 3255 us, blocked 1.166 ms total (submit 1.167 ms), cache 1696/1048576 rows, SSD kept awake by 7 reads (slowest 5.2 ms)
strata serve: expert tiers: GPU 156 hits this request; since the start RAM 37632 blobs, files 0 blobs 0.0 MB read
strata verify: captured the batch window over slots 0,1
strata batch: 31 windows, avg 2.00 rows, 45.35 ms/window = run 44.13 (CUDA0 GPU-reach wait 17.50 + CPU experts 24.61) + commit 1.17 + emit 0.04; per layer-window: CPU experts 10.45, VRAM hits 6.25, PCIe 2.97; 44.1 rows/s over 1406 ms of wall time (admissions included)
strata serve: conversation cache: parked 26 tokens in 54.4 ms; parked=2 bytes=474099920 evictions=0 snapshot_bytes=237046876 reused_kv_bytes=244224
strata batch: slot 0 gave back 22 tokens of this conversation (its turn checkpoint) in 45.6 ms
strata serve prefill segment: start=22 end=28 root=0 turn=0 message=0 pin=0 reread=0
strata serve: prompt 29 tokens = 22 reused + 7 read in 194 ms (36.1 tok/s), 32 generated in 882 ms (36.3 tok/s), drafts accepted 12 of 29, 1 checkpoints
strata serve: decode expert cache hit rate: 40.0% (8341 hits / 20852 lookups); 2668 more read by the GPU over PCIe or from another GPU (11.3% of all 23520 routed)
strata serve: resident RAM: 63.28 GiB of experts in RAM, 0 exchanged with the VRAM tier, 0 blob reads from the file
safetensors residency metrics: ram_bytes=67948118016 os_locked_bytes=0 cuda_pinned_bytes=67948118016 promotions=0 promoted_payload_bytes=0 expert_file_bytes=0 (cumulative; payload is not a physical PCIe counter)
safetensors ngram metrics: ple io: 4224 rows, 42.6% row-cache hits, 2424 SSD reads (10.4 MB), read p50 145 us p99 580 us, blocked 1.182 ms total (submit 1.771 ms), cache 2424/1048576 rows, SSD kept awake by 22 reads (slowest 5.2 ms)
strata serve: expert tiers: GPU 8341 hits this request; since the start RAM 70735 blobs, files 0 blobs 0.0 MB read
strata serve: conversation cache: dropped 1 superseded copy of this conversation; parked=1
strata serve: conversation cache: parked 60 tokens in 46.5 ms; parked=2 bytes=474100044 evictions=0 snapshot_bytes=237053168 reused_kv_bytes=0
strata batch: slot 1 gave back 19 tokens of this conversation (its turn checkpoint) in 45.8 ms
strata serve prefill segment: start=19 end=25 root=0 turn=0 message=0 pin=0 reread=0
strata serve: prompt 26 tokens = 19 reused + 7 read in 198 ms (35.3 tok/s), 32 generated in 640 ms (50.0 tok/s), drafts accepted 19 of 24, 1 checkpoints
strata serve: decode expert cache hit rate: 28.7% (4477 hits / 15606 lookups); 2154 more read by the GPU over PCIe or from another GPU (12.1% of all 17760 routed)
strata serve: resident RAM: 63.28 GiB of experts in RAM, 0 exchanged with the VRAM tier, 0 blob reads from the file
safetensors residency metrics: ram_bytes=67948118016 os_locked_bytes=0 cuda_pinned_bytes=67948118016 promotions=0 promoted_payload_bytes=0 expert_file_bytes=0 (cumulative; payload is not a physical PCIe counter)
safetensors ngram metrics: ple io: 4912 rows, 49.5% row-cache hits, 2480 SSD reads (10.6 MB), read p50 145 us p99 573 us, blocked 1.189 ms total (submit 1.829 ms), cache 2480/1048576 rows, SSD kept awake by 29 reads (slowest 5.2 ms)
strata serve: expert tiers: GPU 4477 hits this request; since the start RAM 81240 blobs, files 0 blobs 0.0 MB read
strata serve: conversation cache: dropped 1 superseded copy of this conversation; parked=1
strata serve: conversation cache: parked 57 tokens in 39.0 ms; parked=2 bytes=474100168 evictions=0 snapshot_bytes=237047000 reused_kv_bytes=0
strata batch: slot 0 gave back 22 tokens of this conversation (its turn checkpoint) in 39.9 ms
strata serve prefill segment: start=22 end=28 root=0 turn=0 message=0 pin=0 reread=0
strata batch: slot 0 takes 29 tokens (copied in 72.4 ms)
strata serve: prompt 29 tokens = 22 reused + 7 read in 199 ms (35.2 tok/s), 1 generated in 21 ms (48.4 tok/s), drafts accepted 0 of 0, 1 checkpoints
strata serve: decode expert cache hit rate: 44.8% (191 hits / 426 lookups); 54 more read by the GPU over PCIe or from another GPU (11.2% of all 480 routed)
strata serve: resident RAM: 63.28 GiB of experts in RAM, 0 exchanged with the VRAM tier, 0 blob reads from the file
safetensors residency metrics: ram_bytes=67948118016 os_locked_bytes=0 cuda_pinned_bytes=67948118016 promotions=0 promoted_payload_bytes=0 expert_file_bytes=0 (cumulative; payload is not a physical PCIe counter)
safetensors ngram metrics: ple io: 5024 rows, 50.6% row-cache hits, 2480 SSD reads (10.6 MB), read p50 145 us p99 573 us, blocked 1.189 ms total (submit 1.829 ms), cache 2480/1048576 rows, SSD kept awake by 31 reads (slowest 5.2 ms)
strata serve: expert tiers: GPU 191 hits this request; since the start RAM 83022 blobs, files 0 blobs 0.0 MB read
strata serve: conversation cache: dropped 1 superseded copy of this conversation; parked=1
strata serve: conversation cache: parked 29 tokens in 33.8 ms; parked=2 bytes=473666508 evictions=0 snapshot_bytes=236619508 reused_kv_bytes=0
strata batch: slot 1 gave back 19 tokens of this conversation (its turn checkpoint) in 37.5 ms
strata serve prefill segment: start=19 end=25 root=0 turn=0 message=0 pin=0 reread=0
strata batch: slot 1 takes 26 tokens (copied in 74.7 ms)
strata serve: prompt 26 tokens = 19 reused + 7 read in 182 ms (38.5 tok/s), 1 generated in 42 ms (23.5 tok/s), drafts accepted 0 of 0, 1 checkpoints
strata serve: decode expert cache hit rate: 37.6% (156 hits / 415 lookups); 65 more read by the GPU over PCIe or from another GPU (13.5% of all 480 routed)
strata serve: resident RAM: 63.28 GiB of experts in RAM, 0 exchanged with the VRAM tier, 0 blob reads from the file
safetensors residency metrics: ram_bytes=67948118016 os_locked_bytes=0 cuda_pinned_bytes=67948118016 promotions=0 promoted_payload_bytes=0 expert_file_bytes=0 (cumulative; payload is not a physical PCIe counter)
safetensors ngram metrics: ple io: 5136 rows, 51.7% row-cache hits, 2480 SSD reads (10.6 MB), read p50 145 us p99 573 us, blocked 1.190 ms total (submit 1.829 ms), cache 2480/1048576 rows, SSD kept awake by 34 reads (slowest 5.2 ms)
strata serve: expert tiers: GPU 156 hits this request; since the start RAM 84899 blobs, files 0 blobs 0.0 MB read
strata batch: 31 windows, avg 2.00 rows, 44.49 ms/window = run 43.58 (CUDA0 GPU-reach wait 17.84 + CPU experts 24.36) + commit 0.87 + emit 0.05; per layer-window: CPU experts 10.62, VRAM hits 6.06, PCIe 3.03; 44.9 rows/s over 1379 ms of wall time (admissions included)
strata serve: conversation cache: dropped 1 superseded copy of this conversation; parked=1
strata serve: conversation cache: parked 26 tokens in 41.6 ms; parked=2 bytes=473177936 evictions=0 snapshot_bytes=236558428 reused_kv_bytes=0
strata batch: slot 0 gave back 22 tokens of this conversation (its turn checkpoint) in 32.1 ms
strata serve prefill segment: start=22 end=28 root=0 turn=0 message=0 pin=0 reread=0
strata serve: prompt 29 tokens = 22 reused + 7 read in 181 ms (38.6 tok/s), 32 generated in 578 ms (55.4 tok/s), drafts accepted 19 of 20, 1 checkpoints
strata serve: decode expert cache hit rate: 39.2% (5503 hits / 14049 lookups); 1791 more read by the GPU over PCIe or from another GPU (11.3% of all 15840 routed)
strata serve: resident RAM: 63.28 GiB of experts in RAM, 0 exchanged with the VRAM tier, 0 blob reads from the file
safetensors residency metrics: ram_bytes=67948118016 os_locked_bytes=0 cuda_pinned_bytes=67948118016 promotions=0 promoted_payload_bytes=0 expert_file_bytes=0 (cumulative; payload is not a physical PCIe counter)
safetensors ngram metrics: ple io: 6800 rows, 58.5% row-cache hits, 2824 SSD reads (12.1 MB), read p50 144 us p99 4448 us, blocked 1.203 ms total (submit 2.132 ms), cache 2824/1048576 rows, SSD kept awake by 49 reads (slowest 5.2 ms)
strata serve: expert tiers: GPU 5503 hits this request; since the start RAM 114467 blobs, files 0 blobs 0.0 MB read
strata serve: conversation cache: dropped 1 superseded copy of this conversation; parked=1
strata serve: conversation cache: parked 60 tokens in 45.3 ms; parked=2 bytes=473611596 evictions=0 snapshot_bytes=237053168 reused_kv_bytes=0
strata batch: slot 1 gave back 19 tokens of this conversation (its turn checkpoint) in 41.9 ms
strata serve prefill segment: start=19 end=25 root=0 turn=0 message=0 pin=0 reread=0
strata serve: prompt 26 tokens = 19 reused + 7 read in 196 ms (35.7 tok/s), 32 generated in 598 ms (53.5 tok/s), drafts accepted 20 of 22, 1 checkpoints
strata serve: decode expert cache hit rate: 28.6% (4080 hits / 14287 lookups); 2033 more read by the GPU over PCIe or from another GPU (12.5% of all 16320 routed)
strata serve: resident RAM: 63.28 GiB of experts in RAM, 0 exchanged with the VRAM tier, 0 blob reads from the file
safetensors residency metrics: ram_bytes=67948118016 os_locked_bytes=0 cuda_pinned_bytes=67948118016 promotions=0 promoted_payload_bytes=0 expert_file_bytes=0 (cumulative; payload is not a physical PCIe counter)
safetensors ngram metrics: ple io: 7440 rows, 61.5% row-cache hits, 2864 SSD reads (12.2 MB), read p50 143 us p99 4446 us, blocked 1.208 ms total (submit 2.170 ms), cache 2864/1048576 rows, SSD kept awake by 55 reads (slowest 5.2 ms)
strata serve: expert tiers: GPU 4080 hits this request; since the start RAM 124402 blobs, files 0 blobs 0.0 MB read
strata serve: conversation cache: dropped 1 superseded copy of this conversation; parked=1
strata serve: conversation cache: parked 57 tokens in 40.9 ms; parked=2 bytes=474100168 evictions=0 snapshot_bytes=237047000 reused_kv_bytes=0
strata batch: slot 0 gave back 22 tokens of this conversation (its turn checkpoint) in 39.0 ms
strata serve prefill segment: start=22 end=28 root=0 turn=0 message=0 pin=0 reread=0
strata batch: slot 0 takes 29 tokens (copied in 65.5 ms)
strata serve: prompt 29 tokens = 22 reused + 7 read in 191 ms (36.7 tok/s), 1 generated in 31 ms (32.8 tok/s), drafts accepted 0 of 0, 1 checkpoints
strata serve: decode expert cache hit rate: 44.8% (191 hits / 426 lookups); 54 more read by the GPU over PCIe or from another GPU (11.2% of all 480 routed)
strata serve: resident RAM: 63.28 GiB of experts in RAM, 0 exchanged with the VRAM tier, 0 blob reads from the file
safetensors residency metrics: ram_bytes=67948118016 os_locked_bytes=0 cuda_pinned_bytes=67948118016 promotions=0 promoted_payload_bytes=0 expert_file_bytes=0 (cumulative; payload is not a physical PCIe counter)
safetensors ngram metrics: ple io: 7552 rows, 62.1% row-cache hits, 2864 SSD reads (12.2 MB), read p50 143 us p99 4446 us, blocked 1.209 ms total (submit 2.170 ms), cache 2864/1048576 rows, SSD kept awake by 58 reads (slowest 5.2 ms)
strata serve: expert tiers: GPU 191 hits this request; since the start RAM 126184 blobs, files 0 blobs 0.0 MB read
strata serve: conversation cache: dropped 1 superseded copy of this conversation; parked=1
strata serve: conversation cache: parked 29 tokens in 37.9 ms; parked=2 bytes=473666508 evictions=0 snapshot_bytes=236619508 reused_kv_bytes=0
strata batch: slot 1 gave back 19 tokens of this conversation (its turn checkpoint) in 41.6 ms
strata serve prefill segment: start=19 end=25 root=0 turn=0 message=0 pin=0 reread=0
strata batch: slot 1 takes 26 tokens (copied in 59.1 ms)
strata serve: prompt 26 tokens = 19 reused + 7 read in 197 ms (35.5 tok/s), 1 generated in 37 ms (26.7 tok/s), drafts accepted 0 of 0, 1 checkpoints
strata serve: decode expert cache hit rate: 37.6% (156 hits / 415 lookups); 65 more read by the GPU over PCIe or from another GPU (13.5% of all 480 routed)
strata serve: resident RAM: 63.28 GiB of experts in RAM, 0 exchanged with the VRAM tier, 0 blob reads from the file
safetensors residency metrics: ram_bytes=67948118016 os_locked_bytes=0 cuda_pinned_bytes=67948118016 promotions=0 promoted_payload_bytes=0 expert_file_bytes=0 (cumulative; payload is not a physical PCIe counter)
safetensors ngram metrics: ple io: 7664 rows, 62.6% row-cache hits, 2864 SSD reads (12.2 MB), read p50 143 us p99 4446 us, blocked 1.210 ms total (submit 2.170 ms), cache 2864/1048576 rows, SSD kept awake by 61 reads (slowest 5.2 ms)
strata serve: expert tiers: GPU 156 hits this request; since the start RAM 128061 blobs, files 0 blobs 0.0 MB read
strata batch: 31 windows, avg 2.00 rows, 45.95 ms/window = run 44.51 (CUDA0 GPU-reach wait 16.81 + CPU experts 25.19) + commit 1.40 + emit 0.04; per layer-window: CPU experts 10.78, VRAM hits 5.82, PCIe 3.10; 43.5 rows/s over 1425 ms of wall time (admissions included)
strata serve: conversation cache: dropped 1 superseded copy of this conversation; parked=1
strata serve: conversation cache: parked 26 tokens in 44.6 ms; parked=2 bytes=473177936 evictions=0 snapshot_bytes=236558428 reused_kv_bytes=0
strata batch: slot 0 gave back 22 tokens of this conversation (its turn checkpoint) in 37.4 ms
strata serve prefill segment: start=22 end=28 root=0 turn=0 message=0 pin=0 reread=0
strata serve: prompt 29 tokens = 22 reused + 7 read in 188 ms (37.2 tok/s), 32 generated in 583 ms (54.9 tok/s), drafts accepted 19 of 23, 1 checkpoints
strata serve: decode expert cache hit rate: 43.5% (6744 hits / 15513 lookups); 1767 more read by the GPU over PCIe or from another GPU (10.2% of all 17280 routed)
strata serve: resident RAM: 63.28 GiB of experts in RAM, 0 exchanged with the VRAM tier, 0 blob reads from the file
safetensors residency metrics: ram_bytes=67948118016 os_locked_bytes=0 cuda_pinned_bytes=67948118016 promotions=0 promoted_payload_bytes=0 expert_file_bytes=0 (cumulative; payload is not a physical PCIe counter)
safetensors ngram metrics: ple io: 9344 rows, 69.0% row-cache hits, 2896 SSD reads (12.4 MB), read p50 144 us p99 4446 us, blocked 1.220 ms total (submit 2.203 ms), cache 2896/1048576 rows, SSD kept awake by 81 reads (slowest 5.2 ms)
strata serve: expert tiers: GPU 6744 hits this request; since the start RAM 157857 blobs, files 0 blobs 0.0 MB read
strata serve: conversation cache: dropped 1 superseded copy of this conversation; parked=1
strata serve: conversation cache: parked 60 tokens in 40.8 ms; parked=2 bytes=473611596 evictions=0 snapshot_bytes=237053168 reused_kv_bytes=0
strata batch: slot 1 gave back 19 tokens of this conversation (its turn checkpoint) in 39.8 ms
strata serve prefill segment: start=19 end=25 root=0 turn=0 message=0 pin=0 reread=0
strata serve: prompt 26 tokens = 19 reused + 7 read in 180 ms (39.0 tok/s), 32 generated in 593 ms (53.9 tok/s), drafts accepted 20 of 22, 1 checkpoints
strata serve: decode expert cache hit rate: 27.5% (3924 hits / 14289 lookups); 2031 more read by the GPU over PCIe or from another GPU (12.4% of all 16320 routed)
strata serve: resident RAM: 63.28 GiB of experts in RAM, 0 exchanged with the VRAM tier, 0 blob reads from the file
safetensors residency metrics: ram_bytes=67948118016 os_locked_bytes=0 cuda_pinned_bytes=67948118016 promotions=0 promoted_payload_bytes=0 expert_file_bytes=0 (cumulative; payload is not a physical PCIe counter)
safetensors ngram metrics: ple io: 9984 rows, 71.0% row-cache hits, 2896 SSD reads (12.4 MB), read p50 144 us p99 4446 us, blocked 1.225 ms total (submit 2.203 ms), cache 2896/1048576 rows, SSD kept awake by 88 reads (slowest 5.2 ms)
strata serve: expert tiers: GPU 3924 hits this request; since the start RAM 167839 blobs, files 0 blobs 0.0 MB read
strata serve: conversation cache: dropped 1 superseded copy of this conversation; parked=1
strata serve: conversation cache: parked 57 tokens in 41.1 ms; parked=2 bytes=474100168 evictions=0 snapshot_bytes=237047000 reused_kv_bytes=0
strata batch: slot 0 gave back 22 tokens of this conversation (its turn checkpoint) in 36.5 ms
strata serve prefill segment: start=22 end=28 root=0 turn=0 message=0 pin=0 reread=0
strata batch: slot 0 takes 29 tokens (copied in 72.2 ms)
strata serve: prompt 29 tokens = 22 reused + 7 read in 200 ms (35.1 tok/s), 1 generated in 28 ms (35.3 tok/s), drafts accepted 0 of 0, 1 checkpoints
strata serve: decode expert cache hit rate: 44.8% (191 hits / 426 lookups); 54 more read by the GPU over PCIe or from another GPU (11.2% of all 480 routed)
strata serve: resident RAM: 63.28 GiB of experts in RAM, 0 exchanged with the VRAM tier, 0 blob reads from the file
safetensors residency metrics: ram_bytes=67948118016 os_locked_bytes=0 cuda_pinned_bytes=67948118016 promotions=0 promoted_payload_bytes=0 expert_file_bytes=0 (cumulative; payload is not a physical PCIe counter)
safetensors ngram metrics: ple io: 10096 rows, 71.3% row-cache hits, 2896 SSD reads (12.4 MB), read p50 144 us p99 4446 us, blocked 1.227 ms total (submit 2.203 ms), cache 2896/1048576 rows, SSD kept awake by 91 reads (slowest 5.2 ms)
strata serve: expert tiers: GPU 191 hits this request; since the start RAM 169621 blobs, files 0 blobs 0.0 MB read
strata serve: conversation cache: dropped 1 superseded copy of this conversation; parked=1
strata serve: conversation cache: parked 29 tokens in 37.3 ms; parked=2 bytes=473666508 evictions=0 snapshot_bytes=236619508 reused_kv_bytes=0
strata batch: slot 1 gave back 19 tokens of this conversation (its turn checkpoint) in 39.2 ms
strata serve prefill segment: start=19 end=25 root=0 turn=0 message=0 pin=0 reread=0
strata batch: slot 1 takes 26 tokens (copied in 60.0 ms)
strata serve: prompt 26 tokens = 19 reused + 7 read in 195 ms (35.9 tok/s), 1 generated in 22 ms (45.5 tok/s), drafts accepted 0 of 0, 1 checkpoints
strata serve: decode expert cache hit rate: 37.6% (156 hits / 415 lookups); 65 more read by the GPU over PCIe or from another GPU (13.5% of all 480 routed)
strata serve: resident RAM: 63.28 GiB of experts in RAM, 0 exchanged with the VRAM tier, 0 blob reads from the file
safetensors residency metrics: ram_bytes=67948118016 os_locked_bytes=0 cuda_pinned_bytes=67948118016 promotions=0 promoted_payload_bytes=0 expert_file_bytes=0 (cumulative; payload is not a physical PCIe counter)
safetensors ngram metrics: ple io: 10208 rows, 71.6% row-cache hits, 2896 SSD reads (12.4 MB), read p50 144 us p99 4446 us, blocked 1.228 ms total (submit 2.203 ms), cache 2896/1048576 rows, SSD kept awake by 93 reads (slowest 5.2 ms)
strata serve: expert tiers: GPU 156 hits this request; since the start RAM 171498 blobs, files 0 blobs 0.0 MB read
strata verify: captured the batch window over slots 1
strata batch: 31 windows, avg 1.42 rows, 36.53 ms/window = run 35.56 (CUDA0 GPU-reach wait 15.46 + CPU experts 18.44) + commit 0.92 + emit 0.04; per layer-window: CPU experts 7.78, VRAM hits 4.13, PCIe 2.10; 38.9 rows/s over 1132 ms of wall time (admissions included)
strata serve: conversation cache: dropped 1 superseded copy of this conversation; parked=1
strata serve: conversation cache: parked 26 tokens in 33.1 ms; parked=2 bytes=473177936 evictions=0 snapshot_bytes=236558428 reused_kv_bytes=0
strata batch: slot 0 gave back 42 tokens of this conversation (all it holds) in 44.9 ms
strata serve: prompt 43 tokens = 42 reused + 1 read in 92 ms (10.9 tok/s), 18 generated in 345 ms (52.1 tok/s), drafts accepted 10 of 12, 0 checkpoints
strata serve: decode expert cache hit rate: 41.8% (3586 hits / 8587 lookups); 1013 more read by the GPU over PCIe or from another GPU (10.6% of all 9600 routed)
strata serve: resident RAM: 63.28 GiB of experts in RAM, 0 exchanged with the VRAM tier, 0 blob reads from the file
safetensors residency metrics: ram_bytes=67948118016 os_locked_bytes=0 cuda_pinned_bytes=67948118016 promotions=0 promoted_payload_bytes=0 expert_file_bytes=0 (cumulative; payload is not a physical PCIe counter)
safetensors ngram metrics: ple io: 11264 rows, 74.2% row-cache hits, 2904 SSD reads (12.4 MB), read p50 144 us p99 4446 us, blocked 1.930 ms total (submit 2.214 ms), cache 2904/1048576 rows, SSD kept awake by 107 reads (slowest 5.2 ms)
strata serve: expert tiers: GPU 3586 hits this request; since the start RAM 190613 blobs, files 0 blobs 0.0 MB read
strata serve prefill segment: start=60 end=67 root=0 turn=0 message=0 pin=0 reread=0
strata serve: prompt 68 tokens = 60 reused + 8 read in 138 ms (58.1 tok/s), 1 generated in 24 ms (41.7 tok/s), drafts accepted 0 of 0, 0 checkpoints
strata serve: decode expert cache hit rate: 50.7% (219 hits / 432 lookups); 48 more read by the GPU over PCIe or from another GPU (10.0% of all 480 routed)
strata serve: resident RAM: 63.28 GiB of experts in RAM, 0 exchanged with the VRAM tier, 0 blob reads from the file
safetensors residency metrics: ram_bytes=67948118016 os_locked_bytes=0 cuda_pinned_bytes=67948118016 promotions=0 promoted_payload_bytes=0 expert_file_bytes=0 (cumulative; payload is not a physical PCIe counter)
safetensors ngram metrics: ple io: 11392 rows, 73.5% row-cache hits, 3016 SSD reads (12.9 MB), read p50 146 us p99 4444 us, blocked 5.458 ms total (submit 2.288 ms), cache 3016/1048576 rows, SSD kept awake by 107 reads (slowest 5.2 ms)
strata serve: expert tiers: GPU 219 hits this request; since the start RAM 192510 blobs, files 0 blobs 0.0 MB read
strata serve: conversation cache: parked 68 tokens in 22.3 ms; parked=3 bytes=592289800 evictions=0 snapshot_bytes=119111864 reused_kv_bytes=0
strata batch: slot 1 gave back 57 tokens of this conversation (all it holds) in 37.8 ms
strata serve prefill segment: start=57 end=64 root=0 turn=0 message=0 pin=0 reread=0
strata serve: prompt 65 tokens = 57 reused + 8 read in 186 ms (42.9 tok/s), 1 generated in 20 ms (50.6 tok/s), drafts accepted 0 of 0, 0 checkpoints
strata serve: decode expert cache hit rate: 51.7% (222 hits / 429 lookups); 51 more read by the GPU over PCIe or from another GPU (10.6% of all 480 routed)
strata serve: resident RAM: 63.28 GiB of experts in RAM, 0 exchanged with the VRAM tier, 0 blob reads from the file
safetensors residency metrics: ram_bytes=67948118016 os_locked_bytes=0 cuda_pinned_bytes=67948118016 promotions=0 promoted_payload_bytes=0 expert_file_bytes=0 (cumulative; payload is not a physical PCIe counter)
safetensors ngram metrics: ple io: 11520 rows, 73.6% row-cache hits, 3040 SSD reads (13.0 MB), read p50 147 us p99 4444 us, blocked 5.459 ms total (submit 2.315 ms), cache 3040/1048576 rows, SSD kept awake by 108 reads (slowest 5.2 ms)
strata serve: expert tiers: GPU 222 hits this request; since the start RAM 194597 blobs, files 0 blobs 0.0 MB read
strata serve: conversation cache: parked 65 tokens in 29.5 ms; parked=4 bytes=711395508 evictions=0 snapshot_bytes=119105708 reused_kv_bytes=0
strata batch: slot 0 gave back 42 tokens of this conversation (all it holds) in 53.5 ms
strata serve prefill segment: start=42 end=67 root=0 turn=0 message=0 pin=0 reread=0
strata serve: prompt 68 tokens = 42 reused + 26 read in 457 ms (56.9 tok/s), 1 generated in 29 ms (34.4 tok/s), drafts accepted 0 of 0, 0 checkpoints
strata serve: decode expert cache hit rate: 50.7% (219 hits / 432 lookups); 48 more read by the GPU over PCIe or from another GPU (10.0% of all 480 routed)
strata serve: resident RAM: 63.28 GiB of experts in RAM, 0 exchanged with the VRAM tier, 0 blob reads from the file
safetensors residency metrics: ram_bytes=67948118016 os_locked_bytes=0 cuda_pinned_bytes=67948118016 promotions=0 promoted_payload_bytes=0 expert_file_bytes=0 (cumulative; payload is not a physical PCIe counter)
safetensors ngram metrics: ple io: 11936 rows, 74.5% row-cache hits, 3040 SSD reads (13.0 MB), read p50 147 us p99 4444 us, blocked 5.463 ms total (submit 2.315 ms), cache 3040/1048576 rows, SSD kept awake by 112 reads (slowest 5.2 ms)
strata serve: expert tiers: GPU 219 hits this request; since the start RAM 200378 blobs, files 0 blobs 0.0 MB read
strata serve: conversation cache: parked 68 tokens in 22.6 ms; parked=4 bytes=593887864 evictions=1 snapshot_bytes=119111864 reused_kv_bytes=0
strata batch: slot 1 gave back 57 tokens of this conversation (all it holds) in 44.1 ms
strata serve prefill segment: start=57 end=64 root=0 turn=0 message=0 pin=0 reread=0
strata serve: prompt 65 tokens = 57 reused + 8 read in 206 ms (38.8 tok/s), 1 generated in 23 ms (42.7 tok/s), drafts accepted 0 of 0, 0 checkpoints
strata serve: decode expert cache hit rate: 51.7% (222 hits / 429 lookups); 51 more read by the GPU over PCIe or from another GPU (10.6% of all 480 routed)
strata serve: resident RAM: 63.28 GiB of experts in RAM, 0 exchanged with the VRAM tier, 0 blob reads from the file
safetensors residency metrics: ram_bytes=67948118016 os_locked_bytes=0 cuda_pinned_bytes=67948118016 promotions=0 promoted_payload_bytes=0 expert_file_bytes=0 (cumulative; payload is not a physical PCIe counter)
safetensors ngram metrics: ple io: 12064 rows, 74.8% row-cache hits, 3040 SSD reads (13.0 MB), read p50 147 us p99 4444 us, blocked 5.464 ms total (submit 2.315 ms), cache 3040/1048576 rows, SSD kept awake by 114 reads (slowest 5.2 ms)
strata serve: expert tiers: GPU 222 hits this request; since the start RAM 202465 blobs, files 0 blobs 0.0 MB read
strata serve: conversation cache: parked 65 tokens in 23.5 ms; parked=4 bytes=476435144 evictions=2 snapshot_bytes=119105708 reused_kv_bytes=0
strata batch: slot 0 gave back 22 tokens of this conversation (its turn checkpoint) in 27.4 ms
strata serve prefill segment: start=22 end=28 root=0 turn=0 message=0 pin=0 reread=0
strata serve: prompt 29 tokens = 22 reused + 7 read in 163 ms (43.0 tok/s), 1 generated in 31 ms (32.7 tok/s), drafts accepted 0 of 0, 1 checkpoints
strata serve: decode expert cache hit rate: 44.8% (191 hits / 426 lookups); 54 more read by the GPU over PCIe or from another GPU (11.2% of all 480 routed)
strata serve: resident RAM: 63.28 GiB of experts in RAM, 0 exchanged with the VRAM tier, 0 blob reads from the file
safetensors residency metrics: ram_bytes=67948118016 os_locked_bytes=0 cuda_pinned_bytes=67948118016 promotions=0 promoted_payload_bytes=0 expert_file_bytes=0 (cumulative; payload is not a physical PCIe counter)
safetensors ngram metrics: ple io: 12176 rows, 75.0% row-cache hits, 3040 SSD reads (13.0 MB), read p50 147 us p99 4444 us, blocked 5.465 ms total (submit 2.315 ms), cache 3040/1048576 rows, SSD kept awake by 116 reads (slowest 5.2 ms)
strata serve: expert tiers: GPU 191 hits this request; since the start RAM 204247 blobs, files 0 blobs 0.0 MB read
strata serve: conversation cache: parked 29 tokens in 40.4 ms; parked=4 bytes=593942788 evictions=3 snapshot_bytes=236619508 reused_kv_bytes=0
strata batch: slot 1 gave back 19 tokens of this conversation (its turn checkpoint) in 36.2 ms
strata serve prefill segment: start=19 end=25 root=0 turn=0 message=0 pin=0 reread=0
strata batch: slot 1 takes 26 tokens (copied in 70.5 ms)
strata serve: prompt 26 tokens = 19 reused + 7 read in 191 ms (36.6 tok/s), 1 generated in 28 ms (36.4 tok/s), drafts accepted 0 of 0, 1 checkpoints
strata serve: decode expert cache hit rate: 37.6% (156 hits / 415 lookups); 65 more read by the GPU over PCIe or from another GPU (13.5% of all 480 routed)
strata serve: resident RAM: 63.28 GiB of experts in RAM, 0 exchanged with the VRAM tier, 0 blob reads from the file
safetensors residency metrics: ram_bytes=67948118016 os_locked_bytes=0 cuda_pinned_bytes=67948118016 promotions=0 promoted_payload_bytes=0 expert_file_bytes=0 (cumulative; payload is not a physical PCIe counter)
safetensors ngram metrics: ple io: 12288 rows, 75.3% row-cache hits, 3040 SSD reads (13.0 MB), read p50 147 us p99 4444 us, blocked 5.466 ms total (submit 2.315 ms), cache 3040/1048576 rows, SSD kept awake by 119 reads (slowest 5.2 ms)
strata serve: expert tiers: GPU 156 hits this request; since the start RAM 206124 blobs, files 0 blobs 0.0 MB read
strata batch: 1 windows, avg 1.00 rows, 31.61 ms/window = run 31.11 (CUDA0 GPU-reach wait 17.21 + CPU experts 13.05) + commit 0.45 + emit 0.05; per layer-window: CPU experts 5.10, VRAM hits 3.75, PCIe 1.15; 31.6 rows/s over 32 ms of wall time (admissions included)
strata serve: conversation cache: parked 26 tokens in 43.1 ms; parked=4 bytes=711395508 evictions=4 snapshot_bytes=236558428 reused_kv_bytes=0
strata serve prefill segment: start=0 end=15 root=0 turn=1 message=0 pin=0 reread=0
strata serve prefill segment: start=15 end=21 root=0 turn=0 message=0 pin=0 reread=0
strata serve: prompt 22 tokens = 0 reused + 22 read in 442 ms (49.7 tok/s), 2 generated in 94 ms (21.4 tok/s), drafts accepted 0 of 2, 1 checkpoints
strata serve: decode expert cache hit rate: 21.1% (337 hits / 1600 lookups); 320 more read by the GPU over PCIe or from another GPU (16.7% of all 1920 routed)
strata serve: resident RAM: 63.28 GiB of experts in RAM, 0 exchanged with the VRAM tier, 0 blob reads from the file
safetensors residency metrics: ram_bytes=67948118016 os_locked_bytes=0 cuda_pinned_bytes=67948118016 promotions=0 promoted_payload_bytes=0 expert_file_bytes=0 (cumulative; payload is not a physical PCIe counter)
safetensors ngram metrics: ple io: 12704 rows, 74.4% row-cache hits, 3248 SSD reads (13.9 MB), read p50 148 us p99 4424 us, blocked 5.471 ms total (submit 2.447 ms), cache 3248/1048576 rows, SSD kept awake by 121 reads (slowest 5.2 ms)
strata serve: expert tiers: GPU 337 hits this request; since the start RAM 213322 blobs, files 0 blobs 0.0 MB read
strata serve: conversation cache: parked 23 tokens in 58.9 ms; parked=4 bytes=828780988 evictions=5 snapshot_bytes=236497344 reused_kv_bytes=0
strata serve prefill segment: start=0 end=15 root=0 turn=1 message=0 pin=0 reread=0
strata serve prefill segment: start=15 end=21 root=0 turn=0 message=0 pin=0 reread=0
strata serve: prompt 22 tokens = 0 reused + 22 read in 433 ms (50.8 tok/s), 2 generated in 101 ms (19.9 tok/s), drafts accepted 0 of 2, 1 checkpoints
strata serve: decode expert cache hit rate: 20.6% (331 hits / 1609 lookups); 311 more read by the GPU over PCIe or from another GPU (16.2% of all 1920 routed)
strata serve: resident RAM: 63.28 GiB of experts in RAM, 0 exchanged with the VRAM tier, 0 blob reads from the file
safetensors residency metrics: ram_bytes=67948118016 os_locked_bytes=0 cuda_pinned_bytes=67948118016 promotions=0 promoted_payload_bytes=0 expert_file_bytes=0 (cumulative; payload is not a physical PCIe counter)
safetensors ngram metrics: ple io: 13104 rows, 74.6% row-cache hits, 3328 SSD reads (14.2 MB), read p50 149 us p99 4404 us, blocked 5.475 ms total (submit 2.515 ms), cache 3328/1048576 rows, SSD kept awake by 125 reads (slowest 5.2 ms)
strata serve: expert tiers: GPU 331 hits this request; since the start RAM 220160 blobs, files 0 blobs 0.0 MB read
strata serve: conversation cache: parked 23 tokens in 64.1 ms; parked=4 bytes=828780988 evictions=5 snapshot_bytes=236497344 reused_kv_bytes=0
strata serve: conversation cache: restored 15 tokens (checkpoint) in 22.3 ms; parked=4 bytes=829151668
strata serve prefill segment: start=15 end=21 root=0 turn=0 message=0 pin=0 reread=0
strata batch: slot 0 takes 22 tokens (copied in 59.7 ms)
strata serve: prompt 22 tokens = 15 reused + 7 read in 201 ms (34.8 tok/s), 1 generated in 24 ms (42.0 tok/s), drafts accepted 0 of 0, 1 checkpoints
strata serve: decode expert cache hit rate: 31.5% (129 hits / 409 lookups); 71 more read by the GPU over PCIe or from another GPU (14.8% of all 480 routed)
strata serve: resident RAM: 63.28 GiB of experts in RAM, 0 exchanged with the VRAM tier, 0 blob reads from the file
safetensors residency metrics: ram_bytes=67948118016 os_locked_bytes=0 cuda_pinned_bytes=67948118016 promotions=0 promoted_payload_bytes=0 expert_file_bytes=0 (cumulative; payload is not a physical PCIe counter)
safetensors ngram metrics: ple io: 13216 rows, 74.8% row-cache hits, 3328 SSD reads (14.2 MB), read p50 149 us p99 4404 us, blocked 5.477 ms total (submit 2.515 ms), cache 3328/1048576 rows, SSD kept awake by 128 reads (slowest 5.2 ms)
strata serve: expert tiers: GPU 129 hits this request; since the start RAM 222069 blobs, files 0 blobs 0.0 MB read
strata serve: conversation cache: parked 22 tokens in 36.5 ms; parked=4 bytes=828780984 evictions=5 snapshot_bytes=236497340 reused_kv_bytes=183168
strata serve: conversation cache: restored 15 tokens (checkpoint) in 22.9 ms; parked=4 bytes=829151664
strata serve prefill segment: start=15 end=21 root=0 turn=0 message=0 pin=0 reread=0
strata batch: slot 1 takes 22 tokens (copied in 60.2 ms)
strata serve: prompt 22 tokens = 15 reused + 7 read in 178 ms (39.4 tok/s), 1 generated in 22 ms (45.2 tok/s), drafts accepted 0 of 0, 1 checkpoints
strata serve: decode expert cache hit rate: 32.9% (135 hits / 410 lookups); 70 more read by the GPU over PCIe or from another GPU (14.6% of all 480 routed)
strata serve: resident RAM: 63.28 GiB of experts in RAM, 0 exchanged with the VRAM tier, 0 blob reads from the file
safetensors residency metrics: ram_bytes=67948118016 os_locked_bytes=0 cuda_pinned_bytes=67948118016 promotions=0 promoted_payload_bytes=0 expert_file_bytes=0 (cumulative; payload is not a physical PCIe counter)
safetensors ngram metrics: ple io: 13328 rows, 75.0% row-cache hits, 3328 SSD reads (14.2 MB), read p50 149 us p99 4404 us, blocked 5.477 ms total (submit 2.515 ms), cache 3328/1048576 rows, SSD kept awake by 130 reads (slowest 5.2 ms)
strata serve: expert tiers: GPU 135 hits this request; since the start RAM 223967 blobs, files 0 blobs 0.0 MB read
strata batch: 1 windows, avg 2.00 rows, 39.07 ms/window = run 38.31 (CUDA0 GPU-reach wait 18.32 + CPU experts 19.11) + commit 0.65 + emit 0.12; per layer-window: CPU experts 7.58, VRAM hits 3.94, PCIe 2.06; 51.2 rows/s over 39 ms of wall time (admissions included)
strata: K/V grown to 262144 cells (9.54 GiB); the expert cache gave 3132 slots for it, 0 hotter experts moved to colder ones' slots (128 of 3260 slots hold experts) - and new VRAM, the cache being at its floor
strata serve: conversation cache: parked 22 tokens in 35.0 ms; parked=4 bytes=946172616 evictions=6 snapshot_bytes=236497340 reused_kv_bytes=183168
strata serve prefill segment: start=0 end=260993 root=0 turn=1 message=0 pin=0 reread=0
strata ple batch phases: rows=65536 misses=65488 pages=175 total_ms=8.989 call_lock_ms=0.000 lookup_ms=0.512 plan_ms=1.500 group_wait_ms=4.539 cache_insert_ms=0.173 callback_ms=2.241 reader_drain_ms=0.001
strata ple gather phases: tokens=4096 rows=65536 total_ms=10.687 raw_resize_ms=1.656 host_available_mib=10289
strata ple: chunk 0: read started 9.9 ms into the run, layer 1 reached at 229.7, waited 0.0 ms
strata prefill callback: start=0 rows=4096 draft_path=token draft_ms=0.438 checkpoint_ms=0.002 total_ms=0.477
strata prefill chunk: start=0 rows=4096 main_and_wait_ms=1685.879 callback_ms=0.490 total_ms=1686.369
strata prefill executed: tokens=4096 max_chunk=4096 capacity=4096 start=0
strata ple batch phases: rows=65536 misses=0 pages=0 total_ms=2.812 call_lock_ms=0.000 lookup_ms=0.596 plan_ms=0.001 group_wait_ms=0.000 cache_insert_ms=0.000 callback_ms=2.215 reader_drain_ms=0.000
strata ple gather phases: tokens=4096 rows=65536 total_ms=2.859 raw_resize_ms=0.004 host_available_mib=10175
strata ple: chunk 0: read started 0.1 ms into the run, layer 1 reached at 26.6, waited 0.0 ms
strata prefill callback: start=4096 rows=4096 draft_path=token draft_ms=0.168 checkpoint_ms=0.002 total_ms=0.194
strata prefill chunk: start=4096 rows=4096 main_and_wait_ms=1528.857 callback_ms=0.208 total_ms=1529.065
strata prefill executed: tokens=4096 max_chunk=4096 capacity=4096 start=4096
strata ple batch phases: rows=65536 misses=0 pages=0 total_ms=3.528 call_lock_ms=0.000 lookup_ms=0.656 plan_ms=0.001 group_wait_ms=0.000 cache_insert_ms=0.000 callback_ms=2.870 reader_drain_ms=0.000
strata ple gather phases: tokens=4096 rows=65536 total_ms=3.579 raw_resize_ms=0.004 host_available_mib=10226
strata ple: chunk 0: read started 0.1 ms into the run, layer 1 reached at 21.8, waited 0.0 ms
strata prefill callback: start=8192 rows=4096 draft_path=token draft_ms=0.167 checkpoint_ms=0.002 total_ms=0.196
strata prefill chunk: start=8192 rows=4096 main_and_wait_ms=1510.221 callback_ms=0.209 total_ms=1510.430
strata prefill executed: tokens=4096 max_chunk=4096 capacity=4096 start=8192
strata ple batch phases: rows=65536 misses=0 pages=0 total_ms=2.950 call_lock_ms=0.000 lookup_ms=0.594 plan_ms=0.001 group_wait_ms=0.000 cache_insert_ms=0.000 callback_ms=2.354 reader_drain_ms=0.000
strata ple gather phases: tokens=4096 rows=65536 total_ms=2.997 raw_resize_ms=0.004 host_available_mib=10217
strata ple: chunk 0: read started 0.1 ms into the run, layer 1 reached at 16.2, waited 0.0 ms
strata prefill callback: start=12288 rows=4096 draft_path=token draft_ms=0.098 checkpoint_ms=30.726 total_ms=30.853
strata prefill chunk: start=12288 rows=4096 main_and_wait_ms=1501.021 callback_ms=30.873 total_ms=1531.893
strata prefill executed: tokens=4096 max_chunk=4096 capacity=4096 start=12288
strata ple batch phases: rows=65536 misses=0 pages=0 total_ms=2.846 call_lock_ms=0.000 lookup_ms=0.620 plan_ms=0.001 group_wait_ms=0.000 cache_insert_ms=0.000 callback_ms=2.225 reader_drain_ms=0.000
strata ple gather phases: tokens=4096 rows=65536 total_ms=2.899 raw_resize_ms=0.004 host_available_mib=10146
strata ple: chunk 0: read started 0.1 ms into the run, layer 1 reached at 15.9, waited 0.0 ms
strata prefill callback: start=16384 rows=4096 draft_path=token draft_ms=0.231 checkpoint_ms=0.002 total_ms=0.257
strata prefill chunk: start=16384 rows=4096 main_and_wait_ms=1506.738 callback_ms=0.269 total_ms=1507.007
strata prefill executed: tokens=4096 max_chunk=4096 capacity=4096 start=16384
strata ple batch phases: rows=65536 misses=0 pages=0 total_ms=2.879 call_lock_ms=0.000 lookup_ms=0.598 plan_ms=0.001 group_wait_ms=0.000 cache_insert_ms=0.000 callback_ms=2.280 reader_drain_ms=0.000
strata ple gather phases: tokens=4096 rows=65536 total_ms=2.928 raw_resize_ms=0.003 host_available_mib=10128
strata ple: chunk 0: read started 0.0 ms into the run, layer 1 reached at 26.4, waited 0.0 ms
strata prefill callback: start=20480 rows=4096 draft_path=token draft_ms=0.127 checkpoint_ms=0.002 total_ms=0.153
strata prefill chunk: start=20480 rows=4096 main_and_wait_ms=1530.326 callback_ms=0.166 total_ms=1530.492
strata prefill executed: tokens=4096 max_chunk=4096 capacity=4096 start=20480
strata ple batch phases: rows=65536 misses=0 pages=0 total_ms=3.284 call_lock_ms=0.000 lookup_ms=0.697 plan_ms=0.001 group_wait_ms=0.000 cache_insert_ms=0.000 callback_ms=2.585 reader_drain_ms=0.000
strata ple gather phases: tokens=4096 rows=65536 total_ms=3.326 raw_resize_ms=0.004 host_available_mib=10132
strata ple: chunk 0: read started 0.1 ms into the run, layer 1 reached at 21.6, waited 0.0 ms
strata prefill callback: start=24576 rows=4096 draft_path=token draft_ms=0.105 checkpoint_ms=0.002 total_ms=0.232
strata prefill chunk: start=24576 rows=4096 main_and_wait_ms=1541.854 callback_ms=0.249 total_ms=1542.102
strata prefill executed: tokens=4096 max_chunk=4096 capacity=4096 start=24576
strata ple batch phases: rows=65536 misses=0 pages=0 total_ms=3.177 call_lock_ms=0.000 lookup_ms=0.598 plan_ms=0.001 group_wait_ms=0.000 cache_insert_ms=0.000 callback_ms=2.578 reader_drain_ms=0.000
strata ple gather phases: tokens=4096 rows=65536 total_ms=3.219 raw_resize_ms=0.004 host_available_mib=10120
strata ple: chunk 0: read started 0.1 ms into the run, layer 1 reached at 16.9, waited 0.0 ms
strata prefill callback: start=28672 rows=4096 draft_path=token draft_ms=0.124 checkpoint_ms=24.546 total_ms=24.701
strata prefill chunk: start=28672 rows=4096 main_and_wait_ms=1521.028 callback_ms=24.720 total_ms=1545.748
strata prefill executed: tokens=4096 max_chunk=4096 capacity=4096 start=28672
strata ple batch phases: rows=65536 misses=0 pages=0 total_ms=3.175 call_lock_ms=0.000 lookup_ms=0.753 plan_ms=0.001 group_wait_ms=0.000 cache_insert_ms=0.000 callback_ms=2.421 reader_drain_ms=0.000
strata ple gather phases: tokens=4096 rows=65536 total_ms=3.225 raw_resize_ms=0.004 host_available_mib=11092
strata ple: chunk 0: read started 0.0 ms into the run, layer 1 reached at 26.4, waited 0.0 ms
strata prefill callback: start=32768 rows=4096 draft_path=token draft_ms=0.135 checkpoint_ms=0.002 total_ms=0.166
strata prefill chunk: start=32768 rows=4096 main_and_wait_ms=1514.249 callback_ms=0.181 total_ms=1514.431
strata prefill executed: tokens=4096 max_chunk=4096 capacity=4096 start=32768
strata ple batch phases: rows=65536 misses=0 pages=0 total_ms=3.424 call_lock_ms=0.000 lookup_ms=0.776 plan_ms=0.001 group_wait_ms=0.000 cache_insert_ms=0.000 callback_ms=2.646 reader_drain_ms=0.000
strata ple gather phases: tokens=4096 rows=65536 total_ms=3.466 raw_resize_ms=0.003 host_available_mib=12079
strata ple: chunk 0: read started 0.1 ms into the run, layer 1 reached at 27.1, waited 0.0 ms
strata prefill callback: start=36864 rows=4096 draft_path=token draft_ms=0.127 checkpoint_ms=0.002 total_ms=0.156
strata prefill chunk: start=36864 rows=4096 main_and_wait_ms=1539.070 callback_ms=0.170 total_ms=1539.240
strata prefill executed: tokens=4096 max_chunk=4096 capacity=4096 start=36864
strata ple batch phases: rows=65536 misses=0 pages=0 total_ms=3.298 call_lock_ms=0.000 lookup_ms=0.661 plan_ms=0.001 group_wait_ms=0.000 cache_insert_ms=0.000 callback_ms=2.635 reader_drain_ms=0.000
strata ple gather phases: tokens=4096 rows=65536 total_ms=3.336 raw_resize_ms=0.003 host_available_mib=12070
strata ple: chunk 0: read started 0.1 ms into the run, layer 1 reached at 21.4, waited 0.0 ms
strata prefill callback: start=40960 rows=4096 draft_path=token draft_ms=0.162 checkpoint_ms=0.003 total_ms=0.199
strata prefill chunk: start=40960 rows=4096 main_and_wait_ms=1511.999 callback_ms=0.214 total_ms=1512.213
strata prefill executed: tokens=4096 max_chunk=4096 capacity=4096 start=40960
strata ple batch phases: rows=65536 misses=0 pages=0 total_ms=3.128 call_lock_ms=0.000 lookup_ms=0.678 plan_ms=0.001 group_wait_ms=0.000 cache_insert_ms=0.000 callback_ms=2.448 reader_drain_ms=0.000
strata ple gather phases: tokens=4096 rows=65536 total_ms=3.168 raw_resize_ms=0.004 host_available_mib=12054
strata ple: chunk 0: read started 0.1 ms into the run, layer 1 reached at 32.0, waited 0.0 ms
strata prefill callback: start=45056 rows=4096 draft_path=token draft_ms=0.183 checkpoint_ms=168.614 total_ms=168.852
strata prefill chunk: start=45056 rows=4096 main_and_wait_ms=1548.761 callback_ms=168.955 total_ms=1717.716
strata prefill executed: tokens=4096 max_chunk=4096 capacity=4096 start=45056
strata ple batch phases: rows=65536 misses=0 pages=0 total_ms=4.108 call_lock_ms=0.000 lookup_ms=0.967 plan_ms=0.001 group_wait_ms=0.000 cache_insert_ms=0.000 callback_ms=3.139 reader_drain_ms=0.000
strata ple gather phases: tokens=4096 rows=65536 total_ms=4.152 raw_resize_ms=0.007 host_available_mib=11664
strata ple: chunk 0: read started 0.2 ms into the run, layer 1 reached at 24.2, waited 0.0 ms
strata prefill callback: start=49152 rows=4096 draft_path=token draft_ms=0.154 checkpoint_ms=0.002 total_ms=0.187
strata prefill chunk: start=49152 rows=4096 main_and_wait_ms=1583.030 callback_ms=0.201 total_ms=1583.232
strata prefill executed: tokens=4096 max_chunk=4096 capacity=4096 start=49152
strata ple batch phases: rows=65536 misses=0 pages=0 total_ms=3.095 call_lock_ms=0.000 lookup_ms=0.843 plan_ms=0.002 group_wait_ms=0.000 cache_insert_ms=0.000 callback_ms=2.250 reader_drain_ms=0.000
strata ple gather phases: tokens=4096 rows=65536 total_ms=3.131 raw_resize_ms=0.003 host_available_mib=11589
strata ple: chunk 0: read started 0.0 ms into the run, layer 1 reached at 19.3, waited 0.0 ms
strata prefill callback: start=53248 rows=4096 draft_path=token draft_ms=0.111 checkpoint_ms=0.003 total_ms=0.145
strata prefill chunk: start=53248 rows=4096 main_and_wait_ms=1550.457 callback_ms=0.160 total_ms=1550.617
strata prefill executed: tokens=4096 max_chunk=4096 capacity=4096 start=53248
strata ple batch phases: rows=65536 misses=0 pages=0 total_ms=2.997 call_lock_ms=0.000 lookup_ms=0.601 plan_ms=0.001 group_wait_ms=0.000 cache_insert_ms=0.000 callback_ms=2.393 reader_drain_ms=0.000
strata ple gather phases: tokens=4096 rows=65536 total_ms=3.035 raw_resize_ms=0.004 host_available_mib=11584
strata ple: chunk 0: read started 0.1 ms into the run, layer 1 reached at 24.8, waited 0.0 ms
strata prefill callback: start=57344 rows=4096 draft_path=token draft_ms=0.136 checkpoint_ms=0.003 total_ms=0.176
strata prefill chunk: start=57344 rows=4096 main_and_wait_ms=1555.986 callback_ms=0.193 total_ms=1556.179
strata prefill executed: tokens=4096 max_chunk=4096 capacity=4096 start=57344
strata ple batch phases: rows=65536 misses=0 pages=0 total_ms=3.652 call_lock_ms=0.000 lookup_ms=1.005 plan_ms=0.002 group_wait_ms=0.000 cache_insert_ms=0.000 callback_ms=2.644 reader_drain_ms=0.000
strata ple gather phases: tokens=4096 rows=65536 total_ms=3.693 raw_resize_ms=0.004 host_available_mib=11578
strata ple: chunk 0: read started 0.2 ms into the run, layer 1 reached at 25.1, waited 0.0 ms
strata prefill callback: start=61440 rows=4096 draft_path=token draft_ms=0.131 checkpoint_ms=49.130 total_ms=49.291
strata prefill chunk: start=61440 rows=4096 main_and_wait_ms=1570.938 callback_ms=49.311 total_ms=1620.248
strata prefill executed: tokens=4096 max_chunk=4096 capacity=4096 start=61440
strata ple batch phases: rows=65536 misses=0 pages=0 total_ms=4.010 call_lock_ms=0.000 lookup_ms=0.920 plan_ms=0.002 group_wait_ms=0.000 cache_insert_ms=0.000 callback_ms=3.087 reader_drain_ms=0.000
strata ple gather phases: tokens=4096 rows=65536 total_ms=4.060 raw_resize_ms=0.003 host_available_mib=11538
strata ple: chunk 0: read started 0.1 ms into the run, layer 1 reached at 18.1, waited 0.0 ms
strata prefill callback: start=65536 rows=4096 draft_path=token draft_ms=0.127 checkpoint_ms=0.002 total_ms=0.162
strata prefill chunk: start=65536 rows=4096 main_and_wait_ms=1503.078 callback_ms=0.175 total_ms=1503.253
strata prefill executed: tokens=4096 max_chunk=4096 capacity=4096 start=65536
strata ple batch phases: rows=65536 misses=0 pages=0 total_ms=3.618 call_lock_ms=0.000 lookup_ms=0.845 plan_ms=0.001 group_wait_ms=0.000 cache_insert_ms=0.000 callback_ms=2.772 reader_drain_ms=0.000
strata ple gather phases: tokens=4096 rows=65536 total_ms=3.665 raw_resize_ms=0.003 host_available_mib=11540
strata ple: chunk 0: read started 0.1 ms into the run, layer 1 reached at 17.1, waited 0.0 ms
strata prefill callback: start=69632 rows=4096 draft_path=token draft_ms=0.135 checkpoint_ms=0.002 total_ms=0.171
strata prefill chunk: start=69632 rows=4096 main_and_wait_ms=1615.997 callback_ms=0.186 total_ms=1616.183
strata prefill executed: tokens=4096 max_chunk=4096 capacity=4096 start=69632
strata ple batch phases: rows=65536 misses=0 pages=0 total_ms=3.417 call_lock_ms=0.000 lookup_ms=0.826 plan_ms=0.001 group_wait_ms=0.000 cache_insert_ms=0.000 callback_ms=2.590 reader_drain_ms=0.000
strata ple gather phases: tokens=4096 rows=65536 total_ms=3.473 raw_resize_ms=0.004 host_available_mib=11856
strata ple: chunk 0: read started 0.1 ms into the run, layer 1 reached at 17.3, waited 0.0 ms
strata prefill callback: start=73728 rows=4096 draft_path=token draft_ms=0.117 checkpoint_ms=0.002 total_ms=0.147
strata prefill chunk: start=73728 rows=4096 main_and_wait_ms=1701.692 callback_ms=0.165 total_ms=1701.857
strata prefill executed: tokens=4096 max_chunk=4096 capacity=4096 start=73728
strata ple batch phases: rows=65536 misses=0 pages=0 total_ms=2.761 call_lock_ms=0.000 lookup_ms=0.577 plan_ms=0.001 group_wait_ms=0.000 cache_insert_ms=0.000 callback_ms=2.183 reader_drain_ms=0.000
strata ple gather phases: tokens=4096 rows=65536 total_ms=2.804 raw_resize_ms=0.004 host_available_mib=11664
strata ple: chunk 0: read started 0.1 ms into the run, layer 1 reached at 21.4, waited 0.0 ms
strata prefill callback: start=77824 rows=4096 draft_path=token draft_ms=0.130 checkpoint_ms=20.147 total_ms=20.311
strata prefill chunk: start=77824 rows=4096 main_and_wait_ms=1626.531 callback_ms=20.329 total_ms=1646.861
strata prefill executed: tokens=4096 max_chunk=4096 capacity=4096 start=77824
strata ple batch phases: rows=65536 misses=0 pages=0 total_ms=3.084 call_lock_ms=0.000 lookup_ms=0.573 plan_ms=0.001 group_wait_ms=0.000 cache_insert_ms=0.000 callback_ms=2.510 reader_drain_ms=0.000
strata ple gather phases: tokens=4096 rows=65536 total_ms=3.135 raw_resize_ms=0.004 host_available_mib=11669
strata ple: chunk 0: read started 0.0 ms into the run, layer 1 reached at 17.1, waited 0.0 ms
strata prefill callback: start=81920 rows=4096 draft_path=token draft_ms=0.122 checkpoint_ms=0.002 total_ms=0.154
strata prefill chunk: start=81920 rows=4096 main_and_wait_ms=1586.903 callback_ms=0.187 total_ms=1587.090
strata prefill executed: tokens=4096 max_chunk=4096 capacity=4096 start=81920
strata ple batch phases: rows=65536 misses=0 pages=0 total_ms=3.481 call_lock_ms=0.000 lookup_ms=0.852 plan_ms=0.001 group_wait_ms=0.000 cache_insert_ms=0.000 callback_ms=2.627 reader_drain_ms=0.000
strata ple gather phases: tokens=4096 rows=65536 total_ms=3.537 raw_resize_ms=0.003 host_available_mib=11679
strata ple: chunk 0: read started 0.1 ms into the run, layer 1 reached at 26.1, waited 0.0 ms
strata prefill callback: start=86016 rows=4096 draft_path=token draft_ms=0.144 checkpoint_ms=0.002 total_ms=0.179
strata prefill chunk: start=86016 rows=4096 main_and_wait_ms=1581.075 callback_ms=0.200 total_ms=1581.275
strata prefill executed: tokens=4096 max_chunk=4096 capacity=4096 start=86016
strata ple batch phases: rows=65536 misses=0 pages=0 total_ms=3.765 call_lock_ms=0.000 lookup_ms=0.819 plan_ms=0.001 group_wait_ms=0.000 cache_insert_ms=0.000 callback_ms=2.944 reader_drain_ms=0.000
strata ple gather phases: tokens=4096 rows=65536 total_ms=3.810 raw_resize_ms=0.005 host_available_mib=11684
strata ple: chunk 0: read started 0.1 ms into the run, layer 1 reached at 19.1, waited 0.0 ms
strata prefill callback: start=90112 rows=4096 draft_path=token draft_ms=0.207 checkpoint_ms=0.002 total_ms=0.240
strata prefill chunk: start=90112 rows=4096 main_and_wait_ms=1593.548 callback_ms=0.256 total_ms=1593.804
strata prefill executed: tokens=4096 max_chunk=4096 capacity=4096 start=90112
strata ple batch phases: rows=65536 misses=0 pages=0 total_ms=3.397 call_lock_ms=0.000 lookup_ms=0.851 plan_ms=0.001 group_wait_ms=0.000 cache_insert_ms=0.000 callback_ms=2.544 reader_drain_ms=0.000
strata ple gather phases: tokens=4096 rows=65536 total_ms=3.445 raw_resize_ms=0.004 host_available_mib=11736
strata ple: chunk 0: read started 0.1 ms into the run, layer 1 reached at 25.4, waited 0.0 ms
strata prefill callback: start=94208 rows=4096 draft_path=token draft_ms=0.129 checkpoint_ms=19.760 total_ms=19.920
strata prefill chunk: start=94208 rows=4096 main_and_wait_ms=1557.904 callback_ms=19.937 total_ms=1577.841
strata prefill executed: tokens=4096 max_chunk=4096 capacity=4096 start=94208
strata ple batch phases: rows=65536 misses=0 pages=0 total_ms=3.381 call_lock_ms=0.000 lookup_ms=0.824 plan_ms=0.001 group_wait_ms=0.000 cache_insert_ms=0.000 callback_ms=2.556 reader_drain_ms=0.000
strata ple gather phases: tokens=4096 rows=65536 total_ms=3.443 raw_resize_ms=0.003 host_available_mib=11623
strata ple: chunk 0: read started 0.1 ms into the run, layer 1 reached at 16.4, waited 0.0 ms
strata prefill callback: start=98304 rows=4096 draft_path=token draft_ms=0.158 checkpoint_ms=0.002 total_ms=0.188
strata prefill chunk: start=98304 rows=4096 main_and_wait_ms=1588.709 callback_ms=0.202 total_ms=1588.911
strata prefill executed: tokens=4096 max_chunk=4096 capacity=4096 start=98304
strata ple batch phases: rows=65536 misses=0 pages=0 total_ms=3.413 call_lock_ms=0.000 lookup_ms=0.823 plan_ms=0.001 group_wait_ms=0.000 cache_insert_ms=0.000 callback_ms=2.588 reader_drain_ms=0.000
strata ple gather phases: tokens=4096 rows=65536 total_ms=3.460 raw_resize_ms=0.003 host_available_mib=11615
strata ple: chunk 0: read started 0.1 ms into the run, layer 1 reached at 25.3, waited 0.0 ms
strata prefill callback: start=102400 rows=4096 draft_path=token draft_ms=0.112 checkpoint_ms=0.002 total_ms=0.142
strata prefill chunk: start=102400 rows=4096 main_and_wait_ms=1576.344 callback_ms=0.156 total_ms=1576.501
strata prefill executed: tokens=4096 max_chunk=4096 capacity=4096 start=102400
strata ple batch phases: rows=65536 misses=0 pages=0 total_ms=3.159 call_lock_ms=0.000 lookup_ms=0.712 plan_ms=0.001 group_wait_ms=0.000 cache_insert_ms=0.000 callback_ms=2.445 reader_drain_ms=0.000
strata ple gather phases: tokens=4096 rows=65536 total_ms=3.200 raw_resize_ms=0.004 host_available_mib=11618
strata ple: chunk 0: read started 0.1 ms into the run, layer 1 reached at 16.3, waited 0.0 ms
strata prefill callback: start=106496 rows=4096 draft_path=token draft_ms=0.143 checkpoint_ms=0.002 total_ms=0.176
strata prefill chunk: start=106496 rows=4096 main_and_wait_ms=1565.481 callback_ms=0.211 total_ms=1565.692
strata prefill executed: tokens=4096 max_chunk=4096 capacity=4096 start=106496
strata ple batch phases: rows=65536 misses=0 pages=0 total_ms=3.153 call_lock_ms=0.000 lookup_ms=0.759 plan_ms=0.002 group_wait_ms=0.000 cache_insert_ms=0.000 callback_ms=2.392 reader_drain_ms=0.000
strata ple gather phases: tokens=4096 rows=65536 total_ms=3.189 raw_resize_ms=0.003 host_available_mib=11624
strata ple: chunk 0: read started 0.1 ms into the run, layer 1 reached at 17.4, waited 0.0 ms
strata prefill callback: start=110592 rows=4096 draft_path=token draft_ms=0.228 checkpoint_ms=29.633 total_ms=29.892
strata prefill chunk: start=110592 rows=4096 main_and_wait_ms=1556.898 callback_ms=29.910 total_ms=1586.808
strata prefill executed: tokens=4096 max_chunk=4096 capacity=4096 start=110592
strata ple batch phases: rows=65536 misses=0 pages=0 total_ms=3.495 call_lock_ms=0.000 lookup_ms=0.885 plan_ms=0.001 group_wait_ms=0.000 cache_insert_ms=0.000 callback_ms=2.608 reader_drain_ms=0.000
strata ple gather phases: tokens=4096 rows=65536 total_ms=3.528 raw_resize_ms=0.003 host_available_mib=11641
strata ple: chunk 0: read started 0.1 ms into the run, layer 1 reached at 22.5, waited 0.0 ms
strata prefill callback: start=114688 rows=4096 draft_path=token draft_ms=0.137 checkpoint_ms=0.002 total_ms=0.166
strata prefill chunk: start=114688 rows=4096 main_and_wait_ms=1602.109 callback_ms=0.179 total_ms=1602.288
strata prefill executed: tokens=4096 max_chunk=4096 capacity=4096 start=114688
strata ple batch phases: rows=65536 misses=0 pages=0 total_ms=3.358 call_lock_ms=0.000 lookup_ms=0.805 plan_ms=0.001 group_wait_ms=0.000 cache_insert_ms=0.000 callback_ms=2.551 reader_drain_ms=0.000
strata ple gather phases: tokens=4096 rows=65536 total_ms=3.385 raw_resize_ms=0.003 host_available_mib=11629
strata ple: chunk 0: read started 0.1 ms into the run, layer 1 reached at 26.4, waited 0.0 ms
strata prefill callback: start=118784 rows=4096 draft_path=token draft_ms=0.127 checkpoint_ms=0.002 total_ms=0.164
strata prefill chunk: start=118784 rows=4096 main_and_wait_ms=1589.696 callback_ms=0.182 total_ms=1589.878
strata prefill executed: tokens=4096 max_chunk=4096 capacity=4096 start=118784
strata ple batch phases: rows=65536 misses=0 pages=0 total_ms=2.813 call_lock_ms=0.000 lookup_ms=0.749 plan_ms=0.001 group_wait_ms=0.000 cache_insert_ms=0.000 callback_ms=2.062 reader_drain_ms=0.000
strata ple gather phases: tokens=4096 rows=65536 total_ms=2.840 raw_resize_ms=0.004 host_available_mib=11779
strata ple: chunk 0: read started 0.2 ms into the run, layer 1 reached at 17.5, waited 0.0 ms
strata prefill callback: start=122880 rows=4096 draft_path=token draft_ms=0.139 checkpoint_ms=0.002 total_ms=0.167
strata prefill chunk: start=122880 rows=4096 main_and_wait_ms=1577.261 callback_ms=0.181 total_ms=1577.443
strata prefill executed: tokens=4096 max_chunk=4096 capacity=4096 start=122880
strata ple batch phases: rows=65536 misses=0 pages=0 total_ms=3.516 call_lock_ms=0.000 lookup_ms=0.876 plan_ms=0.002 group_wait_ms=0.000 cache_insert_ms=0.000 callback_ms=2.638 reader_drain_ms=0.000
strata ple gather phases: tokens=4096 rows=65536 total_ms=3.551 raw_resize_ms=0.004 host_available_mib=11783
strata ple: chunk 0: read started 0.1 ms into the run, layer 1 reached at 16.4, waited 0.0 ms
strata prefill callback: start=126976 rows=4096 draft_path=token draft_ms=0.129 checkpoint_ms=45.644 total_ms=45.811
strata prefill chunk: start=126976 rows=4096 main_and_wait_ms=1589.716 callback_ms=45.842 total_ms=1635.558
strata prefill executed: tokens=4096 max_chunk=4096 capacity=4096 start=126976
strata ple batch phases: rows=65536 misses=0 pages=0 total_ms=3.291 call_lock_ms=0.000 lookup_ms=0.659 plan_ms=0.001 group_wait_ms=0.000 cache_insert_ms=0.000 callback_ms=2.630 reader_drain_ms=0.000
strata ple gather phases: tokens=4096 rows=65536 total_ms=3.341 raw_resize_ms=0.004 host_available_mib=11787
strata ple: chunk 0: read started 0.1 ms into the run, layer 1 reached at 19.2, waited 0.0 ms
strata prefill callback: start=131072 rows=4096 draft_path=token draft_ms=0.159 checkpoint_ms=0.003 total_ms=0.197
strata prefill chunk: start=131072 rows=4096 main_and_wait_ms=1616.386 callback_ms=0.213 total_ms=1616.599
strata prefill executed: tokens=4096 max_chunk=4096 capacity=4096 start=131072
strata ple batch phases: rows=65536 misses=0 pages=0 total_ms=3.702 call_lock_ms=0.000 lookup_ms=1.108 plan_ms=0.002 group_wait_ms=0.000 cache_insert_ms=0.000 callback_ms=2.592 reader_drain_ms=0.000
strata ple gather phases: tokens=4096 rows=65536 total_ms=3.746 raw_resize_ms=0.005 host_available_mib=11790
strata ple: chunk 0: read started 0.1 ms into the run, layer 1 reached at 16.5, waited 0.0 ms
strata prefill callback: start=135168 rows=4096 draft_path=token draft_ms=0.131 checkpoint_ms=0.002 total_ms=0.164
strata prefill chunk: start=135168 rows=4096 main_and_wait_ms=1593.398 callback_ms=0.293 total_ms=1593.691
strata prefill executed: tokens=4096 max_chunk=4096 capacity=4096 start=135168
strata ple batch phases: rows=65536 misses=0 pages=0 total_ms=3.353 call_lock_ms=0.000 lookup_ms=0.812 plan_ms=0.001 group_wait_ms=0.000 cache_insert_ms=0.000 callback_ms=2.538 reader_drain_ms=0.000
strata ple gather phases: tokens=4096 rows=65536 total_ms=3.376 raw_resize_ms=0.003 host_available_mib=11781
strata ple: chunk 0: read started 0.1 ms into the run, layer 1 reached at 16.5, waited 0.0 ms
strata prefill callback: start=139264 rows=4096 draft_path=token draft_ms=0.128 checkpoint_ms=0.002 total_ms=0.161
strata prefill chunk: start=139264 rows=4096 main_and_wait_ms=1592.457 callback_ms=0.174 total_ms=1592.631
strata prefill executed: tokens=4096 max_chunk=4096 capacity=4096 start=139264
strata ple batch phases: rows=65536 misses=0 pages=0 total_ms=3.328 call_lock_ms=0.000 lookup_ms=0.826 plan_ms=0.001 group_wait_ms=0.000 cache_insert_ms=0.000 callback_ms=2.501 reader_drain_ms=0.000
strata ple gather phases: tokens=4096 rows=65536 total_ms=3.366 raw_resize_ms=0.003 host_available_mib=11801
strata ple: chunk 0: read started 0.1 ms into the run, layer 1 reached at 26.0, waited 0.0 ms
strata prefill callback: start=143360 rows=4096 draft_path=token draft_ms=0.123 checkpoint_ms=25.490 total_ms=25.643
strata prefill chunk: start=143360 rows=4096 main_and_wait_ms=1592.472 callback_ms=25.776 total_ms=1618.248
strata prefill executed: tokens=4096 max_chunk=4096 capacity=4096 start=143360
strata ple batch phases: rows=65536 misses=0 pages=0 total_ms=3.253 call_lock_ms=0.000 lookup_ms=0.820 plan_ms=0.001 group_wait_ms=0.000 cache_insert_ms=0.000 callback_ms=2.432 reader_drain_ms=0.000
strata ple gather phases: tokens=4096 rows=65536 total_ms=3.302 raw_resize_ms=0.005 host_available_mib=11806
strata ple: chunk 0: read started 0.1 ms into the run, layer 1 reached at 26.1, waited 0.0 ms
strata prefill callback: start=147456 rows=4096 draft_path=token draft_ms=0.265 checkpoint_ms=0.002 total_ms=0.292
strata prefill chunk: start=147456 rows=4096 main_and_wait_ms=1597.700 callback_ms=0.306 total_ms=1598.006
strata prefill executed: tokens=4096 max_chunk=4096 capacity=4096 start=147456
strata ple batch phases: rows=65536 misses=0 pages=0 total_ms=3.424 call_lock_ms=0.000 lookup_ms=0.845 plan_ms=0.001 group_wait_ms=0.000 cache_insert_ms=0.000 callback_ms=2.578 reader_drain_ms=0.000
strata ple gather phases: tokens=4096 rows=65536 total_ms=3.480 raw_resize_ms=0.003 host_available_mib=11791
strata ple: chunk 0: read started 0.1 ms into the run, layer 1 reached at 25.2, waited 0.0 ms
strata prefill callback: start=151552 rows=4096 draft_path=token draft_ms=0.126 checkpoint_ms=0.002 total_ms=0.154
strata prefill chunk: start=151552 rows=4096 main_and_wait_ms=1617.684 callback_ms=0.168 total_ms=1617.852
strata prefill executed: tokens=4096 max_chunk=4096 capacity=4096 start=151552
strata ple batch phases: rows=65536 misses=0 pages=0 total_ms=3.391 call_lock_ms=0.000 lookup_ms=0.833 plan_ms=0.001 group_wait_ms=0.000 cache_insert_ms=0.000 callback_ms=2.557 reader_drain_ms=0.000
strata ple gather phases: tokens=4096 rows=65536 total_ms=3.414 raw_resize_ms=0.003 host_available_mib=11806
strata ple: chunk 0: read started 0.1 ms into the run, layer 1 reached at 26.5, waited 0.0 ms
strata prefill callback: start=155648 rows=4096 draft_path=token draft_ms=0.129 checkpoint_ms=0.002 total_ms=0.162
strata prefill chunk: start=155648 rows=4096 main_and_wait_ms=1604.477 callback_ms=0.176 total_ms=1604.653
strata prefill executed: tokens=4096 max_chunk=4096 capacity=4096 start=155648
strata ple batch phases: rows=65536 misses=0 pages=0 total_ms=3.336 call_lock_ms=0.000 lookup_ms=0.828 plan_ms=0.001 group_wait_ms=0.000 cache_insert_ms=0.000 callback_ms=2.506 reader_drain_ms=0.000
strata ple gather phases: tokens=4096 rows=65536 total_ms=3.383 raw_resize_ms=0.003 host_available_mib=11807
strata ple: chunk 0: read started 0.0 ms into the run, layer 1 reached at 24.2, waited 0.0 ms
strata prefill callback: start=159744 rows=4096 draft_path=token draft_ms=0.124 checkpoint_ms=27.263 total_ms=27.413
strata prefill chunk: start=159744 rows=4096 main_and_wait_ms=1618.966 callback_ms=27.429 total_ms=1646.396
strata prefill executed: tokens=4096 max_chunk=4096 capacity=4096 start=159744
strata ple batch phases: rows=65536 misses=0 pages=0 total_ms=3.353 call_lock_ms=0.000 lookup_ms=0.819 plan_ms=0.001 group_wait_ms=0.000 cache_insert_ms=0.000 callback_ms=2.532 reader_drain_ms=0.000
strata ple gather phases: tokens=4096 rows=65536 total_ms=3.405 raw_resize_ms=0.003 host_available_mib=11816
strata ple: chunk 0: read started 0.1 ms into the run, layer 1 reached at 23.3, waited 0.0 ms
strata prefill callback: start=163840 rows=4096 draft_path=token draft_ms=0.128 checkpoint_ms=0.002 total_ms=0.156
strata prefill chunk: start=163840 rows=4096 main_and_wait_ms=1602.847 callback_ms=0.170 total_ms=1603.017
strata prefill executed: tokens=4096 max_chunk=4096 capacity=4096 start=163840
strata ple batch phases: rows=65536 misses=0 pages=0 total_ms=3.467 call_lock_ms=0.000 lookup_ms=0.838 plan_ms=0.001 group_wait_ms=0.000 cache_insert_ms=0.000 callback_ms=2.628 reader_drain_ms=0.000
strata ple gather phases: tokens=4096 rows=65536 total_ms=3.524 raw_resize_ms=0.003 host_available_mib=11809
strata ple: chunk 0: read started 0.0 ms into the run, layer 1 reached at 25.0, waited 0.0 ms
strata prefill callback: start=167936 rows=4096 draft_path=token draft_ms=0.130 checkpoint_ms=0.002 total_ms=0.158
strata prefill chunk: start=167936 rows=4096 main_and_wait_ms=1611.131 callback_ms=0.172 total_ms=1611.303
strata prefill executed: tokens=4096 max_chunk=4096 capacity=4096 start=167936
strata ple batch phases: rows=65536 misses=0 pages=0 total_ms=3.775 call_lock_ms=0.000 lookup_ms=0.834 plan_ms=0.001 group_wait_ms=0.000 cache_insert_ms=0.000 callback_ms=2.940 reader_drain_ms=0.000
strata ple gather phases: tokens=4096 rows=65536 total_ms=3.820 raw_resize_ms=0.003 host_available_mib=11804
strata ple: chunk 0: read started 0.1 ms into the run, layer 1 reached at 25.5, waited 0.0 ms
strata prefill callback: start=172032 rows=4096 draft_path=token draft_ms=0.131 checkpoint_ms=0.002 total_ms=0.158
strata prefill chunk: start=172032 rows=4096 main_and_wait_ms=1624.338 callback_ms=0.173 total_ms=1624.510
strata prefill executed: tokens=4096 max_chunk=4096 capacity=4096 start=172032
strata ple batch phases: rows=65536 misses=0 pages=0 total_ms=3.432 call_lock_ms=0.000 lookup_ms=0.826 plan_ms=0.001 group_wait_ms=0.000 cache_insert_ms=0.000 callback_ms=2.604 reader_drain_ms=0.000
strata ple gather phases: tokens=4096 rows=65536 total_ms=3.480 raw_resize_ms=0.003 host_available_mib=11801
strata ple: chunk 0: read started 0.1 ms into the run, layer 1 reached at 22.9, waited 0.0 ms
strata prefill callback: start=176128 rows=4096 draft_path=token draft_ms=0.128 checkpoint_ms=27.104 total_ms=27.266
strata prefill chunk: start=176128 rows=4096 main_and_wait_ms=1655.465 callback_ms=27.284 total_ms=1682.749
strata prefill executed: tokens=4096 max_chunk=4096 capacity=4096 start=176128
strata ple batch phases: rows=65536 misses=0 pages=0 total_ms=3.718 call_lock_ms=0.000 lookup_ms=0.866 plan_ms=0.001 group_wait_ms=0.000 cache_insert_ms=0.000 callback_ms=2.851 reader_drain_ms=0.000
strata ple gather phases: tokens=4096 rows=65536 total_ms=3.761 raw_resize_ms=0.003 host_available_mib=11808
strata ple: chunk 0: read started 0.1 ms into the run, layer 1 reached at 25.6, waited 0.0 ms
strata prefill callback: start=180224 rows=4096 draft_path=token draft_ms=0.134 checkpoint_ms=0.002 total_ms=0.169
strata prefill chunk: start=180224 rows=4096 main_and_wait_ms=1652.404 callback_ms=0.183 total_ms=1652.587
strata prefill executed: tokens=4096 max_chunk=4096 capacity=4096 start=180224
strata ple batch phases: rows=65536 misses=0 pages=0 total_ms=3.392 call_lock_ms=0.000 lookup_ms=0.808 plan_ms=0.001 group_wait_ms=0.000 cache_insert_ms=0.000 callback_ms=2.583 reader_drain_ms=0.000
strata ple gather phases: tokens=4096 rows=65536 total_ms=3.429 raw_resize_ms=0.003 host_available_mib=11803
strata ple: chunk 0: read started 0.1 ms into the run, layer 1 reached at 17.3, waited 0.0 ms
strata prefill callback: start=184320 rows=4096 draft_path=token draft_ms=0.129 checkpoint_ms=0.002 total_ms=0.160
strata prefill chunk: start=184320 rows=4096 main_and_wait_ms=1603.673 callback_ms=0.174 total_ms=1603.847
strata prefill executed: tokens=4096 max_chunk=4096 capacity=4096 start=184320
strata ple batch phases: rows=65536 misses=0 pages=0 total_ms=3.061 call_lock_ms=0.000 lookup_ms=0.826 plan_ms=0.001 group_wait_ms=0.000 cache_insert_ms=0.000 callback_ms=2.233 reader_drain_ms=0.000
strata ple gather phases: tokens=4096 rows=65536 total_ms=3.093 raw_resize_ms=0.003 host_available_mib=11802
strata ple: chunk 0: read started 0.0 ms into the run, layer 1 reached at 16.3, waited 0.0 ms
strata prefill callback: start=188416 rows=4096 draft_path=token draft_ms=0.153 checkpoint_ms=0.003 total_ms=0.190
strata prefill chunk: start=188416 rows=4096 main_and_wait_ms=1622.283 callback_ms=0.206 total_ms=1622.489
strata prefill executed: tokens=4096 max_chunk=4096 capacity=4096 start=188416
strata ple batch phases: rows=65536 misses=0 pages=0 total_ms=3.342 call_lock_ms=0.000 lookup_ms=0.632 plan_ms=0.001 group_wait_ms=0.000 cache_insert_ms=0.000 callback_ms=2.707 reader_drain_ms=0.000
strata ple gather phases: tokens=4096 rows=65536 total_ms=3.393 raw_resize_ms=0.003 host_available_mib=11806
strata ple: chunk 0: read started 0.1 ms into the run, layer 1 reached at 16.8, waited 0.0 ms
strata prefill callback: start=192512 rows=4096 draft_path=token draft_ms=0.133 checkpoint_ms=28.605 total_ms=28.766
strata prefill chunk: start=192512 rows=4096 main_and_wait_ms=1631.177 callback_ms=28.784 total_ms=1659.960
strata prefill executed: tokens=4096 max_chunk=4096 capacity=4096 start=192512
strata ple batch phases: rows=65536 misses=0 pages=0 total_ms=3.372 call_lock_ms=0.000 lookup_ms=0.816 plan_ms=0.001 group_wait_ms=0.000 cache_insert_ms=0.000 callback_ms=2.554 reader_drain_ms=0.000
strata ple gather phases: tokens=4096 rows=65536 total_ms=3.393 raw_resize_ms=0.003 host_available_mib=11805
strata ple: chunk 0: read started 0.1 ms into the run, layer 1 reached at 26.5, waited 0.0 ms
strata prefill callback: start=196608 rows=4096 draft_path=token draft_ms=0.101 checkpoint_ms=0.002 total_ms=0.171
strata prefill chunk: start=196608 rows=4096 main_and_wait_ms=1656.072 callback_ms=0.185 total_ms=1656.257
strata prefill executed: tokens=4096 max_chunk=4096 capacity=4096 start=196608
strata ple batch phases: rows=65536 misses=0 pages=0 total_ms=3.368 call_lock_ms=0.000 lookup_ms=0.815 plan_ms=0.001 group_wait_ms=0.000 cache_insert_ms=0.000 callback_ms=2.551 reader_drain_ms=0.000
strata ple gather phases: tokens=4096 rows=65536 total_ms=3.421 raw_resize_ms=0.003 host_available_mib=11801
strata ple: chunk 0: read started 0.0 ms into the run, layer 1 reached at 25.9, waited 0.1 ms
strata prefill callback: start=200704 rows=4096 draft_path=token draft_ms=0.153 checkpoint_ms=0.003 total_ms=0.239
strata prefill chunk: start=200704 rows=4096 main_and_wait_ms=1628.318 callback_ms=0.256 total_ms=1628.574
strata prefill executed: tokens=4096 max_chunk=4096 capacity=4096 start=200704
strata ple batch phases: rows=65536 misses=0 pages=0 total_ms=3.344 call_lock_ms=0.000 lookup_ms=0.876 plan_ms=0.001 group_wait_ms=0.000 cache_insert_ms=0.000 callback_ms=2.466 reader_drain_ms=0.000
strata ple gather phases: tokens=4096 rows=65536 total_ms=3.397 raw_resize_ms=0.003 host_available_mib=11801
strata ple: chunk 0: read started 0.1 ms into the run, layer 1 reached at 16.6, waited 0.0 ms
strata prefill callback: start=204800 rows=4096 draft_path=token draft_ms=0.136 checkpoint_ms=0.002 total_ms=0.165
strata prefill chunk: start=204800 rows=4096 main_and_wait_ms=1642.691 callback_ms=0.178 total_ms=1642.869
strata prefill executed: tokens=4096 max_chunk=4096 capacity=4096 start=204800
strata ple batch phases: rows=65536 misses=0 pages=0 total_ms=3.496 call_lock_ms=0.000 lookup_ms=0.800 plan_ms=0.001 group_wait_ms=0.000 cache_insert_ms=0.000 callback_ms=2.694 reader_drain_ms=0.000
strata ple gather phases: tokens=4096 rows=65536 total_ms=3.534 raw_resize_ms=0.003 host_available_mib=11816
strata ple: chunk 0: read started 0.1 ms into the run, layer 1 reached at 16.5, waited 0.0 ms
strata prefill callback: start=208896 rows=4096 draft_path=token draft_ms=0.144 checkpoint_ms=30.281 total_ms=30.466
strata prefill chunk: start=208896 rows=4096 main_and_wait_ms=1662.138 callback_ms=30.487 total_ms=1692.625
strata prefill executed: tokens=4096 max_chunk=4096 capacity=4096 start=208896
strata ple batch phases: rows=65536 misses=0 pages=0 total_ms=3.778 call_lock_ms=0.000 lookup_ms=1.010 plan_ms=0.001 group_wait_ms=0.000 cache_insert_ms=0.000 callback_ms=2.767 reader_drain_ms=0.000
strata ple gather phases: tokens=4096 rows=65536 total_ms=3.830 raw_resize_ms=0.005 host_available_mib=11828
strata ple: chunk 0: read started 0.2 ms into the run, layer 1 reached at 17.2, waited 0.0 ms
strata prefill callback: start=212992 rows=4096 draft_path=token draft_ms=0.135 checkpoint_ms=0.002 total_ms=0.168
strata prefill chunk: start=212992 rows=4096 main_and_wait_ms=1659.942 callback_ms=0.183 total_ms=1660.124
strata prefill executed: tokens=4096 max_chunk=4096 capacity=4096 start=212992
strata ple batch phases: rows=65536 misses=0 pages=0 total_ms=3.375 call_lock_ms=0.000 lookup_ms=0.828 plan_ms=0.001 group_wait_ms=0.000 cache_insert_ms=0.000 callback_ms=2.546 reader_drain_ms=0.000
strata ple gather phases: tokens=4096 rows=65536 total_ms=3.425 raw_resize_ms=0.003 host_available_mib=11812
strata ple: chunk 0: read started 0.1 ms into the run, layer 1 reached at 16.5, waited 0.0 ms
strata prefill callback: start=217088 rows=4096 draft_path=token draft_ms=0.127 checkpoint_ms=0.002 total_ms=0.157
strata prefill chunk: start=217088 rows=4096 main_and_wait_ms=1605.197 callback_ms=0.171 total_ms=1605.368
strata prefill executed: tokens=4096 max_chunk=4096 capacity=4096 start=217088
strata ple batch phases: rows=65536 misses=0 pages=0 total_ms=3.420 call_lock_ms=0.000 lookup_ms=0.800 plan_ms=0.001 group_wait_ms=0.000 cache_insert_ms=0.000 callback_ms=2.618 reader_drain_ms=0.000
strata ple gather phases: tokens=4096 rows=65536 total_ms=3.456 raw_resize_ms=0.003 host_available_mib=11807
strata ple: chunk 0: read started 0.0 ms into the run, layer 1 reached at 21.1, waited 0.0 ms
strata prefill callback: start=221184 rows=4096 draft_path=token draft_ms=0.114 checkpoint_ms=0.002 total_ms=0.147
strata prefill chunk: start=221184 rows=4096 main_and_wait_ms=1657.330 callback_ms=0.161 total_ms=1657.491
strata prefill executed: tokens=4096 max_chunk=4096 capacity=4096 start=221184
strata ple batch phases: rows=65536 misses=0 pages=0 total_ms=3.314 call_lock_ms=0.000 lookup_ms=0.799 plan_ms=0.001 group_wait_ms=0.000 cache_insert_ms=0.000 callback_ms=2.514 reader_drain_ms=0.000
strata ple gather phases: tokens=4096 rows=65536 total_ms=3.360 raw_resize_ms=0.003 host_available_mib=11802
strata ple: chunk 0: read started 0.1 ms into the run, layer 1 reached at 26.0, waited 0.0 ms
strata prefill callback: start=225280 rows=4096 draft_path=token draft_ms=44.853 checkpoint_ms=26.361 total_ms=71.267
strata prefill chunk: start=225280 rows=4096 main_and_wait_ms=1674.478 callback_ms=71.285 total_ms=1745.763
strata prefill executed: tokens=4096 max_chunk=4096 capacity=4096 start=225280
strata ple batch phases: rows=65536 misses=0 pages=0 total_ms=3.438 call_lock_ms=0.000 lookup_ms=0.819 plan_ms=0.001 group_wait_ms=0.000 cache_insert_ms=0.000 callback_ms=2.617 reader_drain_ms=0.000
strata ple gather phases: tokens=4096 rows=65536 total_ms=3.484 raw_resize_ms=0.003 host_available_mib=11826
strata ple: chunk 0: read started 0.1 ms into the run, layer 1 reached at 17.9, waited 0.0 ms
strata prefill callback: start=229376 rows=4096 draft_path=token draft_ms=150.250 checkpoint_ms=0.002 total_ms=150.297
strata prefill chunk: start=229376 rows=4096 main_and_wait_ms=1683.874 callback_ms=150.313 total_ms=1834.187
strata prefill executed: tokens=4096 max_chunk=4096 capacity=4096 start=229376
strata ple batch phases: rows=65536 misses=0 pages=0 total_ms=3.458 call_lock_ms=0.000 lookup_ms=0.839 plan_ms=0.001 group_wait_ms=0.000 cache_insert_ms=0.000 callback_ms=2.617 reader_drain_ms=0.000
strata ple gather phases: tokens=4096 rows=65536 total_ms=3.501 raw_resize_ms=0.003 host_available_mib=11812
strata ple: chunk 0: read started 0.1 ms into the run, layer 1 reached at 20.4, waited 0.0 ms
strata prefill callback: start=233472 rows=4096 draft_path=token draft_ms=155.466 checkpoint_ms=0.002 total_ms=155.525
strata prefill chunk: start=233472 rows=4096 main_and_wait_ms=1645.743 callback_ms=155.539 total_ms=1801.282
strata prefill executed: tokens=4096 max_chunk=4096 capacity=4096 start=233472
strata ple batch phases: rows=65536 misses=0 pages=0 total_ms=3.006 call_lock_ms=0.000 lookup_ms=0.784 plan_ms=0.001 group_wait_ms=0.000 cache_insert_ms=0.000 callback_ms=2.220 reader_drain_ms=0.000
strata ple gather phases: tokens=4096 rows=65536 total_ms=3.057 raw_resize_ms=0.003 host_available_mib=11826
strata ple: chunk 0: read started 0.1 ms into the run, layer 1 reached at 23.1, waited 0.0 ms
strata prefill callback: start=237568 rows=4096 draft_path=token draft_ms=155.214 checkpoint_ms=0.002 total_ms=155.248
strata prefill chunk: start=237568 rows=4096 main_and_wait_ms=1676.191 callback_ms=155.265 total_ms=1831.456
strata prefill executed: tokens=4096 max_chunk=4096 capacity=4096 start=237568
strata ple batch phases: rows=65536 misses=0 pages=0 total_ms=3.380 call_lock_ms=0.000 lookup_ms=0.807 plan_ms=0.001 group_wait_ms=0.000 cache_insert_ms=0.000 callback_ms=2.571 reader_drain_ms=0.000
strata ple gather phases: tokens=4096 rows=65536 total_ms=3.427 raw_resize_ms=0.003 host_available_mib=11818
strata ple: chunk 0: read started 0.1 ms into the run, layer 1 reached at 16.7, waited 0.0 ms
strata prefill callback: start=241664 rows=4096 draft_path=token draft_ms=153.544 checkpoint_ms=25.444 total_ms=179.042
strata prefill chunk: start=241664 rows=4096 main_and_wait_ms=1665.781 callback_ms=179.061 total_ms=1844.842
strata prefill executed: tokens=4096 max_chunk=4096 capacity=4096 start=241664
strata ple batch phases: rows=65536 misses=0 pages=0 total_ms=3.280 call_lock_ms=0.000 lookup_ms=0.803 plan_ms=0.001 group_wait_ms=0.000 cache_insert_ms=0.000 callback_ms=2.475 reader_drain_ms=0.000
strata ple gather phases: tokens=4096 rows=65536 total_ms=3.319 raw_resize_ms=0.003 host_available_mib=11827
strata ple: chunk 0: read started 0.1 ms into the run, layer 1 reached at 25.0, waited 0.0 ms
strata prefill callback: start=245760 rows=4096 draft_path=token draft_ms=148.785 checkpoint_ms=0.002 total_ms=148.815
strata prefill chunk: start=245760 rows=4096 main_and_wait_ms=1665.470 callback_ms=148.829 total_ms=1814.299
strata prefill executed: tokens=4096 max_chunk=4096 capacity=4096 start=245760
strata ple batch phases: rows=65536 misses=0 pages=0 total_ms=2.906 call_lock_ms=0.000 lookup_ms=0.747 plan_ms=0.002 group_wait_ms=0.000 cache_insert_ms=0.000 callback_ms=2.157 reader_drain_ms=0.000
strata ple gather phases: tokens=4096 rows=65536 total_ms=2.952 raw_resize_ms=0.005 host_available_mib=11821
strata ple: chunk 0: read started 0.1 ms into the run, layer 1 reached at 22.8, waited 0.0 ms
strata prefill callback: start=249856 rows=4096 draft_path=token draft_ms=151.763 checkpoint_ms=0.002 total_ms=151.811
strata prefill chunk: start=249856 rows=4096 main_and_wait_ms=1732.905 callback_ms=151.883 total_ms=1884.788
strata prefill executed: tokens=4096 max_chunk=4096 capacity=4096 start=249856
strata ple batch phases: rows=65536 misses=0 pages=0 total_ms=3.349 call_lock_ms=0.000 lookup_ms=0.726 plan_ms=0.002 group_wait_ms=0.000 cache_insert_ms=0.000 callback_ms=2.620 reader_drain_ms=0.000
strata ple gather phases: tokens=4096 rows=65536 total_ms=3.392 raw_resize_ms=0.006 host_available_mib=11818
strata ple: chunk 0: read started 0.1 ms into the run, layer 1 reached at 20.4, waited 0.0 ms
strata prefill callback: start=253952 rows=4096 draft_path=token draft_ms=143.328 checkpoint_ms=0.002 total_ms=143.381
strata prefill chunk: start=253952 rows=4096 main_and_wait_ms=1694.672 callback_ms=143.395 total_ms=1838.067
strata prefill executed: tokens=4096 max_chunk=4096 capacity=4096 start=253952
strata ple batch phases: rows=47120 misses=344 pages=350 total_ms=11.357 call_lock_ms=0.000 lookup_ms=0.617 plan_ms=0.032 group_wait_ms=8.557 cache_insert_ms=0.068 callback_ms=2.051 reader_drain_ms=0.000
strata ple gather phases: tokens=2945 rows=47120 total_ms=11.393 raw_resize_ms=0.003 host_available_mib=11805
strata ple: chunk 0: read started 0.1 ms into the run, layer 1 reached at 30.1, waited 0.0 ms
strata prefill callback: start=258048 rows=2945 draft_path=token draft_ms=110.522 checkpoint_ms=0.002 total_ms=110.567
strata prefill chunk: start=258048 rows=2945 main_and_wait_ms=1502.187 callback_ms=110.581 total_ms=1612.768
strata prefill executed: tokens=2945 max_chunk=2945 capacity=4096 start=258048
strata serve prefill segment: start=260993 end=260999 root=0 turn=0 message=0 pin=0 reread=0
strata serve: prompt 261000 tokens = 0 reused + 261000 read in 104998 ms (2485.8 tok/s), 256 generated in 7902 ms (32.4 tok/s), drafts accepted 122 of 186, 6 checkpoints
strata serve: decode expert cache hit rate: 0.9% (1087 hits / 125499 lookups); 28101 more read by the GPU over PCIe or from another GPU (18.3% of all 153600 routed)
strata serve: resident RAM: 63.28 GiB of experts in RAM, 0 exchanged with the VRAM tier, 0 blob reads from the file
safetensors residency metrics: ram_bytes=67948118016 os_locked_bytes=0 cuda_pinned_bytes=67948118016 promotions=0 promoted_payload_bytes=0 expert_file_bytes=0 (cumulative; payload is not a physical PCIe counter)
safetensors ngram metrics: ple io: 4195296 rows, 98.2% row-cache hits, 9213 SSD reads (39.2 MB), read p50 140 us p99 6813 us, blocked 24.575 ms total (submit 7.210 ms), cache 9192/1048576 rows, SSD kept awake by 1082 reads (slowest 370.9 ms)
strata serve: expert tiers: GPU 1087 hits this request; since the start RAM 1909710 blobs, files 0 blobs 0.0 MB read
strata serve: conversation cache: skip parking (snapshot 4596 MiB exceeds available budget)
strata serve prefill segment: start=245760 end=261000 root=0 turn=1 message=0 pin=0 reread=0
strata ple batch phases: rows=65536 misses=0 pages=0 total_ms=3.534 call_lock_ms=0.000 lookup_ms=0.798 plan_ms=0.001 group_wait_ms=0.000 cache_insert_ms=0.000 callback_ms=2.734 reader_drain_ms=0.000
strata ple gather phases: tokens=4096 rows=65536 total_ms=3.576 raw_resize_ms=0.005 host_available_mib=11933
strata ple: chunk 0: read started 0.1 ms into the run, layer 1 reached at 17.1, waited 0.0 ms
strata prefill callback: start=245760 rows=4096 draft_path=token draft_ms=155.458 checkpoint_ms=0.002 total_ms=155.494
strata prefill chunk: start=245760 rows=4096 main_and_wait_ms=1666.653 callback_ms=155.509 total_ms=1822.162
strata prefill executed: tokens=4096 max_chunk=4096 capacity=4096 start=245760
strata ple batch phases: rows=65536 misses=0 pages=0 total_ms=3.365 call_lock_ms=0.000 lookup_ms=0.768 plan_ms=0.001 group_wait_ms=0.000 cache_insert_ms=0.000 callback_ms=2.595 reader_drain_ms=0.000
strata ple gather phases: tokens=4096 rows=65536 total_ms=3.417 raw_resize_ms=0.005 host_available_mib=11913
strata ple: chunk 0: read started 0.1 ms into the run, layer 1 reached at 17.0, waited 0.0 ms
strata prefill callback: start=249856 rows=4096 draft_path=token draft_ms=153.296 checkpoint_ms=0.002 total_ms=153.343
strata prefill chunk: start=249856 rows=4096 main_and_wait_ms=1658.042 callback_ms=153.358 total_ms=1811.400
strata prefill executed: tokens=4096 max_chunk=4096 capacity=4096 start=249856
strata ple batch phases: rows=65536 misses=0 pages=0 total_ms=3.540 call_lock_ms=0.000 lookup_ms=0.800 plan_ms=0.001 group_wait_ms=0.000 cache_insert_ms=0.000 callback_ms=2.739 reader_drain_ms=0.000
strata ple gather phases: tokens=4096 rows=65536 total_ms=3.578 raw_resize_ms=0.003 host_available_mib=11913
strata ple: chunk 0: read started 0.1 ms into the run, layer 1 reached at 18.9, waited 0.0 ms
strata prefill callback: start=253952 rows=4096 draft_path=token draft_ms=153.896 checkpoint_ms=0.002 total_ms=153.945
strata prefill chunk: start=253952 rows=4096 main_and_wait_ms=1633.685 callback_ms=153.960 total_ms=1787.644
strata prefill executed: tokens=4096 max_chunk=4096 capacity=4096 start=253952
strata ple batch phases: rows=47232 misses=128 pages=132 total_ms=3.223 call_lock_ms=0.000 lookup_ms=0.715 plan_ms=0.016 group_wait_ms=0.286 cache_insert_ms=0.039 callback_ms=2.133 reader_drain_ms=0.000
strata ple gather phases: tokens=2952 rows=47232 total_ms=3.262 raw_resize_ms=0.003 host_available_mib=11919
strata ple: chunk 0: read started 0.1 ms into the run, layer 1 reached at 19.9, waited 0.0 ms
strata prefill callback: start=258048 rows=2952 draft_path=token draft_ms=85.368 checkpoint_ms=0.002 total_ms=85.419
strata prefill chunk: start=258048 rows=2952 main_and_wait_ms=1526.744 callback_ms=85.435 total_ms=1612.179
strata prefill executed: tokens=2952 max_chunk=2952 capacity=4096 start=258048
strata serve prefill segment: start=261000 end=261006 root=0 turn=0 message=0 pin=0 reread=0
strata serve: prompt 261007 tokens = 245760 reused + 15247 read in 7163 ms (2128.5 tok/s), 256 generated in 5945 ms (43.1 tok/s), drafts accepted 124 of 191, 6 checkpoints
strata serve: decode expert cache hit rate: 0.5% (592 hits / 126739 lookups); 28301 more read by the GPU over PCIe or from another GPU (18.3% of all 155040 routed)
strata serve: resident RAM: 63.28 GiB of experts in RAM, 0 exchanged with the VRAM tier, 0 blob reads from the file
safetensors residency metrics: ram_bytes=67948118016 os_locked_bytes=0 cuda_pinned_bytes=67948118016 promotions=0 promoted_payload_bytes=0 expert_file_bytes=0 (cumulative; payload is not a physical PCIe counter)
safetensors ngram metrics: ple io: 4445168 rows, 98.2% row-cache hits, 13049 SSD reads (55.6 MB), read p50 128 us p99 4465 us, blocked 27.125 ms total (submit 10.341 ms), cache 13024/1048576 rows, SSD kept awake by 1162 reads (slowest 370.9 ms)
strata serve: expert tiers: GPU 592 hits this request; since the start RAM 2128303 blobs, files 0 blobs 0.0 MB read
strata serve: conversation cache: skip parking (snapshot 4596 MiB exceeds available budget)
strata serve prefill segment: start=245760 end=260993 root=0 turn=1 message=0 pin=0 reread=0
strata ple batch phases: rows=65536 misses=0 pages=0 total_ms=3.395 call_lock_ms=0.000 lookup_ms=0.805 plan_ms=0.001 group_wait_ms=0.000 cache_insert_ms=0.000 callback_ms=2.589 reader_drain_ms=0.000
strata ple gather phases: tokens=4096 rows=65536 total_ms=3.440 raw_resize_ms=0.005 host_available_mib=11962
strata ple: chunk 0: read started 0.1 ms into the run, layer 1 reached at 15.8, waited 0.0 ms
strata prefill callback: start=245760 rows=4096 draft_path=token draft_ms=110.726 checkpoint_ms=0.002 total_ms=110.785
strata prefill chunk: start=245760 rows=4096 main_and_wait_ms=1487.564 callback_ms=110.818 total_ms=1598.382
strata prefill executed: tokens=4096 max_chunk=4096 capacity=4096 start=245760
strata ple batch phases: rows=65536 misses=0 pages=0 total_ms=3.459 call_lock_ms=0.000 lookup_ms=0.836 plan_ms=0.001 group_wait_ms=0.000 cache_insert_ms=0.000 callback_ms=2.622 reader_drain_ms=0.000
strata ple gather phases: tokens=4096 rows=65536 total_ms=3.503 raw_resize_ms=0.004 host_available_mib=11958
strata ple: chunk 0: read started 0.1 ms into the run, layer 1 reached at 16.0, waited 0.0 ms
strata prefill callback: start=249856 rows=4096 draft_path=token draft_ms=110.801 checkpoint_ms=0.002 total_ms=110.851
strata prefill chunk: start=249856 rows=4096 main_and_wait_ms=1486.014 callback_ms=110.865 total_ms=1596.879
strata prefill executed: tokens=4096 max_chunk=4096 capacity=4096 start=249856
strata ple batch phases: rows=65536 misses=0 pages=0 total_ms=3.375 call_lock_ms=0.000 lookup_ms=0.859 plan_ms=0.001 group_wait_ms=0.000 cache_insert_ms=0.000 callback_ms=2.515 reader_drain_ms=0.000
strata ple gather phases: tokens=4096 rows=65536 total_ms=3.426 raw_resize_ms=0.003 host_available_mib=11974
strata ple: chunk 0: read started 0.1 ms into the run, layer 1 reached at 15.9, waited 0.0 ms
strata prefill callback: start=253952 rows=4096 draft_path=token draft_ms=111.885 checkpoint_ms=0.002 total_ms=111.935
strata prefill chunk: start=253952 rows=4096 main_and_wait_ms=1492.134 callback_ms=111.955 total_ms=1604.090
strata prefill executed: tokens=4096 max_chunk=4096 capacity=4096 start=253952
strata ple batch phases: rows=47120 misses=0 pages=0 total_ms=2.494 call_lock_ms=0.000 lookup_ms=0.648 plan_ms=0.001 group_wait_ms=0.000 cache_insert_ms=0.000 callback_ms=1.844 reader_drain_ms=0.000
strata ple gather phases: tokens=2945 rows=47120 total_ms=2.531 raw_resize_ms=0.003 host_available_mib=11974
strata ple: chunk 0: read started 0.1 ms into the run, layer 1 reached at 12.2, waited 0.0 ms
strata prefill callback: start=258048 rows=2945 draft_path=token draft_ms=79.415 checkpoint_ms=0.002 total_ms=79.463
strata prefill chunk: start=258048 rows=2945 main_and_wait_ms=1405.970 callback_ms=79.477 total_ms=1485.448
strata prefill executed: tokens=2945 max_chunk=2945 capacity=4096 start=258048
strata serve prefill segment: start=260993 end=260999 root=0 turn=0 message=0 pin=0 reread=0
strata batch: slot 0 takes 261000 tokens (copied in 1158.5 ms)
strata serve: prompt 261000 tokens = 245760 reused + 15240 read in 6423 ms (2372.8 tok/s), 1 generated in 26 ms (38.8 tok/s), drafts accepted 0 of 0, 6 checkpoints
strata serve: decode expert cache hit rate: 2.3% (9 hits / 385 lookups); 95 more read by the GPU over PCIe or from another GPU (19.8% of all 480 routed)
strata serve: resident RAM: 63.28 GiB of experts in RAM, 0 exchanged with the VRAM tier, 0 blob reads from the file
safetensors residency metrics: ram_bytes=67948118016 os_locked_bytes=0 cuda_pinned_bytes=67948118016 promotions=0 promoted_payload_bytes=0 expert_file_bytes=0 (cumulative; payload is not a physical PCIe counter)
safetensors ngram metrics: ple io: 4689008 rows, 98.3% row-cache hits, 13049 SSD reads (55.6 MB), read p50 128 us p99 4465 us, blocked 27.126 ms total (submit 10.341 ms), cache 13024/1048576 rows, SSD kept awake by 1231 reads (slowest 370.9 ms)
strata serve: expert tiers: GPU 9 hits this request; since the start RAM 2228515 blobs, files 0 blobs 0.0 MB read
strata serve: conversation cache: skip parking (snapshot 4592 MiB exceeds available budget)
strata serve prefill segment: start=245760 end=261000 root=0 turn=1 message=0 pin=0 reread=0
strata ple batch phases: rows=65536 misses=0 pages=0 total_ms=3.689 call_lock_ms=0.000 lookup_ms=0.844 plan_ms=0.001 group_wait_ms=0.000 cache_insert_ms=0.000 callback_ms=2.844 reader_drain_ms=0.000
strata ple gather phases: tokens=4096 rows=65536 total_ms=3.742 raw_resize_ms=0.004 host_available_mib=11968
strata ple: chunk 0: read started 0.1 ms into the run, layer 1 reached at 16.9, waited 0.0 ms
strata prefill callback: start=245760 rows=4096 draft_path=token draft_ms=111.051 checkpoint_ms=0.002 total_ms=111.102
strata prefill chunk: start=245760 rows=4096 main_and_wait_ms=1488.613 callback_ms=111.117 total_ms=1599.730
strata prefill executed: tokens=4096 max_chunk=4096 capacity=4096 start=245760
strata verify: captured the batch window over slots 0
strata ple batch phases: rows=65536 misses=0 pages=0 total_ms=3.005 call_lock_ms=0.000 lookup_ms=0.767 plan_ms=0.001 group_wait_ms=0.000 cache_insert_ms=0.000 callback_ms=2.236 reader_drain_ms=0.000
strata ple gather phases: tokens=4096 rows=65536 total_ms=3.053 raw_resize_ms=0.005 host_available_mib=11951
strata ple: chunk 0: read started 0.1 ms into the run, layer 1 reached at 16.0, waited 0.0 ms
strata prefill callback: start=249856 rows=4096 draft_path=token draft_ms=110.738 checkpoint_ms=0.002 total_ms=110.792
strata prefill chunk: start=249856 rows=4096 main_and_wait_ms=1484.413 callback_ms=110.809 total_ms=1595.223
strata prefill executed: tokens=4096 max_chunk=4096 capacity=4096 start=249856
strata ple batch phases: rows=65536 misses=0 pages=0 total_ms=3.023 call_lock_ms=0.000 lookup_ms=0.761 plan_ms=0.001 group_wait_ms=0.000 cache_insert_ms=0.000 callback_ms=2.261 reader_drain_ms=0.000
strata ple gather phases: tokens=4096 rows=65536 total_ms=3.075 raw_resize_ms=0.005 host_available_mib=11946
strata ple: chunk 0: read started 0.1 ms into the run, layer 1 reached at 15.9, waited 0.0 ms
strata prefill callback: start=253952 rows=4096 draft_path=token draft_ms=110.641 checkpoint_ms=0.002 total_ms=110.691
strata prefill chunk: start=253952 rows=4096 main_and_wait_ms=1492.519 callback_ms=110.706 total_ms=1603.225
strata prefill executed: tokens=4096 max_chunk=4096 capacity=4096 start=253952
strata ple batch phases: rows=47232 misses=0 pages=0 total_ms=2.157 call_lock_ms=0.000 lookup_ms=0.540 plan_ms=0.001 group_wait_ms=0.000 cache_insert_ms=0.000 callback_ms=1.615 reader_drain_ms=0.000
strata ple gather phases: tokens=2952 rows=47232 total_ms=2.205 raw_resize_ms=0.006 host_available_mib=11959
strata ple: chunk 0: read started 0.1 ms into the run, layer 1 reached at 12.9, waited 0.0 ms
strata prefill callback: start=258048 rows=2952 draft_path=token draft_ms=79.829 checkpoint_ms=0.002 total_ms=79.879
strata prefill chunk: start=258048 rows=2952 main_and_wait_ms=1405.140 callback_ms=79.896 total_ms=1485.036
strata prefill executed: tokens=2952 max_chunk=2952 capacity=4096 start=258048
strata serve prefill segment: start=261000 end=261006 root=0 turn=0 message=0 pin=0 reread=0
strata batch: the prompt was read in 4 parts, the slots decoding 2422 ms between them
strata batch: slot 1 takes 261007 tokens (copied in 956.3 ms)
strata serve: prompt 261007 tokens = 245760 reused + 15247 read in 8840 ms (1724.8 tok/s), 1 generated in 26 ms (38.6 tok/s), drafts accepted 0 of 0, 6 checkpoints
strata serve: decode expert cache hit rate: 2.6% (10 hits / 385 lookups); 95 more read by the GPU over PCIe or from another GPU (19.8% of all 480 routed)
strata serve: resident RAM: 63.28 GiB of experts in RAM, 0 exchanged with the VRAM tier, 0 blob reads from the file
safetensors residency metrics: ram_bytes=67948118016 os_locked_bytes=0 cuda_pinned_bytes=67948118016 promotions=0 promoted_payload_bytes=0 expert_file_bytes=0 (cumulative; payload is not a physical PCIe counter)
safetensors ngram metrics: ple io: 4934400 rows, 98.4% row-cache hits, 13049 SSD reads (55.6 MB), read p50 128 us p99 4465 us, blocked 27.142 ms total (submit 10.341 ms), cache 13024/1048576 rows, SSD kept awake by 1320 reads (slowest 370.9 ms)
strata serve: expert tiers: GPU 10 hits this request; since the start RAM 2371737 blobs, files 0 blobs 0.0 MB read
strata batch: 345 windows, avg 1.48 rows, 34.91 ms/window = run 34.35 (CUDA0 GPU-reach wait 8.65 + CPU experts 25.16) + commit 0.51 + emit 0.04; per layer-window: CPU experts 11.08, VRAM hits 0.08, PCIe 3.15; 28.6 rows/s over 17827 ms of wall time (admissions included)
safetensors: post-residency expert source bytes=0
safetensors: post-residency MTP source bytes=0
