[strata] 2026-10-10 02:27:49 engine started: G:\Strata\Strata-Safetensors\build-native-engine\strata.exe --serve --safetensors D:\迅雷下载\Qwen3.8-flash-next-nvfp4 --max-context 4096 --prefill 256 --spec 2 --suffix-draft 0 --expert-cache 7000 --expert-profile G:\Strata\Strata-Safetensors\data\expert-profile.bin --pcie-frac 1 --pcie-mode dma --no-prefill-borrow --greedy --stats --check-logits --adapt-every 0 --adapt-swaps 0 --prompt-cache 6 --conversation-cache-mib 4096 --conversation-cache-slots 4 --mtp-max-t 1 --spec-min-p 0
strata generate: native pack:  experts (largest blob 2.76 MB), token embedding BF16 in mapped host memory (1212 MiB, 2.0 s)
strata generate: 7016 MiB of weights loaded from  in 10.2 s (1 canonical tensors skipped: served natively)
strata generate: GPU 0: NVIDIA GeForce RTX 5090, compute capability 12.0
strata generate: the SSD is kept awake while rows are read: one page of the table after 100 ms without a read, until 60 s after the last request (STRATA_SSD_KEEPALIVE=0 turns it off)
strata generate: profile G:\Strata\Strata-Safetensors\data\expert-profile.bin: 24576 ranked pairs, built for 24576 slots
strata generate: native BF16 head, 1271398400 bytes, in 1.3 s
safetensors: resident experts 1/48 layers
safetensors: resident experts 2/48 layers
safetensors: resident experts 3/48 layers
safetensors: resident experts 4/48 layers
safetensors: resident experts 5/48 layers
safetensors: resident experts 6/48 layers
safetensors: resident experts 7/48 layers
safetensors: resident experts 8/48 layers
safetensors: resident experts 9/48 layers
safetensors: resident experts 10/48 layers
safetensors: resident experts 11/48 layers
safetensors: resident experts 12/48 layers
safetensors: resident experts 13/48 layers
safetensors: resident experts 14/48 layers
safetensors: resident experts 15/48 layers
safetensors: resident experts 16/48 layers
safetensors: resident experts 17/48 layers
safetensors: resident experts 18/48 layers
safetensors: resident experts 19/48 layers
safetensors: resident experts 20/48 layers
safetensors: resident experts 21/48 layers
safetensors: resident experts 22/48 layers
safetensors: resident experts 23/48 layers
safetensors: resident experts 24/48 layers
safetensors: resident experts 25/48 layers
safetensors: resident experts 26/48 layers
safetensors: resident experts 27/48 layers
safetensors: resident experts 28/48 layers
safetensors: resident experts 29/48 layers
safetensors: resident experts 30/48 layers
safetensors: resident experts 31/48 layers
safetensors: resident experts 32/48 layers
safetensors: resident experts 33/48 layers
safetensors: resident experts 34/48 layers
safetensors: resident experts 35/48 layers
safetensors: resident experts 36/48 layers
safetensors: resident experts 37/48 layers
safetensors: resident experts 38/48 layers
safetensors: resident experts 39/48 layers
safetensors: resident experts 40/48 layers
safetensors: resident experts 41/48 layers
safetensors: resident experts 42/48 layers
safetensors: resident experts 43/48 layers
safetensors: resident experts 44/48 layers
safetensors: resident experts 45/48 layers
safetensors: resident experts 46/48 layers
safetensors: resident experts 47/48 layers
safetensors: resident experts 48/48 layers
safetensors: 63.282 GiB physically page-locked and GPU-mapped via cudaHostAlloc, 0.0 MiB GPU staging
safetensors: all expert weights in locked RAM; expert source reads sealed
strata generate: CPU pool tasks/phase: 48 (automatic), participating threads: 16
strata generate: 15 pool workers on logical processors 2,4,6,8,10,12,14,16,18,20,22,24,26,28,30, the host thread on 0 (draining too) (--host-core first)
strata generate: expert cache 6999 slots, 18.02 GiB of VRAM; policy is
strata generate: the GPU computes the experts in the cache; it rounds differently from the CPU,
                 so a reply can differ slightly from a run without the cache (same quality:
                 bench/results/2026-09-27-cache-parity).
                 PROFILE, ranked by routing frequency, no eviction.
strata generate: the profile fill asks for 0 pairs ahead (STRATA_FILL_AHEAD)
strata generate: pre-filled 6999 of 6999 slots from the profile in 0.8 s (25205 MB/s); slot 0 verified
strata generate: R4 hit path ON - resident experts are computed on the GPU
strata generate: 15 expert-pool workers + the host thread
strata generate: session is up (engine 0.1.41)
strata generate: token graph hit path: 6999 resident experts, decided on the device
strata generate: resident RAM mode: 63.28 GiB of experts in RAM (page-locked), 6999 in the GPU cache; adaptive swaps off
strata serve: the prompt path allocates its own buffers (too few cache slots to borrow)
strata prefill allocation: requested=256 effective=256 capacity=256 workspace_bytes=246946816 free_vram_bytes=3001241600
strata hc: CUDA0: the hyper-connection read runs as staged (the norm per token and stream, the down projection's activations staged ahead by cp.async); checked bit for bit against the plain read on this card (STRATA_HC_SPLIT=1 or 0 for the earlier ones)
strata verify: window up to 2 tokens, 349.0 MiB of device buffers
strata serve: STRATA_ADAPT_FETCH is off (the adaptive tier is off)
strata serve: 2512 MiB of VRAM free with everything loaded
strata verify: capturing the 2-token window (2512 MiB of VRAM free)
strata: the hyper-connection read v4 (programmatic dependent launch)
[nvfp4-tensor] SM120 native FP4 MMA enabled, 3 activation terms, checkpoint scales, FP32 accumulation; weights unchanged
strata verify: captured the 2-token window (upload no error, sync no error)
strata verify: capturing the 1-token window (2455 MiB of VRAM free)
strata verify: captured the 1-token window (upload no error, sync no error)
strata serve: prompt 23 tokens = 0 reused + 23 read in 708 ms (32.5 tok/s), 1 generated in 33 ms (30.4 tok/s), drafts accepted 0 of 0, 1 checkpoints
strata serve: decode expert cache hit rate: 100.0% (332 hits / 332 lookups); 148 more read by the GPU over PCIe or from another GPU (30.8% of all 480 routed)
strata serve: resident RAM: 63.28 GiB of experts in RAM, 0 exchanged with the VRAM tier, 0 blob reads from the file
safetensors residency metrics: ram_bytes=67948118016 os_locked_bytes=0 cuda_pinned_bytes=67948118016 promotions=0 promoted_payload_bytes=0 expert_file_bytes=0 (cumulative; payload is not a physical PCIe counter)
safetensors ngram metrics: ple io: 368 rows, 0.0% row-cache hits, 368 SSD reads (1.6 MB), read p50 1500 us p99 4438 us, blocked 27.924 ms total (submit 0.212 ms), cache 368/1048576 rows, SSD kept awake by 2 reads (slowest 0.2 ms)
strata serve: expert tiers: GPU 332 hits this request; since the start RAM 11645 blobs, files 0 blobs 0.0 MB read
strata serve: prompt 24 tokens = 23 reused + 1 read in 0 ms (37453.2 tok/s), 1 generated in 23 ms (42.6 tok/s), drafts accepted 0 of 0, 1 checkpoints
strata serve: decode expert cache hit rate: 100.0% (328 hits / 328 lookups); 152 more read by the GPU over PCIe or from another GPU (31.7% of all 480 routed)
strata serve: resident RAM: 63.28 GiB of experts in RAM, 0 exchanged with the VRAM tier, 0 blob reads from the file
safetensors residency metrics: ram_bytes=67948118016 os_locked_bytes=0 cuda_pinned_bytes=67948118016 promotions=0 promoted_payload_bytes=0 expert_file_bytes=0 (cumulative; payload is not a physical PCIe counter)
safetensors ngram metrics: ple io: 384 rows, 0.0% row-cache hits, 384 SSD reads (1.6 MB), read p50 1432 us p99 4438 us, blocked 28.966 ms total (submit 0.234 ms), cache 384/1048576 rows, SSD kept awake by 2 reads (slowest 0.2 ms)
strata serve: expert tiers: GPU 328 hits this request; since the start RAM 11797 blobs, files 0 blobs 0.0 MB read
strata serve: prompt 25 tokens = 24 reused + 1 read in 0 ms (10706.6 tok/s), 1 generated in 31 ms (32.8 tok/s), drafts accepted 0 of 0, 1 checkpoints
strata serve: decode expert cache hit rate: 100.0% (250 hits / 250 lookups); 230 more read by the GPU over PCIe or from another GPU (47.9% of all 480 routed)
strata serve: resident RAM: 63.28 GiB of experts in RAM, 0 exchanged with the VRAM tier, 0 blob reads from the file
safetensors residency metrics: ram_bytes=67948118016 os_locked_bytes=0 cuda_pinned_bytes=67948118016 promotions=0 promoted_payload_bytes=0 expert_file_bytes=0 (cumulative; payload is not a physical PCIe counter)
safetensors ngram metrics: ple io: 400 rows, 0.0% row-cache hits, 400 SSD reads (1.7 MB), read p50 1359 us p99 4438 us, blocked 30.066 ms total (submit 0.249 ms), cache 400/1048576 rows, SSD kept awake by 2 reads (slowest 0.2 ms)
strata serve: expert tiers: GPU 250 hits this request; since the start RAM 12027 blobs, files 0 blobs 0.0 MB read
strata serve: prompt 26 tokens = 25 reused + 1 read in 0 ms (64102.6 tok/s), 1 generated in 30 ms (33.8 tok/s), drafts accepted 0 of 0, 1 checkpoints
strata serve: decode expert cache hit rate: 100.0% (243 hits / 243 lookups); 237 more read by the GPU over PCIe or from another GPU (49.4% of all 480 routed)
strata serve: resident RAM: 63.28 GiB of experts in RAM, 0 exchanged with the VRAM tier, 0 blob reads from the file
safetensors residency metrics: ram_bytes=67948118016 os_locked_bytes=0 cuda_pinned_bytes=67948118016 promotions=0 promoted_payload_bytes=0 expert_file_bytes=0 (cumulative; payload is not a physical PCIe counter)
safetensors ngram metrics: ple io: 416 rows, 1.9% row-cache hits, 408 SSD reads (1.8 MB), read p50 1317 us p99 4438 us, blocked 30.569 ms total (submit 0.258 ms), cache 408/1048576 rows, SSD kept awake by 2 reads (slowest 0.2 ms)
strata serve: expert tiers: GPU 243 hits this request; since the start RAM 12264 blobs, files 0 blobs 0.0 MB read
strata serve: prompt 27 tokens = 26 reused + 1 read in 0 ms (67567.6 tok/s), 1 generated in 28 ms (36.3 tok/s), drafts accepted 0 of 0, 1 checkpoints
strata serve: decode expert cache hit rate: 100.0% (265 hits / 265 lookups); 215 more read by the GPU over PCIe or from another GPU (44.8% of all 480 routed)
strata serve: resident RAM: 63.28 GiB of experts in RAM, 0 exchanged with the VRAM tier, 0 blob reads from the file
safetensors residency metrics: ram_bytes=67948118016 os_locked_bytes=0 cuda_pinned_bytes=67948118016 promotions=0 promoted_payload_bytes=0 expert_file_bytes=0 (cumulative; payload is not a physical PCIe counter)
safetensors ngram metrics: ple io: 432 rows, 5.6% row-cache hits, 408 SSD reads (1.8 MB), read p50 1317 us p99 4438 us, blocked 30.569 ms total (submit 0.258 ms), cache 408/1048576 rows, SSD kept awake by 2 reads (slowest 0.2 ms)
strata serve: expert tiers: GPU 265 hits this request; since the start RAM 12479 blobs, files 0 blobs 0.0 MB read
strata serve: prompt 28 tokens = 27 reused + 1 read in 0 ms (70922.0 tok/s), 1 generated in 25 ms (39.4 tok/s), drafts accepted 0 of 0, 1 checkpoints
strata serve: decode expert cache hit rate: 100.0% (303 hits / 303 lookups); 177 more read by the GPU over PCIe or from another GPU (36.9% of all 480 routed)
strata serve: resident RAM: 63.28 GiB of experts in RAM, 0 exchanged with the VRAM tier, 0 blob reads from the file
safetensors residency metrics: ram_bytes=67948118016 os_locked_bytes=0 cuda_pinned_bytes=67948118016 promotions=0 promoted_payload_bytes=0 expert_file_bytes=0 (cumulative; payload is not a physical PCIe counter)
safetensors ngram metrics: ple io: 448 rows, 8.9% row-cache hits, 408 SSD reads (1.8 MB), read p50 1317 us p99 4438 us, blocked 30.569 ms total (submit 0.258 ms), cache 408/1048576 rows, SSD kept awake by 3 reads (slowest 0.2 ms)
strata serve: expert tiers: GPU 303 hits this request; since the start RAM 12656 blobs, files 0 blobs 0.0 MB read
strata serve: prompt 29 tokens = 28 reused + 1 read in 0 ms (70422.5 tok/s), 1 generated in 25 ms (40.8 tok/s), drafts accepted 0 of 0, 1 checkpoints
strata serve: decode expert cache hit rate: 100.0% (335 hits / 335 lookups); 145 more read by the GPU over PCIe or from another GPU (30.2% of all 480 routed)
strata serve: resident RAM: 63.28 GiB of experts in RAM, 0 exchanged with the VRAM tier, 0 blob reads from the file
safetensors residency metrics: ram_bytes=67948118016 os_locked_bytes=0 cuda_pinned_bytes=67948118016 promotions=0 promoted_payload_bytes=0 expert_file_bytes=0 (cumulative; payload is not a physical PCIe counter)
safetensors ngram metrics: ple io: 464 rows, 8.6% row-cache hits, 424 SSD reads (1.8 MB), read p50 1282 us p99 4438 us, blocked 31.624 ms total (submit 0.283 ms), cache 424/1048576 rows, SSD kept awake by 3 reads (slowest 0.2 ms)
strata serve: expert tiers: GPU 335 hits this request; since the start RAM 12801 blobs, files 0 blobs 0.0 MB read
strata serve: prompt 30 tokens = 29 reused + 1 read in 0 ms (71428.6 tok/s), 1 generated in 27 ms (36.8 tok/s), drafts accepted 0 of 0, 1 checkpoints
strata serve: decode expert cache hit rate: 100.0% (280 hits / 280 lookups); 200 more read by the GPU over PCIe or from another GPU (41.7% of all 480 routed)
strata serve: resident RAM: 63.28 GiB of experts in RAM, 0 exchanged with the VRAM tier, 0 blob reads from the file
safetensors residency metrics: ram_bytes=67948118016 os_locked_bytes=0 cuda_pinned_bytes=67948118016 promotions=0 promoted_payload_bytes=0 expert_file_bytes=0 (cumulative; payload is not a physical PCIe counter)
safetensors ngram metrics: ple io: 480 rows, 8.3% row-cache hits, 440 SSD reads (1.9 MB), read p50 1234 us p99 4438 us, blocked 32.669 ms total (submit 0.298 ms), cache 440/1048576 rows, SSD kept awake by 3 reads (slowest 0.2 ms)
strata serve: expert tiers: GPU 280 hits this request; since the start RAM 13001 blobs, files 0 blobs 0.0 MB read
strata serve: prompt 31 tokens = 30 reused + 1 read in 0 ms (68027.2 tok/s), 1 generated in 28 ms (36.2 tok/s), drafts accepted 0 of 0, 1 checkpoints
strata serve: decode expert cache hit rate: 100.0% (276 hits / 276 lookups); 204 more read by the GPU over PCIe or from another GPU (42.5% of all 480 routed)
strata serve: resident RAM: 63.28 GiB of experts in RAM, 0 exchanged with the VRAM tier, 0 blob reads from the file
safetensors residency metrics: ram_bytes=67948118016 os_locked_bytes=0 cuda_pinned_bytes=67948118016 promotions=0 promoted_payload_bytes=0 expert_file_bytes=0 (cumulative; payload is not a physical PCIe counter)
safetensors ngram metrics: ple io: 496 rows, 8.1% row-cache hits, 456 SSD reads (2.0 MB), read p50 1193 us p99 4357 us, blocked 33.727 ms total (submit 0.311 ms), cache 456/1048576 rows, SSD kept awake by 3 reads (slowest 0.2 ms)
strata serve: expert tiers: GPU 276 hits this request; since the start RAM 13205 blobs, files 0 blobs 0.0 MB read
strata serve: prompt 32 tokens = 31 reused + 1 read in 0 ms (65789.5 tok/s), 1 generated in 25 ms (40.2 tok/s), drafts accepted 0 of 0, 1 checkpoints
strata serve: decode expert cache hit rate: 100.0% (322 hits / 322 lookups); 158 more read by the GPU over PCIe or from another GPU (32.9% of all 480 routed)
strata serve: resident RAM: 63.28 GiB of experts in RAM, 0 exchanged with the VRAM tier, 0 blob reads from the file
safetensors residency metrics: ram_bytes=67948118016 os_locked_bytes=0 cuda_pinned_bytes=67948118016 promotions=0 promoted_payload_bytes=0 expert_file_bytes=0 (cumulative; payload is not a physical PCIe counter)
safetensors ngram metrics: ple io: 512 rows, 7.8% row-cache hits, 472 SSD reads (2.0 MB), read p50 1165 us p99 4357 us, blocked 35.025 ms total (submit 0.334 ms), cache 472/1048576 rows, SSD kept awake by 3 reads (slowest 0.2 ms)
strata serve: expert tiers: GPU 322 hits this request; since the start RAM 13363 blobs, files 0 blobs 0.0 MB read
strata serve: prompt 33 tokens = 32 reused + 1 read in 0 ms (68965.5 tok/s), 1 generated in 28 ms (35.7 tok/s), drafts accepted 0 of 0, 1 checkpoints
strata serve: decode expert cache hit rate: 100.0% (275 hits / 275 lookups); 205 more read by the GPU over PCIe or from another GPU (42.7% of all 480 routed)
strata serve: resident RAM: 63.28 GiB of experts in RAM, 0 exchanged with the VRAM tier, 0 blob reads from the file
safetensors residency metrics: ram_bytes=67948118016 os_locked_bytes=0 cuda_pinned_bytes=67948118016 promotions=0 promoted_payload_bytes=0 expert_file_bytes=0 (cumulative; payload is not a physical PCIe counter)
safetensors ngram metrics: ple io: 528 rows, 7.6% row-cache hits, 488 SSD reads (2.1 MB), read p50 1150 us p99 4357 us, blocked 36.295 ms total (submit 0.351 ms), cache 488/1048576 rows, SSD kept awake by 3 reads (slowest 0.2 ms)
strata serve: expert tiers: GPU 275 hits this request; since the start RAM 13568 blobs, files 0 blobs 0.0 MB read
strata serve: prompt 34 tokens = 33 reused + 1 read in 0 ms (65789.5 tok/s), 1 generated in 29 ms (34.2 tok/s), drafts accepted 0 of 0, 1 checkpoints
strata serve: decode expert cache hit rate: 100.0% (254 hits / 254 lookups); 226 more read by the GPU over PCIe or from another GPU (47.1% of all 480 routed)
strata serve: resident RAM: 63.28 GiB of experts in RAM, 0 exchanged with the VRAM tier, 0 blob reads from the file
safetensors residency metrics: ram_bytes=67948118016 os_locked_bytes=0 cuda_pinned_bytes=67948118016 promotions=0 promoted_payload_bytes=0 expert_file_bytes=0 (cumulative; payload is not a physical PCIe counter)
safetensors ngram metrics: ple io: 544 rows, 7.4% row-cache hits, 504 SSD reads (2.2 MB), read p50 1138 us p99 4357 us, blocked 37.423 ms total (submit 0.365 ms), cache 504/1048576 rows, SSD kept awake by 3 reads (slowest 0.2 ms)
strata serve: expert tiers: GPU 254 hits this request; since the start RAM 13794 blobs, files 0 blobs 0.0 MB read
strata serve: prompt 35 tokens = 34 reused + 1 read in 0 ms (63291.1 tok/s), 1 generated in 30 ms (33.5 tok/s), drafts accepted 0 of 0, 1 checkpoints
strata serve: decode expert cache hit rate: 100.0% (250 hits / 250 lookups); 230 more read by the GPU over PCIe or from another GPU (47.9% of all 480 routed)
strata serve: resident RAM: 63.28 GiB of experts in RAM, 0 exchanged with the VRAM tier, 0 blob reads from the file
safetensors residency metrics: ram_bytes=67948118016 os_locked_bytes=0 cuda_pinned_bytes=67948118016 promotions=0 promoted_payload_bytes=0 expert_file_bytes=0 (cumulative; payload is not a physical PCIe counter)
safetensors ngram metrics: ple io: 560 rows, 7.1% row-cache hits, 520 SSD reads (2.2 MB), read p50 1109 us p99 4357 us, blocked 38.523 ms total (submit 0.383 ms), cache 520/1048576 rows, SSD kept awake by 3 reads (slowest 0.2 ms)
strata serve: expert tiers: GPU 250 hits this request; since the start RAM 14024 blobs, files 0 blobs 0.0 MB read
strata serve: prompt 36 tokens = 35 reused + 1 read in 0 ms (70422.5 tok/s), 1 generated in 27 ms (36.6 tok/s), drafts accepted 0 of 0, 1 checkpoints
strata serve: decode expert cache hit rate: 100.0% (275 hits / 275 lookups); 205 more read by the GPU over PCIe or from another GPU (42.7% of all 480 routed)
strata serve: resident RAM: 63.28 GiB of experts in RAM, 0 exchanged with the VRAM tier, 0 blob reads from the file
safetensors residency metrics: ram_bytes=67948118016 os_locked_bytes=0 cuda_pinned_bytes=67948118016 promotions=0 promoted_payload_bytes=0 expert_file_bytes=0 (cumulative; payload is not a physical PCIe counter)
safetensors ngram metrics: ple io: 576 rows, 6.9% row-cache hits, 536 SSD reads (2.3 MB), read p50 1097 us p99 4357 us, blocked 39.575 ms total (submit 0.398 ms), cache 536/1048576 rows, SSD kept awake by 3 reads (slowest 0.2 ms)
strata serve: expert tiers: GPU 275 hits this request; since the start RAM 14229 blobs, files 0 blobs 0.0 MB read
strata serve: prompt 37 tokens = 36 reused + 1 read in 0 ms (60975.6 tok/s), 1 generated in 24 ms (41.3 tok/s), drafts accepted 0 of 0, 1 checkpoints
strata serve: decode expert cache hit rate: 100.0% (333 hits / 333 lookups); 147 more read by the GPU over PCIe or from another GPU (30.6% of all 480 routed)
strata serve: resident RAM: 63.28 GiB of experts in RAM, 0 exchanged with the VRAM tier, 0 blob reads from the file
safetensors residency metrics: ram_bytes=67948118016 os_locked_bytes=0 cuda_pinned_bytes=67948118016 promotions=0 promoted_payload_bytes=0 expert_file_bytes=0 (cumulative; payload is not a physical PCIe counter)
safetensors ngram metrics: ple io: 592 rows, 6.8% row-cache hits, 552 SSD reads (2.4 MB), read p50 1081 us p99 4264 us, blocked 40.704 ms total (submit 0.413 ms), cache 552/1048576 rows, SSD kept awake by 3 reads (slowest 0.2 ms)
strata serve: expert tiers: GPU 333 hits this request; since the start RAM 14376 blobs, files 0 blobs 0.0 MB read
strata serve: prompt 38 tokens = 37 reused + 1 read in 0 ms (54945.1 tok/s), 1 generated in 20 ms (51.1 tok/s), drafts accepted 0 of 0, 1 checkpoints
strata serve: decode expert cache hit rate: 100.0% (382 hits / 382 lookups); 98 more read by the GPU over PCIe or from another GPU (20.4% of all 480 routed)
strata serve: resident RAM: 63.28 GiB of experts in RAM, 0 exchanged with the VRAM tier, 0 blob reads from the file
safetensors residency metrics: ram_bytes=67948118016 os_locked_bytes=0 cuda_pinned_bytes=67948118016 promotions=0 promoted_payload_bytes=0 expert_file_bytes=0 (cumulative; payload is not a physical PCIe counter)
safetensors ngram metrics: ple io: 608 rows, 6.6% row-cache hits, 568 SSD reads (2.4 MB), read p50 1064 us p99 4264 us, blocked 41.750 ms total (submit 0.428 ms), cache 568/1048576 rows, SSD kept awake by 3 reads (slowest 0.2 ms)
strata serve: expert tiers: GPU 382 hits this request; since the start RAM 14474 blobs, files 0 blobs 0.0 MB read
strata serve: prompt 39 tokens = 38 reused + 1 read in 0 ms (40485.8 tok/s), 1 generated in 23 ms (44.0 tok/s), drafts accepted 0 of 0, 1 checkpoints
strata serve: decode expert cache hit rate: 100.0% (352 hits / 352 lookups); 128 more read by the GPU over PCIe or from another GPU (26.7% of all 480 routed)
strata serve: resident RAM: 63.28 GiB of experts in RAM, 0 exchanged with the VRAM tier, 0 blob reads from the file
safetensors residency metrics: ram_bytes=67948118016 os_locked_bytes=0 cuda_pinned_bytes=67948118016 promotions=0 promoted_payload_bytes=0 expert_file_bytes=0 (cumulative; payload is not a physical PCIe counter)
safetensors ngram metrics: ple io: 624 rows, 6.4% row-cache hits, 584 SSD reads (2.5 MB), read p50 1043 us p99 4264 us, blocked 42.729 ms total (submit 0.442 ms), cache 584/1048576 rows, SSD kept awake by 3 reads (slowest 0.2 ms)
strata serve: expert tiers: GPU 352 hits this request; since the start RAM 14602 blobs, files 0 blobs 0.0 MB read
strata serve: prompt 40 tokens = 39 reused + 1 read in 0 ms (40000.0 tok/s), 1 generated in 23 ms (43.6 tok/s), drafts accepted 0 of 0, 1 checkpoints
strata serve: decode expert cache hit rate: 100.0% (345 hits / 345 lookups); 135 more read by the GPU over PCIe or from another GPU (28.1% of all 480 routed)
strata serve: resident RAM: 63.28 GiB of experts in RAM, 0 exchanged with the VRAM tier, 0 blob reads from the file
safetensors residency metrics: ram_bytes=67948118016 os_locked_bytes=0 cuda_pinned_bytes=67948118016 promotions=0 promoted_payload_bytes=0 expert_file_bytes=0 (cumulative; payload is not a physical PCIe counter)
safetensors ngram metrics: ple io: 640 rows, 6.2% row-cache hits, 600 SSD reads (2.6 MB), read p50 1032 us p99 4264 us, blocked 43.878 ms total (submit 0.453 ms), cache 600/1048576 rows, SSD kept awake by 3 reads (slowest 0.2 ms)
strata serve: expert tiers: GPU 345 hits this request; since the start RAM 14737 blobs, files 0 blobs 0.0 MB read
strata serve: prompt 41 tokens = 40 reused + 1 read in 0 ms (48309.2 tok/s), 1 generated in 25 ms (39.8 tok/s), drafts accepted 0 of 0, 1 checkpoints
strata serve: decode expert cache hit rate: 100.0% (315 hits / 315 lookups); 165 more read by the GPU over PCIe or from another GPU (34.4% of all 480 routed)
strata serve: resident RAM: 63.28 GiB of experts in RAM, 0 exchanged with the VRAM tier, 0 blob reads from the file
safetensors residency metrics: ram_bytes=67948118016 os_locked_bytes=0 cuda_pinned_bytes=67948118016 promotions=0 promoted_payload_bytes=0 expert_file_bytes=0 (cumulative; payload is not a physical PCIe counter)
safetensors ngram metrics: ple io: 656 rows, 6.1% row-cache hits, 616 SSD reads (2.6 MB), read p50 1025 us p99 4264 us, blocked 44.958 ms total (submit 0.470 ms), cache 616/1048576 rows, SSD kept awake by 3 reads (slowest 0.2 ms)
strata serve: expert tiers: GPU 315 hits this request; since the start RAM 14902 blobs, files 0 blobs 0.0 MB read
strata serve: prompt 42 tokens = 41 reused + 1 read in 0 ms (42194.1 tok/s), 1 generated in 28 ms (35.7 tok/s), drafts accepted 0 of 0, 1 checkpoints
strata serve: decode expert cache hit rate: 100.0% (270 hits / 270 lookups); 210 more read by the GPU over PCIe or from another GPU (43.8% of all 480 routed)
strata serve: resident RAM: 63.28 GiB of experts in RAM, 0 exchanged with the VRAM tier, 0 blob reads from the file
safetensors residency metrics: ram_bytes=67948118016 os_locked_bytes=0 cuda_pinned_bytes=67948118016 promotions=0 promoted_payload_bytes=0 expert_file_bytes=0 (cumulative; payload is not a physical PCIe counter)
safetensors ngram metrics: ple io: 672 rows, 6.0% row-cache hits, 632 SSD reads (2.7 MB), read p50 1013 us p99 4264 us, blocked 46.019 ms total (submit 0.482 ms), cache 632/1048576 rows, SSD kept awake by 3 reads (slowest 0.2 ms)
strata serve: expert tiers: GPU 270 hits this request; since the start RAM 15112 blobs, files 0 blobs 0.0 MB read
strata serve: prompt 43 tokens = 42 reused + 1 read in 0 ms (45871.6 tok/s), 1 generated in 28 ms (35.2 tok/s), drafts accepted 0 of 0, 1 checkpoints
strata serve: decode expert cache hit rate: 100.0% (262 hits / 262 lookups); 218 more read by the GPU over PCIe or from another GPU (45.4% of all 480 routed)
strata serve: resident RAM: 63.28 GiB of experts in RAM, 0 exchanged with the VRAM tier, 0 blob reads from the file
safetensors residency metrics: ram_bytes=67948118016 os_locked_bytes=0 cuda_pinned_bytes=67948118016 promotions=0 promoted_payload_bytes=0 expert_file_bytes=0 (cumulative; payload is not a physical PCIe counter)
safetensors ngram metrics: ple io: 688 rows, 5.8% row-cache hits, 648 SSD reads (2.8 MB), read p50 1005 us p99 4264 us, blocked 47.101 ms total (submit 0.496 ms), cache 648/1048576 rows, SSD kept awake by 3 reads (slowest 0.2 ms)
strata serve: expert tiers: GPU 262 hits this request; since the start RAM 15330 blobs, files 0 blobs 0.0 MB read
strata serve: prompt 44 tokens = 43 reused + 1 read in 0 ms (46948.4 tok/s), 1 generated in 25 ms (40.0 tok/s), drafts accepted 0 of 0, 1 checkpoints
strata serve: decode expert cache hit rate: 100.0% (319 hits / 319 lookups); 161 more read by the GPU over PCIe or from another GPU (33.5% of all 480 routed)
strata serve: resident RAM: 63.28 GiB of experts in RAM, 0 exchanged with the VRAM tier, 0 blob reads from the file
safetensors residency metrics: ram_bytes=67948118016 os_locked_bytes=0 cuda_pinned_bytes=67948118016 promotions=0 promoted_payload_bytes=0 expert_file_bytes=0 (cumulative; payload is not a physical PCIe counter)
safetensors ngram metrics: ple io: 704 rows, 5.7% row-cache hits, 664 SSD reads (2.8 MB), read p50 990 us p99 4258 us, blocked 48.178 ms total (submit 0.509 ms), cache 664/1048576 rows, SSD kept awake by 3 reads (slowest 0.2 ms)
strata serve: expert tiers: GPU 319 hits this request; since the start RAM 15491 blobs, files 0 blobs 0.0 MB read
strata serve: prompt 45 tokens = 44 reused + 1 read in 0 ms (53475.9 tok/s), 1 generated in 24 ms (42.4 tok/s), drafts accepted 0 of 0, 1 checkpoints
strata serve: decode expert cache hit rate: 100.0% (329 hits / 329 lookups); 151 more read by the GPU over PCIe or from another GPU (31.5% of all 480 routed)
strata serve: resident RAM: 63.28 GiB of experts in RAM, 0 exchanged with the VRAM tier, 0 blob reads from the file
safetensors residency metrics: ram_bytes=67948118016 os_locked_bytes=0 cuda_pinned_bytes=67948118016 promotions=0 promoted_payload_bytes=0 expert_file_bytes=0 (cumulative; payload is not a physical PCIe counter)
safetensors ngram metrics: ple io: 720 rows, 5.6% row-cache hits, 680 SSD reads (2.9 MB), read p50 982 us p99 4258 us, blocked 49.253 ms total (submit 0.520 ms), cache 680/1048576 rows, SSD kept awake by 3 reads (slowest 0.2 ms)
strata serve: expert tiers: GPU 329 hits this request; since the start RAM 15642 blobs, files 0 blobs 0.0 MB read
strata serve: prompt 46 tokens = 45 reused + 1 read in 0 ms (46948.4 tok/s), 1 generated in 24 ms (41.9 tok/s), drafts accepted 0 of 0, 1 checkpoints
strata serve: decode expert cache hit rate: 100.0% (335 hits / 335 lookups); 145 more read by the GPU over PCIe or from another GPU (30.2% of all 480 routed)
strata serve: resident RAM: 63.28 GiB of experts in RAM, 0 exchanged with the VRAM tier, 0 blob reads from the file
safetensors residency metrics: ram_bytes=67948118016 os_locked_bytes=0 cuda_pinned_bytes=67948118016 promotions=0 promoted_payload_bytes=0 expert_file_bytes=0 (cumulative; payload is not a physical PCIe counter)
safetensors ngram metrics: ple io: 736 rows, 5.4% row-cache hits, 696 SSD reads (3.0 MB), read p50 976 us p99 4258 us, blocked 50.532 ms total (submit 0.531 ms), cache 696/1048576 rows, SSD kept awake by 3 reads (slowest 0.2 ms)
strata serve: expert tiers: GPU 335 hits this request; since the start RAM 15787 blobs, files 0 blobs 0.0 MB read
strata serve: prompt 47 tokens = 46 reused + 1 read in 0 ms (51020.4 tok/s), 1 generated in 25 ms (39.4 tok/s), drafts accepted 0 of 0, 1 checkpoints
strata serve: decode expert cache hit rate: 100.0% (308 hits / 308 lookups); 172 more read by the GPU over PCIe or from another GPU (35.8% of all 480 routed)
strata serve: resident RAM: 63.28 GiB of experts in RAM, 0 exchanged with the VRAM tier, 0 blob reads from the file
safetensors residency metrics: ram_bytes=67948118016 os_locked_bytes=0 cuda_pinned_bytes=67948118016 promotions=0 promoted_payload_bytes=0 expert_file_bytes=0 (cumulative; payload is not a physical PCIe counter)
safetensors ngram metrics: ple io: 752 rows, 5.3% row-cache hits, 712 SSD reads (3.0 MB), read p50 970 us p99 4258 us, blocked 51.653 ms total (submit 0.541 ms), cache 712/1048576 rows, SSD kept awake by 3 reads (slowest 0.2 ms)
strata serve: expert tiers: GPU 308 hits this request; since the start RAM 15959 blobs, files 0 blobs 0.0 MB read
strata serve: prompt 48 tokens = 47 reused + 1 read in 0 ms (50000.0 tok/s), 1 generated in 24 ms (42.1 tok/s), drafts accepted 0 of 0, 1 checkpoints
strata serve: decode expert cache hit rate: 100.0% (339 hits / 339 lookups); 141 more read by the GPU over PCIe or from another GPU (29.4% of all 480 routed)
strata serve: resident RAM: 63.28 GiB of experts in RAM, 0 exchanged with the VRAM tier, 0 blob reads from the file
safetensors residency metrics: ram_bytes=67948118016 os_locked_bytes=0 cuda_pinned_bytes=67948118016 promotions=0 promoted_payload_bytes=0 expert_file_bytes=0 (cumulative; payload is not a physical PCIe counter)
safetensors ngram metrics: ple io: 768 rows, 5.2% row-cache hits, 728 SSD reads (3.1 MB), read p50 960 us p99 4258 us, blocked 52.765 ms total (submit 0.552 ms), cache 728/1048576 rows, SSD kept awake by 3 reads (slowest 0.2 ms)
strata serve: expert tiers: GPU 339 hits this request; since the start RAM 16100 blobs, files 0 blobs 0.0 MB read
strata serve: prompt 49 tokens = 48 reused + 1 read in 0 ms (52083.3 tok/s), 1 generated in 23 ms (44.0 tok/s), drafts accepted 0 of 0, 1 checkpoints
strata serve: decode expert cache hit rate: 100.0% (342 hits / 342 lookups); 138 more read by the GPU over PCIe or from another GPU (28.8% of all 480 routed)
strata serve: resident RAM: 63.28 GiB of experts in RAM, 0 exchanged with the VRAM tier, 0 blob reads from the file
safetensors residency metrics: ram_bytes=67948118016 os_locked_bytes=0 cuda_pinned_bytes=67948118016 promotions=0 promoted_payload_bytes=0 expert_file_bytes=0 (cumulative; payload is not a physical PCIe counter)
safetensors ngram metrics: ple io: 784 rows, 5.1% row-cache hits, 744 SSD reads (3.2 MB), read p50 958 us p99 4258 us, blocked 53.862 ms total (submit 0.575 ms), cache 744/1048576 rows, SSD kept awake by 3 reads (slowest 0.2 ms)
strata serve: expert tiers: GPU 342 hits this request; since the start RAM 16238 blobs, files 0 blobs 0.0 MB read
strata serve: prompt 50 tokens = 49 reused + 1 read in 0 ms (49505.0 tok/s), 1 generated in 26 ms (38.5 tok/s), drafts accepted 0 of 0, 1 checkpoints
strata serve: decode expert cache hit rate: 100.0% (311 hits / 311 lookups); 169 more read by the GPU over PCIe or from another GPU (35.2% of all 480 routed)
strata serve: resident RAM: 63.28 GiB of experts in RAM, 0 exchanged with the VRAM tier, 0 blob reads from the file
safetensors residency metrics: ram_bytes=67948118016 os_locked_bytes=0 cuda_pinned_bytes=67948118016 promotions=0 promoted_payload_bytes=0 expert_file_bytes=0 (cumulative; payload is not a physical PCIe counter)
safetensors ngram metrics: ple io: 800 rows, 5.0% row-cache hits, 760 SSD reads (3.2 MB), read p50 957 us p99 4198 us, blocked 55.079 ms total (submit 0.587 ms), cache 760/1048576 rows, SSD kept awake by 3 reads (slowest 0.2 ms)
strata serve: expert tiers: GPU 311 hits this request; since the start RAM 16407 blobs, files 0 blobs 0.0 MB read
strata serve: prompt 51 tokens = 50 reused + 1 read in 0 ms (46082.9 tok/s), 1 generated in 26 ms (37.9 tok/s), drafts accepted 0 of 0, 1 checkpoints
strata serve: decode expert cache hit rate: 100.0% (294 hits / 294 lookups); 186 more read by the GPU over PCIe or from another GPU (38.8% of all 480 routed)
strata serve: resident RAM: 63.28 GiB of experts in RAM, 0 exchanged with the VRAM tier, 0 blob reads from the file
safetensors residency metrics: ram_bytes=67948118016 os_locked_bytes=0 cuda_pinned_bytes=67948118016 promotions=0 promoted_payload_bytes=0 expert_file_bytes=0 (cumulative; payload is not a physical PCIe counter)
safetensors ngram metrics: ple io: 816 rows, 4.9% row-cache hits, 776 SSD reads (3.3 MB), read p50 957 us p99 4198 us, blocked 56.277 ms total (submit 0.603 ms), cache 776/1048576 rows, SSD kept awake by 3 reads (slowest 0.2 ms)
strata serve: expert tiers: GPU 294 hits this request; since the start RAM 16593 blobs, files 0 blobs 0.0 MB read
strata serve: prompt 52 tokens = 51 reused + 1 read in 0 ms (57803.5 tok/s), 1 generated in 30 ms (33.7 tok/s), drafts accepted 0 of 0, 1 checkpoints
strata serve: decode expert cache hit rate: 100.0% (242 hits / 242 lookups); 238 more read by the GPU over PCIe or from another GPU (49.6% of all 480 routed)
strata serve: resident RAM: 63.28 GiB of experts in RAM, 0 exchanged with the VRAM tier, 0 blob reads from the file
safetensors residency metrics: ram_bytes=67948118016 os_locked_bytes=0 cuda_pinned_bytes=67948118016 promotions=0 promoted_payload_bytes=0 expert_file_bytes=0 (cumulative; payload is not a physical PCIe counter)
safetensors ngram metrics: ple io: 832 rows, 4.8% row-cache hits, 792 SSD reads (3.4 MB), read p50 957 us p99 4198 us, blocked 57.347 ms total (submit 0.627 ms), cache 792/1048576 rows, SSD kept awake by 3 reads (slowest 0.2 ms)
strata serve: expert tiers: GPU 242 hits this request; since the start RAM 16831 blobs, files 0 blobs 0.0 MB read
strata serve: prompt 53 tokens = 52 reused + 1 read in 0 ms (28490.0 tok/s), 1 generated in 23 ms (43.1 tok/s), drafts accepted 0 of 0, 1 checkpoints
strata serve: decode expert cache hit rate: 100.0% (328 hits / 328 lookups); 152 more read by the GPU over PCIe or from another GPU (31.7% of all 480 routed)
strata serve: resident RAM: 63.28 GiB of experts in RAM, 0 exchanged with the VRAM tier, 0 blob reads from the file
safetensors residency metrics: ram_bytes=67948118016 os_locked_bytes=0 cuda_pinned_bytes=67948118016 promotions=0 promoted_payload_bytes=0 expert_file_bytes=0 (cumulative; payload is not a physical PCIe counter)
safetensors ngram metrics: ple io: 848 rows, 4.7% row-cache hits, 808 SSD reads (3.4 MB), read p50 948 us p99 4198 us, blocked 58.358 ms total (submit 0.656 ms), cache 808/1048576 rows, SSD kept awake by 3 reads (slowest 0.2 ms)
strata serve: expert tiers: GPU 328 hits this request; since the start RAM 16983 blobs, files 0 blobs 0.0 MB read
strata serve: prompt 54 tokens = 53 reused + 1 read in 0 ms (46948.4 tok/s), 1 generated in 21 ms (46.5 tok/s), drafts accepted 0 of 0, 1 checkpoints
strata serve: decode expert cache hit rate: 100.0% (371 hits / 371 lookups); 109 more read by the GPU over PCIe or from another GPU (22.7% of all 480 routed)
strata serve: resident RAM: 63.28 GiB of experts in RAM, 0 exchanged with the VRAM tier, 0 blob reads from the file
safetensors residency metrics: ram_bytes=67948118016 os_locked_bytes=0 cuda_pinned_bytes=67948118016 promotions=0 promoted_payload_bytes=0 expert_file_bytes=0 (cumulative; payload is not a physical PCIe counter)
safetensors ngram metrics: ple io: 864 rows, 4.6% row-cache hits, 824 SSD reads (3.5 MB), read p50 941 us p99 4198 us, blocked 59.420 ms total (submit 0.667 ms), cache 824/1048576 rows, SSD kept awake by 3 reads (slowest 0.2 ms)
strata serve: expert tiers: GPU 371 hits this request; since the start RAM 17092 blobs, files 0 blobs 0.0 MB read
strata serve: prompt 55 tokens = 54 reused + 1 read in 0 ms (46082.9 tok/s), 1 generated in 23 ms (43.3 tok/s), drafts accepted 0 of 0, 1 checkpoints
strata serve: decode expert cache hit rate: 100.0% (350 hits / 350 lookups); 130 more read by the GPU over PCIe or from another GPU (27.1% of all 480 routed)
strata serve: resident RAM: 63.28 GiB of experts in RAM, 0 exchanged with the VRAM tier, 0 blob reads from the file
safetensors residency metrics: ram_bytes=67948118016 os_locked_bytes=0 cuda_pinned_bytes=67948118016 promotions=0 promoted_payload_bytes=0 expert_file_bytes=0 (cumulative; payload is not a physical PCIe counter)
safetensors ngram metrics: ple io: 880 rows, 4.5% row-cache hits, 840 SSD reads (3.6 MB), read p50 940 us p99 4198 us, blocked 60.599 ms total (submit 0.682 ms), cache 840/1048576 rows, SSD kept awake by 3 reads (slowest 0.2 ms)
strata serve: expert tiers: GPU 350 hits this request; since the start RAM 17222 blobs, files 0 blobs 0.0 MB read
strata serve: prompt 56 tokens = 55 reused + 1 read in 0 ms (21739.1 tok/s), 1 generated in 26 ms (39.0 tok/s), drafts accepted 0 of 0, 1 checkpoints
strata serve: decode expert cache hit rate: 100.0% (305 hits / 305 lookups); 175 more read by the GPU over PCIe or from another GPU (36.5% of all 480 routed)
strata serve: resident RAM: 63.28 GiB of experts in RAM, 0 exchanged with the VRAM tier, 0 blob reads from the file
safetensors residency metrics: ram_bytes=67948118016 os_locked_bytes=0 cuda_pinned_bytes=67948118016 promotions=0 promoted_payload_bytes=0 expert_file_bytes=0 (cumulative; payload is not a physical PCIe counter)
safetensors ngram metrics: ple io: 896 rows, 4.5% row-cache hits, 856 SSD reads (3.6 MB), read p50 936 us p99 4190 us, blocked 61.627 ms total (submit 0.693 ms), cache 856/1048576 rows, SSD kept awake by 3 reads (slowest 0.2 ms)
strata serve: expert tiers: GPU 305 hits this request; since the start RAM 17397 blobs, files 0 blobs 0.0 MB read
strata serve: prompt 57 tokens = 56 reused + 1 read in 0 ms (51813.5 tok/s), 1 generated in 24 ms (41.7 tok/s), drafts accepted 0 of 0, 1 checkpoints
strata serve: decode expert cache hit rate: 100.0% (339 hits / 339 lookups); 141 more read by the GPU over PCIe or from another GPU (29.4% of all 480 routed)
strata serve: resident RAM: 63.28 GiB of experts in RAM, 0 exchanged with the VRAM tier, 0 blob reads from the file
safetensors residency metrics: ram_bytes=67948118016 os_locked_bytes=0 cuda_pinned_bytes=67948118016 promotions=0 promoted_payload_bytes=0 expert_file_bytes=0 (cumulative; payload is not a physical PCIe counter)
safetensors ngram metrics: ple io: 912 rows, 4.4% row-cache hits, 872 SSD reads (3.7 MB), read p50 934 us p99 4190 us, blocked 62.785 ms total (submit 0.703 ms), cache 872/1048576 rows, SSD kept awake by 3 reads (slowest 0.2 ms)
strata serve: expert tiers: GPU 339 hits this request; since the start RAM 17538 blobs, files 0 blobs 0.0 MB read
strata serve: prompt 58 tokens = 57 reused + 1 read in 0 ms (57142.9 tok/s), 1 generated in 27 ms (37.6 tok/s), drafts accepted 0 of 0, 1 checkpoints
strata serve: decode expert cache hit rate: 100.0% (289 hits / 289 lookups); 191 more read by the GPU over PCIe or from another GPU (39.8% of all 480 routed)
strata serve: resident RAM: 63.28 GiB of experts in RAM, 0 exchanged with the VRAM tier, 0 blob reads from the file
safetensors residency metrics: ram_bytes=67948118016 os_locked_bytes=0 cuda_pinned_bytes=67948118016 promotions=0 promoted_payload_bytes=0 expert_file_bytes=0 (cumulative; payload is not a physical PCIe counter)
safetensors ngram metrics: ple io: 928 rows, 4.3% row-cache hits, 888 SSD reads (3.8 MB), read p50 924 us p99 4190 us, blocked 63.822 ms total (submit 0.714 ms), cache 888/1048576 rows, SSD kept awake by 3 reads (slowest 0.2 ms)
strata serve: expert tiers: GPU 289 hits this request; since the start RAM 17729 blobs, files 0 blobs 0.0 MB read
strata serve: prompt 59 tokens = 58 reused + 1 read in 0 ms (65359.5 tok/s), 1 generated in 23 ms (43.5 tok/s), drafts accepted 0 of 0, 1 checkpoints
strata serve: decode expert cache hit rate: 100.0% (351 hits / 351 lookups); 129 more read by the GPU over PCIe or from another GPU (26.9% of all 480 routed)
strata serve: resident RAM: 63.28 GiB of experts in RAM, 0 exchanged with the VRAM tier, 0 blob reads from the file
safetensors residency metrics: ram_bytes=67948118016 os_locked_bytes=0 cuda_pinned_bytes=67948118016 promotions=0 promoted_payload_bytes=0 expert_file_bytes=0 (cumulative; payload is not a physical PCIe counter)
safetensors ngram metrics: ple io: 944 rows, 4.2% row-cache hits, 904 SSD reads (3.8 MB), read p50 924 us p99 4190 us, blocked 65.082 ms total (submit 0.725 ms), cache 904/1048576 rows, SSD kept awake by 3 reads (slowest 0.2 ms)
strata serve: expert tiers: GPU 351 hits this request; since the start RAM 17858 blobs, files 0 blobs 0.0 MB read
strata serve: prompt 60 tokens = 59 reused + 1 read in 0 ms (62111.8 tok/s), 1 generated in 24 ms (42.5 tok/s), drafts accepted 0 of 0, 1 checkpoints
strata serve: decode expert cache hit rate: 100.0% (330 hits / 330 lookups); 150 more read by the GPU over PCIe or from another GPU (31.2% of all 480 routed)
strata serve: resident RAM: 63.28 GiB of experts in RAM, 0 exchanged with the VRAM tier, 0 blob reads from the file
safetensors residency metrics: ram_bytes=67948118016 os_locked_bytes=0 cuda_pinned_bytes=67948118016 promotions=0 promoted_payload_bytes=0 expert_file_bytes=0 (cumulative; payload is not a physical PCIe counter)
safetensors ngram metrics: ple io: 960 rows, 4.2% row-cache hits, 920 SSD reads (3.9 MB), read p50 917 us p99 4190 us, blocked 66.176 ms total (submit 0.759 ms), cache 920/1048576 rows, SSD kept awake by 3 reads (slowest 0.2 ms)
strata serve: expert tiers: GPU 330 hits this request; since the start RAM 18008 blobs, files 0 blobs 0.0 MB read
strata serve: prompt 61 tokens = 60 reused + 1 read in 0 ms (70922.0 tok/s), 1 generated in 27 ms (37.4 tok/s), drafts accepted 0 of 0, 1 checkpoints
strata serve: decode expert cache hit rate: 100.0% (286 hits / 286 lookups); 194 more read by the GPU over PCIe or from another GPU (40.4% of all 480 routed)
strata serve: resident RAM: 63.28 GiB of experts in RAM, 0 exchanged with the VRAM tier, 0 blob reads from the file
safetensors residency metrics: ram_bytes=67948118016 os_locked_bytes=0 cuda_pinned_bytes=67948118016 promotions=0 promoted_payload_bytes=0 expert_file_bytes=0 (cumulative; payload is not a physical PCIe counter)
safetensors ngram metrics: ple io: 976 rows, 4.1% row-cache hits, 936 SSD reads (4.0 MB), read p50 914 us p99 4190 us, blocked 67.195 ms total (submit 0.776 ms), cache 936/1048576 rows, SSD kept awake by 3 reads (slowest 0.2 ms)
strata serve: expert tiers: GPU 286 hits this request; since the start RAM 18202 blobs, files 0 blobs 0.0 MB read
strata serve: prompt 62 tokens = 61 reused + 1 read in 0 ms (50505.1 tok/s), 1 generated in 30 ms (32.9 tok/s), drafts accepted 0 of 0, 1 checkpoints
strata serve: decode expert cache hit rate: 100.0% (241 hits / 241 lookups); 239 more read by the GPU over PCIe or from another GPU (49.8% of all 480 routed)
strata serve: resident RAM: 63.28 GiB of experts in RAM, 0 exchanged with the VRAM tier, 0 blob reads from the file
safetensors residency metrics: ram_bytes=67948118016 os_locked_bytes=0 cuda_pinned_bytes=67948118016 promotions=0 promoted_payload_bytes=0 expert_file_bytes=0 (cumulative; payload is not a physical PCIe counter)
safetensors ngram metrics: ple io: 992 rows, 4.0% row-cache hits, 952 SSD reads (4.0 MB), read p50 912 us p99 4123 us, blocked 68.428 ms total (submit 0.788 ms), cache 952/1048576 rows, SSD kept awake by 3 reads (slowest 0.2 ms)
strata serve: expert tiers: GPU 241 hits this request; since the start RAM 18441 blobs, files 0 blobs 0.0 MB read
strata serve: prompt 63 tokens = 62 reused + 1 read in 0 ms (74626.9 tok/s), 1 generated in 28 ms (35.5 tok/s), drafts accepted 0 of 0, 1 checkpoints
strata serve: decode expert cache hit rate: 100.0% (274 hits / 274 lookups); 206 more read by the GPU over PCIe or from another GPU (42.9% of all 480 routed)
strata serve: resident RAM: 63.28 GiB of experts in RAM, 0 exchanged with the VRAM tier, 0 blob reads from the file
safetensors residency metrics: ram_bytes=67948118016 os_locked_bytes=0 cuda_pinned_bytes=67948118016 promotions=0 promoted_payload_bytes=0 expert_file_bytes=0 (cumulative; payload is not a physical PCIe counter)
safetensors ngram metrics: ple io: 1008 rows, 4.0% row-cache hits, 968 SSD reads (4.1 MB), read p50 901 us p99 4123 us, blocked 69.532 ms total (submit 0.799 ms), cache 968/1048576 rows, SSD kept awake by 3 reads (slowest 0.2 ms)
strata serve: expert tiers: GPU 274 hits this request; since the start RAM 18647 blobs, files 0 blobs 0.0 MB read
strata serve: prompt 64 tokens = 63 reused + 1 read in 0 ms (80000.0 tok/s), 1 generated in 27 ms (37.4 tok/s), drafts accepted 0 of 0, 1 checkpoints
strata serve: decode expert cache hit rate: 100.0% (286 hits / 286 lookups); 194 more read by the GPU over PCIe or from another GPU (40.4% of all 480 routed)
strata serve: resident RAM: 63.28 GiB of experts in RAM, 0 exchanged with the VRAM tier, 0 blob reads from the file
safetensors residency metrics: ram_bytes=67948118016 os_locked_bytes=0 cuda_pinned_bytes=67948118016 promotions=0 promoted_payload_bytes=0 expert_file_bytes=0 (cumulative; payload is not a physical PCIe counter)
safetensors ngram metrics: ple io: 1024 rows, 3.9% row-cache hits, 984 SSD reads (4.2 MB), read p50 898 us p99 4123 us, blocked 70.699 ms total (submit 0.810 ms), cache 984/1048576 rows, SSD kept awake by 3 reads (slowest 0.2 ms)
strata serve: expert tiers: GPU 286 hits this request; since the start RAM 18841 blobs, files 0 blobs 0.0 MB read
strata serve: prompt 65 tokens = 64 reused + 1 read in 0 ms (71942.4 tok/s), 1 generated in 20 ms (50.0 tok/s), drafts accepted 0 of 0, 1 checkpoints
strata serve: decode expert cache hit rate: 100.0% (382 hits / 382 lookups); 98 more read by the GPU over PCIe or from another GPU (20.4% of all 480 routed)
strata serve: resident RAM: 63.28 GiB of experts in RAM, 0 exchanged with the VRAM tier, 0 blob reads from the file
safetensors residency metrics: ram_bytes=67948118016 os_locked_bytes=0 cuda_pinned_bytes=67948118016 promotions=0 promoted_payload_bytes=0 expert_file_bytes=0 (cumulative; payload is not a physical PCIe counter)
safetensors ngram metrics: ple io: 1040 rows, 3.8% row-cache hits, 1000 SSD reads (4.3 MB), read p50 896 us p99 4123 us, blocked 71.796 ms total (submit 0.824 ms), cache 1000/1048576 rows, SSD kept awake by 3 reads (slowest 0.2 ms)
strata serve: expert tiers: GPU 382 hits this request; since the start RAM 18939 blobs, files 0 blobs 0.0 MB read
strata serve: prompt 66 tokens = 65 reused + 1 read in 0 ms (69930.1 tok/s), 1 generated in 25 ms (39.6 tok/s), drafts accepted 0 of 0, 1 checkpoints
strata serve: decode expert cache hit rate: 100.0% (313 hits / 313 lookups); 167 more read by the GPU over PCIe or from another GPU (34.8% of all 480 routed)
strata serve: resident RAM: 63.28 GiB of experts in RAM, 0 exchanged with the VRAM tier, 0 blob reads from the file
safetensors residency metrics: ram_bytes=67948118016 os_locked_bytes=0 cuda_pinned_bytes=67948118016 promotions=0 promoted_payload_bytes=0 expert_file_bytes=0 (cumulative; payload is not a physical PCIe counter)
safetensors ngram metrics: ple io: 1056 rows, 3.8% row-cache hits, 1016 SSD reads (4.3 MB), read p50 895 us p99 4123 us, blocked 72.903 ms total (submit 0.849 ms), cache 1016/1048576 rows, SSD kept awake by 3 reads (slowest 0.2 ms)
strata serve: expert tiers: GPU 313 hits this request; since the start RAM 19106 blobs, files 0 blobs 0.0 MB read
strata serve: prompt 67 tokens = 66 reused + 1 read in 0 ms (62893.1 tok/s), 1 generated in 23 ms (44.4 tok/s), drafts accepted 0 of 0, 1 checkpoints
strata serve: decode expert cache hit rate: 100.0% (344 hits / 344 lookups); 136 more read by the GPU over PCIe or from another GPU (28.3% of all 480 routed)
strata serve: resident RAM: 63.28 GiB of experts in RAM, 0 exchanged with the VRAM tier, 0 blob reads from the file
safetensors residency metrics: ram_bytes=67948118016 os_locked_bytes=0 cuda_pinned_bytes=67948118016 promotions=0 promoted_payload_bytes=0 expert_file_bytes=0 (cumulative; payload is not a physical PCIe counter)
safetensors ngram metrics: ple io: 1072 rows, 3.7% row-cache hits, 1032 SSD reads (4.4 MB), read p50 894 us p99 4123 us, blocked 73.996 ms total (submit 0.867 ms), cache 1032/1048576 rows, SSD kept awake by 3 reads (slowest 0.2 ms)
strata serve: expert tiers: GPU 344 hits this request; since the start RAM 19242 blobs, files 0 blobs 0.0 MB read
strata serve: prompt 68 tokens = 67 reused + 1 read in 0 ms (62500.0 tok/s), 1 generated in 25 ms (40.5 tok/s), drafts accepted 0 of 0, 1 checkpoints
strata serve: decode expert cache hit rate: 100.0% (318 hits / 318 lookups); 162 more read by the GPU over PCIe or from another GPU (33.8% of all 480 routed)
strata serve: resident RAM: 63.28 GiB of experts in RAM, 0 exchanged with the VRAM tier, 0 blob reads from the file
safetensors residency metrics: ram_bytes=67948118016 os_locked_bytes=0 cuda_pinned_bytes=67948118016 promotions=0 promoted_payload_bytes=0 expert_file_bytes=0 (cumulative; payload is not a physical PCIe counter)
safetensors ngram metrics: ple io: 1088 rows, 3.7% row-cache hits, 1048 SSD reads (4.5 MB), read p50 893 us p99 4123 us, blocked 75.198 ms total (submit 0.883 ms), cache 1048/1048576 rows, SSD kept awake by 3 reads (slowest 0.2 ms)
strata serve: expert tiers: GPU 318 hits this request; since the start RAM 19404 blobs, files 0 blobs 0.0 MB read
strata serve: prompt 69 tokens = 68 reused + 1 read in 0 ms (62111.8 tok/s), 1 generated in 25 ms (39.4 tok/s), drafts accepted 0 of 0, 1 checkpoints
strata serve: decode expert cache hit rate: 100.0% (305 hits / 305 lookups); 175 more read by the GPU over PCIe or from another GPU (36.5% of all 480 routed)
strata serve: resident RAM: 63.28 GiB of experts in RAM, 0 exchanged with the VRAM tier, 0 blob reads from the file
safetensors residency metrics: ram_bytes=67948118016 os_locked_bytes=0 cuda_pinned_bytes=67948118016 promotions=0 promoted_payload_bytes=0 expert_file_bytes=0 (cumulative; payload is not a physical PCIe counter)
safetensors ngram metrics: ple io: 1104 rows, 3.6% row-cache hits, 1064 SSD reads (4.5 MB), read p50 891 us p99 4116 us, blocked 76.350 ms total (submit 0.894 ms), cache 1064/1048576 rows, SSD kept awake by 3 reads (slowest 0.2 ms)
strata serve: expert tiers: GPU 305 hits this request; since the start RAM 19579 blobs, files 0 blobs 0.0 MB read
strata serve: prompt 70 tokens = 69 reused + 1 read in 0 ms (73529.4 tok/s), 1 generated in 25 ms (39.4 tok/s), drafts accepted 0 of 0, 1 checkpoints
strata serve: decode expert cache hit rate: 100.0% (302 hits / 302 lookups); 178 more read by the GPU over PCIe or from another GPU (37.1% of all 480 routed)
strata serve: resident RAM: 63.28 GiB of experts in RAM, 0 exchanged with the VRAM tier, 0 blob reads from the file
safetensors residency metrics: ram_bytes=67948118016 os_locked_bytes=0 cuda_pinned_bytes=67948118016 promotions=0 promoted_payload_bytes=0 expert_file_bytes=0 (cumulative; payload is not a physical PCIe counter)
safetensors ngram metrics: ple io: 1120 rows, 3.6% row-cache hits, 1080 SSD reads (4.6 MB), read p50 890 us p99 4116 us, blocked 77.516 ms total (submit 0.911 ms), cache 1080/1048576 rows, SSD kept awake by 3 reads (slowest 0.2 ms)
strata serve: expert tiers: GPU 302 hits this request; since the start RAM 19757 blobs, files 0 blobs 0.0 MB read
strata serve: prompt 71 tokens = 70 reused + 1 read in 0 ms (69444.4 tok/s), 1 generated in 25 ms (40.4 tok/s), drafts accepted 0 of 0, 1 checkpoints
strata serve: decode expert cache hit rate: 100.0% (314 hits / 314 lookups); 166 more read by the GPU over PCIe or from another GPU (34.6% of all 480 routed)
strata serve: resident RAM: 63.28 GiB of experts in RAM, 0 exchanged with the VRAM tier, 0 blob reads from the file
safetensors residency metrics: ram_bytes=67948118016 os_locked_bytes=0 cuda_pinned_bytes=67948118016 promotions=0 promoted_payload_bytes=0 expert_file_bytes=0 (cumulative; payload is not a physical PCIe counter)
safetensors ngram metrics: ple io: 1136 rows, 3.5% row-cache hits, 1096 SSD reads (4.7 MB), read p50 890 us p99 4116 us, blocked 78.805 ms total (submit 0.925 ms), cache 1096/1048576 rows, SSD kept awake by 3 reads (slowest 0.2 ms)
strata serve: expert tiers: GPU 314 hits this request; since the start RAM 19923 blobs, files 0 blobs 0.0 MB read
strata serve: prompt 72 tokens = 71 reused + 1 read in 0 ms (67567.6 tok/s), 1 generated in 25 ms (39.4 tok/s), drafts accepted 0 of 0, 1 checkpoints
strata serve: decode expert cache hit rate: 100.0% (311 hits / 311 lookups); 169 more read by the GPU over PCIe or from another GPU (35.2% of all 480 routed)
strata serve: resident RAM: 63.28 GiB of experts in RAM, 0 exchanged with the VRAM tier, 0 blob reads from the file
safetensors residency metrics: ram_bytes=67948118016 os_locked_bytes=0 cuda_pinned_bytes=67948118016 promotions=0 promoted_payload_bytes=0 expert_file_bytes=0 (cumulative; payload is not a physical PCIe counter)
safetensors ngram metrics: ple io: 1152 rows, 3.5% row-cache hits, 1112 SSD reads (4.8 MB), read p50 888 us p99 4116 us, blocked 79.944 ms total (submit 0.943 ms), cache 1112/1048576 rows, SSD kept awake by 3 reads (slowest 0.2 ms)
strata serve: expert tiers: GPU 311 hits this request; since the start RAM 20092 blobs, files 0 blobs 0.0 MB read
strata serve: prompt 73 tokens = 72 reused + 1 read in 0 ms (74074.1 tok/s), 1 generated in 24 ms (41.6 tok/s), drafts accepted 0 of 0, 1 checkpoints
strata serve: decode expert cache hit rate: 100.0% (312 hits / 312 lookups); 168 more read by the GPU over PCIe or from another GPU (35.0% of all 480 routed)
strata serve: resident RAM: 63.28 GiB of experts in RAM, 0 exchanged with the VRAM tier, 0 blob reads from the file
safetensors residency metrics: ram_bytes=67948118016 os_locked_bytes=0 cuda_pinned_bytes=67948118016 promotions=0 promoted_payload_bytes=0 expert_file_bytes=0 (cumulative; payload is not a physical PCIe counter)
safetensors ngram metrics: ple io: 1168 rows, 3.4% row-cache hits, 1128 SSD reads (4.8 MB), read p50 884 us p99 4116 us, blocked 80.988 ms total (submit 0.958 ms), cache 1128/1048576 rows, SSD kept awake by 3 reads (slowest 0.2 ms)
strata serve: expert tiers: GPU 312 hits this request; since the start RAM 20260 blobs, files 0 blobs 0.0 MB read
strata serve: prompt 74 tokens = 73 reused + 1 read in 0 ms (71942.4 tok/s), 1 generated in 30 ms (32.9 tok/s), drafts accepted 0 of 0, 1 checkpoints
strata serve: decode expert cache hit rate: 100.0% (234 hits / 234 lookups); 246 more read by the GPU over PCIe or from another GPU (51.2% of all 480 routed)
strata serve: resident RAM: 63.28 GiB of experts in RAM, 0 exchanged with the VRAM tier, 0 blob reads from the file
safetensors residency metrics: ram_bytes=67948118016 os_locked_bytes=0 cuda_pinned_bytes=67948118016 promotions=0 promoted_payload_bytes=0 expert_file_bytes=0 (cumulative; payload is not a physical PCIe counter)
safetensors ngram metrics: ple io: 1184 rows, 3.4% row-cache hits, 1144 SSD reads (4.9 MB), read p50 883 us p99 4116 us, blocked 82.037 ms total (submit 0.969 ms), cache 1144/1048576 rows, SSD kept awake by 3 reads (slowest 0.2 ms)
strata serve: expert tiers: GPU 234 hits this request; since the start RAM 20506 blobs, files 0 blobs 0.0 MB read
strata serve: prompt 75 tokens = 74 reused + 1 read in 0 ms (72463.8 tok/s), 1 generated in 30 ms (33.2 tok/s), drafts accepted 0 of 0, 1 checkpoints
strata serve: decode expert cache hit rate: 100.0% (255 hits / 255 lookups); 225 more read by the GPU over PCIe or from another GPU (46.9% of all 480 routed)
strata serve: resident RAM: 63.28 GiB of experts in RAM, 0 exchanged with the VRAM tier, 0 blob reads from the file
safetensors residency metrics: ram_bytes=67948118016 os_locked_bytes=0 cuda_pinned_bytes=67948118016 promotions=0 promoted_payload_bytes=0 expert_file_bytes=0 (cumulative; payload is not a physical PCIe counter)
safetensors ngram metrics: ple io: 1200 rows, 3.3% row-cache hits, 1160 SSD reads (5.0 MB), read p50 890 us p99 4052 us, blocked 83.813 ms total (submit 0.988 ms), cache 1160/1048576 rows, SSD kept awake by 3 reads (slowest 0.2 ms)
strata serve: expert tiers: GPU 255 hits this request; since the start RAM 20731 blobs, files 0 blobs 0.0 MB read
strata serve: prompt 76 tokens = 75 reused + 1 read in 0 ms (67114.1 tok/s), 1 generated in 27 ms (37.1 tok/s), drafts accepted 0 of 0, 1 checkpoints
strata serve: decode expert cache hit rate: 100.0% (286 hits / 286 lookups); 194 more read by the GPU over PCIe or from another GPU (40.4% of all 480 routed)
strata serve: resident RAM: 63.28 GiB of experts in RAM, 0 exchanged with the VRAM tier, 0 blob reads from the file
safetensors residency metrics: ram_bytes=67948118016 os_locked_bytes=0 cuda_pinned_bytes=67948118016 promotions=0 promoted_payload_bytes=0 expert_file_bytes=0 (cumulative; payload is not a physical PCIe counter)
safetensors ngram metrics: ple io: 1216 rows, 3.3% row-cache hits, 1176 SSD reads (5.0 MB), read p50 888 us p99 4052 us, blocked 84.854 ms total (submit 1.000 ms), cache 1176/1048576 rows, SSD kept awake by 3 reads (slowest 0.2 ms)
strata serve: expert tiers: GPU 286 hits this request; since the start RAM 20925 blobs, files 0 blobs 0.0 MB read
strata serve: prompt 77 tokens = 76 reused + 1 read in 0 ms (71428.6 tok/s), 1 generated in 23 ms (43.0 tok/s), drafts accepted 0 of 0, 1 checkpoints
strata serve: decode expert cache hit rate: 100.0% (322 hits / 322 lookups); 158 more read by the GPU over PCIe or from another GPU (32.9% of all 480 routed)
strata serve: resident RAM: 63.28 GiB of experts in RAM, 0 exchanged with the VRAM tier, 0 blob reads from the file
safetensors residency metrics: ram_bytes=67948118016 os_locked_bytes=0 cuda_pinned_bytes=67948118016 promotions=0 promoted_payload_bytes=0 expert_file_bytes=0 (cumulative; payload is not a physical PCIe counter)
safetensors ngram metrics: ple io: 1232 rows, 3.2% row-cache hits, 1192 SSD reads (5.1 MB), read p50 883 us p99 4052 us, blocked 85.841 ms total (submit 1.010 ms), cache 1192/1048576 rows, SSD kept awake by 3 reads (slowest 0.2 ms)
strata serve: expert tiers: GPU 322 hits this request; since the start RAM 21083 blobs, files 0 blobs 0.0 MB read
strata serve: prompt 78 tokens = 77 reused + 1 read in 0 ms (72463.8 tok/s), 1 generated in 23 ms (44.2 tok/s), drafts accepted 0 of 0, 1 checkpoints
strata serve: decode expert cache hit rate: 100.0% (346 hits / 346 lookups); 134 more read by the GPU over PCIe or from another GPU (27.9% of all 480 routed)
strata serve: resident RAM: 63.28 GiB of experts in RAM, 0 exchanged with the VRAM tier, 0 blob reads from the file
safetensors residency metrics: ram_bytes=67948118016 os_locked_bytes=0 cuda_pinned_bytes=67948118016 promotions=0 promoted_payload_bytes=0 expert_file_bytes=0 (cumulative; payload is not a physical PCIe counter)
safetensors ngram metrics: ple io: 1248 rows, 3.2% row-cache hits, 1208 SSD reads (5.2 MB), read p50 882 us p99 4052 us, blocked 86.847 ms total (submit 1.020 ms), cache 1208/1048576 rows, SSD kept awake by 3 reads (slowest 0.2 ms)
strata serve: expert tiers: GPU 346 hits this request; since the start RAM 21217 blobs, files 0 blobs 0.0 MB read
strata serve: prompt 79 tokens = 78 reused + 1 read in 0 ms (83333.3 tok/s), 1 generated in 25 ms (40.2 tok/s), drafts accepted 0 of 0, 1 checkpoints
strata serve: decode expert cache hit rate: 100.0% (311 hits / 311 lookups); 169 more read by the GPU over PCIe or from another GPU (35.2% of all 480 routed)
strata serve: resident RAM: 63.28 GiB of experts in RAM, 0 exchanged with the VRAM tier, 0 blob reads from the file
safetensors residency metrics: ram_bytes=67948118016 os_locked_bytes=0 cuda_pinned_bytes=67948118016 promotions=0 promoted_payload_bytes=0 expert_file_bytes=0 (cumulative; payload is not a physical PCIe counter)
safetensors ngram metrics: ple io: 1264 rows, 3.2% row-cache hits, 1224 SSD reads (5.2 MB), read p50 880 us p99 4052 us, blocked 87.931 ms total (submit 1.033 ms), cache 1224/1048576 rows, SSD kept awake by 3 reads (slowest 0.2 ms)
strata serve: expert tiers: GPU 311 hits this request; since the start RAM 21386 blobs, files 0 blobs 0.0 MB read
strata serve: prompt 80 tokens = 79 reused + 1 read in 0 ms (63291.1 tok/s), 1 generated in 26 ms (38.9 tok/s), drafts accepted 0 of 0, 1 checkpoints
strata serve: decode expert cache hit rate: 100.0% (300 hits / 300 lookups); 180 more read by the GPU over PCIe or from another GPU (37.5% of all 480 routed)
strata serve: resident RAM: 63.28 GiB of experts in RAM, 0 exchanged with the VRAM tier, 0 blob reads from the file
safetensors residency metrics: ram_bytes=67948118016 os_locked_bytes=0 cuda_pinned_bytes=67948118016 promotions=0 promoted_payload_bytes=0 expert_file_bytes=0 (cumulative; payload is not a physical PCIe counter)
safetensors ngram metrics: ple io: 1280 rows, 3.1% row-cache hits, 1240 SSD reads (5.3 MB), read p50 880 us p99 4052 us, blocked 88.999 ms total (submit 1.052 ms), cache 1240/1048576 rows, SSD kept awake by 3 reads (slowest 0.2 ms)
strata serve: expert tiers: GPU 300 hits this request; since the start RAM 21566 blobs, files 0 blobs 0.0 MB read
strata serve: prompt 81 tokens = 80 reused + 1 read in 0 ms (23529.4 tok/s), 1 generated in 24 ms (42.5 tok/s), drafts accepted 0 of 0, 1 checkpoints
strata serve: decode expert cache hit rate: 100.0% (331 hits / 331 lookups); 149 more read by the GPU over PCIe or from another GPU (31.0% of all 480 routed)
strata serve: resident RAM: 63.28 GiB of experts in RAM, 0 exchanged with the VRAM tier, 0 blob reads from the file
safetensors residency metrics: ram_bytes=67948118016 os_locked_bytes=0 cuda_pinned_bytes=67948118016 promotions=0 promoted_payload_bytes=0 expert_file_bytes=0 (cumulative; payload is not a physical PCIe counter)
safetensors ngram metrics: ple io: 1296 rows, 3.1% row-cache hits, 1256 SSD reads (5.4 MB), read p50 879 us p99 3970 us, blocked 90.073 ms total (submit 1.069 ms), cache 1256/1048576 rows, SSD kept awake by 3 reads (slowest 0.2 ms)
strata serve: expert tiers: GPU 331 hits this request; since the start RAM 21715 blobs, files 0 blobs 0.0 MB read
strata serve: prompt 82 tokens = 81 reused + 1 read in 0 ms (64102.6 tok/s), 1 generated in 21 ms (47.6 tok/s), drafts accepted 0 of 0, 1 checkpoints
strata serve: decode expert cache hit rate: 100.0% (366 hits / 366 lookups); 114 more read by the GPU over PCIe or from another GPU (23.8% of all 480 routed)
strata serve: resident RAM: 63.28 GiB of experts in RAM, 0 exchanged with the VRAM tier, 0 blob reads from the file
safetensors residency metrics: ram_bytes=67948118016 os_locked_bytes=0 cuda_pinned_bytes=67948118016 promotions=0 promoted_payload_bytes=0 expert_file_bytes=0 (cumulative; payload is not a physical PCIe counter)
safetensors ngram metrics: ple io: 1312 rows, 3.0% row-cache hits, 1272 SSD reads (5.4 MB), read p50 877 us p99 3970 us, blocked 91.269 ms total (submit 1.084 ms), cache 1272/1048576 rows, SSD kept awake by 3 reads (slowest 0.2 ms)
strata serve: expert tiers: GPU 366 hits this request; since the start RAM 21829 blobs, files 0 blobs 0.0 MB read
strata serve: prompt 83 tokens = 82 reused + 1 read in 0 ms (64516.1 tok/s), 1 generated in 23 ms (42.9 tok/s), drafts accepted 0 of 0, 1 checkpoints
strata serve: decode expert cache hit rate: 100.0% (337 hits / 337 lookups); 143 more read by the GPU over PCIe or from another GPU (29.8% of all 480 routed)
strata serve: resident RAM: 63.28 GiB of experts in RAM, 0 exchanged with the VRAM tier, 0 blob reads from the file
safetensors residency metrics: ram_bytes=67948118016 os_locked_bytes=0 cuda_pinned_bytes=67948118016 promotions=0 promoted_payload_bytes=0 expert_file_bytes=0 (cumulative; payload is not a physical PCIe counter)
safetensors ngram metrics: ple io: 1328 rows, 3.0% row-cache hits, 1288 SSD reads (5.5 MB), read p50 875 us p99 3970 us, blocked 92.385 ms total (submit 1.096 ms), cache 1288/1048576 rows, SSD kept awake by 3 reads (slowest 0.2 ms)
strata serve: expert tiers: GPU 337 hits this request; since the start RAM 21972 blobs, files 0 blobs 0.0 MB read
strata serve: prompt 84 tokens = 83 reused + 1 read in 0 ms (57803.5 tok/s), 1 generated in 24 ms (42.0 tok/s), drafts accepted 0 of 0, 1 checkpoints
strata serve: decode expert cache hit rate: 100.0% (325 hits / 325 lookups); 155 more read by the GPU over PCIe or from another GPU (32.3% of all 480 routed)
strata serve: resident RAM: 63.28 GiB of experts in RAM, 0 exchanged with the VRAM tier, 0 blob reads from the file
safetensors residency metrics: ram_bytes=67948118016 os_locked_bytes=0 cuda_pinned_bytes=67948118016 promotions=0 promoted_payload_bytes=0 expert_file_bytes=0 (cumulative; payload is not a physical PCIe counter)
safetensors ngram metrics: ple io: 1344 rows, 3.0% row-cache hits, 1304 SSD reads (5.6 MB), read p50 875 us p99 3970 us, blocked 93.571 ms total (submit 1.120 ms), cache 1304/1048576 rows, SSD kept awake by 3 reads (slowest 0.2 ms)
strata serve: expert tiers: GPU 325 hits this request; since the start RAM 22127 blobs, files 0 blobs 0.0 MB read
strata serve: prompt 85 tokens = 84 reused + 1 read in 0 ms (72463.8 tok/s), 1 generated in 26 ms (39.0 tok/s), drafts accepted 0 of 0, 1 checkpoints
strata serve: decode expert cache hit rate: 100.0% (308 hits / 308 lookups); 172 more read by the GPU over PCIe or from another GPU (35.8% of all 480 routed)
strata serve: resident RAM: 63.28 GiB of experts in RAM, 0 exchanged with the VRAM tier, 0 blob reads from the file
safetensors residency metrics: ram_bytes=67948118016 os_locked_bytes=0 cuda_pinned_bytes=67948118016 promotions=0 promoted_payload_bytes=0 expert_file_bytes=0 (cumulative; payload is not a physical PCIe counter)
safetensors ngram metrics: ple io: 1360 rows, 2.9% row-cache hits, 1320 SSD reads (5.6 MB), read p50 872 us p99 3970 us, blocked 94.669 ms total (submit 1.134 ms), cache 1320/1048576 rows, SSD kept awake by 3 reads (slowest 0.2 ms)
strata serve: expert tiers: GPU 308 hits this request; since the start RAM 22299 blobs, files 0 blobs 0.0 MB read
strata serve: prompt 86 tokens = 85 reused + 1 read in 0 ms (79365.1 tok/s), 1 generated in 22 ms (46.5 tok/s), drafts accepted 0 of 0, 1 checkpoints
strata serve: decode expert cache hit rate: 100.0% (355 hits / 355 lookups); 125 more read by the GPU over PCIe or from another GPU (26.0% of all 480 routed)
strata serve: resident RAM: 63.28 GiB of experts in RAM, 0 exchanged with the VRAM tier, 0 blob reads from the file
safetensors residency metrics: ram_bytes=67948118016 os_locked_bytes=0 cuda_pinned_bytes=67948118016 promotions=0 promoted_payload_bytes=0 expert_file_bytes=0 (cumulative; payload is not a physical PCIe counter)
safetensors ngram metrics: ple io: 1376 rows, 2.9% row-cache hits, 1336 SSD reads (5.7 MB), read p50 870 us p99 3970 us, blocked 95.808 ms total (submit 1.145 ms), cache 1336/1048576 rows, SSD kept awake by 3 reads (slowest 0.2 ms)
strata serve: expert tiers: GPU 355 hits this request; since the start RAM 22424 blobs, files 0 blobs 0.0 MB read
strata serve: prompt 87 tokens = 86 reused + 1 read in 0 ms (71428.6 tok/s), 1 generated in 26 ms (38.7 tok/s), drafts accepted 0 of 0, 1 checkpoints
strata serve: decode expert cache hit rate: 100.0% (309 hits / 309 lookups); 171 more read by the GPU over PCIe or from another GPU (35.6% of all 480 routed)
strata serve: resident RAM: 63.28 GiB of experts in RAM, 0 exchanged with the VRAM tier, 0 blob reads from the file
safetensors residency metrics: ram_bytes=67948118016 os_locked_bytes=0 cuda_pinned_bytes=67948118016 promotions=0 promoted_payload_bytes=0 expert_file_bytes=0 (cumulative; payload is not a physical PCIe counter)
safetensors ngram metrics: ple io: 1392 rows, 2.9% row-cache hits, 1352 SSD reads (5.8 MB), read p50 870 us p99 3900 us, blocked 96.942 ms total (submit 1.161 ms), cache 1352/1048576 rows, SSD kept awake by 3 reads (slowest 0.2 ms)
strata serve: expert tiers: GPU 309 hits this request; since the start RAM 22595 blobs, files 0 blobs 0.0 MB read
strata serve: prompt 88 tokens = 87 reused + 1 read in 0 ms (67114.1 tok/s), 1 generated in 29 ms (34.9 tok/s), drafts accepted 0 of 0, 1 checkpoints
strata serve: decode expert cache hit rate: 100.0% (265 hits / 265 lookups); 215 more read by the GPU over PCIe or from another GPU (44.8% of all 480 routed)
strata serve: resident RAM: 63.28 GiB of experts in RAM, 0 exchanged with the VRAM tier, 0 blob reads from the file
safetensors residency metrics: ram_bytes=67948118016 os_locked_bytes=0 cuda_pinned_bytes=67948118016 promotions=0 promoted_payload_bytes=0 expert_file_bytes=0 (cumulative; payload is not a physical PCIe counter)
safetensors ngram metrics: ple io: 1408 rows, 2.8% row-cache hits, 1368 SSD reads (5.8 MB), read p50 869 us p99 3900 us, blocked 97.903 ms total (submit 1.173 ms), cache 1368/1048576 rows, SSD kept awake by 3 reads (slowest 0.2 ms)
strata serve: expert tiers: GPU 265 hits this request; since the start RAM 22810 blobs, files 0 blobs 0.0 MB read
strata serve: prompt 89 tokens = 88 reused + 1 read in 0 ms (71428.6 tok/s), 1 generated in 29 ms (34.8 tok/s), drafts accepted 0 of 0, 1 checkpoints
strata serve: decode expert cache hit rate: 100.0% (259 hits / 259 lookups); 221 more read by the GPU over PCIe or from another GPU (46.0% of all 480 routed)
strata serve: resident RAM: 63.28 GiB of experts in RAM, 0 exchanged with the VRAM tier, 0 blob reads from the file
safetensors residency metrics: ram_bytes=67948118016 os_locked_bytes=0 cuda_pinned_bytes=67948118016 promotions=0 promoted_payload_bytes=0 expert_file_bytes=0 (cumulative; payload is not a physical PCIe counter)
safetensors ngram metrics: ple io: 1424 rows, 2.8% row-cache hits, 1384 SSD reads (5.9 MB), read p50 868 us p99 3900 us, blocked 99.069 ms total (submit 1.188 ms), cache 1384/1048576 rows, SSD kept awake by 3 reads (slowest 0.2 ms)
strata serve: expert tiers: GPU 259 hits this request; since the start RAM 23031 blobs, files 0 blobs 0.0 MB read
strata serve: prompt 90 tokens = 89 reused + 1 read in 0 ms (63694.3 tok/s), 1 generated in 24 ms (41.7 tok/s), drafts accepted 0 of 0, 1 checkpoints
strata serve: decode expert cache hit rate: 100.0% (315 hits / 315 lookups); 165 more read by the GPU over PCIe or from another GPU (34.4% of all 480 routed)
strata serve: resident RAM: 63.28 GiB of experts in RAM, 0 exchanged with the VRAM tier, 0 blob reads from the file
safetensors residency metrics: ram_bytes=67948118016 os_locked_bytes=0 cuda_pinned_bytes=67948118016 promotions=0 promoted_payload_bytes=0 expert_file_bytes=0 (cumulative; payload is not a physical PCIe counter)
safetensors ngram metrics: ple io: 1440 rows, 2.8% row-cache hits, 1400 SSD reads (6.0 MB), read p50 867 us p99 3900 us, blocked 100.030 ms total (submit 1.209 ms), cache 1400/1048576 rows, SSD kept awake by 3 reads (slowest 0.2 ms)
strata serve: expert tiers: GPU 315 hits this request; since the start RAM 23196 blobs, files 0 blobs 0.0 MB read
strata serve: conversation cache: parked 90 tokens in 48.7 ms; parked=1 bytes=238532696 evictions=0 snapshot_bytes=238532696 reused_kv_bytes=0
strata serve: prompt 21 tokens = 0 reused + 21 read in 541 ms (38.8 tok/s), 1 generated in 36 ms (27.9 tok/s), drafts accepted 0 of 0, 1 checkpoints
strata serve: decode expert cache hit rate: 100.0% (296 hits / 296 lookups); 184 more read by the GPU over PCIe or from another GPU (38.3% of all 480 routed)
strata serve: resident RAM: 63.28 GiB of experts in RAM, 0 exchanged with the VRAM tier, 0 blob reads from the file
safetensors residency metrics: ram_bytes=67948118016 os_locked_bytes=0 cuda_pinned_bytes=67948118016 promotions=0 promoted_payload_bytes=0 expert_file_bytes=0 (cumulative; payload is not a physical PCIe counter)
safetensors ngram metrics: ple io: 1776 rows, 11.7% row-cache hits, 1568 SSD reads (6.7 MB), read p50 883 us p99 3854 us, blocked 110.247 ms total (submit 1.278 ms), cache 1568/1048576 rows, SSD kept awake by 6 reads (slowest 0.5 ms)
strata serve: expert tiers: GPU 296 hits this request; since the start RAM 28030 blobs, files 0 blobs 0.0 MB read
strata serve: prompt 22 tokens = 21 reused + 1 read in 0 ms (62500.0 tok/s), 1 generated in 34 ms (29.1 tok/s), drafts accepted 0 of 0, 1 checkpoints
strata serve: decode expert cache hit rate: 100.0% (186 hits / 186 lookups); 294 more read by the GPU over PCIe or from another GPU (61.2% of all 480 routed)
strata serve: resident RAM: 63.28 GiB of experts in RAM, 0 exchanged with the VRAM tier, 0 blob reads from the file
safetensors residency metrics: ram_bytes=67948118016 os_locked_bytes=0 cuda_pinned_bytes=67948118016 promotions=0 promoted_payload_bytes=0 expert_file_bytes=0 (cumulative; payload is not a physical PCIe counter)
safetensors ngram metrics: ple io: 1792 rows, 11.6% row-cache hits, 1584 SSD reads (6.8 MB), read p50 883 us p99 3854 us, blocked 111.613 ms total (submit 1.294 ms), cache 1584/1048576 rows, SSD kept awake by 6 reads (slowest 0.5 ms)
strata serve: expert tiers: GPU 186 hits this request; since the start RAM 28324 blobs, files 0 blobs 0.0 MB read
strata serve: prompt 23 tokens = 22 reused + 1 read in 0 ms (72463.8 tok/s), 1 generated in 31 ms (31.8 tok/s), drafts accepted 0 of 0, 1 checkpoints
strata serve: decode expert cache hit rate: 100.0% (212 hits / 212 lookups); 268 more read by the GPU over PCIe or from another GPU (55.8% of all 480 routed)
strata serve: resident RAM: 63.28 GiB of experts in RAM, 0 exchanged with the VRAM tier, 0 blob reads from the file
safetensors residency metrics: ram_bytes=67948118016 os_locked_bytes=0 cuda_pinned_bytes=67948118016 promotions=0 promoted_payload_bytes=0 expert_file_bytes=0 (cumulative; payload is not a physical PCIe counter)
safetensors ngram metrics: ple io: 1808 rows, 11.9% row-cache hits, 1592 SSD reads (6.8 MB), read p50 880 us p99 3854 us, blocked 112.203 ms total (submit 1.309 ms), cache 1592/1048576 rows, SSD kept awake by 6 reads (slowest 0.5 ms)
strata serve: expert tiers: GPU 212 hits this request; since the start RAM 28592 blobs, files 0 blobs 0.0 MB read
strata serve: prompt 24 tokens = 23 reused + 1 read in 0 ms (60975.6 tok/s), 1 generated in 32 ms (31.3 tok/s), drafts accepted 0 of 0, 1 checkpoints
strata serve: decode expert cache hit rate: 100.0% (215 hits / 215 lookups); 265 more read by the GPU over PCIe or from another GPU (55.2% of all 480 routed)
strata serve: resident RAM: 63.28 GiB of experts in RAM, 0 exchanged with the VRAM tier, 0 blob reads from the file
safetensors residency metrics: ram_bytes=67948118016 os_locked_bytes=0 cuda_pinned_bytes=67948118016 promotions=0 promoted_payload_bytes=0 expert_file_bytes=0 (cumulative; payload is not a physical PCIe counter)
safetensors ngram metrics: ple io: 1824 rows, 11.8% row-cache hits, 1608 SSD reads (6.9 MB), read p50 879 us p99 3854 us, blocked 113.193 ms total (submit 1.323 ms), cache 1608/1048576 rows, SSD kept awake by 6 reads (slowest 0.5 ms)
strata serve: expert tiers: GPU 215 hits this request; since the start RAM 28857 blobs, files 0 blobs 0.0 MB read
strata serve: prompt 25 tokens = 24 reused + 1 read in 0 ms (69930.1 tok/s), 1 generated in 34 ms (29.6 tok/s), drafts accepted 0 of 0, 1 checkpoints
strata serve: decode expert cache hit rate: 100.0% (187 hits / 187 lookups); 293 more read by the GPU over PCIe or from another GPU (61.0% of all 480 routed)
strata serve: resident RAM: 63.28 GiB of experts in RAM, 0 exchanged with the VRAM tier, 0 blob reads from the file
safetensors residency metrics: ram_bytes=67948118016 os_locked_bytes=0 cuda_pinned_bytes=67948118016 promotions=0 promoted_payload_bytes=0 expert_file_bytes=0 (cumulative; payload is not a physical PCIe counter)
safetensors ngram metrics: ple io: 1840 rows, 11.7% row-cache hits, 1624 SSD reads (6.9 MB), read p50 878 us p99 3854 us, blocked 114.274 ms total (submit 1.336 ms), cache 1624/1048576 rows, SSD kept awake by 6 reads (slowest 0.5 ms)
strata serve: expert tiers: GPU 187 hits this request; since the start RAM 29150 blobs, files 0 blobs 0.0 MB read
strata serve: prompt 26 tokens = 25 reused + 1 read in 0 ms (74626.9 tok/s), 1 generated in 35 ms (28.4 tok/s), drafts accepted 0 of 0, 1 checkpoints
strata serve: decode expert cache hit rate: 100.0% (170 hits / 170 lookups); 310 more read by the GPU over PCIe or from another GPU (64.6% of all 480 routed)
strata serve: resident RAM: 63.28 GiB of experts in RAM, 0 exchanged with the VRAM tier, 0 blob reads from the file
safetensors residency metrics: ram_bytes=67948118016 os_locked_bytes=0 cuda_pinned_bytes=67948118016 promotions=0 promoted_payload_bytes=0 expert_file_bytes=0 (cumulative; payload is not a physical PCIe counter)
safetensors ngram metrics: ple io: 1856 rows, 11.6% row-cache hits, 1640 SSD reads (7.0 MB), read p50 875 us p99 3854 us, blocked 115.302 ms total (submit 1.349 ms), cache 1640/1048576 rows, SSD kept awake by 6 reads (slowest 0.5 ms)
strata serve: expert tiers: GPU 170 hits this request; since the start RAM 29460 blobs, files 0 blobs 0.0 MB read
strata serve: prompt 27 tokens = 26 reused + 1 read in 0 ms (63291.1 tok/s), 1 generated in 26 ms (38.5 tok/s), drafts accepted 0 of 0, 1 checkpoints
strata serve: decode expert cache hit rate: 100.0% (303 hits / 303 lookups); 177 more read by the GPU over PCIe or from another GPU (36.9% of all 480 routed)
strata serve: resident RAM: 63.28 GiB of experts in RAM, 0 exchanged with the VRAM tier, 0 blob reads from the file
safetensors residency metrics: ram_bytes=67948118016 os_locked_bytes=0 cuda_pinned_bytes=67948118016 promotions=0 promoted_payload_bytes=0 expert_file_bytes=0 (cumulative; payload is not a physical PCIe counter)
safetensors ngram metrics: ple io: 1872 rows, 11.5% row-cache hits, 1656 SSD reads (7.1 MB), read p50 875 us p99 3831 us, blocked 116.330 ms total (submit 1.363 ms), cache 1656/1048576 rows, SSD kept awake by 6 reads (slowest 0.5 ms)
strata serve: expert tiers: GPU 303 hits this request; since the start RAM 29637 blobs, files 0 blobs 0.0 MB read
strata serve: prompt 28 tokens = 27 reused + 1 read in 0 ms (61728.4 tok/s), 1 generated in 33 ms (29.9 tok/s), drafts accepted 0 of 0, 1 checkpoints
strata serve: decode expert cache hit rate: 100.0% (198 hits / 198 lookups); 282 more read by the GPU over PCIe or from another GPU (58.8% of all 480 routed)
strata serve: resident RAM: 63.28 GiB of experts in RAM, 0 exchanged with the VRAM tier, 0 blob reads from the file
safetensors residency metrics: ram_bytes=67948118016 os_locked_bytes=0 cuda_pinned_bytes=67948118016 promotions=0 promoted_payload_bytes=0 expert_file_bytes=0 (cumulative; payload is not a physical PCIe counter)
safetensors ngram metrics: ple io: 1888 rows, 11.4% row-cache hits, 1672 SSD reads (7.1 MB), read p50 874 us p99 3831 us, blocked 117.240 ms total (submit 1.376 ms), cache 1672/1048576 rows, SSD kept awake by 6 reads (slowest 0.5 ms)
strata serve: expert tiers: GPU 198 hits this request; since the start RAM 29919 blobs, files 0 blobs 0.0 MB read
strata serve: prompt 29 tokens = 28 reused + 1 read in 0 ms (68493.2 tok/s), 1 generated in 35 ms (28.3 tok/s), drafts accepted 0 of 0, 1 checkpoints
strata serve: decode expert cache hit rate: 100.0% (164 hits / 164 lookups); 316 more read by the GPU over PCIe or from another GPU (65.8% of all 480 routed)
strata serve: resident RAM: 63.28 GiB of experts in RAM, 0 exchanged with the VRAM tier, 0 blob reads from the file
safetensors residency metrics: ram_bytes=67948118016 os_locked_bytes=0 cuda_pinned_bytes=67948118016 promotions=0 promoted_payload_bytes=0 expert_file_bytes=0 (cumulative; payload is not a physical PCIe counter)
safetensors ngram metrics: ple io: 1904 rows, 11.3% row-cache hits, 1688 SSD reads (7.2 MB), read p50 872 us p99 3831 us, blocked 118.296 ms total (submit 1.387 ms), cache 1688/1048576 rows, SSD kept awake by 6 reads (slowest 0.5 ms)
strata serve: expert tiers: GPU 164 hits this request; since the start RAM 30235 blobs, files 0 blobs 0.0 MB read
strata serve: prompt 30 tokens = 29 reused + 1 read in 0 ms (74626.9 tok/s), 1 generated in 37 ms (27.3 tok/s), drafts accepted 0 of 0, 1 checkpoints
strata serve: decode expert cache hit rate: 100.0% (152 hits / 152 lookups); 328 more read by the GPU over PCIe or from another GPU (68.3% of all 480 routed)
strata serve: resident RAM: 63.28 GiB of experts in RAM, 0 exchanged with the VRAM tier, 0 blob reads from the file
safetensors residency metrics: ram_bytes=67948118016 os_locked_bytes=0 cuda_pinned_bytes=67948118016 promotions=0 promoted_payload_bytes=0 expert_file_bytes=0 (cumulative; payload is not a physical PCIe counter)
safetensors ngram metrics: ple io: 1920 rows, 11.2% row-cache hits, 1704 SSD reads (7.3 MB), read p50 871 us p99 3831 us, blocked 119.292 ms total (submit 1.399 ms), cache 1704/1048576 rows, SSD kept awake by 6 reads (slowest 0.5 ms)
strata serve: expert tiers: GPU 152 hits this request; since the start RAM 30563 blobs, files 0 blobs 0.0 MB read
strata serve: prompt 31 tokens = 30 reused + 1 read in 0 ms (66225.2 tok/s), 1 generated in 40 ms (25.0 tok/s), drafts accepted 0 of 0, 1 checkpoints
strata serve: decode expert cache hit rate: 100.0% (117 hits / 117 lookups); 363 more read by the GPU over PCIe or from another GPU (75.6% of all 480 routed)
strata serve: resident RAM: 63.28 GiB of experts in RAM, 0 exchanged with the VRAM tier, 0 blob reads from the file
safetensors residency metrics: ram_bytes=67948118016 os_locked_bytes=0 cuda_pinned_bytes=67948118016 promotions=0 promoted_payload_bytes=0 expert_file_bytes=0 (cumulative; payload is not a physical PCIe counter)
safetensors ngram metrics: ple io: 1936 rows, 11.2% row-cache hits, 1720 SSD reads (7.3 MB), read p50 870 us p99 3831 us, blocked 120.398 ms total (submit 1.472 ms), cache 1720/1048576 rows, SSD kept awake by 6 reads (slowest 0.5 ms)
strata serve: expert tiers: GPU 117 hits this request; since the start RAM 30926 blobs, files 0 blobs 0.0 MB read
strata serve: prompt 32 tokens = 31 reused + 1 read in 0 ms (63694.3 tok/s), 1 generated in 35 ms (28.4 tok/s), drafts accepted 0 of 0, 1 checkpoints
strata serve: decode expert cache hit rate: 100.0% (162 hits / 162 lookups); 318 more read by the GPU over PCIe or from another GPU (66.2% of all 480 routed)
strata serve: resident RAM: 63.28 GiB of experts in RAM, 0 exchanged with the VRAM tier, 0 blob reads from the file
safetensors residency metrics: ram_bytes=67948118016 os_locked_bytes=0 cuda_pinned_bytes=67948118016 promotions=0 promoted_payload_bytes=0 expert_file_bytes=0 (cumulative; payload is not a physical PCIe counter)
safetensors ngram metrics: ple io: 1952 rows, 11.1% row-cache hits, 1736 SSD reads (7.4 MB), read p50 869 us p99 3831 us, blocked 121.457 ms total (submit 1.486 ms), cache 1736/1048576 rows, SSD kept awake by 6 reads (slowest 0.5 ms)
strata serve: expert tiers: GPU 162 hits this request; since the start RAM 31244 blobs, files 0 blobs 0.0 MB read
strata serve: prompt 33 tokens = 32 reused + 1 read in 0 ms (70922.0 tok/s), 1 generated in 36 ms (27.8 tok/s), drafts accepted 0 of 0, 1 checkpoints
strata serve: decode expert cache hit rate: 100.0% (152 hits / 152 lookups); 328 more read by the GPU over PCIe or from another GPU (68.3% of all 480 routed)
strata serve: resident RAM: 63.28 GiB of experts in RAM, 0 exchanged with the VRAM tier, 0 blob reads from the file
safetensors residency metrics: ram_bytes=67948118016 os_locked_bytes=0 cuda_pinned_bytes=67948118016 promotions=0 promoted_payload_bytes=0 expert_file_bytes=0 (cumulative; payload is not a physical PCIe counter)
safetensors ngram metrics: ple io: 1968 rows, 11.0% row-cache hits, 1752 SSD reads (7.5 MB), read p50 868 us p99 3820 us, blocked 122.539 ms total (submit 1.500 ms), cache 1752/1048576 rows, SSD kept awake by 6 reads (slowest 0.5 ms)
strata serve: expert tiers: GPU 152 hits this request; since the start RAM 31572 blobs, files 0 blobs 0.0 MB read
strata serve: prompt 34 tokens = 33 reused + 1 read in 0 ms (71428.6 tok/s), 1 generated in 35 ms (28.8 tok/s), drafts accepted 0 of 0, 1 checkpoints
strata serve: decode expert cache hit rate: 100.0% (170 hits / 170 lookups); 310 more read by the GPU over PCIe or from another GPU (64.6% of all 480 routed)
strata serve: resident RAM: 63.28 GiB of experts in RAM, 0 exchanged with the VRAM tier, 0 blob reads from the file
safetensors residency metrics: ram_bytes=67948118016 os_locked_bytes=0 cuda_pinned_bytes=67948118016 promotions=0 promoted_payload_bytes=0 expert_file_bytes=0 (cumulative; payload is not a physical PCIe counter)
safetensors ngram metrics: ple io: 1984 rows, 10.9% row-cache hits, 1768 SSD reads (7.5 MB), read p50 866 us p99 3820 us, blocked 123.582 ms total (submit 1.511 ms), cache 1768/1048576 rows, SSD kept awake by 6 reads (slowest 0.5 ms)
strata serve: expert tiers: GPU 170 hits this request; since the start RAM 31882 blobs, files 0 blobs 0.0 MB read
strata serve: prompt 35 tokens = 34 reused + 1 read in 0 ms (71942.4 tok/s), 1 generated in 37 ms (26.9 tok/s), drafts accepted 0 of 0, 1 checkpoints
strata serve: decode expert cache hit rate: 100.0% (155 hits / 155 lookups); 325 more read by the GPU over PCIe or from another GPU (67.7% of all 480 routed)
strata serve: resident RAM: 63.28 GiB of experts in RAM, 0 exchanged with the VRAM tier, 0 blob reads from the file
safetensors residency metrics: ram_bytes=67948118016 os_locked_bytes=0 cuda_pinned_bytes=67948118016 promotions=0 promoted_payload_bytes=0 expert_file_bytes=0 (cumulative; payload is not a physical PCIe counter)
safetensors ngram metrics: ple io: 2000 rows, 10.8% row-cache hits, 1784 SSD reads (7.6 MB), read p50 865 us p99 3820 us, blocked 124.776 ms total (submit 1.523 ms), cache 1784/1048576 rows, SSD kept awake by 6 reads (slowest 0.5 ms)
strata serve: expert tiers: GPU 155 hits this request; since the start RAM 32207 blobs, files 0 blobs 0.0 MB read
strata serve: prompt 36 tokens = 35 reused + 1 read in 0 ms (75757.6 tok/s), 1 generated in 31 ms (32.2 tok/s), drafts accepted 0 of 0, 1 checkpoints
strata serve: decode expert cache hit rate: 100.0% (220 hits / 220 lookups); 260 more read by the GPU over PCIe or from another GPU (54.2% of all 480 routed)
strata serve: resident RAM: 63.28 GiB of experts in RAM, 0 exchanged with the VRAM tier, 0 blob reads from the file
safetensors residency metrics: ram_bytes=67948118016 os_locked_bytes=0 cuda_pinned_bytes=67948118016 promotions=0 promoted_payload_bytes=0 expert_file_bytes=0 (cumulative; payload is not a physical PCIe counter)
safetensors ngram metrics: ple io: 2016 rows, 10.7% row-cache hits, 1800 SSD reads (7.7 MB), read p50 865 us p99 3820 us, blocked 125.927 ms total (submit 1.546 ms), cache 1800/1048576 rows, SSD kept awake by 6 reads (slowest 0.5 ms)
strata serve: expert tiers: GPU 220 hits this request; since the start RAM 32467 blobs, files 0 blobs 0.0 MB read
strata serve: prompt 37 tokens = 36 reused + 1 read in 0 ms (72463.8 tok/s), 1 generated in 37 ms (27.3 tok/s), drafts accepted 0 of 0, 1 checkpoints
strata serve: decode expert cache hit rate: 100.0% (141 hits / 141 lookups); 339 more read by the GPU over PCIe or from another GPU (70.6% of all 480 routed)
strata serve: resident RAM: 63.28 GiB of experts in RAM, 0 exchanged with the VRAM tier, 0 blob reads from the file
safetensors residency metrics: ram_bytes=67948118016 os_locked_bytes=0 cuda_pinned_bytes=67948118016 promotions=0 promoted_payload_bytes=0 expert_file_bytes=0 (cumulative; payload is not a physical PCIe counter)
safetensors ngram metrics: ple io: 2032 rows, 10.6% row-cache hits, 1816 SSD reads (7.7 MB), read p50 865 us p99 3820 us, blocked 127.160 ms total (submit 1.558 ms), cache 1816/1048576 rows, SSD kept awake by 6 reads (slowest 0.5 ms)
strata serve: expert tiers: GPU 141 hits this request; since the start RAM 32806 blobs, files 0 blobs 0.0 MB read
strata serve: prompt 38 tokens = 37 reused + 1 read in 0 ms (68027.2 tok/s), 1 generated in 33 ms (30.2 tok/s), drafts accepted 0 of 0, 1 checkpoints
strata serve: decode expert cache hit rate: 100.0% (196 hits / 196 lookups); 284 more read by the GPU over PCIe or from another GPU (59.2% of all 480 routed)
strata serve: resident RAM: 63.28 GiB of experts in RAM, 0 exchanged with the VRAM tier, 0 blob reads from the file
safetensors residency metrics: ram_bytes=67948118016 os_locked_bytes=0 cuda_pinned_bytes=67948118016 promotions=0 promoted_payload_bytes=0 expert_file_bytes=0 (cumulative; payload is not a physical PCIe counter)
safetensors ngram metrics: ple io: 2048 rows, 10.5% row-cache hits, 1832 SSD reads (7.8 MB), read p50 864 us p99 3820 us, blocked 128.253 ms total (submit 1.575 ms), cache 1832/1048576 rows, SSD kept awake by 6 reads (slowest 0.5 ms)
strata serve: expert tiers: GPU 196 hits this request; since the start RAM 33090 blobs, files 0 blobs 0.0 MB read
strata serve: prompt 39 tokens = 38 reused + 1 read in 0 ms (71942.4 tok/s), 1 generated in 34 ms (29.8 tok/s), drafts accepted 0 of 0, 1 checkpoints
strata serve: decode expert cache hit rate: 100.0% (190 hits / 190 lookups); 290 more read by the GPU over PCIe or from another GPU (60.4% of all 480 routed)
strata serve: resident RAM: 63.28 GiB of experts in RAM, 0 exchanged with the VRAM tier, 0 blob reads from the file
safetensors residency metrics: ram_bytes=67948118016 os_locked_bytes=0 cuda_pinned_bytes=67948118016 promotions=0 promoted_payload_bytes=0 expert_file_bytes=0 (cumulative; payload is not a physical PCIe counter)
safetensors ngram metrics: ple io: 2064 rows, 10.5% row-cache hits, 1848 SSD reads (7.9 MB), read p50 862 us p99 3820 us, blocked 129.401 ms total (submit 1.592 ms), cache 1848/1048576 rows, SSD kept awake by 6 reads (slowest 0.5 ms)
strata serve: expert tiers: GPU 190 hits this request; since the start RAM 33380 blobs, files 0 blobs 0.0 MB read
strata serve: prompt 40 tokens = 39 reused + 1 read in 0 ms (71428.6 tok/s), 1 generated in 34 ms (29.2 tok/s), drafts accepted 0 of 0, 1 checkpoints
strata serve: decode expert cache hit rate: 100.0% (169 hits / 169 lookups); 311 more read by the GPU over PCIe or from another GPU (64.8% of all 480 routed)
strata serve: resident RAM: 63.28 GiB of experts in RAM, 0 exchanged with the VRAM tier, 0 blob reads from the file
safetensors residency metrics: ram_bytes=67948118016 os_locked_bytes=0 cuda_pinned_bytes=67948118016 promotions=0 promoted_payload_bytes=0 expert_file_bytes=0 (cumulative; payload is not a physical PCIe counter)
safetensors ngram metrics: ple io: 2080 rows, 10.4% row-cache hits, 1864 SSD reads (8.0 MB), read p50 861 us p99 3780 us, blocked 130.461 ms total (submit 1.606 ms), cache 1864/1048576 rows, SSD kept awake by 6 reads (slowest 0.5 ms)
strata serve: expert tiers: GPU 169 hits this request; since the start RAM 33691 blobs, files 0 blobs 0.0 MB read
strata serve: prompt 41 tokens = 40 reused + 1 read in 0 ms (64935.1 tok/s), 1 generated in 36 ms (27.6 tok/s), drafts accepted 0 of 0, 1 checkpoints
strata serve: decode expert cache hit rate: 100.0% (150 hits / 150 lookups); 330 more read by the GPU over PCIe or from another GPU (68.8% of all 480 routed)
strata serve: resident RAM: 63.28 GiB of experts in RAM, 0 exchanged with the VRAM tier, 0 blob reads from the file
safetensors residency metrics: ram_bytes=67948118016 os_locked_bytes=0 cuda_pinned_bytes=67948118016 promotions=0 promoted_payload_bytes=0 expert_file_bytes=0 (cumulative; payload is not a physical PCIe counter)
safetensors ngram metrics: ple io: 2096 rows, 10.3% row-cache hits, 1880 SSD reads (8.0 MB), read p50 861 us p99 3780 us, blocked 131.571 ms total (submit 1.622 ms), cache 1880/1048576 rows, SSD kept awake by 6 reads (slowest 0.5 ms)
strata serve: expert tiers: GPU 150 hits this request; since the start RAM 34021 blobs, files 0 blobs 0.0 MB read
strata serve: prompt 42 tokens = 41 reused + 1 read in 0 ms (44052.9 tok/s), 1 generated in 36 ms (27.4 tok/s), drafts accepted 0 of 0, 1 checkpoints
strata serve: decode expert cache hit rate: 100.0% (145 hits / 145 lookups); 335 more read by the GPU over PCIe or from another GPU (69.8% of all 480 routed)
strata serve: resident RAM: 63.28 GiB of experts in RAM, 0 exchanged with the VRAM tier, 0 blob reads from the file
safetensors residency metrics: ram_bytes=67948118016 os_locked_bytes=0 cuda_pinned_bytes=67948118016 promotions=0 promoted_payload_bytes=0 expert_file_bytes=0 (cumulative; payload is not a physical PCIe counter)
safetensors ngram metrics: ple io: 2112 rows, 10.2% row-cache hits, 1896 SSD reads (8.1 MB), read p50 860 us p99 3780 us, blocked 132.679 ms total (submit 1.636 ms), cache 1896/1048576 rows, SSD kept awake by 6 reads (slowest 0.5 ms)
strata serve: expert tiers: GPU 145 hits this request; since the start RAM 34356 blobs, files 0 blobs 0.0 MB read
strata serve: prompt 43 tokens = 42 reused + 1 read in 0 ms (62893.1 tok/s), 1 generated in 37 ms (26.9 tok/s), drafts accepted 0 of 0, 1 checkpoints
strata serve: decode expert cache hit rate: 100.0% (144 hits / 144 lookups); 336 more read by the GPU over PCIe or from another GPU (70.0% of all 480 routed)
strata serve: resident RAM: 63.28 GiB of experts in RAM, 0 exchanged with the VRAM tier, 0 blob reads from the file
safetensors residency metrics: ram_bytes=67948118016 os_locked_bytes=0 cuda_pinned_bytes=67948118016 promotions=0 promoted_payload_bytes=0 expert_file_bytes=0 (cumulative; payload is not a physical PCIe counter)
safetensors ngram metrics: ple io: 2128 rows, 10.2% row-cache hits, 1912 SSD reads (8.2 MB), read p50 860 us p99 3780 us, blocked 133.924 ms total (submit 1.650 ms), cache 1912/1048576 rows, SSD kept awake by 6 reads (slowest 0.5 ms)
strata serve: expert tiers: GPU 144 hits this request; since the start RAM 34692 blobs, files 0 blobs 0.0 MB read
strata serve: prompt 44 tokens = 43 reused + 1 read in 0 ms (61728.4 tok/s), 1 generated in 26 ms (38.2 tok/s), drafts accepted 0 of 0, 1 checkpoints
strata serve: decode expert cache hit rate: 100.0% (295 hits / 295 lookups); 185 more read by the GPU over PCIe or from another GPU (38.5% of all 480 routed)
strata serve: resident RAM: 63.28 GiB of experts in RAM, 0 exchanged with the VRAM tier, 0 blob reads from the file
safetensors residency metrics: ram_bytes=67948118016 os_locked_bytes=0 cuda_pinned_bytes=67948118016 promotions=0 promoted_payload_bytes=0 expert_file_bytes=0 (cumulative; payload is not a physical PCIe counter)
safetensors ngram metrics: ple io: 2144 rows, 10.1% row-cache hits, 1928 SSD reads (8.2 MB), read p50 858 us p99 3780 us, blocked 134.981 ms total (submit 1.666 ms), cache 1928/1048576 rows, SSD kept awake by 6 reads (slowest 0.5 ms)
strata serve: expert tiers: GPU 295 hits this request; since the start RAM 34877 blobs, files 0 blobs 0.0 MB read
strata serve: prompt 45 tokens = 44 reused + 1 read in 0 ms (69930.1 tok/s), 1 generated in 35 ms (28.5 tok/s), drafts accepted 0 of 0, 1 checkpoints
strata serve: decode expert cache hit rate: 100.0% (178 hits / 178 lookups); 302 more read by the GPU over PCIe or from another GPU (62.9% of all 480 routed)
strata serve: resident RAM: 63.28 GiB of experts in RAM, 0 exchanged with the VRAM tier, 0 blob reads from the file
safetensors residency metrics: ram_bytes=67948118016 os_locked_bytes=0 cuda_pinned_bytes=67948118016 promotions=0 promoted_payload_bytes=0 expert_file_bytes=0 (cumulative; payload is not a physical PCIe counter)
safetensors ngram metrics: ple io: 2160 rows, 10.0% row-cache hits, 1944 SSD reads (8.3 MB), read p50 857 us p99 3780 us, blocked 136.152 ms total (submit 1.685 ms), cache 1944/1048576 rows, SSD kept awake by 6 reads (slowest 0.5 ms)
strata serve: expert tiers: GPU 178 hits this request; since the start RAM 35179 blobs, files 0 blobs 0.0 MB read
strata serve: prompt 46 tokens = 45 reused + 1 read in 0 ms (64102.6 tok/s), 1 generated in 36 ms (27.8 tok/s), drafts accepted 0 of 0, 1 checkpoints
strata serve: decode expert cache hit rate: 100.0% (160 hits / 160 lookups); 320 more read by the GPU over PCIe or from another GPU (66.7% of all 480 routed)
strata serve: resident RAM: 63.28 GiB of experts in RAM, 0 exchanged with the VRAM tier, 0 blob reads from the file
safetensors residency metrics: ram_bytes=67948118016 os_locked_bytes=0 cuda_pinned_bytes=67948118016 promotions=0 promoted_payload_bytes=0 expert_file_bytes=0 (cumulative; payload is not a physical PCIe counter)
safetensors ngram metrics: ple io: 2176 rows, 9.9% row-cache hits, 1960 SSD reads (8.4 MB), read p50 860 us p99 3755 us, blocked 137.644 ms total (submit 1.702 ms), cache 1960/1048576 rows, SSD kept awake by 6 reads (slowest 0.5 ms)
strata serve: expert tiers: GPU 160 hits this request; since the start RAM 35499 blobs, files 0 blobs 0.0 MB read
strata serve: prompt 47 tokens = 46 reused + 1 read in 0 ms (7987.2 tok/s), 1 generated in 35 ms (28.3 tok/s), drafts accepted 0 of 0, 1 checkpoints
strata serve: decode expert cache hit rate: 100.0% (150 hits / 150 lookups); 330 more read by the GPU over PCIe or from another GPU (68.8% of all 480 routed)
strata serve: resident RAM: 63.28 GiB of experts in RAM, 0 exchanged with the VRAM tier, 0 blob reads from the file
safetensors residency metrics: ram_bytes=67948118016 os_locked_bytes=0 cuda_pinned_bytes=67948118016 promotions=0 promoted_payload_bytes=0 expert_file_bytes=0 (cumulative; payload is not a physical PCIe counter)
safetensors ngram metrics: ple io: 2192 rows, 10.2% row-cache hits, 1968 SSD reads (8.4 MB), read p50 857 us p99 3755 us, blocked 138.223 ms total (submit 1.717 ms), cache 1968/1048576 rows, SSD kept awake by 6 reads (slowest 0.5 ms)
strata serve: expert tiers: GPU 150 hits this request; since the start RAM 35829 blobs, files 0 blobs 0.0 MB read
strata serve: prompt 48 tokens = 47 reused + 1 read in 0 ms (62500.0 tok/s), 1 generated in 36 ms (27.5 tok/s), drafts accepted 0 of 0, 1 checkpoints
strata serve: decode expert cache hit rate: 100.0% (150 hits / 150 lookups); 330 more read by the GPU over PCIe or from another GPU (68.8% of all 480 routed)
strata serve: resident RAM: 63.28 GiB of experts in RAM, 0 exchanged with the VRAM tier, 0 blob reads from the file
safetensors residency metrics: ram_bytes=67948118016 os_locked_bytes=0 cuda_pinned_bytes=67948118016 promotions=0 promoted_payload_bytes=0 expert_file_bytes=0 (cumulative; payload is not a physical PCIe counter)
safetensors ngram metrics: ple io: 2208 rows, 10.1% row-cache hits, 1984 SSD reads (8.5 MB), read p50 857 us p99 3755 us, blocked 139.405 ms total (submit 1.733 ms), cache 1984/1048576 rows, SSD kept awake by 6 reads (slowest 0.5 ms)
strata serve: expert tiers: GPU 150 hits this request; since the start RAM 36159 blobs, files 0 blobs 0.0 MB read
strata serve: prompt 49 tokens = 48 reused + 1 read in 0 ms (64516.1 tok/s), 1 generated in 37 ms (27.3 tok/s), drafts accepted 0 of 0, 1 checkpoints
strata serve: decode expert cache hit rate: 100.0% (143 hits / 143 lookups); 337 more read by the GPU over PCIe or from another GPU (70.2% of all 480 routed)
strata serve: resident RAM: 63.28 GiB of experts in RAM, 0 exchanged with the VRAM tier, 0 blob reads from the file
safetensors residency metrics: ram_bytes=67948118016 os_locked_bytes=0 cuda_pinned_bytes=67948118016 promotions=0 promoted_payload_bytes=0 expert_file_bytes=0 (cumulative; payload is not a physical PCIe counter)
safetensors ngram metrics: ple io: 2224 rows, 10.1% row-cache hits, 2000 SSD reads (8.5 MB), read p50 856 us p99 3755 us, blocked 140.431 ms total (submit 1.743 ms), cache 2000/1048576 rows, SSD kept awake by 6 reads (slowest 0.5 ms)
strata serve: expert tiers: GPU 143 hits this request; since the start RAM 36496 blobs, files 0 blobs 0.0 MB read
strata serve: prompt 50 tokens = 49 reused + 1 read in 0 ms (79365.1 tok/s), 1 generated in 36 ms (27.4 tok/s), drafts accepted 0 of 0, 1 checkpoints
strata serve: decode expert cache hit rate: 100.0% (153 hits / 153 lookups); 327 more read by the GPU over PCIe or from another GPU (68.1% of all 480 routed)
strata serve: resident RAM: 63.28 GiB of experts in RAM, 0 exchanged with the VRAM tier, 0 blob reads from the file
safetensors residency metrics: ram_bytes=67948118016 os_locked_bytes=0 cuda_pinned_bytes=67948118016 promotions=0 promoted_payload_bytes=0 expert_file_bytes=0 (cumulative; payload is not a physical PCIe counter)
safetensors ngram metrics: ple io: 2240 rows, 10.0% row-cache hits, 2016 SSD reads (8.6 MB), read p50 856 us p99 3755 us, blocked 141.533 ms total (submit 1.765 ms), cache 2016/1048576 rows, SSD kept awake by 6 reads (slowest 0.5 ms)
strata serve: expert tiers: GPU 153 hits this request; since the start RAM 36823 blobs, files 0 blobs 0.0 MB read
strata serve: prompt 51 tokens = 50 reused + 1 read in 0 ms (64516.1 tok/s), 1 generated in 36 ms (28.1 tok/s), drafts accepted 0 of 0, 1 checkpoints
strata serve: decode expert cache hit rate: 100.0% (159 hits / 159 lookups); 321 more read by the GPU over PCIe or from another GPU (66.9% of all 480 routed)
strata serve: resident RAM: 63.28 GiB of experts in RAM, 0 exchanged with the VRAM tier, 0 blob reads from the file
safetensors residency metrics: ram_bytes=67948118016 os_locked_bytes=0 cuda_pinned_bytes=67948118016 promotions=0 promoted_payload_bytes=0 expert_file_bytes=0 (cumulative; payload is not a physical PCIe counter)
safetensors ngram metrics: ple io: 2256 rows, 9.9% row-cache hits, 2032 SSD reads (8.7 MB), read p50 853 us p99 3755 us, blocked 142.646 ms total (submit 1.776 ms), cache 2032/1048576 rows, SSD kept awake by 6 reads (slowest 0.5 ms)
strata serve: expert tiers: GPU 159 hits this request; since the start RAM 37144 blobs, files 0 blobs 0.0 MB read
strata serve: prompt 52 tokens = 51 reused + 1 read in 0 ms (69930.1 tok/s), 1 generated in 35 ms (28.2 tok/s), drafts accepted 0 of 0, 1 checkpoints
strata serve: decode expert cache hit rate: 100.0% (163 hits / 163 lookups); 317 more read by the GPU over PCIe or from another GPU (66.0% of all 480 routed)
strata serve: resident RAM: 63.28 GiB of experts in RAM, 0 exchanged with the VRAM tier, 0 blob reads from the file
safetensors residency metrics: ram_bytes=67948118016 os_locked_bytes=0 cuda_pinned_bytes=67948118016 promotions=0 promoted_payload_bytes=0 expert_file_bytes=0 (cumulative; payload is not a physical PCIe counter)
safetensors ngram metrics: ple io: 2272 rows, 9.9% row-cache hits, 2048 SSD reads (8.7 MB), read p50 852 us p99 3755 us, blocked 143.671 ms total (submit 1.787 ms), cache 2048/1048576 rows, SSD kept awake by 6 reads (slowest 0.5 ms)
strata serve: expert tiers: GPU 163 hits this request; since the start RAM 37461 blobs, files 0 blobs 0.0 MB read
strata serve: prompt 53 tokens = 52 reused + 1 read in 0 ms (63291.1 tok/s), 1 generated in 36 ms (27.9 tok/s), drafts accepted 0 of 0, 1 checkpoints
strata serve: decode expert cache hit rate: 100.0% (152 hits / 152 lookups); 328 more read by the GPU over PCIe or from another GPU (68.3% of all 480 routed)
strata serve: resident RAM: 63.28 GiB of experts in RAM, 0 exchanged with the VRAM tier, 0 blob reads from the file
safetensors residency metrics: ram_bytes=67948118016 os_locked_bytes=0 cuda_pinned_bytes=67948118016 promotions=0 promoted_payload_bytes=0 expert_file_bytes=0 (cumulative; payload is not a physical PCIe counter)
safetensors ngram metrics: ple io: 2288 rows, 9.8% row-cache hits, 2064 SSD reads (8.8 MB), read p50 852 us p99 3748 us, blocked 144.712 ms total (submit 1.800 ms), cache 2064/1048576 rows, SSD kept awake by 6 reads (slowest 0.5 ms)
strata serve: expert tiers: GPU 152 hits this request; since the start RAM 37789 blobs, files 0 blobs 0.0 MB read
strata serve: prompt 54 tokens = 53 reused + 1 read in 0 ms (74074.1 tok/s), 1 generated in 36 ms (28.1 tok/s), drafts accepted 0 of 0, 1 checkpoints
strata serve: decode expert cache hit rate: 100.0% (152 hits / 152 lookups); 328 more read by the GPU over PCIe or from another GPU (68.3% of all 480 routed)
strata serve: resident RAM: 63.28 GiB of experts in RAM, 0 exchanged with the VRAM tier, 0 blob reads from the file
safetensors residency metrics: ram_bytes=67948118016 os_locked_bytes=0 cuda_pinned_bytes=67948118016 promotions=0 promoted_payload_bytes=0 expert_file_bytes=0 (cumulative; payload is not a physical PCIe counter)
safetensors ngram metrics: ple io: 2304 rows, 9.7% row-cache hits, 2080 SSD reads (8.9 MB), read p50 852 us p99 3748 us, blocked 145.799 ms total (submit 1.820 ms), cache 2080/1048576 rows, SSD kept awake by 6 reads (slowest 0.5 ms)
strata serve: expert tiers: GPU 152 hits this request; since the start RAM 38117 blobs, files 0 blobs 0.0 MB read
strata serve: prompt 55 tokens = 54 reused + 1 read in 0 ms (84033.6 tok/s), 1 generated in 36 ms (28.0 tok/s), drafts accepted 0 of 0, 1 checkpoints
strata serve: decode expert cache hit rate: 100.0% (160 hits / 160 lookups); 320 more read by the GPU over PCIe or from another GPU (66.7% of all 480 routed)
strata serve: resident RAM: 63.28 GiB of experts in RAM, 0 exchanged with the VRAM tier, 0 blob reads from the file
safetensors residency metrics: ram_bytes=67948118016 os_locked_bytes=0 cuda_pinned_bytes=67948118016 promotions=0 promoted_payload_bytes=0 expert_file_bytes=0 (cumulative; payload is not a physical PCIe counter)
safetensors ngram metrics: ple io: 2320 rows, 9.7% row-cache hits, 2096 SSD reads (8.9 MB), read p50 852 us p99 3748 us, blocked 146.987 ms total (submit 1.833 ms), cache 2096/1048576 rows, SSD kept awake by 6 reads (slowest 0.5 ms)
strata serve: expert tiers: GPU 160 hits this request; since the start RAM 38437 blobs, files 0 blobs 0.0 MB read
strata serve: prompt 56 tokens = 55 reused + 1 read in 0 ms (63694.3 tok/s), 1 generated in 36 ms (27.7 tok/s), drafts accepted 0 of 0, 1 checkpoints
strata serve: decode expert cache hit rate: 100.0% (148 hits / 148 lookups); 332 more read by the GPU over PCIe or from another GPU (69.2% of all 480 routed)
strata serve: resident RAM: 63.28 GiB of experts in RAM, 0 exchanged with the VRAM tier, 0 blob reads from the file
safetensors residency metrics: ram_bytes=67948118016 os_locked_bytes=0 cuda_pinned_bytes=67948118016 promotions=0 promoted_payload_bytes=0 expert_file_bytes=0 (cumulative; payload is not a physical PCIe counter)
safetensors ngram metrics: ple io: 2336 rows, 9.6% row-cache hits, 2112 SSD reads (9.0 MB), read p50 852 us p99 3748 us, blocked 148.040 ms total (submit 1.845 ms), cache 2112/1048576 rows, SSD kept awake by 6 reads (slowest 0.5 ms)
strata serve: expert tiers: GPU 148 hits this request; since the start RAM 38769 blobs, files 0 blobs 0.0 MB read
strata serve: prompt 57 tokens = 56 reused + 1 read in 0 ms (76923.1 tok/s), 1 generated in 38 ms (26.4 tok/s), drafts accepted 0 of 0, 1 checkpoints
strata serve: decode expert cache hit rate: 100.0% (137 hits / 137 lookups); 343 more read by the GPU over PCIe or from another GPU (71.5% of all 480 routed)
strata serve: resident RAM: 63.28 GiB of experts in RAM, 0 exchanged with the VRAM tier, 0 blob reads from the file
safetensors residency metrics: ram_bytes=67948118016 os_locked_bytes=0 cuda_pinned_bytes=67948118016 promotions=0 promoted_payload_bytes=0 expert_file_bytes=0 (cumulative; payload is not a physical PCIe counter)
safetensors ngram metrics: ple io: 2352 rows, 9.5% row-cache hits, 2128 SSD reads (9.1 MB), read p50 852 us p99 3748 us, blocked 149.163 ms total (submit 1.862 ms), cache 2128/1048576 rows, SSD kept awake by 6 reads (slowest 0.5 ms)
strata serve: expert tiers: GPU 137 hits this request; since the start RAM 39112 blobs, files 0 blobs 0.0 MB read
strata serve: prompt 58 tokens = 57 reused + 1 read in 0 ms (61728.4 tok/s), 1 generated in 34 ms (29.0 tok/s), drafts accepted 0 of 0, 1 checkpoints
strata serve: decode expert cache hit rate: 100.0% (178 hits / 178 lookups); 302 more read by the GPU over PCIe or from another GPU (62.9% of all 480 routed)
strata serve: resident RAM: 63.28 GiB of experts in RAM, 0 exchanged with the VRAM tier, 0 blob reads from the file
safetensors residency metrics: ram_bytes=67948118016 os_locked_bytes=0 cuda_pinned_bytes=67948118016 promotions=0 promoted_payload_bytes=0 expert_file_bytes=0 (cumulative; payload is not a physical PCIe counter)
safetensors ngram metrics: ple io: 2368 rows, 9.5% row-cache hits, 2144 SSD reads (9.2 MB), read p50 849 us p99 3748 us, blocked 150.208 ms total (submit 1.873 ms), cache 2144/1048576 rows, SSD kept awake by 6 reads (slowest 0.5 ms)
strata serve: expert tiers: GPU 178 hits this request; since the start RAM 39414 blobs, files 0 blobs 0.0 MB read
strata serve: prompt 59 tokens = 58 reused + 1 read in 0 ms (73529.4 tok/s), 1 generated in 29 ms (34.1 tok/s), drafts accepted 0 of 0, 1 checkpoints
strata serve: decode expert cache hit rate: 100.0% (253 hits / 253 lookups); 227 more read by the GPU over PCIe or from another GPU (47.3% of all 480 routed)
strata serve: resident RAM: 63.28 GiB of experts in RAM, 0 exchanged with the VRAM tier, 0 blob reads from the file
safetensors residency metrics: ram_bytes=67948118016 os_locked_bytes=0 cuda_pinned_bytes=67948118016 promotions=0 promoted_payload_bytes=0 expert_file_bytes=0 (cumulative; payload is not a physical PCIe counter)
safetensors ngram metrics: ple io: 2384 rows, 9.4% row-cache hits, 2160 SSD reads (9.2 MB), read p50 849 us p99 3716 us, blocked 151.289 ms total (submit 1.893 ms), cache 2160/1048576 rows, SSD kept awake by 6 reads (slowest 0.5 ms)
strata serve: expert tiers: GPU 253 hits this request; since the start RAM 39641 blobs, files 0 blobs 0.0 MB read
strata serve: prompt 60 tokens = 59 reused + 1 read in 0 ms (61728.4 tok/s), 1 generated in 34 ms (29.7 tok/s), drafts accepted 0 of 0, 1 checkpoints
strata serve: decode expert cache hit rate: 100.0% (194 hits / 194 lookups); 286 more read by the GPU over PCIe or from another GPU (59.6% of all 480 routed)
strata serve: resident RAM: 63.28 GiB of experts in RAM, 0 exchanged with the VRAM tier, 0 blob reads from the file
safetensors residency metrics: ram_bytes=67948118016 os_locked_bytes=0 cuda_pinned_bytes=67948118016 promotions=0 promoted_payload_bytes=0 expert_file_bytes=0 (cumulative; payload is not a physical PCIe counter)
safetensors ngram metrics: ple io: 2400 rows, 9.3% row-cache hits, 2176 SSD reads (9.3 MB), read p50 846 us p99 3716 us, blocked 152.310 ms total (submit 1.906 ms), cache 2176/1048576 rows, SSD kept awake by 6 reads (slowest 0.5 ms)
strata serve: expert tiers: GPU 194 hits this request; since the start RAM 39927 blobs, files 0 blobs 0.0 MB read
strata serve: prompt 61 tokens = 60 reused + 1 read in 0 ms (68965.5 tok/s), 1 generated in 30 ms (33.4 tok/s), drafts accepted 0 of 0, 1 checkpoints
strata serve: decode expert cache hit rate: 100.0% (245 hits / 245 lookups); 235 more read by the GPU over PCIe or from another GPU (49.0% of all 480 routed)
strata serve: resident RAM: 63.28 GiB of experts in RAM, 0 exchanged with the VRAM tier, 0 blob reads from the file
safetensors residency metrics: ram_bytes=67948118016 os_locked_bytes=0 cuda_pinned_bytes=67948118016 promotions=0 promoted_payload_bytes=0 expert_file_bytes=0 (cumulative; payload is not a physical PCIe counter)
safetensors ngram metrics: ple io: 2416 rows, 9.3% row-cache hits, 2192 SSD reads (9.4 MB), read p50 846 us p99 3716 us, blocked 153.400 ms total (submit 1.923 ms), cache 2192/1048576 rows, SSD kept awake by 6 reads (slowest 0.5 ms)
strata serve: expert tiers: GPU 245 hits this request; since the start RAM 40162 blobs, files 0 blobs 0.0 MB read
strata serve: prompt 62 tokens = 61 reused + 1 read in 0 ms (44642.9 tok/s), 1 generated in 36 ms (28.0 tok/s), drafts accepted 0 of 0, 1 checkpoints
strata serve: decode expert cache hit rate: 100.0% (165 hits / 165 lookups); 315 more read by the GPU over PCIe or from another GPU (65.6% of all 480 routed)
strata serve: resident RAM: 63.28 GiB of experts in RAM, 0 exchanged with the VRAM tier, 0 blob reads from the file
safetensors residency metrics: ram_bytes=67948118016 os_locked_bytes=0 cuda_pinned_bytes=67948118016 promotions=0 promoted_payload_bytes=0 expert_file_bytes=0 (cumulative; payload is not a physical PCIe counter)
safetensors ngram metrics: ple io: 2432 rows, 9.2% row-cache hits, 2208 SSD reads (9.4 MB), read p50 845 us p99 3716 us, blocked 154.470 ms total (submit 1.940 ms), cache 2208/1048576 rows, SSD kept awake by 6 reads (slowest 0.5 ms)
strata serve: expert tiers: GPU 165 hits this request; since the start RAM 40477 blobs, files 0 blobs 0.0 MB read
strata serve: prompt 63 tokens = 62 reused + 1 read in 0 ms (63291.1 tok/s), 1 generated in 36 ms (27.8 tok/s), drafts accepted 0 of 0, 1 checkpoints
strata serve: decode expert cache hit rate: 100.0% (170 hits / 170 lookups); 310 more read by the GPU over PCIe or from another GPU (64.6% of all 480 routed)
strata serve: resident RAM: 63.28 GiB of experts in RAM, 0 exchanged with the VRAM tier, 0 blob reads from the file
safetensors residency metrics: ram_bytes=67948118016 os_locked_bytes=0 cuda_pinned_bytes=67948118016 promotions=0 promoted_payload_bytes=0 expert_file_bytes=0 (cumulative; payload is not a physical PCIe counter)
safetensors ngram metrics: ple io: 2448 rows, 9.2% row-cache hits, 2224 SSD reads (9.5 MB), read p50 846 us p99 3716 us, blocked 156.070 ms total (submit 1.960 ms), cache 2224/1048576 rows, SSD kept awake by 6 reads (slowest 0.5 ms)
strata serve: expert tiers: GPU 170 hits this request; since the start RAM 40787 blobs, files 0 blobs 0.0 MB read
strata serve: prompt 64 tokens = 63 reused + 1 read in 0 ms (62500.0 tok/s), 1 generated in 36 ms (27.4 tok/s), drafts accepted 0 of 0, 1 checkpoints
strata serve: decode expert cache hit rate: 100.0% (151 hits / 151 lookups); 329 more read by the GPU over PCIe or from another GPU (68.5% of all 480 routed)
strata serve: resident RAM: 63.28 GiB of experts in RAM, 0 exchanged with the VRAM tier, 0 blob reads from the file
safetensors residency metrics: ram_bytes=67948118016 os_locked_bytes=0 cuda_pinned_bytes=67948118016 promotions=0 promoted_payload_bytes=0 expert_file_bytes=0 (cumulative; payload is not a physical PCIe counter)
safetensors ngram metrics: ple io: 2464 rows, 9.1% row-cache hits, 2240 SSD reads (9.6 MB), read p50 846 us p99 3716 us, blocked 157.135 ms total (submit 1.974 ms), cache 2240/1048576 rows, SSD kept awake by 6 reads (slowest 0.5 ms)
strata serve: expert tiers: GPU 151 hits this request; since the start RAM 41116 blobs, files 0 blobs 0.0 MB read
strata serve: prompt 65 tokens = 64 reused + 1 read in 0 ms (62111.8 tok/s), 1 generated in 35 ms (28.7 tok/s), drafts accepted 0 of 0, 1 checkpoints
strata serve: decode expert cache hit rate: 100.0% (174 hits / 174 lookups); 306 more read by the GPU over PCIe or from another GPU (63.8% of all 480 routed)
strata serve: resident RAM: 63.28 GiB of experts in RAM, 0 exchanged with the VRAM tier, 0 blob reads from the file
safetensors residency metrics: ram_bytes=67948118016 os_locked_bytes=0 cuda_pinned_bytes=67948118016 promotions=0 promoted_payload_bytes=0 expert_file_bytes=0 (cumulative; payload is not a physical PCIe counter)
safetensors ngram metrics: ple io: 2480 rows, 9.0% row-cache hits, 2256 SSD reads (9.6 MB), read p50 846 us p99 3696 us, blocked 158.365 ms total (submit 1.990 ms), cache 2256/1048576 rows, SSD kept awake by 6 reads (slowest 0.5 ms)
strata serve: expert tiers: GPU 174 hits this request; since the start RAM 41422 blobs, files 0 blobs 0.0 MB read
strata serve: prompt 66 tokens = 65 reused + 1 read in 0 ms (64516.1 tok/s), 1 generated in 32 ms (31.2 tok/s), drafts accepted 0 of 0, 1 checkpoints
strata serve: decode expert cache hit rate: 100.0% (198 hits / 198 lookups); 282 more read by the GPU over PCIe or from another GPU (58.8% of all 480 routed)
strata serve: resident RAM: 63.28 GiB of experts in RAM, 0 exchanged with the VRAM tier, 0 blob reads from the file
safetensors residency metrics: ram_bytes=67948118016 os_locked_bytes=0 cuda_pinned_bytes=67948118016 promotions=0 promoted_payload_bytes=0 expert_file_bytes=0 (cumulative; payload is not a physical PCIe counter)
safetensors ngram metrics: ple io: 2496 rows, 9.3% row-cache hits, 2264 SSD reads (9.7 MB), read p50 843 us p99 3696 us, blocked 158.847 ms total (submit 2.004 ms), cache 2264/1048576 rows, SSD kept awake by 6 reads (slowest 0.5 ms)
strata serve: expert tiers: GPU 198 hits this request; since the start RAM 41704 blobs, files 0 blobs 0.0 MB read
strata serve: prompt 67 tokens = 66 reused + 1 read in 0 ms (70922.0 tok/s), 1 generated in 34 ms (29.0 tok/s), drafts accepted 0 of 0, 1 checkpoints
strata serve: decode expert cache hit rate: 100.0% (167 hits / 167 lookups); 313 more read by the GPU over PCIe or from another GPU (65.2% of all 480 routed)
strata serve: resident RAM: 63.28 GiB of experts in RAM, 0 exchanged with the VRAM tier, 0 blob reads from the file
safetensors residency metrics: ram_bytes=67948118016 os_locked_bytes=0 cuda_pinned_bytes=67948118016 promotions=0 promoted_payload_bytes=0 expert_file_bytes=0 (cumulative; payload is not a physical PCIe counter)
safetensors ngram metrics: ple io: 2512 rows, 9.9% row-cache hits, 2264 SSD reads (9.7 MB), read p50 843 us p99 3696 us, blocked 158.847 ms total (submit 2.004 ms), cache 2264/1048576 rows, SSD kept awake by 6 reads (slowest 0.5 ms)
strata serve: expert tiers: GPU 167 hits this request; since the start RAM 42017 blobs, files 0 blobs 0.0 MB read
strata serve: prompt 68 tokens = 67 reused + 1 read in 0 ms (67114.1 tok/s), 1 generated in 35 ms (28.8 tok/s), drafts accepted 0 of 0, 1 checkpoints
strata serve: decode expert cache hit rate: 100.0% (172 hits / 172 lookups); 308 more read by the GPU over PCIe or from another GPU (64.2% of all 480 routed)
strata serve: resident RAM: 63.28 GiB of experts in RAM, 0 exchanged with the VRAM tier, 0 blob reads from the file
safetensors residency metrics: ram_bytes=67948118016 os_locked_bytes=0 cuda_pinned_bytes=67948118016 promotions=0 promoted_payload_bytes=0 expert_file_bytes=0 (cumulative; payload is not a physical PCIe counter)
safetensors ngram metrics: ple io: 2528 rows, 10.4% row-cache hits, 2264 SSD reads (9.7 MB), read p50 843 us p99 3696 us, blocked 158.847 ms total (submit 2.004 ms), cache 2264/1048576 rows, SSD kept awake by 7 reads (slowest 0.5 ms)
strata serve: expert tiers: GPU 172 hits this request; since the start RAM 42325 blobs, files 0 blobs 0.0 MB read
strata serve: prompt 69 tokens = 68 reused + 1 read in 0 ms (70922.0 tok/s), 1 generated in 27 ms (36.4 tok/s), drafts accepted 0 of 0, 1 checkpoints
strata serve: decode expert cache hit rate: 100.0% (283 hits / 283 lookups); 197 more read by the GPU over PCIe or from another GPU (41.0% of all 480 routed)
strata serve: resident RAM: 63.28 GiB of experts in RAM, 0 exchanged with the VRAM tier, 0 blob reads from the file
safetensors residency metrics: ram_bytes=67948118016 os_locked_bytes=0 cuda_pinned_bytes=67948118016 promotions=0 promoted_payload_bytes=0 expert_file_bytes=0 (cumulative; payload is not a physical PCIe counter)
safetensors ngram metrics: ple io: 2544 rows, 10.4% row-cache hits, 2280 SSD reads (9.7 MB), read p50 843 us p99 3696 us, blocked 159.999 ms total (submit 2.022 ms), cache 2280/1048576 rows, SSD kept awake by 7 reads (slowest 0.5 ms)
strata serve: expert tiers: GPU 283 hits this request; since the start RAM 42522 blobs, files 0 blobs 0.0 MB read
strata serve: prompt 70 tokens = 69 reused + 1 read in 0 ms (74626.9 tok/s), 1 generated in 35 ms (28.9 tok/s), drafts accepted 0 of 0, 1 checkpoints
strata serve: decode expert cache hit rate: 100.0% (175 hits / 175 lookups); 305 more read by the GPU over PCIe or from another GPU (63.5% of all 480 routed)
strata serve: resident RAM: 63.28 GiB of experts in RAM, 0 exchanged with the VRAM tier, 0 blob reads from the file
safetensors residency metrics: ram_bytes=67948118016 os_locked_bytes=0 cuda_pinned_bytes=67948118016 promotions=0 promoted_payload_bytes=0 expert_file_bytes=0 (cumulative; payload is not a physical PCIe counter)
safetensors ngram metrics: ple io: 2560 rows, 10.3% row-cache hits, 2296 SSD reads (9.8 MB), read p50 841 us p99 3696 us, blocked 161.039 ms total (submit 2.054 ms), cache 2296/1048576 rows, SSD kept awake by 7 reads (slowest 0.5 ms)
strata serve: expert tiers: GPU 175 hits this request; since the start RAM 42827 blobs, files 0 blobs 0.0 MB read
strata serve: prompt 71 tokens = 70 reused + 1 read in 0 ms (67567.6 tok/s), 1 generated in 36 ms (27.8 tok/s), drafts accepted 0 of 0, 1 checkpoints
strata serve: decode expert cache hit rate: 100.0% (156 hits / 156 lookups); 324 more read by the GPU over PCIe or from another GPU (67.5% of all 480 routed)
strata serve: resident RAM: 63.28 GiB of experts in RAM, 0 exchanged with the VRAM tier, 0 blob reads from the file
safetensors residency metrics: ram_bytes=67948118016 os_locked_bytes=0 cuda_pinned_bytes=67948118016 promotions=0 promoted_payload_bytes=0 expert_file_bytes=0 (cumulative; payload is not a physical PCIe counter)
safetensors ngram metrics: ple io: 2576 rows, 10.2% row-cache hits, 2312 SSD reads (9.9 MB), read p50 841 us p99 3696 us, blocked 162.086 ms total (submit 2.067 ms), cache 2312/1048576 rows, SSD kept awake by 7 reads (slowest 0.5 ms)
strata serve: expert tiers: GPU 156 hits this request; since the start RAM 43151 blobs, files 0 blobs 0.0 MB read
strata serve: prompt 72 tokens = 71 reused + 1 read in 0 ms (61349.7 tok/s), 1 generated in 35 ms (29.0 tok/s), drafts accepted 0 of 0, 1 checkpoints
strata serve: decode expert cache hit rate: 100.0% (177 hits / 177 lookups); 303 more read by the GPU over PCIe or from another GPU (63.1% of all 480 routed)
strata serve: resident RAM: 63.28 GiB of experts in RAM, 0 exchanged with the VRAM tier, 0 blob reads from the file
safetensors residency metrics: ram_bytes=67948118016 os_locked_bytes=0 cuda_pinned_bytes=67948118016 promotions=0 promoted_payload_bytes=0 expert_file_bytes=0 (cumulative; payload is not a physical PCIe counter)
safetensors ngram metrics: ple io: 2592 rows, 10.2% row-cache hits, 2328 SSD reads (9.9 MB), read p50 840 us p99 3696 us, blocked 163.152 ms total (submit 2.079 ms), cache 2328/1048576 rows, SSD kept awake by 7 reads (slowest 0.5 ms)
strata serve: expert tiers: GPU 177 hits this request; since the start RAM 43454 blobs, files 0 blobs 0.0 MB read
strata serve: prompt 73 tokens = 72 reused + 1 read in 0 ms (63694.3 tok/s), 1 generated in 35 ms (28.4 tok/s), drafts accepted 0 of 0, 1 checkpoints
strata serve: decode expert cache hit rate: 100.0% (159 hits / 159 lookups); 321 more read by the GPU over PCIe or from another GPU (66.9% of all 480 routed)
strata serve: resident RAM: 63.28 GiB of experts in RAM, 0 exchanged with the VRAM tier, 0 blob reads from the file
safetensors residency metrics: ram_bytes=67948118016 os_locked_bytes=0 cuda_pinned_bytes=67948118016 promotions=0 promoted_payload_bytes=0 expert_file_bytes=0 (cumulative; payload is not a physical PCIe counter)
safetensors ngram metrics: ple io: 2608 rows, 10.1% row-cache hits, 2344 SSD reads (10.0 MB), read p50 840 us p99 3696 us, blocked 164.176 ms total (submit 2.092 ms), cache 2344/1048576 rows, SSD kept awake by 7 reads (slowest 0.5 ms)
strata serve: expert tiers: GPU 159 hits this request; since the start RAM 43775 blobs, files 0 blobs 0.0 MB read
strata serve: prompt 74 tokens = 73 reused + 1 read in 0 ms (64102.6 tok/s), 1 generated in 35 ms (28.4 tok/s), drafts accepted 0 of 0, 1 checkpoints
strata serve: decode expert cache hit rate: 100.0% (165 hits / 165 lookups); 315 more read by the GPU over PCIe or from another GPU (65.6% of all 480 routed)
strata serve: resident RAM: 63.28 GiB of experts in RAM, 0 exchanged with the VRAM tier, 0 blob reads from the file
safetensors residency metrics: ram_bytes=67948118016 os_locked_bytes=0 cuda_pinned_bytes=67948118016 promotions=0 promoted_payload_bytes=0 expert_file_bytes=0 (cumulative; payload is not a physical PCIe counter)
safetensors ngram metrics: ple io: 2624 rows, 10.1% row-cache hits, 2360 SSD reads (10.1 MB), read p50 840 us p99 3673 us, blocked 165.377 ms total (submit 2.111 ms), cache 2360/1048576 rows, SSD kept awake by 7 reads (slowest 0.5 ms)
strata serve: expert tiers: GPU 165 hits this request; since the start RAM 44090 blobs, files 0 blobs 0.0 MB read
strata serve: prompt 75 tokens = 74 reused + 1 read in 0 ms (76923.1 tok/s), 1 generated in 34 ms (29.6 tok/s), drafts accepted 0 of 0, 1 checkpoints
strata serve: decode expert cache hit rate: 100.0% (196 hits / 196 lookups); 284 more read by the GPU over PCIe or from another GPU (59.2% of all 480 routed)
strata serve: resident RAM: 63.28 GiB of experts in RAM, 0 exchanged with the VRAM tier, 0 blob reads from the file
safetensors residency metrics: ram_bytes=67948118016 os_locked_bytes=0 cuda_pinned_bytes=67948118016 promotions=0 promoted_payload_bytes=0 expert_file_bytes=0 (cumulative; payload is not a physical PCIe counter)
safetensors ngram metrics: ple io: 2640 rows, 10.0% row-cache hits, 2376 SSD reads (10.1 MB), read p50 840 us p99 3673 us, blocked 166.642 ms total (submit 2.128 ms), cache 2376/1048576 rows, SSD kept awake by 7 reads (slowest 0.5 ms)
strata serve: expert tiers: GPU 196 hits this request; since the start RAM 44374 blobs, files 0 blobs 0.0 MB read
strata serve: prompt 76 tokens = 75 reused + 1 read in 0 ms (70422.5 tok/s), 1 generated in 34 ms (29.2 tok/s), drafts accepted 0 of 0, 1 checkpoints
strata serve: decode expert cache hit rate: 100.0% (184 hits / 184 lookups); 296 more read by the GPU over PCIe or from another GPU (61.7% of all 480 routed)
strata serve: resident RAM: 63.28 GiB of experts in RAM, 0 exchanged with the VRAM tier, 0 blob reads from the file
safetensors residency metrics: ram_bytes=67948118016 os_locked_bytes=0 cuda_pinned_bytes=67948118016 promotions=0 promoted_payload_bytes=0 expert_file_bytes=0 (cumulative; payload is not a physical PCIe counter)
safetensors ngram metrics: ple io: 2656 rows, 9.9% row-cache hits, 2392 SSD reads (10.2 MB), read p50 840 us p99 3673 us, blocked 167.764 ms total (submit 2.142 ms), cache 2392/1048576 rows, SSD kept awake by 7 reads (slowest 0.5 ms)
strata serve: expert tiers: GPU 184 hits this request; since the start RAM 44670 blobs, files 0 blobs 0.0 MB read
strata serve: prompt 77 tokens = 76 reused + 1 read in 0 ms (75188.0 tok/s), 1 generated in 34 ms (29.3 tok/s), drafts accepted 0 of 0, 1 checkpoints
strata serve: decode expert cache hit rate: 100.0% (181 hits / 181 lookups); 299 more read by the GPU over PCIe or from another GPU (62.3% of all 480 routed)
strata serve: resident RAM: 63.28 GiB of experts in RAM, 0 exchanged with the VRAM tier, 0 blob reads from the file
safetensors residency metrics: ram_bytes=67948118016 os_locked_bytes=0 cuda_pinned_bytes=67948118016 promotions=0 promoted_payload_bytes=0 expert_file_bytes=0 (cumulative; payload is not a physical PCIe counter)
safetensors ngram metrics: ple io: 2672 rows, 9.9% row-cache hits, 2408 SSD reads (10.3 MB), read p50 839 us p99 3673 us, blocked 168.866 ms total (submit 2.160 ms), cache 2408/1048576 rows, SSD kept awake by 7 reads (slowest 0.5 ms)
strata serve: expert tiers: GPU 181 hits this request; since the start RAM 44969 blobs, files 0 blobs 0.0 MB read
strata serve: prompt 78 tokens = 77 reused + 1 read in 0 ms (69930.1 tok/s), 1 generated in 37 ms (27.0 tok/s), drafts accepted 0 of 0, 1 checkpoints
strata serve: decode expert cache hit rate: 100.0% (140 hits / 140 lookups); 340 more read by the GPU over PCIe or from another GPU (70.8% of all 480 routed)
strata serve: resident RAM: 63.28 GiB of experts in RAM, 0 exchanged with the VRAM tier, 0 blob reads from the file
safetensors residency metrics: ram_bytes=67948118016 os_locked_bytes=0 cuda_pinned_bytes=67948118016 promotions=0 promoted_payload_bytes=0 expert_file_bytes=0 (cumulative; payload is not a physical PCIe counter)
safetensors ngram metrics: ple io: 2688 rows, 9.8% row-cache hits, 2424 SSD reads (10.4 MB), read p50 839 us p99 3673 us, blocked 169.993 ms total (submit 2.183 ms), cache 2424/1048576 rows, SSD kept awake by 7 reads (slowest 0.5 ms)
strata serve: expert tiers: GPU 140 hits this request; since the start RAM 45309 blobs, files 0 blobs 0.0 MB read
strata serve: prompt 79 tokens = 78 reused + 1 read in 0 ms (67114.1 tok/s), 1 generated in 36 ms (27.5 tok/s), drafts accepted 0 of 0, 1 checkpoints
strata serve: decode expert cache hit rate: 100.0% (142 hits / 142 lookups); 338 more read by the GPU over PCIe or from another GPU (70.4% of all 480 routed)
strata serve: resident RAM: 63.28 GiB of experts in RAM, 0 exchanged with the VRAM tier, 0 blob reads from the file
safetensors residency metrics: ram_bytes=67948118016 os_locked_bytes=0 cuda_pinned_bytes=67948118016 promotions=0 promoted_payload_bytes=0 expert_file_bytes=0 (cumulative; payload is not a physical PCIe counter)
safetensors ngram metrics: ple io: 2704 rows, 9.8% row-cache hits, 2440 SSD reads (10.4 MB), read p50 838 us p99 3673 us, blocked 170.948 ms total (submit 2.194 ms), cache 2440/1048576 rows, SSD kept awake by 7 reads (slowest 0.5 ms)
strata serve: expert tiers: GPU 142 hits this request; since the start RAM 45647 blobs, files 0 blobs 0.0 MB read
strata serve: prompt 80 tokens = 79 reused + 1 read in 0 ms (71942.4 tok/s), 1 generated in 34 ms (29.6 tok/s), drafts accepted 0 of 0, 1 checkpoints
strata serve: decode expert cache hit rate: 100.0% (188 hits / 188 lookups); 292 more read by the GPU over PCIe or from another GPU (60.8% of all 480 routed)
strata serve: resident RAM: 63.28 GiB of experts in RAM, 0 exchanged with the VRAM tier, 0 blob reads from the file
safetensors residency metrics: ram_bytes=67948118016 os_locked_bytes=0 cuda_pinned_bytes=67948118016 promotions=0 promoted_payload_bytes=0 expert_file_bytes=0 (cumulative; payload is not a physical PCIe counter)
safetensors ngram metrics: ple io: 2720 rows, 9.7% row-cache hits, 2456 SSD reads (10.5 MB), read p50 837 us p99 3652 us, blocked 172.069 ms total (submit 2.205 ms), cache 2456/1048576 rows, SSD kept awake by 7 reads (slowest 0.5 ms)
strata serve: expert tiers: GPU 188 hits this request; since the start RAM 45939 blobs, files 0 blobs 0.0 MB read
strata serve: prompt 81 tokens = 80 reused + 1 read in 0 ms (64935.1 tok/s), 1 generated in 27 ms (37.4 tok/s), drafts accepted 0 of 0, 1 checkpoints
strata serve: decode expert cache hit rate: 100.0% (292 hits / 292 lookups); 188 more read by the GPU over PCIe or from another GPU (39.2% of all 480 routed)
strata serve: resident RAM: 63.28 GiB of experts in RAM, 0 exchanged with the VRAM tier, 0 blob reads from the file
safetensors residency metrics: ram_bytes=67948118016 os_locked_bytes=0 cuda_pinned_bytes=67948118016 promotions=0 promoted_payload_bytes=0 expert_file_bytes=0 (cumulative; payload is not a physical PCIe counter)
safetensors ngram metrics: ple io: 2736 rows, 9.6% row-cache hits, 2472 SSD reads (10.6 MB), read p50 837 us p99 3652 us, blocked 173.125 ms total (submit 2.215 ms), cache 2472/1048576 rows, SSD kept awake by 7 reads (slowest 0.5 ms)
strata serve: expert tiers: GPU 292 hits this request; since the start RAM 46127 blobs, files 0 blobs 0.0 MB read
strata serve: prompt 82 tokens = 81 reused + 1 read in 0 ms (50505.1 tok/s), 1 generated in 33 ms (30.0 tok/s), drafts accepted 0 of 0, 1 checkpoints
strata serve: decode expert cache hit rate: 100.0% (193 hits / 193 lookups); 287 more read by the GPU over PCIe or from another GPU (59.8% of all 480 routed)
strata serve: resident RAM: 63.28 GiB of experts in RAM, 0 exchanged with the VRAM tier, 0 blob reads from the file
safetensors residency metrics: ram_bytes=67948118016 os_locked_bytes=0 cuda_pinned_bytes=67948118016 promotions=0 promoted_payload_bytes=0 expert_file_bytes=0 (cumulative; payload is not a physical PCIe counter)
safetensors ngram metrics: ple io: 2752 rows, 9.6% row-cache hits, 2488 SSD reads (10.6 MB), read p50 836 us p99 3652 us, blocked 174.170 ms total (submit 2.231 ms), cache 2488/1048576 rows, SSD kept awake by 7 reads (slowest 0.5 ms)
strata serve: expert tiers: GPU 193 hits this request; since the start RAM 46414 blobs, files 0 blobs 0.0 MB read
strata serve: prompt 83 tokens = 82 reused + 1 read in 0 ms (72992.7 tok/s), 1 generated in 32 ms (31.1 tok/s), drafts accepted 0 of 0, 1 checkpoints
strata serve: decode expert cache hit rate: 100.0% (208 hits / 208 lookups); 272 more read by the GPU over PCIe or from another GPU (56.7% of all 480 routed)
strata serve: resident RAM: 63.28 GiB of experts in RAM, 0 exchanged with the VRAM tier, 0 blob reads from the file
safetensors residency metrics: ram_bytes=67948118016 os_locked_bytes=0 cuda_pinned_bytes=67948118016 promotions=0 promoted_payload_bytes=0 expert_file_bytes=0 (cumulative; payload is not a physical PCIe counter)
safetensors ngram metrics: ple io: 2768 rows, 9.5% row-cache hits, 2504 SSD reads (10.7 MB), read p50 835 us p99 3652 us, blocked 175.240 ms total (submit 2.249 ms), cache 2504/1048576 rows, SSD kept awake by 7 reads (slowest 0.5 ms)
strata serve: expert tiers: GPU 208 hits this request; since the start RAM 46686 blobs, files 0 blobs 0.0 MB read
strata serve: prompt 84 tokens = 83 reused + 1 read in 0 ms (69444.4 tok/s), 1 generated in 33 ms (30.4 tok/s), drafts accepted 0 of 0, 1 checkpoints
strata serve: decode expert cache hit rate: 100.0% (201 hits / 201 lookups); 279 more read by the GPU over PCIe or from another GPU (58.1% of all 480 routed)
strata serve: resident RAM: 63.28 GiB of experts in RAM, 0 exchanged with the VRAM tier, 0 blob reads from the file
safetensors residency metrics: ram_bytes=67948118016 os_locked_bytes=0 cuda_pinned_bytes=67948118016 promotions=0 promoted_payload_bytes=0 expert_file_bytes=0 (cumulative; payload is not a physical PCIe counter)
safetensors ngram metrics: ple io: 2784 rows, 9.5% row-cache hits, 2520 SSD reads (10.8 MB), read p50 835 us p99 3652 us, blocked 176.433 ms total (submit 2.268 ms), cache 2520/1048576 rows, SSD kept awake by 7 reads (slowest 0.5 ms)
strata serve: expert tiers: GPU 201 hits this request; since the start RAM 46965 blobs, files 0 blobs 0.0 MB read
strata serve: prompt 85 tokens = 84 reused + 1 read in 0 ms (68493.2 tok/s), 1 generated in 35 ms (28.3 tok/s), drafts accepted 0 of 0, 1 checkpoints
strata serve: decode expert cache hit rate: 100.0% (166 hits / 166 lookups); 314 more read by the GPU over PCIe or from another GPU (65.4% of all 480 routed)
strata serve: resident RAM: 63.28 GiB of experts in RAM, 0 exchanged with the VRAM tier, 0 blob reads from the file
safetensors residency metrics: ram_bytes=67948118016 os_locked_bytes=0 cuda_pinned_bytes=67948118016 promotions=0 promoted_payload_bytes=0 expert_file_bytes=0 (cumulative; payload is not a physical PCIe counter)
safetensors ngram metrics: ple io: 2800 rows, 9.4% row-cache hits, 2536 SSD reads (10.8 MB), read p50 834 us p99 3652 us, blocked 177.511 ms total (submit 2.280 ms), cache 2536/1048576 rows, SSD kept awake by 7 reads (slowest 0.5 ms)
strata serve: expert tiers: GPU 166 hits this request; since the start RAM 47279 blobs, files 0 blobs 0.0 MB read
strata serve: prompt 86 tokens = 85 reused + 1 read in 0 ms (68027.2 tok/s), 1 generated in 34 ms (29.2 tok/s), drafts accepted 0 of 0, 1 checkpoints
strata serve: decode expert cache hit rate: 100.0% (173 hits / 173 lookups); 307 more read by the GPU over PCIe or from another GPU (64.0% of all 480 routed)
strata serve: resident RAM: 63.28 GiB of experts in RAM, 0 exchanged with the VRAM tier, 0 blob reads from the file
safetensors residency metrics: ram_bytes=67948118016 os_locked_bytes=0 cuda_pinned_bytes=67948118016 promotions=0 promoted_payload_bytes=0 expert_file_bytes=0 (cumulative; payload is not a physical PCIe counter)
safetensors ngram metrics: ple io: 2816 rows, 9.4% row-cache hits, 2552 SSD reads (10.9 MB), read p50 833 us p99 3624 us, blocked 178.575 ms total (submit 2.293 ms), cache 2552/1048576 rows, SSD kept awake by 7 reads (slowest 0.5 ms)
strata serve: expert tiers: GPU 173 hits this request; since the start RAM 47586 blobs, files 0 blobs 0.0 MB read
strata serve: prompt 87 tokens = 86 reused + 1 read in 0 ms (71942.4 tok/s), 1 generated in 34 ms (29.2 tok/s), drafts accepted 0 of 0, 1 checkpoints
strata serve: decode expert cache hit rate: 100.0% (185 hits / 185 lookups); 295 more read by the GPU over PCIe or from another GPU (61.5% of all 480 routed)
strata serve: resident RAM: 63.28 GiB of experts in RAM, 0 exchanged with the VRAM tier, 0 blob reads from the file
safetensors residency metrics: ram_bytes=67948118016 os_locked_bytes=0 cuda_pinned_bytes=67948118016 promotions=0 promoted_payload_bytes=0 expert_file_bytes=0 (cumulative; payload is not a physical PCIe counter)
safetensors ngram metrics: ple io: 2832 rows, 9.3% row-cache hits, 2568 SSD reads (11.0 MB), read p50 832 us p99 3624 us, blocked 179.647 ms total (submit 2.315 ms), cache 2568/1048576 rows, SSD kept awake by 7 reads (slowest 0.5 ms)
strata serve: expert tiers: GPU 185 hits this request; since the start RAM 47881 blobs, files 0 blobs 0.0 MB read
strata serve: prompt 88 tokens = 87 reused + 1 read in 0 ms (59880.2 tok/s), 1 generated in 35 ms (29.0 tok/s), drafts accepted 0 of 0, 1 checkpoints
strata serve: decode expert cache hit rate: 100.0% (179 hits / 179 lookups); 301 more read by the GPU over PCIe or from another GPU (62.7% of all 480 routed)
strata serve: resident RAM: 63.28 GiB of experts in RAM, 0 exchanged with the VRAM tier, 0 blob reads from the file
safetensors residency metrics: ram_bytes=67948118016 os_locked_bytes=0 cuda_pinned_bytes=67948118016 promotions=0 promoted_payload_bytes=0 expert_file_bytes=0 (cumulative; payload is not a physical PCIe counter)
safetensors ngram metrics: ple io: 2848 rows, 9.3% row-cache hits, 2584 SSD reads (11.0 MB), read p50 832 us p99 3624 us, blocked 180.765 ms total (submit 2.327 ms), cache 2584/1048576 rows, SSD kept awake by 7 reads (slowest 0.5 ms)
strata serve: expert tiers: GPU 179 hits this request; since the start RAM 48182 blobs, files 0 blobs 0.0 MB read
strata serve: prompt 89 tokens = 88 reused + 1 read in 0 ms (62893.1 tok/s), 1 generated in 36 ms (27.9 tok/s), drafts accepted 0 of 0, 1 checkpoints
strata serve: decode expert cache hit rate: 100.0% (165 hits / 165 lookups); 315 more read by the GPU over PCIe or from another GPU (65.6% of all 480 routed)
strata serve: resident RAM: 63.28 GiB of experts in RAM, 0 exchanged with the VRAM tier, 0 blob reads from the file
safetensors residency metrics: ram_bytes=67948118016 os_locked_bytes=0 cuda_pinned_bytes=67948118016 promotions=0 promoted_payload_bytes=0 expert_file_bytes=0 (cumulative; payload is not a physical PCIe counter)
safetensors ngram metrics: ple io: 2864 rows, 9.2% row-cache hits, 2600 SSD reads (11.1 MB), read p50 832 us p99 3624 us, blocked 181.942 ms total (submit 2.338 ms), cache 2600/1048576 rows, SSD kept awake by 7 reads (slowest 0.5 ms)
strata serve: expert tiers: GPU 165 hits this request; since the start RAM 48497 blobs, files 0 blobs 0.0 MB read
strata serve: prompt 90 tokens = 89 reused + 1 read in 0 ms (63291.1 tok/s), 1 generated in 32 ms (31.5 tok/s), drafts accepted 0 of 0, 1 checkpoints
strata serve: decode expert cache hit rate: 100.0% (229 hits / 229 lookups); 251 more read by the GPU over PCIe or from another GPU (52.3% of all 480 routed)
strata serve: resident RAM: 63.28 GiB of experts in RAM, 0 exchanged with the VRAM tier, 0 blob reads from the file
safetensors residency metrics: ram_bytes=67948118016 os_locked_bytes=0 cuda_pinned_bytes=67948118016 promotions=0 promoted_payload_bytes=0 expert_file_bytes=0 (cumulative; payload is not a physical PCIe counter)
safetensors ngram metrics: ple io: 2880 rows, 9.2% row-cache hits, 2616 SSD reads (11.2 MB), read p50 832 us p99 3624 us, blocked 183.047 ms total (submit 2.352 ms), cache 2616/1048576 rows, SSD kept awake by 7 reads (slowest 0.5 ms)
strata serve: expert tiers: GPU 229 hits this request; since the start RAM 48748 blobs, files 0 blobs 0.0 MB read
strata serve: prompt 91 tokens = 90 reused + 1 read in 0 ms (63694.3 tok/s), 1 generated in 35 ms (28.8 tok/s), drafts accepted 0 of 0, 1 checkpoints
strata serve: decode expert cache hit rate: 100.0% (182 hits / 182 lookups); 298 more read by the GPU over PCIe or from another GPU (62.1% of all 480 routed)
strata serve: resident RAM: 63.28 GiB of experts in RAM, 0 exchanged with the VRAM tier, 0 blob reads from the file
safetensors residency metrics: ram_bytes=67948118016 os_locked_bytes=0 cuda_pinned_bytes=67948118016 promotions=0 promoted_payload_bytes=0 expert_file_bytes=0 (cumulative; payload is not a physical PCIe counter)
safetensors ngram metrics: ple io: 2896 rows, 9.1% row-cache hits, 2632 SSD reads (11.3 MB), read p50 830 us p99 3624 us, blocked 184.067 ms total (submit 2.374 ms), cache 2632/1048576 rows, SSD kept awake by 7 reads (slowest 0.5 ms)
strata serve: expert tiers: GPU 182 hits this request; since the start RAM 49046 blobs, files 0 blobs 0.0 MB read
strata serve: prompt 92 tokens = 91 reused + 1 read in 0 ms (69930.1 tok/s), 1 generated in 36 ms (27.8 tok/s), drafts accepted 0 of 0, 1 checkpoints
strata serve: decode expert cache hit rate: 100.0% (159 hits / 159 lookups); 321 more read by the GPU over PCIe or from another GPU (66.9% of all 480 routed)
strata serve: resident RAM: 63.28 GiB of experts in RAM, 0 exchanged with the VRAM tier, 0 blob reads from the file
safetensors residency metrics: ram_bytes=67948118016 os_locked_bytes=0 cuda_pinned_bytes=67948118016 promotions=0 promoted_payload_bytes=0 expert_file_bytes=0 (cumulative; payload is not a physical PCIe counter)
safetensors ngram metrics: ple io: 2912 rows, 9.1% row-cache hits, 2648 SSD reads (11.3 MB), read p50 830 us p99 3624 us, blocked 185.200 ms total (submit 2.383 ms), cache 2648/1048576 rows, SSD kept awake by 7 reads (slowest 0.5 ms)
strata serve: expert tiers: GPU 159 hits this request; since the start RAM 49367 blobs, files 0 blobs 0.0 MB read
strata serve: prompt 93 tokens = 92 reused + 1 read in 0 ms (61728.4 tok/s), 1 generated in 36 ms (28.0 tok/s), drafts accepted 0 of 0, 1 checkpoints
strata serve: decode expert cache hit rate: 100.0% (173 hits / 173 lookups); 307 more read by the GPU over PCIe or from another GPU (64.0% of all 480 routed)
strata serve: resident RAM: 63.28 GiB of experts in RAM, 0 exchanged with the VRAM tier, 0 blob reads from the file
safetensors residency metrics: ram_bytes=67948118016 os_locked_bytes=0 cuda_pinned_bytes=67948118016 promotions=0 promoted_payload_bytes=0 expert_file_bytes=0 (cumulative; payload is not a physical PCIe counter)
safetensors ngram metrics: ple io: 2928 rows, 9.0% row-cache hits, 2664 SSD reads (11.4 MB), read p50 830 us p99 3594 us, blocked 186.306 ms total (submit 2.410 ms), cache 2664/1048576 rows, SSD kept awake by 7 reads (slowest 0.5 ms)
strata serve: expert tiers: GPU 173 hits this request; since the start RAM 49674 blobs, files 0 blobs 0.0 MB read
strata serve: prompt 94 tokens = 93 reused + 1 read in 0 ms (66225.2 tok/s), 1 generated in 37 ms (26.8 tok/s), drafts accepted 0 of 0, 1 checkpoints
strata serve: decode expert cache hit rate: 100.0% (157 hits / 157 lookups); 323 more read by the GPU over PCIe or from another GPU (67.3% of all 480 routed)
strata serve: resident RAM: 63.28 GiB of experts in RAM, 0 exchanged with the VRAM tier, 0 blob reads from the file
safetensors residency metrics: ram_bytes=67948118016 os_locked_bytes=0 cuda_pinned_bytes=67948118016 promotions=0 promoted_payload_bytes=0 expert_file_bytes=0 (cumulative; payload is not a physical PCIe counter)
safetensors ngram metrics: ple io: 2944 rows, 9.0% row-cache hits, 2680 SSD reads (11.5 MB), read p50 832 us p99 3594 us, blocked 187.786 ms total (submit 2.427 ms), cache 2680/1048576 rows, SSD kept awake by 7 reads (slowest 0.5 ms)
strata serve: expert tiers: GPU 157 hits this request; since the start RAM 49997 blobs, files 0 blobs 0.0 MB read
strata serve: prompt 95 tokens = 94 reused + 1 read in 0 ms (66225.2 tok/s), 1 generated in 33 ms (30.5 tok/s), drafts accepted 0 of 0, 1 checkpoints
strata serve: decode expert cache hit rate: 100.0% (200 hits / 200 lookups); 280 more read by the GPU over PCIe or from another GPU (58.3% of all 480 routed)
strata serve: resident RAM: 63.28 GiB of experts in RAM, 0 exchanged with the VRAM tier, 0 blob reads from the file
safetensors residency metrics: ram_bytes=67948118016 os_locked_bytes=0 cuda_pinned_bytes=67948118016 promotions=0 promoted_payload_bytes=0 expert_file_bytes=0 (cumulative; payload is not a physical PCIe counter)
safetensors ngram metrics: ple io: 2960 rows, 8.9% row-cache hits, 2696 SSD reads (11.5 MB), read p50 832 us p99 3594 us, blocked 188.929 ms total (submit 2.441 ms), cache 2696/1048576 rows, SSD kept awake by 7 reads (slowest 0.5 ms)
strata serve: expert tiers: GPU 200 hits this request; since the start RAM 50277 blobs, files 0 blobs 0.0 MB read
strata serve: prompt 96 tokens = 95 reused + 1 read in 0 ms (71942.4 tok/s), 1 generated in 27 ms (37.0 tok/s), drafts accepted 0 of 0, 1 checkpoints
strata serve: decode expert cache hit rate: 100.0% (289 hits / 289 lookups); 191 more read by the GPU over PCIe or from another GPU (39.8% of all 480 routed)
strata serve: resident RAM: 63.28 GiB of experts in RAM, 0 exchanged with the VRAM tier, 0 blob reads from the file
safetensors residency metrics: ram_bytes=67948118016 os_locked_bytes=0 cuda_pinned_bytes=67948118016 promotions=0 promoted_payload_bytes=0 expert_file_bytes=0 (cumulative; payload is not a physical PCIe counter)
safetensors ngram metrics: ple io: 2976 rows, 8.9% row-cache hits, 2712 SSD reads (11.6 MB), read p50 830 us p99 3594 us, blocked 190.023 ms total (submit 2.455 ms), cache 2712/1048576 rows, SSD kept awake by 7 reads (slowest 0.5 ms)
strata serve: expert tiers: GPU 289 hits this request; since the start RAM 50468 blobs, files 0 blobs 0.0 MB read
strata serve: prompt 97 tokens = 96 reused + 1 read in 0 ms (71942.4 tok/s), 1 generated in 35 ms (28.3 tok/s), drafts accepted 0 of 0, 1 checkpoints
strata serve: decode expert cache hit rate: 100.0% (178 hits / 178 lookups); 302 more read by the GPU over PCIe or from another GPU (62.9% of all 480 routed)
strata serve: resident RAM: 63.28 GiB of experts in RAM, 0 exchanged with the VRAM tier, 0 blob reads from the file
safetensors residency metrics: ram_bytes=67948118016 os_locked_bytes=0 cuda_pinned_bytes=67948118016 promotions=0 promoted_payload_bytes=0 expert_file_bytes=0 (cumulative; payload is not a physical PCIe counter)
safetensors ngram metrics: ple io: 2992 rows, 8.8% row-cache hits, 2728 SSD reads (11.7 MB), read p50 830 us p99 3594 us, blocked 191.082 ms total (submit 2.469 ms), cache 2728/1048576 rows, SSD kept awake by 7 reads (slowest 0.5 ms)
strata serve: expert tiers: GPU 178 hits this request; since the start RAM 50770 blobs, files 0 blobs 0.0 MB read
strata serve: prompt 98 tokens = 97 reused + 1 read in 0 ms (70422.5 tok/s), 1 generated in 35 ms (28.8 tok/s), drafts accepted 0 of 0, 1 checkpoints
strata serve: decode expert cache hit rate: 100.0% (180 hits / 180 lookups); 300 more read by the GPU over PCIe or from another GPU (62.5% of all 480 routed)
strata serve: resident RAM: 63.28 GiB of experts in RAM, 0 exchanged with the VRAM tier, 0 blob reads from the file
safetensors residency metrics: ram_bytes=67948118016 os_locked_bytes=0 cuda_pinned_bytes=67948118016 promotions=0 promoted_payload_bytes=0 expert_file_bytes=0 (cumulative; payload is not a physical PCIe counter)
safetensors ngram metrics: ple io: 3008 rows, 8.8% row-cache hits, 2744 SSD reads (11.7 MB), read p50 830 us p99 3594 us, blocked 192.160 ms total (submit 2.484 ms), cache 2744/1048576 rows, SSD kept awake by 7 reads (slowest 0.5 ms)
strata serve: expert tiers: GPU 180 hits this request; since the start RAM 51070 blobs, files 0 blobs 0.0 MB read
strata serve: prompt 99 tokens = 98 reused + 1 read in 0 ms (62111.8 tok/s), 1 generated in 36 ms (27.5 tok/s), drafts accepted 0 of 0, 1 checkpoints
strata serve: decode expert cache hit rate: 100.0% (159 hits / 159 lookups); 321 more read by the GPU over PCIe or from another GPU (66.9% of all 480 routed)
strata serve: resident RAM: 63.28 GiB of experts in RAM, 0 exchanged with the VRAM tier, 0 blob reads from the file
safetensors residency metrics: ram_bytes=67948118016 os_locked_bytes=0 cuda_pinned_bytes=67948118016 promotions=0 promoted_payload_bytes=0 expert_file_bytes=0 (cumulative; payload is not a physical PCIe counter)
safetensors ngram metrics: ple io: 3024 rows, 8.7% row-cache hits, 2760 SSD reads (11.8 MB), read p50 829 us p99 3581 us, blocked 193.249 ms total (submit 2.494 ms), cache 2760/1048576 rows, SSD kept awake by 7 reads (slowest 0.5 ms)
strata serve: expert tiers: GPU 159 hits this request; since the start RAM 51391 blobs, files 0 blobs 0.0 MB read
strata serve: prompt 100 tokens = 99 reused + 1 read in 0 ms (62500.0 tok/s), 1 generated in 38 ms (26.1 tok/s), drafts accepted 0 of 0, 1 checkpoints
strata serve: decode expert cache hit rate: 100.0% (138 hits / 138 lookups); 342 more read by the GPU over PCIe or from another GPU (71.2% of all 480 routed)
strata serve: resident RAM: 63.28 GiB of experts in RAM, 0 exchanged with the VRAM tier, 0 blob reads from the file
safetensors residency metrics: ram_bytes=67948118016 os_locked_bytes=0 cuda_pinned_bytes=67948118016 promotions=0 promoted_payload_bytes=0 expert_file_bytes=0 (cumulative; payload is not a physical PCIe counter)
safetensors ngram metrics: ple io: 3040 rows, 8.7% row-cache hits, 2776 SSD reads (11.9 MB), read p50 829 us p99 3581 us, blocked 194.433 ms total (submit 2.511 ms), cache 2776/1048576 rows, SSD kept awake by 7 reads (slowest 0.5 ms)
strata serve: expert tiers: GPU 138 hits this request; since the start RAM 51733 blobs, files 0 blobs 0.0 MB read
strata serve: prompt 101 tokens = 100 reused + 1 read in 0 ms (67567.6 tok/s), 1 generated in 38 ms (26.3 tok/s), drafts accepted 0 of 0, 1 checkpoints
strata serve: decode expert cache hit rate: 100.0% (136 hits / 136 lookups); 344 more read by the GPU over PCIe or from another GPU (71.7% of all 480 routed)
strata serve: resident RAM: 63.28 GiB of experts in RAM, 0 exchanged with the VRAM tier, 0 blob reads from the file
safetensors residency metrics: ram_bytes=67948118016 os_locked_bytes=0 cuda_pinned_bytes=67948118016 promotions=0 promoted_payload_bytes=0 expert_file_bytes=0 (cumulative; payload is not a physical PCIe counter)
safetensors ngram metrics: ple io: 3056 rows, 8.6% row-cache hits, 2792 SSD reads (11.9 MB), read p50 829 us p99 3581 us, blocked 195.476 ms total (submit 2.530 ms), cache 2792/1048576 rows, SSD kept awake by 7 reads (slowest 0.5 ms)
strata serve: expert tiers: GPU 136 hits this request; since the start RAM 52077 blobs, files 0 blobs 0.0 MB read
strata serve: prompt 102 tokens = 101 reused + 1 read in 0 ms (61728.4 tok/s), 1 generated in 33 ms (30.0 tok/s), drafts accepted 0 of 0, 1 checkpoints
strata serve: decode expert cache hit rate: 100.0% (191 hits / 191 lookups); 289 more read by the GPU over PCIe or from another GPU (60.2% of all 480 routed)
strata serve: resident RAM: 63.28 GiB of experts in RAM, 0 exchanged with the VRAM tier, 0 blob reads from the file
safetensors residency metrics: ram_bytes=67948118016 os_locked_bytes=0 cuda_pinned_bytes=67948118016 promotions=0 promoted_payload_bytes=0 expert_file_bytes=0 (cumulative; payload is not a physical PCIe counter)
safetensors ngram metrics: ple io: 3072 rows, 8.6% row-cache hits, 2808 SSD reads (12.0 MB), read p50 829 us p99 3581 us, blocked 196.589 ms total (submit 2.549 ms), cache 2808/1048576 rows, SSD kept awake by 7 reads (slowest 0.5 ms)
strata serve: expert tiers: GPU 191 hits this request; since the start RAM 52366 blobs, files 0 blobs 0.0 MB read
strata serve: conversation cache: parked 102 tokens in 48.9 ms; parked=2 bytes=477378776 evictions=0 snapshot_bytes=238846080 reused_kv_bytes=0
strata serve: prompt 25 tokens = 0 reused + 25 read in 585 ms (42.7 tok/s), 1 generated in 23 ms (44.1 tok/s), drafts accepted 0 of 0, 1 checkpoints
strata serve: decode expert cache hit rate: 100.0% (336 hits / 336 lookups); 144 more read by the GPU over PCIe or from another GPU (30.0% of all 480 routed)
strata serve: resident RAM: 63.28 GiB of experts in RAM, 0 exchanged with the VRAM tier, 0 blob reads from the file
safetensors residency metrics: ram_bytes=67948118016 os_locked_bytes=0 cuda_pinned_bytes=67948118016 promotions=0 promoted_payload_bytes=0 expert_file_bytes=0 (cumulative; payload is not a physical PCIe counter)
safetensors ngram metrics: ple io: 3472 rows, 12.9% row-cache hits, 3024 SSD reads (12.9 MB), read p50 845 us p99 3517 us, blocked 209.717 ms total (submit 2.644 ms), cache 3024/1048576 rows, SSD kept awake by 9 reads (slowest 4.5 ms)
strata serve: expert tiers: GPU 336 hits this request; since the start RAM 57425 blobs, files 0 blobs 0.0 MB read
strata serve: prompt 26 tokens = 25 reused + 1 read in 0 ms (64102.6 tok/s), 1 generated in 32 ms (31.7 tok/s), drafts accepted 0 of 0, 1 checkpoints
strata serve: decode expert cache hit rate: 100.0% (212 hits / 212 lookups); 268 more read by the GPU over PCIe or from another GPU (55.8% of all 480 routed)
strata serve: resident RAM: 63.28 GiB of experts in RAM, 0 exchanged with the VRAM tier, 0 blob reads from the file
safetensors residency metrics: ram_bytes=67948118016 os_locked_bytes=0 cuda_pinned_bytes=67948118016 promotions=0 promoted_payload_bytes=0 expert_file_bytes=0 (cumulative; payload is not a physical PCIe counter)
safetensors ngram metrics: ple io: 3488 rows, 12.8% row-cache hits, 3040 SSD reads (13.0 MB), read p50 844 us p99 3517 us, blocked 210.766 ms total (submit 2.656 ms), cache 3040/1048576 rows, SSD kept awake by 10 reads (slowest 4.5 ms)
strata serve: expert tiers: GPU 212 hits this request; since the start RAM 57693 blobs, files 0 blobs 0.0 MB read
strata serve: prompt 27 tokens = 26 reused + 1 read in 0 ms (36101.1 tok/s), 1 generated in 36 ms (28.0 tok/s), drafts accepted 0 of 0, 1 checkpoints
strata serve: decode expert cache hit rate: 100.0% (159 hits / 159 lookups); 321 more read by the GPU over PCIe or from another GPU (66.9% of all 480 routed)
strata serve: resident RAM: 63.28 GiB of experts in RAM, 0 exchanged with the VRAM tier, 0 blob reads from the file
safetensors residency metrics: ram_bytes=67948118016 os_locked_bytes=0 cuda_pinned_bytes=67948118016 promotions=0 promoted_payload_bytes=0 expert_file_bytes=0 (cumulative; payload is not a physical PCIe counter)
safetensors ngram metrics: ple io: 3504 rows, 12.8% row-cache hits, 3056 SSD reads (13.1 MB), read p50 845 us p99 3505 us, blocked 212.332 ms total (submit 2.668 ms), cache 3056/1048576 rows, SSD kept awake by 10 reads (slowest 4.5 ms)
strata serve: expert tiers: GPU 159 hits this request; since the start RAM 58014 blobs, files 0 blobs 0.0 MB read
strata serve: prompt 28 tokens = 27 reused + 1 read in 0 ms (61728.4 tok/s), 1 generated in 36 ms (27.4 tok/s), drafts accepted 0 of 0, 1 checkpoints
strata serve: decode expert cache hit rate: 100.0% (141 hits / 141 lookups); 339 more read by the GPU over PCIe or from another GPU (70.6% of all 480 routed)
strata serve: resident RAM: 63.28 GiB of experts in RAM, 0 exchanged with the VRAM tier, 0 blob reads from the file
safetensors residency metrics: ram_bytes=67948118016 os_locked_bytes=0 cuda_pinned_bytes=67948118016 promotions=0 promoted_payload_bytes=0 expert_file_bytes=0 (cumulative; payload is not a physical PCIe counter)
safetensors ngram metrics: ple io: 3520 rows, 12.7% row-cache hits, 3072 SSD reads (13.1 MB), read p50 845 us p99 3505 us, blocked 213.388 ms total (submit 2.689 ms), cache 3072/1048576 rows, SSD kept awake by 10 reads (slowest 4.5 ms)
strata serve: expert tiers: GPU 141 hits this request; since the start RAM 58353 blobs, files 0 blobs 0.0 MB read
strata serve: prompt 29 tokens = 28 reused + 1 read in 0 ms (62893.1 tok/s), 1 generated in 38 ms (26.0 tok/s), drafts accepted 0 of 0, 1 checkpoints
strata serve: decode expert cache hit rate: 100.0% (124 hits / 124 lookups); 356 more read by the GPU over PCIe or from another GPU (74.2% of all 480 routed)
strata serve: resident RAM: 63.28 GiB of experts in RAM, 0 exchanged with the VRAM tier, 0 blob reads from the file
safetensors residency metrics: ram_bytes=67948118016 os_locked_bytes=0 cuda_pinned_bytes=67948118016 promotions=0 promoted_payload_bytes=0 expert_file_bytes=0 (cumulative; payload is not a physical PCIe counter)
safetensors ngram metrics: ple io: 3536 rows, 12.7% row-cache hits, 3088 SSD reads (13.2 MB), read p50 845 us p99 3505 us, blocked 214.740 ms total (submit 2.707 ms), cache 3088/1048576 rows, SSD kept awake by 10 reads (slowest 4.5 ms)
strata serve: expert tiers: GPU 124 hits this request; since the start RAM 58709 blobs, files 0 blobs 0.0 MB read
strata serve: prompt 30 tokens = 29 reused + 1 read in 0 ms (73529.4 tok/s), 1 generated in 40 ms (25.0 tok/s), drafts accepted 0 of 0, 1 checkpoints
strata serve: decode expert cache hit rate: 100.0% (94 hits / 94 lookups); 386 more read by the GPU over PCIe or from another GPU (80.4% of all 480 routed)
strata serve: resident RAM: 63.28 GiB of experts in RAM, 0 exchanged with the VRAM tier, 0 blob reads from the file
safetensors residency metrics: ram_bytes=67948118016 os_locked_bytes=0 cuda_pinned_bytes=67948118016 promotions=0 promoted_payload_bytes=0 expert_file_bytes=0 (cumulative; payload is not a physical PCIe counter)
safetensors ngram metrics: ple io: 3552 rows, 12.6% row-cache hits, 3104 SSD reads (13.3 MB), read p50 845 us p99 3505 us, blocked 215.806 ms total (submit 2.717 ms), cache 3104/1048576 rows, SSD kept awake by 10 reads (slowest 4.5 ms)
strata serve: expert tiers: GPU 94 hits this request; since the start RAM 59095 blobs, files 0 blobs 0.0 MB read
strata serve: prompt 31 tokens = 30 reused + 1 read in 0 ms (50761.4 tok/s), 1 generated in 38 ms (26.0 tok/s), drafts accepted 0 of 0, 1 checkpoints
strata serve: decode expert cache hit rate: 100.0% (116 hits / 116 lookups); 364 more read by the GPU over PCIe or from another GPU (75.8% of all 480 routed)
strata serve: resident RAM: 63.28 GiB of experts in RAM, 0 exchanged with the VRAM tier, 0 blob reads from the file
safetensors residency metrics: ram_bytes=67948118016 os_locked_bytes=0 cuda_pinned_bytes=67948118016 promotions=0 promoted_payload_bytes=0 expert_file_bytes=0 (cumulative; payload is not a physical PCIe counter)
safetensors ngram metrics: ple io: 3568 rows, 12.6% row-cache hits, 3120 SSD reads (13.3 MB), read p50 845 us p99 3505 us, blocked 217.015 ms total (submit 2.727 ms), cache 3120/1048576 rows, SSD kept awake by 10 reads (slowest 4.5 ms)
strata serve: expert tiers: GPU 116 hits this request; since the start RAM 59459 blobs, files 0 blobs 0.0 MB read
strata serve: prompt 32 tokens = 31 reused + 1 read in 0 ms (74074.1 tok/s), 1 generated in 39 ms (25.9 tok/s), drafts accepted 0 of 0, 1 checkpoints
strata serve: decode expert cache hit rate: 100.0% (109 hits / 109 lookups); 371 more read by the GPU over PCIe or from another GPU (77.3% of all 480 routed)
strata serve: resident RAM: 63.28 GiB of experts in RAM, 0 exchanged with the VRAM tier, 0 blob reads from the file
safetensors residency metrics: ram_bytes=67948118016 os_locked_bytes=0 cuda_pinned_bytes=67948118016 promotions=0 promoted_payload_bytes=0 expert_file_bytes=0 (cumulative; payload is not a physical PCIe counter)
safetensors ngram metrics: ple io: 3584 rows, 12.5% row-cache hits, 3136 SSD reads (13.4 MB), read p50 845 us p99 3505 us, blocked 218.136 ms total (submit 2.743 ms), cache 3136/1048576 rows, SSD kept awake by 10 reads (slowest 4.5 ms)
strata serve: expert tiers: GPU 109 hits this request; since the start RAM 59830 blobs, files 0 blobs 0.0 MB read
strata serve: prompt 33 tokens = 32 reused + 1 read in 0 ms (59171.6 tok/s), 1 generated in 31 ms (32.6 tok/s), drafts accepted 0 of 0, 1 checkpoints
strata serve: decode expert cache hit rate: 100.0% (227 hits / 227 lookups); 253 more read by the GPU over PCIe or from another GPU (52.7% of all 480 routed)
strata serve: resident RAM: 63.28 GiB of experts in RAM, 0 exchanged with the VRAM tier, 0 blob reads from the file
safetensors residency metrics: ram_bytes=67948118016 os_locked_bytes=0 cuda_pinned_bytes=67948118016 promotions=0 promoted_payload_bytes=0 expert_file_bytes=0 (cumulative; payload is not a physical PCIe counter)
safetensors ngram metrics: ple io: 3600 rows, 12.4% row-cache hits, 3152 SSD reads (13.5 MB), read p50 845 us p99 3494 us, blocked 219.260 ms total (submit 2.756 ms), cache 3152/1048576 rows, SSD kept awake by 10 reads (slowest 4.5 ms)
strata serve: expert tiers: GPU 227 hits this request; since the start RAM 60083 blobs, files 0 blobs 0.0 MB read
strata serve: prompt 34 tokens = 33 reused + 1 read in 0 ms (62111.8 tok/s), 1 generated in 39 ms (25.6 tok/s), drafts accepted 0 of 0, 1 checkpoints
strata serve: decode expert cache hit rate: 100.0% (107 hits / 107 lookups); 373 more read by the GPU over PCIe or from another GPU (77.7% of all 480 routed)
strata serve: resident RAM: 63.28 GiB of experts in RAM, 0 exchanged with the VRAM tier, 0 blob reads from the file
safetensors residency metrics: ram_bytes=67948118016 os_locked_bytes=0 cuda_pinned_bytes=67948118016 promotions=0 promoted_payload_bytes=0 expert_file_bytes=0 (cumulative; payload is not a physical PCIe counter)
safetensors ngram metrics: ple io: 3616 rows, 12.4% row-cache hits, 3168 SSD reads (13.5 MB), read p50 845 us p99 3494 us, blocked 220.360 ms total (submit 2.770 ms), cache 3168/1048576 rows, SSD kept awake by 10 reads (slowest 4.5 ms)
strata serve: expert tiers: GPU 107 hits this request; since the start RAM 60456 blobs, files 0 blobs 0.0 MB read
strata serve: prompt 35 tokens = 34 reused + 1 read in 0 ms (76335.9 tok/s), 1 generated in 39 ms (25.8 tok/s), drafts accepted 0 of 0, 1 checkpoints
strata serve: decode expert cache hit rate: 100.0% (115 hits / 115 lookups); 365 more read by the GPU over PCIe or from another GPU (76.0% of all 480 routed)
strata serve: resident RAM: 63.28 GiB of experts in RAM, 0 exchanged with the VRAM tier, 0 blob reads from the file
safetensors residency metrics: ram_bytes=67948118016 os_locked_bytes=0 cuda_pinned_bytes=67948118016 promotions=0 promoted_payload_bytes=0 expert_file_bytes=0 (cumulative; payload is not a physical PCIe counter)
safetensors ngram metrics: ple io: 3632 rows, 12.3% row-cache hits, 3184 SSD reads (13.6 MB), read p50 844 us p99 3494 us, blocked 221.499 ms total (submit 2.789 ms), cache 3184/1048576 rows, SSD kept awake by 10 reads (slowest 4.5 ms)
strata serve: expert tiers: GPU 115 hits this request; since the start RAM 60821 blobs, files 0 blobs 0.0 MB read
strata serve: prompt 36 tokens = 35 reused + 1 read in 0 ms (63694.3 tok/s), 1 generated in 36 ms (27.5 tok/s), drafts accepted 0 of 0, 1 checkpoints
strata serve: decode expert cache hit rate: 100.0% (149 hits / 149 lookups); 331 more read by the GPU over PCIe or from another GPU (69.0% of all 480 routed)
strata serve: resident RAM: 63.28 GiB of experts in RAM, 0 exchanged with the VRAM tier, 0 blob reads from the file
safetensors residency metrics: ram_bytes=67948118016 os_locked_bytes=0 cuda_pinned_bytes=67948118016 promotions=0 promoted_payload_bytes=0 expert_file_bytes=0 (cumulative; payload is not a physical PCIe counter)
safetensors ngram metrics: ple io: 3648 rows, 12.3% row-cache hits, 3200 SSD reads (13.7 MB), read p50 843 us p99 3494 us, blocked 222.480 ms total (submit 2.802 ms), cache 3200/1048576 rows, SSD kept awake by 10 reads (slowest 4.5 ms)
strata serve: expert tiers: GPU 149 hits this request; since the start RAM 61152 blobs, files 0 blobs 0.0 MB read
strata serve: prompt 37 tokens = 36 reused + 1 read in 0 ms (62500.0 tok/s), 1 generated in 39 ms (25.4 tok/s), drafts accepted 0 of 0, 1 checkpoints
strata serve: decode expert cache hit rate: 100.0% (105 hits / 105 lookups); 375 more read by the GPU over PCIe or from another GPU (78.1% of all 480 routed)
strata serve: resident RAM: 63.28 GiB of experts in RAM, 0 exchanged with the VRAM tier, 0 blob reads from the file
safetensors residency metrics: ram_bytes=67948118016 os_locked_bytes=0 cuda_pinned_bytes=67948118016 promotions=0 promoted_payload_bytes=0 expert_file_bytes=0 (cumulative; payload is not a physical PCIe counter)
safetensors ngram metrics: ple io: 3664 rows, 12.4% row-cache hits, 3208 SSD reads (13.7 MB), read p50 841 us p99 3494 us, blocked 223.058 ms total (submit 2.811 ms), cache 3208/1048576 rows, SSD kept awake by 10 reads (slowest 4.5 ms)
strata serve: expert tiers: GPU 105 hits this request; since the start RAM 61527 blobs, files 0 blobs 0.0 MB read
strata serve: prompt 38 tokens = 37 reused + 1 read in 0 ms (52356.0 tok/s), 1 generated in 37 ms (27.0 tok/s), drafts accepted 0 of 0, 1 checkpoints
strata serve: decode expert cache hit rate: 100.0% (137 hits / 137 lookups); 343 more read by the GPU over PCIe or from another GPU (71.5% of all 480 routed)
strata serve: resident RAM: 63.28 GiB of experts in RAM, 0 exchanged with the VRAM tier, 0 blob reads from the file
safetensors residency metrics: ram_bytes=67948118016 os_locked_bytes=0 cuda_pinned_bytes=67948118016 promotions=0 promoted_payload_bytes=0 expert_file_bytes=0 (cumulative; payload is not a physical PCIe counter)
safetensors ngram metrics: ple io: 3680 rows, 12.4% row-cache hits, 3224 SSD reads (13.8 MB), read p50 841 us p99 3494 us, blocked 224.195 ms total (submit 2.823 ms), cache 3224/1048576 rows, SSD kept awake by 10 reads (slowest 4.5 ms)
strata serve: expert tiers: GPU 137 hits this request; since the start RAM 61870 blobs, files 0 blobs 0.0 MB read
strata serve: prompt 39 tokens = 38 reused + 1 read in 0 ms (74074.1 tok/s), 1 generated in 30 ms (32.9 tok/s), drafts accepted 0 of 0, 1 checkpoints
strata serve: decode expert cache hit rate: 100.0% (238 hits / 238 lookups); 242 more read by the GPU over PCIe or from another GPU (50.4% of all 480 routed)
strata serve: resident RAM: 63.28 GiB of experts in RAM, 0 exchanged with the VRAM tier, 0 blob reads from the file
safetensors residency metrics: ram_bytes=67948118016 os_locked_bytes=0 cuda_pinned_bytes=67948118016 promotions=0 promoted_payload_bytes=0 expert_file_bytes=0 (cumulative; payload is not a physical PCIe counter)
safetensors ngram metrics: ple io: 3696 rows, 12.3% row-cache hits, 3240 SSD reads (13.8 MB), read p50 841 us p99 3494 us, blocked 225.397 ms total (submit 2.837 ms), cache 3240/1048576 rows, SSD kept awake by 10 reads (slowest 4.5 ms)
strata serve: expert tiers: GPU 238 hits this request; since the start RAM 62112 blobs, files 0 blobs 0.0 MB read
strata serve: prompt 40 tokens = 39 reused + 1 read in 0 ms (70922.0 tok/s), 1 generated in 39 ms (25.6 tok/s), drafts accepted 0 of 0, 1 checkpoints
strata serve: decode expert cache hit rate: 100.0% (113 hits / 113 lookups); 367 more read by the GPU over PCIe or from another GPU (76.5% of all 480 routed)
strata serve: resident RAM: 63.28 GiB of experts in RAM, 0 exchanged with the VRAM tier, 0 blob reads from the file
safetensors residency metrics: ram_bytes=67948118016 os_locked_bytes=0 cuda_pinned_bytes=67948118016 promotions=0 promoted_payload_bytes=0 expert_file_bytes=0 (cumulative; payload is not a physical PCIe counter)
safetensors ngram metrics: ple io: 3712 rows, 12.3% row-cache hits, 3256 SSD reads (13.9 MB), read p50 841 us p99 3489 us, blocked 226.493 ms total (submit 2.851 ms), cache 3256/1048576 rows, SSD kept awake by 10 reads (slowest 4.5 ms)
strata serve: expert tiers: GPU 113 hits this request; since the start RAM 62479 blobs, files 0 blobs 0.0 MB read
strata serve: prompt 41 tokens = 40 reused + 1 read in 0 ms (70922.0 tok/s), 1 generated in 41 ms (24.3 tok/s), drafts accepted 0 of 0, 1 checkpoints
strata serve: decode expert cache hit rate: 100.0% (80 hits / 80 lookups); 400 more read by the GPU over PCIe or from another GPU (83.3% of all 480 routed)
strata serve: resident RAM: 63.28 GiB of experts in RAM, 0 exchanged with the VRAM tier, 0 blob reads from the file
safetensors residency metrics: ram_bytes=67948118016 os_locked_bytes=0 cuda_pinned_bytes=67948118016 promotions=0 promoted_payload_bytes=0 expert_file_bytes=0 (cumulative; payload is not a physical PCIe counter)
safetensors ngram metrics: ple io: 3728 rows, 12.2% row-cache hits, 3272 SSD reads (14.0 MB), read p50 840 us p99 3489 us, blocked 227.554 ms total (submit 2.864 ms), cache 3272/1048576 rows, SSD kept awake by 10 reads (slowest 4.5 ms)
strata serve: expert tiers: GPU 80 hits this request; since the start RAM 62879 blobs, files 0 blobs 0.0 MB read
strata serve: prompt 42 tokens = 41 reused + 1 read in 0 ms (60975.6 tok/s), 1 generated in 39 ms (25.9 tok/s), drafts accepted 0 of 0, 1 checkpoints
strata serve: decode expert cache hit rate: 100.0% (116 hits / 116 lookups); 364 more read by the GPU over PCIe or from another GPU (75.8% of all 480 routed)
strata serve: resident RAM: 63.28 GiB of experts in RAM, 0 exchanged with the VRAM tier, 0 blob reads from the file
safetensors residency metrics: ram_bytes=67948118016 os_locked_bytes=0 cuda_pinned_bytes=67948118016 promotions=0 promoted_payload_bytes=0 expert_file_bytes=0 (cumulative; payload is not a physical PCIe counter)
safetensors ngram metrics: ple io: 3744 rows, 12.2% row-cache hits, 3288 SSD reads (14.0 MB), read p50 840 us p99 3489 us, blocked 228.656 ms total (submit 2.878 ms), cache 3288/1048576 rows, SSD kept awake by 10 reads (slowest 4.5 ms)
strata serve: expert tiers: GPU 116 hits this request; since the start RAM 63243 blobs, files 0 blobs 0.0 MB read
strata serve: prompt 43 tokens = 42 reused + 1 read in 0 ms (67567.6 tok/s), 1 generated in 37 ms (26.8 tok/s), drafts accepted 0 of 0, 1 checkpoints
strata serve: decode expert cache hit rate: 100.0% (133 hits / 133 lookups); 347 more read by the GPU over PCIe or from another GPU (72.3% of all 480 routed)
strata serve: resident RAM: 63.28 GiB of experts in RAM, 0 exchanged with the VRAM tier, 0 blob reads from the file
safetensors residency metrics: ram_bytes=67948118016 os_locked_bytes=0 cuda_pinned_bytes=67948118016 promotions=0 promoted_payload_bytes=0 expert_file_bytes=0 (cumulative; payload is not a physical PCIe counter)
safetensors ngram metrics: ple io: 3760 rows, 12.1% row-cache hits, 3304 SSD reads (14.1 MB), read p50 839 us p99 3489 us, blocked 229.695 ms total (submit 2.892 ms), cache 3304/1048576 rows, SSD kept awake by 10 reads (slowest 4.5 ms)
strata serve: expert tiers: GPU 133 hits this request; since the start RAM 63590 blobs, files 0 blobs 0.0 MB read
strata serve: prompt 44 tokens = 43 reused + 1 read in 0 ms (70922.0 tok/s), 1 generated in 35 ms (28.4 tok/s), drafts accepted 0 of 0, 1 checkpoints
strata serve: decode expert cache hit rate: 100.0% (164 hits / 164 lookups); 316 more read by the GPU over PCIe or from another GPU (65.8% of all 480 routed)
strata serve: resident RAM: 63.28 GiB of experts in RAM, 0 exchanged with the VRAM tier, 0 blob reads from the file
safetensors residency metrics: ram_bytes=67948118016 os_locked_bytes=0 cuda_pinned_bytes=67948118016 promotions=0 promoted_payload_bytes=0 expert_file_bytes=0 (cumulative; payload is not a physical PCIe counter)
safetensors ngram metrics: ple io: 3776 rows, 12.1% row-cache hits, 3320 SSD reads (14.2 MB), read p50 839 us p99 3489 us, blocked 230.765 ms total (submit 2.903 ms), cache 3320/1048576 rows, SSD kept awake by 10 reads (slowest 4.5 ms)
strata serve: expert tiers: GPU 164 hits this request; since the start RAM 63906 blobs, files 0 blobs 0.0 MB read
strata serve: prompt 45 tokens = 44 reused + 1 read in 0 ms (75188.0 tok/s), 1 generated in 39 ms (25.4 tok/s), drafts accepted 0 of 0, 1 checkpoints
strata serve: decode expert cache hit rate: 100.0% (107 hits / 107 lookups); 373 more read by the GPU over PCIe or from another GPU (77.7% of all 480 routed)
strata serve: resident RAM: 63.28 GiB of experts in RAM, 0 exchanged with the VRAM tier, 0 blob reads from the file
safetensors residency metrics: ram_bytes=67948118016 os_locked_bytes=0 cuda_pinned_bytes=67948118016 promotions=0 promoted_payload_bytes=0 expert_file_bytes=0 (cumulative; payload is not a physical PCIe counter)
safetensors ngram metrics: ple io: 3792 rows, 12.0% row-cache hits, 3336 SSD reads (14.2 MB), read p50 838 us p99 3489 us, blocked 231.774 ms total (submit 2.920 ms), cache 3336/1048576 rows, SSD kept awake by 10 reads (slowest 4.5 ms)
strata serve: expert tiers: GPU 107 hits this request; since the start RAM 64279 blobs, files 0 blobs 0.0 MB read
strata serve: prompt 46 tokens = 45 reused + 1 read in 0 ms (67114.1 tok/s), 1 generated in 42 ms (24.0 tok/s), drafts accepted 0 of 0, 1 checkpoints
strata serve: decode expert cache hit rate: 100.0% (71 hits / 71 lookups); 409 more read by the GPU over PCIe or from another GPU (85.2% of all 480 routed)
strata serve: resident RAM: 63.28 GiB of experts in RAM, 0 exchanged with the VRAM tier, 0 blob reads from the file
safetensors residency metrics: ram_bytes=67948118016 os_locked_bytes=0 cuda_pinned_bytes=67948118016 promotions=0 promoted_payload_bytes=0 expert_file_bytes=0 (cumulative; payload is not a physical PCIe counter)
safetensors ngram metrics: ple io: 3808 rows, 12.2% row-cache hits, 3344 SSD reads (14.3 MB), read p50 836 us p99 3489 us, blocked 232.151 ms total (submit 2.933 ms), cache 3344/1048576 rows, SSD kept awake by 10 reads (slowest 4.5 ms)
strata serve: expert tiers: GPU 71 hits this request; since the start RAM 64688 blobs, files 0 blobs 0.0 MB read
strata serve: prompt 47 tokens = 46 reused + 1 read in 0 ms (68965.5 tok/s), 1 generated in 41 ms (24.4 tok/s), drafts accepted 0 of 0, 1 checkpoints
strata serve: decode expert cache hit rate: 100.0% (99 hits / 99 lookups); 381 more read by the GPU over PCIe or from another GPU (79.4% of all 480 routed)
strata serve: resident RAM: 63.28 GiB of experts in RAM, 0 exchanged with the VRAM tier, 0 blob reads from the file
safetensors residency metrics: ram_bytes=67948118016 os_locked_bytes=0 cuda_pinned_bytes=67948118016 promotions=0 promoted_payload_bytes=0 expert_file_bytes=0 (cumulative; payload is not a physical PCIe counter)
safetensors ngram metrics: ple io: 3824 rows, 12.1% row-cache hits, 3360 SSD reads (14.3 MB), read p50 836 us p99 3441 us, blocked 233.380 ms total (submit 2.948 ms), cache 3360/1048576 rows, SSD kept awake by 10 reads (slowest 4.5 ms)
strata serve: expert tiers: GPU 99 hits this request; since the start RAM 65069 blobs, files 0 blobs 0.0 MB read
strata serve: prompt 48 tokens = 47 reused + 1 read in 0 ms (21052.6 tok/s), 1 generated in 40 ms (24.8 tok/s), drafts accepted 0 of 0, 1 checkpoints
strata serve: decode expert cache hit rate: 100.0% (91 hits / 91 lookups); 389 more read by the GPU over PCIe or from another GPU (81.0% of all 480 routed)
strata serve: resident RAM: 63.28 GiB of experts in RAM, 0 exchanged with the VRAM tier, 0 blob reads from the file
safetensors residency metrics: ram_bytes=67948118016 os_locked_bytes=0 cuda_pinned_bytes=67948118016 promotions=0 promoted_payload_bytes=0 expert_file_bytes=0 (cumulative; payload is not a physical PCIe counter)
safetensors ngram metrics: ple io: 3840 rows, 12.1% row-cache hits, 3376 SSD reads (14.4 MB), read p50 835 us p99 3441 us, blocked 234.525 ms total (submit 2.963 ms), cache 3376/1048576 rows, SSD kept awake by 10 reads (slowest 4.5 ms)
strata serve: expert tiers: GPU 91 hits this request; since the start RAM 65458 blobs, files 0 blobs 0.0 MB read
strata serve: prompt 49 tokens = 48 reused + 1 read in 0 ms (71942.4 tok/s), 1 generated in 39 ms (25.5 tok/s), drafts accepted 0 of 0, 1 checkpoints
strata serve: decode expert cache hit rate: 100.0% (107 hits / 107 lookups); 373 more read by the GPU over PCIe or from another GPU (77.7% of all 480 routed)
strata serve: resident RAM: 63.28 GiB of experts in RAM, 0 exchanged with the VRAM tier, 0 blob reads from the file
safetensors residency metrics: ram_bytes=67948118016 os_locked_bytes=0 cuda_pinned_bytes=67948118016 promotions=0 promoted_payload_bytes=0 expert_file_bytes=0 (cumulative; payload is not a physical PCIe counter)
safetensors ngram metrics: ple io: 3856 rows, 12.0% row-cache hits, 3392 SSD reads (14.5 MB), read p50 835 us p99 3441 us, blocked 235.759 ms total (submit 2.974 ms), cache 3392/1048576 rows, SSD kept awake by 10 reads (slowest 4.5 ms)
strata serve: expert tiers: GPU 107 hits this request; since the start RAM 65831 blobs, files 0 blobs 0.0 MB read
strata serve: prompt 50 tokens = 49 reused + 1 read in 0 ms (62111.8 tok/s), 1 generated in 39 ms (25.7 tok/s), drafts accepted 0 of 0, 1 checkpoints
strata serve: decode expert cache hit rate: 100.0% (113 hits / 113 lookups); 367 more read by the GPU over PCIe or from another GPU (76.5% of all 480 routed)
strata serve: resident RAM: 63.28 GiB of experts in RAM, 0 exchanged with the VRAM tier, 0 blob reads from the file
safetensors residency metrics: ram_bytes=67948118016 os_locked_bytes=0 cuda_pinned_bytes=67948118016 promotions=0 promoted_payload_bytes=0 expert_file_bytes=0 (cumulative; payload is not a physical PCIe counter)
safetensors ngram metrics: ple io: 3872 rows, 12.0% row-cache hits, 3408 SSD reads (14.5 MB), read p50 835 us p99 3441 us, blocked 236.987 ms total (submit 2.986 ms), cache 3408/1048576 rows, SSD kept awake by 10 reads (slowest 4.5 ms)
strata serve: expert tiers: GPU 113 hits this request; since the start RAM 66198 blobs, files 0 blobs 0.0 MB read
strata serve: prompt 51 tokens = 50 reused + 1 read in 0 ms (72463.8 tok/s), 1 generated in 39 ms (25.9 tok/s), drafts accepted 0 of 0, 1 checkpoints
strata serve: decode expert cache hit rate: 100.0% (116 hits / 116 lookups); 364 more read by the GPU over PCIe or from another GPU (75.8% of all 480 routed)
strata serve: resident RAM: 63.28 GiB of experts in RAM, 0 exchanged with the VRAM tier, 0 blob reads from the file
safetensors residency metrics: ram_bytes=67948118016 os_locked_bytes=0 cuda_pinned_bytes=67948118016 promotions=0 promoted_payload_bytes=0 expert_file_bytes=0 (cumulative; payload is not a physical PCIe counter)
safetensors ngram metrics: ple io: 3888 rows, 11.9% row-cache hits, 3424 SSD reads (14.6 MB), read p50 834 us p99 3441 us, blocked 238.076 ms total (submit 3.003 ms), cache 3424/1048576 rows, SSD kept awake by 10 reads (slowest 4.5 ms)
strata serve: expert tiers: GPU 116 hits this request; since the start RAM 66562 blobs, files 0 blobs 0.0 MB read
strata serve: prompt 52 tokens = 51 reused + 1 read in 0 ms (21505.4 tok/s), 1 generated in 40 ms (24.9 tok/s), drafts accepted 0 of 0, 1 checkpoints
strata serve: decode expert cache hit rate: 100.0% (86 hits / 86 lookups); 394 more read by the GPU over PCIe or from another GPU (82.1% of all 480 routed)
strata serve: resident RAM: 63.28 GiB of experts in RAM, 0 exchanged with the VRAM tier, 0 blob reads from the file
safetensors residency metrics: ram_bytes=67948118016 os_locked_bytes=0 cuda_pinned_bytes=67948118016 promotions=0 promoted_payload_bytes=0 expert_file_bytes=0 (cumulative; payload is not a physical PCIe counter)
safetensors ngram metrics: ple io: 3904 rows, 11.9% row-cache hits, 3440 SSD reads (14.7 MB), read p50 833 us p99 3441 us, blocked 239.030 ms total (submit 3.016 ms), cache 3440/1048576 rows, SSD kept awake by 10 reads (slowest 4.5 ms)
strata serve: expert tiers: GPU 86 hits this request; since the start RAM 66956 blobs, files 0 blobs 0.0 MB read
strata serve: prompt 53 tokens = 52 reused + 1 read in 0 ms (72992.7 tok/s), 1 generated in 43 ms (23.4 tok/s), drafts accepted 0 of 0, 1 checkpoints
strata serve: decode expert cache hit rate: 100.0% (59 hits / 59 lookups); 421 more read by the GPU over PCIe or from another GPU (87.7% of all 480 routed)
strata serve: resident RAM: 63.28 GiB of experts in RAM, 0 exchanged with the VRAM tier, 0 blob reads from the file
safetensors residency metrics: ram_bytes=67948118016 os_locked_bytes=0 cuda_pinned_bytes=67948118016 promotions=0 promoted_payload_bytes=0 expert_file_bytes=0 (cumulative; payload is not a physical PCIe counter)
safetensors ngram metrics: ple io: 3920 rows, 11.8% row-cache hits, 3456 SSD reads (14.7 MB), read p50 833 us p99 3434 us, blocked 240.160 ms total (submit 3.032 ms), cache 3456/1048576 rows, SSD kept awake by 10 reads (slowest 4.5 ms)
strata serve: expert tiers: GPU 59 hits this request; since the start RAM 67377 blobs, files 0 blobs 0.0 MB read
strata serve: prompt 54 tokens = 53 reused + 1 read in 0 ms (65359.5 tok/s), 1 generated in 41 ms (24.6 tok/s), drafts accepted 0 of 0, 1 checkpoints
strata serve: decode expert cache hit rate: 100.0% (90 hits / 90 lookups); 390 more read by the GPU over PCIe or from another GPU (81.2% of all 480 routed)
strata serve: resident RAM: 63.28 GiB of experts in RAM, 0 exchanged with the VRAM tier, 0 blob reads from the file
safetensors residency metrics: ram_bytes=67948118016 os_locked_bytes=0 cuda_pinned_bytes=67948118016 promotions=0 promoted_payload_bytes=0 expert_file_bytes=0 (cumulative; payload is not a physical PCIe counter)
safetensors ngram metrics: ple io: 3936 rows, 11.8% row-cache hits, 3472 SSD reads (14.8 MB), read p50 832 us p99 3434 us, blocked 241.255 ms total (submit 3.046 ms), cache 3472/1048576 rows, SSD kept awake by 10 reads (slowest 4.5 ms)
strata serve: expert tiers: GPU 90 hits this request; since the start RAM 67767 blobs, files 0 blobs 0.0 MB read
strata serve: prompt 55 tokens = 54 reused + 1 read in 0 ms (62111.8 tok/s), 1 generated in 43 ms (23.2 tok/s), drafts accepted 0 of 0, 1 checkpoints
strata serve: decode expert cache hit rate: 100.0% (50 hits / 50 lookups); 430 more read by the GPU over PCIe or from another GPU (89.6% of all 480 routed)
strata serve: resident RAM: 63.28 GiB of experts in RAM, 0 exchanged with the VRAM tier, 0 blob reads from the file
safetensors residency metrics: ram_bytes=67948118016 os_locked_bytes=0 cuda_pinned_bytes=67948118016 promotions=0 promoted_payload_bytes=0 expert_file_bytes=0 (cumulative; payload is not a physical PCIe counter)
safetensors ngram metrics: ple io: 3952 rows, 11.7% row-cache hits, 3488 SSD reads (14.9 MB), read p50 832 us p99 3434 us, blocked 242.376 ms total (submit 3.069 ms), cache 3488/1048576 rows, SSD kept awake by 10 reads (slowest 4.5 ms)
strata serve: expert tiers: GPU 50 hits this request; since the start RAM 68197 blobs, files 0 blobs 0.0 MB read
strata serve: prompt 56 tokens = 55 reused + 1 read in 0 ms (69930.1 tok/s), 1 generated in 41 ms (24.6 tok/s), drafts accepted 0 of 0, 1 checkpoints
strata serve: decode expert cache hit rate: 100.0% (89 hits / 89 lookups); 391 more read by the GPU over PCIe or from another GPU (81.5% of all 480 routed)
strata serve: resident RAM: 63.28 GiB of experts in RAM, 0 exchanged with the VRAM tier, 0 blob reads from the file
safetensors residency metrics: ram_bytes=67948118016 os_locked_bytes=0 cuda_pinned_bytes=67948118016 promotions=0 promoted_payload_bytes=0 expert_file_bytes=0 (cumulative; payload is not a physical PCIe counter)
safetensors ngram metrics: ple io: 3968 rows, 11.7% row-cache hits, 3504 SSD reads (14.9 MB), read p50 832 us p99 3434 us, blocked 243.419 ms total (submit 3.082 ms), cache 3504/1048576 rows, SSD kept awake by 10 reads (slowest 4.5 ms)
strata serve: expert tiers: GPU 89 hits this request; since the start RAM 68588 blobs, files 0 blobs 0.0 MB read
strata serve: prompt 57 tokens = 56 reused + 1 read in 0 ms (70922.0 tok/s), 1 generated in 41 ms (24.2 tok/s), drafts accepted 0 of 0, 1 checkpoints
strata serve: decode expert cache hit rate: 100.0% (80 hits / 80 lookups); 400 more read by the GPU over PCIe or from another GPU (83.3% of all 480 routed)
strata serve: resident RAM: 63.28 GiB of experts in RAM, 0 exchanged with the VRAM tier, 0 blob reads from the file
safetensors residency metrics: ram_bytes=67948118016 os_locked_bytes=0 cuda_pinned_bytes=67948118016 promotions=0 promoted_payload_bytes=0 expert_file_bytes=0 (cumulative; payload is not a physical PCIe counter)
safetensors ngram metrics: ple io: 3984 rows, 11.6% row-cache hits, 3520 SSD reads (15.0 MB), read p50 832 us p99 3434 us, blocked 244.524 ms total (submit 3.098 ms), cache 3520/1048576 rows, SSD kept awake by 10 reads (slowest 4.5 ms)
strata serve: expert tiers: GPU 80 hits this request; since the start RAM 68988 blobs, files 0 blobs 0.0 MB read
strata serve: prompt 58 tokens = 57 reused + 1 read in 0 ms (69444.4 tok/s), 1 generated in 36 ms (27.4 tok/s), drafts accepted 0 of 0, 1 checkpoints
strata serve: decode expert cache hit rate: 100.0% (148 hits / 148 lookups); 332 more read by the GPU over PCIe or from another GPU (69.2% of all 480 routed)
strata serve: resident RAM: 63.28 GiB of experts in RAM, 0 exchanged with the VRAM tier, 0 blob reads from the file
safetensors residency metrics: ram_bytes=67948118016 os_locked_bytes=0 cuda_pinned_bytes=67948118016 promotions=0 promoted_payload_bytes=0 expert_file_bytes=0 (cumulative; payload is not a physical PCIe counter)
safetensors ngram metrics: ple io: 4000 rows, 11.6% row-cache hits, 3536 SSD reads (15.1 MB), read p50 832 us p99 3434 us, blocked 245.878 ms total (submit 3.120 ms), cache 3536/1048576 rows, SSD kept awake by 10 reads (slowest 4.5 ms)
strata serve: expert tiers: GPU 148 hits this request; since the start RAM 69320 blobs, files 0 blobs 0.0 MB read
strata serve: prompt 59 tokens = 58 reused + 1 read in 0 ms (70922.0 tok/s), 1 generated in 43 ms (23.3 tok/s), drafts accepted 0 of 0, 1 checkpoints
strata serve: decode expert cache hit rate: 100.0% (62 hits / 62 lookups); 418 more read by the GPU over PCIe or from another GPU (87.1% of all 480 routed)
strata serve: resident RAM: 63.28 GiB of experts in RAM, 0 exchanged with the VRAM tier, 0 blob reads from the file
safetensors residency metrics: ram_bytes=67948118016 os_locked_bytes=0 cuda_pinned_bytes=67948118016 promotions=0 promoted_payload_bytes=0 expert_file_bytes=0 (cumulative; payload is not a physical PCIe counter)
safetensors ngram metrics: ple io: 4016 rows, 11.6% row-cache hits, 3552 SSD reads (15.1 MB), read p50 832 us p99 3393 us, blocked 247.030 ms total (submit 3.135 ms), cache 3552/1048576 rows, SSD kept awake by 10 reads (slowest 4.5 ms)
strata serve: expert tiers: GPU 62 hits this request; since the start RAM 69738 blobs, files 0 blobs 0.0 MB read
strata serve: prompt 60 tokens = 59 reused + 1 read in 0 ms (62893.1 tok/s), 1 generated in 35 ms (28.8 tok/s), drafts accepted 0 of 0, 1 checkpoints
strata serve: decode expert cache hit rate: 100.0% (173 hits / 173 lookups); 307 more read by the GPU over PCIe or from another GPU (64.0% of all 480 routed)
strata serve: resident RAM: 63.28 GiB of experts in RAM, 0 exchanged with the VRAM tier, 0 blob reads from the file
safetensors residency metrics: ram_bytes=67948118016 os_locked_bytes=0 cuda_pinned_bytes=67948118016 promotions=0 promoted_payload_bytes=0 expert_file_bytes=0 (cumulative; payload is not a physical PCIe counter)
safetensors ngram metrics: ple io: 4032 rows, 11.5% row-cache hits, 3568 SSD reads (15.2 MB), read p50 832 us p99 3393 us, blocked 248.069 ms total (submit 3.148 ms), cache 3568/1048576 rows, SSD kept awake by 10 reads (slowest 4.5 ms)
strata serve: expert tiers: GPU 173 hits this request; since the start RAM 70045 blobs, files 0 blobs 0.0 MB read
strata serve: prompt 61 tokens = 60 reused + 1 read in 0 ms (62893.1 tok/s), 1 generated in 39 ms (25.7 tok/s), drafts accepted 0 of 0, 1 checkpoints
strata serve: decode expert cache hit rate: 100.0% (120 hits / 120 lookups); 360 more read by the GPU over PCIe or from another GPU (75.0% of all 480 routed)
strata serve: resident RAM: 63.28 GiB of experts in RAM, 0 exchanged with the VRAM tier, 0 blob reads from the file
safetensors residency metrics: ram_bytes=67948118016 os_locked_bytes=0 cuda_pinned_bytes=67948118016 promotions=0 promoted_payload_bytes=0 expert_file_bytes=0 (cumulative; payload is not a physical PCIe counter)
safetensors ngram metrics: ple io: 4048 rows, 11.5% row-cache hits, 3584 SSD reads (15.3 MB), read p50 832 us p99 3393 us, blocked 249.112 ms total (submit 3.173 ms), cache 3584/1048576 rows, SSD kept awake by 10 reads (slowest 4.5 ms)
strata serve: expert tiers: GPU 120 hits this request; since the start RAM 70405 blobs, files 0 blobs 0.0 MB read
strata serve: prompt 62 tokens = 61 reused + 1 read in 0 ms (62500.0 tok/s), 1 generated in 30 ms (33.5 tok/s), drafts accepted 0 of 0, 1 checkpoints
strata serve: decode expert cache hit rate: 100.0% (246 hits / 246 lookups); 234 more read by the GPU over PCIe or from another GPU (48.8% of all 480 routed)
strata serve: resident RAM: 63.28 GiB of experts in RAM, 0 exchanged with the VRAM tier, 0 blob reads from the file
safetensors residency metrics: ram_bytes=67948118016 os_locked_bytes=0 cuda_pinned_bytes=67948118016 promotions=0 promoted_payload_bytes=0 expert_file_bytes=0 (cumulative; payload is not a physical PCIe counter)
safetensors ngram metrics: ple io: 4064 rows, 11.4% row-cache hits, 3600 SSD reads (15.4 MB), read p50 832 us p99 3393 us, blocked 250.154 ms total (submit 3.186 ms), cache 3600/1048576 rows, SSD kept awake by 10 reads (slowest 4.5 ms)
strata serve: expert tiers: GPU 246 hits this request; since the start RAM 70639 blobs, files 0 blobs 0.0 MB read
strata serve: prompt 63 tokens = 62 reused + 1 read in 0 ms (62111.8 tok/s), 1 generated in 40 ms (24.8 tok/s), drafts accepted 0 of 0, 1 checkpoints
strata serve: decode expert cache hit rate: 100.0% (114 hits / 114 lookups); 366 more read by the GPU over PCIe or from another GPU (76.2% of all 480 routed)
strata serve: resident RAM: 63.28 GiB of experts in RAM, 0 exchanged with the VRAM tier, 0 blob reads from the file
safetensors residency metrics: ram_bytes=67948118016 os_locked_bytes=0 cuda_pinned_bytes=67948118016 promotions=0 promoted_payload_bytes=0 expert_file_bytes=0 (cumulative; payload is not a physical PCIe counter)
safetensors ngram metrics: ple io: 4080 rows, 11.4% row-cache hits, 3616 SSD reads (15.4 MB), read p50 832 us p99 3393 us, blocked 251.327 ms total (submit 3.206 ms), cache 3616/1048576 rows, SSD kept awake by 10 reads (slowest 4.5 ms)
strata serve: expert tiers: GPU 114 hits this request; since the start RAM 71005 blobs, files 0 blobs 0.0 MB read
strata serve: prompt 64 tokens = 63 reused + 1 read in 0 ms (76923.1 tok/s), 1 generated in 42 ms (23.6 tok/s), drafts accepted 0 of 0, 1 checkpoints
strata serve: decode expert cache hit rate: 100.0% (76 hits / 76 lookups); 404 more read by the GPU over PCIe or from another GPU (84.2% of all 480 routed)
strata serve: resident RAM: 63.28 GiB of experts in RAM, 0 exchanged with the VRAM tier, 0 blob reads from the file
safetensors residency metrics: ram_bytes=67948118016 os_locked_bytes=0 cuda_pinned_bytes=67948118016 promotions=0 promoted_payload_bytes=0 expert_file_bytes=0 (cumulative; payload is not a physical PCIe counter)
safetensors ngram metrics: ple io: 4096 rows, 11.3% row-cache hits, 3632 SSD reads (15.5 MB), read p50 832 us p99 3393 us, blocked 252.437 ms total (submit 3.220 ms), cache 3632/1048576 rows, SSD kept awake by 10 reads (slowest 4.5 ms)
strata serve: expert tiers: GPU 76 hits this request; since the start RAM 71409 blobs, files 0 blobs 0.0 MB read
strata serve: prompt 65 tokens = 64 reused + 1 read in 0 ms (71428.6 tok/s), 1 generated in 44 ms (22.9 tok/s), drafts accepted 0 of 0, 1 checkpoints
strata serve: decode expert cache hit rate: 100.0% (66 hits / 66 lookups); 414 more read by the GPU over PCIe or from another GPU (86.2% of all 480 routed)
strata serve: resident RAM: 63.28 GiB of experts in RAM, 0 exchanged with the VRAM tier, 0 blob reads from the file
safetensors residency metrics: ram_bytes=67948118016 os_locked_bytes=0 cuda_pinned_bytes=67948118016 promotions=0 promoted_payload_bytes=0 expert_file_bytes=0 (cumulative; payload is not a physical PCIe counter)
safetensors ngram metrics: ple io: 4112 rows, 11.5% row-cache hits, 3640 SSD reads (15.5 MB), read p50 829 us p99 3393 us, blocked 252.875 ms total (submit 3.238 ms), cache 3640/1048576 rows, SSD kept awake by 10 reads (slowest 4.5 ms)
strata serve: expert tiers: GPU 66 hits this request; since the start RAM 71823 blobs, files 0 blobs 0.0 MB read
strata serve: prompt 66 tokens = 65 reused + 1 read in 0 ms (71428.6 tok/s), 1 generated in 42 ms (23.7 tok/s), drafts accepted 0 of 0, 1 checkpoints
strata serve: decode expert cache hit rate: 100.0% (78 hits / 78 lookups); 402 more read by the GPU over PCIe or from another GPU (83.8% of all 480 routed)
strata serve: resident RAM: 63.28 GiB of experts in RAM, 0 exchanged with the VRAM tier, 0 blob reads from the file
safetensors residency metrics: ram_bytes=67948118016 os_locked_bytes=0 cuda_pinned_bytes=67948118016 promotions=0 promoted_payload_bytes=0 expert_file_bytes=0 (cumulative; payload is not a physical PCIe counter)
safetensors ngram metrics: ple io: 4128 rows, 11.4% row-cache hits, 3656 SSD reads (15.6 MB), read p50 829 us p99 3379 us, blocked 253.928 ms total (submit 3.252 ms), cache 3656/1048576 rows, SSD kept awake by 10 reads (slowest 4.5 ms)
strata serve: expert tiers: GPU 78 hits this request; since the start RAM 72225 blobs, files 0 blobs 0.0 MB read
strata serve: prompt 67 tokens = 66 reused + 1 read in 0 ms (72463.8 tok/s), 1 generated in 40 ms (25.2 tok/s), drafts accepted 0 of 0, 1 checkpoints
strata serve: decode expert cache hit rate: 100.0% (114 hits / 114 lookups); 366 more read by the GPU over PCIe or from another GPU (76.2% of all 480 routed)
strata serve: resident RAM: 63.28 GiB of experts in RAM, 0 exchanged with the VRAM tier, 0 blob reads from the file
safetensors residency metrics: ram_bytes=67948118016 os_locked_bytes=0 cuda_pinned_bytes=67948118016 promotions=0 promoted_payload_bytes=0 expert_file_bytes=0 (cumulative; payload is not a physical PCIe counter)
safetensors ngram metrics: ple io: 4144 rows, 11.4% row-cache hits, 3672 SSD reads (15.7 MB), read p50 829 us p99 3379 us, blocked 255.159 ms total (submit 3.273 ms), cache 3672/1048576 rows, SSD kept awake by 10 reads (slowest 4.5 ms)
strata serve: expert tiers: GPU 114 hits this request; since the start RAM 72591 blobs, files 0 blobs 0.0 MB read
strata serve: prompt 68 tokens = 67 reused + 1 read in 0 ms (72463.8 tok/s), 1 generated in 42 ms (23.6 tok/s), drafts accepted 0 of 0, 1 checkpoints
strata serve: decode expert cache hit rate: 100.0% (74 hits / 74 lookups); 406 more read by the GPU over PCIe or from another GPU (84.6% of all 480 routed)
strata serve: resident RAM: 63.28 GiB of experts in RAM, 0 exchanged with the VRAM tier, 0 blob reads from the file
safetensors residency metrics: ram_bytes=67948118016 os_locked_bytes=0 cuda_pinned_bytes=67948118016 promotions=0 promoted_payload_bytes=0 expert_file_bytes=0 (cumulative; payload is not a physical PCIe counter)
safetensors ngram metrics: ple io: 4160 rows, 11.3% row-cache hits, 3688 SSD reads (15.7 MB), read p50 829 us p99 3379 us, blocked 256.213 ms total (submit 3.284 ms), cache 3688/1048576 rows, SSD kept awake by 10 reads (slowest 4.5 ms)
strata serve: expert tiers: GPU 74 hits this request; since the start RAM 72997 blobs, files 0 blobs 0.0 MB read
strata serve: prompt 69 tokens = 68 reused + 1 read in 0 ms (70922.0 tok/s), 1 generated in 43 ms (23.2 tok/s), drafts accepted 0 of 0, 1 checkpoints
strata serve: decode expert cache hit rate: 100.0% (74 hits / 74 lookups); 406 more read by the GPU over PCIe or from another GPU (84.6% of all 480 routed)
strata serve: resident RAM: 63.28 GiB of experts in RAM, 0 exchanged with the VRAM tier, 0 blob reads from the file
safetensors residency metrics: ram_bytes=67948118016 os_locked_bytes=0 cuda_pinned_bytes=67948118016 promotions=0 promoted_payload_bytes=0 expert_file_bytes=0 (cumulative; payload is not a physical PCIe counter)
safetensors ngram metrics: ple io: 4176 rows, 11.3% row-cache hits, 3704 SSD reads (15.8 MB), read p50 828 us p99 3379 us, blocked 257.315 ms total (submit 3.295 ms), cache 3704/1048576 rows, SSD kept awake by 10 reads (slowest 4.5 ms)
strata serve: expert tiers: GPU 74 hits this request; since the start RAM 73403 blobs, files 0 blobs 0.0 MB read
strata serve: prompt 70 tokens = 69 reused + 1 read in 0 ms (59171.6 tok/s), 1 generated in 38 ms (26.2 tok/s), drafts accepted 0 of 0, 1 checkpoints
strata serve: decode expert cache hit rate: 100.0% (126 hits / 126 lookups); 354 more read by the GPU over PCIe or from another GPU (73.8% of all 480 routed)
strata serve: resident RAM: 63.28 GiB of experts in RAM, 0 exchanged with the VRAM tier, 0 blob reads from the file
safetensors residency metrics: ram_bytes=67948118016 os_locked_bytes=0 cuda_pinned_bytes=67948118016 promotions=0 promoted_payload_bytes=0 expert_file_bytes=0 (cumulative; payload is not a physical PCIe counter)
safetensors ngram metrics: ple io: 4192 rows, 11.3% row-cache hits, 3720 SSD reads (15.9 MB), read p50 828 us p99 3379 us, blocked 258.396 ms total (submit 3.313 ms), cache 3720/1048576 rows, SSD kept awake by 10 reads (slowest 4.5 ms)
strata serve: expert tiers: GPU 126 hits this request; since the start RAM 73757 blobs, files 0 blobs 0.0 MB read
strata serve: prompt 71 tokens = 70 reused + 1 read in 0 ms (61728.4 tok/s), 1 generated in 39 ms (25.9 tok/s), drafts accepted 0 of 0, 1 checkpoints
strata serve: decode expert cache hit rate: 100.0% (125 hits / 125 lookups); 355 more read by the GPU over PCIe or from another GPU (74.0% of all 480 routed)
strata serve: resident RAM: 63.28 GiB of experts in RAM, 0 exchanged with the VRAM tier, 0 blob reads from the file
safetensors residency metrics: ram_bytes=67948118016 os_locked_bytes=0 cuda_pinned_bytes=67948118016 promotions=0 promoted_payload_bytes=0 expert_file_bytes=0 (cumulative; payload is not a physical PCIe counter)
safetensors ngram metrics: ple io: 4208 rows, 11.2% row-cache hits, 3736 SSD reads (15.9 MB), read p50 828 us p99 3379 us, blocked 259.463 ms total (submit 3.329 ms), cache 3736/1048576 rows, SSD kept awake by 10 reads (slowest 4.5 ms)
strata serve: expert tiers: GPU 125 hits this request; since the start RAM 74112 blobs, files 0 blobs 0.0 MB read
strata serve: prompt 72 tokens = 71 reused + 1 read in 0 ms (64102.6 tok/s), 1 generated in 41 ms (24.6 tok/s), drafts accepted 0 of 0, 1 checkpoints
strata serve: decode expert cache hit rate: 100.0% (104 hits / 104 lookups); 376 more read by the GPU over PCIe or from another GPU (78.3% of all 480 routed)
strata serve: resident RAM: 63.28 GiB of experts in RAM, 0 exchanged with the VRAM tier, 0 blob reads from the file
safetensors residency metrics: ram_bytes=67948118016 os_locked_bytes=0 cuda_pinned_bytes=67948118016 promotions=0 promoted_payload_bytes=0 expert_file_bytes=0 (cumulative; payload is not a physical PCIe counter)
safetensors ngram metrics: ple io: 4224 rows, 11.2% row-cache hits, 3752 SSD reads (16.0 MB), read p50 828 us p99 3334 us, blocked 260.673 ms total (submit 3.347 ms), cache 3752/1048576 rows, SSD kept awake by 10 reads (slowest 4.5 ms)
strata serve: expert tiers: GPU 104 hits this request; since the start RAM 74488 blobs, files 0 blobs 0.0 MB read
strata serve: prompt 73 tokens = 72 reused + 1 read in 0 ms (64516.1 tok/s), 1 generated in 41 ms (24.1 tok/s), drafts accepted 0 of 0, 1 checkpoints
strata serve: decode expert cache hit rate: 100.0% (77 hits / 77 lookups); 403 more read by the GPU over PCIe or from another GPU (84.0% of all 480 routed)
strata serve: resident RAM: 63.28 GiB of experts in RAM, 0 exchanged with the VRAM tier, 0 blob reads from the file
safetensors residency metrics: ram_bytes=67948118016 os_locked_bytes=0 cuda_pinned_bytes=67948118016 promotions=0 promoted_payload_bytes=0 expert_file_bytes=0 (cumulative; payload is not a physical PCIe counter)
safetensors ngram metrics: ple io: 4240 rows, 11.3% row-cache hits, 3760 SSD reads (16.0 MB), read p50 827 us p99 3334 us, blocked 261.514 ms total (submit 3.362 ms), cache 3760/1048576 rows, SSD kept awake by 10 reads (slowest 4.5 ms)
strata serve: expert tiers: GPU 77 hits this request; since the start RAM 74891 blobs, files 0 blobs 0.0 MB read
strata serve: prompt 74 tokens = 73 reused + 1 read in 0 ms (59171.6 tok/s), 1 generated in 39 ms (25.8 tok/s), drafts accepted 0 of 0, 1 checkpoints
strata serve: decode expert cache hit rate: 100.0% (120 hits / 120 lookups); 360 more read by the GPU over PCIe or from another GPU (75.0% of all 480 routed)
strata serve: resident RAM: 63.28 GiB of experts in RAM, 0 exchanged with the VRAM tier, 0 blob reads from the file
safetensors residency metrics: ram_bytes=67948118016 os_locked_bytes=0 cuda_pinned_bytes=67948118016 promotions=0 promoted_payload_bytes=0 expert_file_bytes=0 (cumulative; payload is not a physical PCIe counter)
safetensors ngram metrics: ple io: 4256 rows, 11.3% row-cache hits, 3776 SSD reads (16.1 MB), read p50 828 us p99 3334 us, blocked 262.783 ms total (submit 3.382 ms), cache 3776/1048576 rows, SSD kept awake by 10 reads (slowest 4.5 ms)
strata serve: expert tiers: GPU 120 hits this request; since the start RAM 75251 blobs, files 0 blobs 0.0 MB read
strata serve: prompt 75 tokens = 74 reused + 1 read in 0 ms (63291.1 tok/s), 1 generated in 41 ms (24.3 tok/s), drafts accepted 0 of 0, 1 checkpoints
strata serve: decode expert cache hit rate: 100.0% (101 hits / 101 lookups); 379 more read by the GPU over PCIe or from another GPU (79.0% of all 480 routed)
strata serve: resident RAM: 63.28 GiB of experts in RAM, 0 exchanged with the VRAM tier, 0 blob reads from the file
safetensors residency metrics: ram_bytes=67948118016 os_locked_bytes=0 cuda_pinned_bytes=67948118016 promotions=0 promoted_payload_bytes=0 expert_file_bytes=0 (cumulative; payload is not a physical PCIe counter)
safetensors ngram metrics: ple io: 4272 rows, 11.2% row-cache hits, 3792 SSD reads (16.2 MB), read p50 828 us p99 3334 us, blocked 263.919 ms total (submit 3.400 ms), cache 3792/1048576 rows, SSD kept awake by 10 reads (slowest 4.5 ms)
strata serve: expert tiers: GPU 101 hits this request; since the start RAM 75630 blobs, files 0 blobs 0.0 MB read
strata serve: prompt 76 tokens = 75 reused + 1 read in 0 ms (62893.1 tok/s), 1 generated in 43 ms (23.5 tok/s), drafts accepted 0 of 0, 1 checkpoints
strata serve: decode expert cache hit rate: 100.0% (85 hits / 85 lookups); 395 more read by the GPU over PCIe or from another GPU (82.3% of all 480 routed)
strata serve: resident RAM: 63.28 GiB of experts in RAM, 0 exchanged with the VRAM tier, 0 blob reads from the file
safetensors residency metrics: ram_bytes=67948118016 os_locked_bytes=0 cuda_pinned_bytes=67948118016 promotions=0 promoted_payload_bytes=0 expert_file_bytes=0 (cumulative; payload is not a physical PCIe counter)
safetensors ngram metrics: ple io: 4288 rows, 11.2% row-cache hits, 3808 SSD reads (16.2 MB), read p50 827 us p99 3334 us, blocked 264.947 ms total (submit 3.411 ms), cache 3808/1048576 rows, SSD kept awake by 10 reads (slowest 4.5 ms)
strata serve: expert tiers: GPU 85 hits this request; since the start RAM 76025 blobs, files 0 blobs 0.0 MB read
strata serve: prompt 77 tokens = 76 reused + 1 read in 0 ms (61728.4 tok/s), 1 generated in 41 ms (24.6 tok/s), drafts accepted 0 of 0, 1 checkpoints
strata serve: decode expert cache hit rate: 100.0% (88 hits / 88 lookups); 392 more read by the GPU over PCIe or from another GPU (81.7% of all 480 routed)
strata serve: resident RAM: 63.28 GiB of experts in RAM, 0 exchanged with the VRAM tier, 0 blob reads from the file
safetensors residency metrics: ram_bytes=67948118016 os_locked_bytes=0 cuda_pinned_bytes=67948118016 promotions=0 promoted_payload_bytes=0 expert_file_bytes=0 (cumulative; payload is not a physical PCIe counter)
safetensors ngram metrics: ple io: 4304 rows, 11.2% row-cache hits, 3824 SSD reads (16.3 MB), read p50 827 us p99 3334 us, blocked 265.998 ms total (submit 3.429 ms), cache 3824/1048576 rows, SSD kept awake by 10 reads (slowest 4.5 ms)
strata serve: expert tiers: GPU 88 hits this request; since the start RAM 76417 blobs, files 0 blobs 0.0 MB read
strata serve: prompt 78 tokens = 77 reused + 1 read in 0 ms (66225.2 tok/s), 1 generated in 39 ms (25.9 tok/s), drafts accepted 0 of 0, 1 checkpoints
strata serve: decode expert cache hit rate: 100.0% (113 hits / 113 lookups); 367 more read by the GPU over PCIe or from another GPU (76.5% of all 480 routed)
strata serve: resident RAM: 63.28 GiB of experts in RAM, 0 exchanged with the VRAM tier, 0 blob reads from the file
safetensors residency metrics: ram_bytes=67948118016 os_locked_bytes=0 cuda_pinned_bytes=67948118016 promotions=0 promoted_payload_bytes=0 expert_file_bytes=0 (cumulative; payload is not a physical PCIe counter)
safetensors ngram metrics: ple io: 4320 rows, 11.3% row-cache hits, 3832 SSD reads (16.3 MB), read p50 826 us p99 3334 us, blocked 266.476 ms total (submit 3.441 ms), cache 3832/1048576 rows, SSD kept awake by 10 reads (slowest 4.5 ms)
strata serve: expert tiers: GPU 113 hits this request; since the start RAM 76784 blobs, files 0 blobs 0.0 MB read
strata serve: prompt 79 tokens = 78 reused + 1 read in 0 ms (62500.0 tok/s), 1 generated in 36 ms (28.1 tok/s), drafts accepted 0 of 0, 1 checkpoints
strata serve: decode expert cache hit rate: 100.0% (159 hits / 159 lookups); 321 more read by the GPU over PCIe or from another GPU (66.9% of all 480 routed)
strata serve: resident RAM: 63.28 GiB of experts in RAM, 0 exchanged with the VRAM tier, 0 blob reads from the file
safetensors residency metrics: ram_bytes=67948118016 os_locked_bytes=0 cuda_pinned_bytes=67948118016 promotions=0 promoted_payload_bytes=0 expert_file_bytes=0 (cumulative; payload is not a physical PCIe counter)
safetensors ngram metrics: ple io: 4336 rows, 11.6% row-cache hits, 3832 SSD reads (16.3 MB), read p50 826 us p99 3334 us, blocked 266.476 ms total (submit 3.441 ms), cache 3832/1048576 rows, SSD kept awake by 10 reads (slowest 4.5 ms)
strata serve: expert tiers: GPU 159 hits this request; since the start RAM 77105 blobs, files 0 blobs 0.0 MB read
strata serve: prompt 80 tokens = 79 reused + 1 read in 0 ms (68027.2 tok/s), 1 generated in 38 ms (26.1 tok/s), drafts accepted 0 of 0, 1 checkpoints
strata serve: decode expert cache hit rate: 100.0% (113 hits / 113 lookups); 367 more read by the GPU over PCIe or from another GPU (76.5% of all 480 routed)
strata serve: resident RAM: 63.28 GiB of experts in RAM, 0 exchanged with the VRAM tier, 0 blob reads from the file
safetensors residency metrics: ram_bytes=67948118016 os_locked_bytes=0 cuda_pinned_bytes=67948118016 promotions=0 promoted_payload_bytes=0 expert_file_bytes=0 (cumulative; payload is not a physical PCIe counter)
safetensors ngram metrics: ple io: 4352 rows, 11.9% row-cache hits, 3832 SSD reads (16.3 MB), read p50 826 us p99 3334 us, blocked 266.477 ms total (submit 3.441 ms), cache 3832/1048576 rows, SSD kept awake by 11 reads (slowest 4.5 ms)
strata serve: expert tiers: GPU 113 hits this request; since the start RAM 77472 blobs, files 0 blobs 0.0 MB read
strata serve: prompt 81 tokens = 80 reused + 1 read in 0 ms (70422.5 tok/s), 1 generated in 33 ms (30.1 tok/s), drafts accepted 0 of 0, 1 checkpoints
strata serve: decode expert cache hit rate: 100.0% (193 hits / 193 lookups); 287 more read by the GPU over PCIe or from another GPU (59.8% of all 480 routed)
strata serve: resident RAM: 63.28 GiB of experts in RAM, 0 exchanged with the VRAM tier, 0 blob reads from the file
safetensors residency metrics: ram_bytes=67948118016 os_locked_bytes=0 cuda_pinned_bytes=67948118016 promotions=0 promoted_payload_bytes=0 expert_file_bytes=0 (cumulative; payload is not a physical PCIe counter)
safetensors ngram metrics: ple io: 4368 rows, 11.9% row-cache hits, 3848 SSD reads (16.4 MB), read p50 826 us p99 3334 us, blocked 267.500 ms total (submit 3.455 ms), cache 3848/1048576 rows, SSD kept awake by 11 reads (slowest 4.5 ms)
strata serve: expert tiers: GPU 193 hits this request; since the start RAM 77759 blobs, files 0 blobs 0.0 MB read
strata serve: prompt 82 tokens = 81 reused + 1 read in 0 ms (62111.8 tok/s), 1 generated in 39 ms (25.5 tok/s), drafts accepted 0 of 0, 1 checkpoints
strata serve: decode expert cache hit rate: 100.0% (101 hits / 101 lookups); 379 more read by the GPU over PCIe or from another GPU (79.0% of all 480 routed)
strata serve: resident RAM: 63.28 GiB of experts in RAM, 0 exchanged with the VRAM tier, 0 blob reads from the file
safetensors residency metrics: ram_bytes=67948118016 os_locked_bytes=0 cuda_pinned_bytes=67948118016 promotions=0 promoted_payload_bytes=0 expert_file_bytes=0 (cumulative; payload is not a physical PCIe counter)
safetensors ngram metrics: ple io: 4384 rows, 12.0% row-cache hits, 3856 SSD reads (16.4 MB), read p50 823 us p99 3317 us, blocked 267.987 ms total (submit 3.465 ms), cache 3856/1048576 rows, SSD kept awake by 11 reads (slowest 4.5 ms)
strata serve: expert tiers: GPU 101 hits this request; since the start RAM 78138 blobs, files 0 blobs 0.0 MB read
strata serve: prompt 83 tokens = 82 reused + 1 read in 0 ms (70922.0 tok/s), 1 generated in 38 ms (26.4 tok/s), drafts accepted 0 of 0, 1 checkpoints
strata serve: decode expert cache hit rate: 100.0% (126 hits / 126 lookups); 354 more read by the GPU over PCIe or from another GPU (73.8% of all 480 routed)
strata serve: resident RAM: 63.28 GiB of experts in RAM, 0 exchanged with the VRAM tier, 0 blob reads from the file
safetensors residency metrics: ram_bytes=67948118016 os_locked_bytes=0 cuda_pinned_bytes=67948118016 promotions=0 promoted_payload_bytes=0 expert_file_bytes=0 (cumulative; payload is not a physical PCIe counter)
safetensors ngram metrics: ple io: 4400 rows, 12.0% row-cache hits, 3872 SSD reads (16.5 MB), read p50 822 us p99 3317 us, blocked 269.099 ms total (submit 3.482 ms), cache 3872/1048576 rows, SSD kept awake by 11 reads (slowest 4.5 ms)
strata serve: expert tiers: GPU 126 hits this request; since the start RAM 78492 blobs, files 0 blobs 0.0 MB read
strata serve: prompt 84 tokens = 83 reused + 1 read in 0 ms (72992.7 tok/s), 1 generated in 33 ms (30.5 tok/s), drafts accepted 0 of 0, 1 checkpoints
strata serve: decode expert cache hit rate: 100.0% (210 hits / 210 lookups); 270 more read by the GPU over PCIe or from another GPU (56.2% of all 480 routed)
strata serve: resident RAM: 63.28 GiB of experts in RAM, 0 exchanged with the VRAM tier, 0 blob reads from the file
safetensors residency metrics: ram_bytes=67948118016 os_locked_bytes=0 cuda_pinned_bytes=67948118016 promotions=0 promoted_payload_bytes=0 expert_file_bytes=0 (cumulative; payload is not a physical PCIe counter)
safetensors ngram metrics: ple io: 4416 rows, 12.0% row-cache hits, 3888 SSD reads (16.6 MB), read p50 821 us p99 3317 us, blocked 270.095 ms total (submit 3.497 ms), cache 3888/1048576 rows, SSD kept awake by 11 reads (slowest 4.5 ms)
strata serve: expert tiers: GPU 210 hits this request; since the start RAM 78762 blobs, files 0 blobs 0.0 MB read
strata serve: prompt 85 tokens = 84 reused + 1 read in 0 ms (60241.0 tok/s), 1 generated in 40 ms (24.8 tok/s), drafts accepted 0 of 0, 1 checkpoints
strata serve: decode expert cache hit rate: 100.0% (92 hits / 92 lookups); 388 more read by the GPU over PCIe or from another GPU (80.8% of all 480 routed)
strata serve: resident RAM: 63.28 GiB of experts in RAM, 0 exchanged with the VRAM tier, 0 blob reads from the file
safetensors residency metrics: ram_bytes=67948118016 os_locked_bytes=0 cuda_pinned_bytes=67948118016 promotions=0 promoted_payload_bytes=0 expert_file_bytes=0 (cumulative; payload is not a physical PCIe counter)
safetensors ngram metrics: ple io: 4432 rows, 12.1% row-cache hits, 3896 SSD reads (16.6 MB), read p50 820 us p99 3317 us, blocked 270.592 ms total (submit 3.509 ms), cache 3896/1048576 rows, SSD kept awake by 11 reads (slowest 4.5 ms)
strata serve: expert tiers: GPU 92 hits this request; since the start RAM 79150 blobs, files 0 blobs 0.0 MB read
strata serve: prompt 86 tokens = 85 reused + 1 read in 0 ms (72992.7 tok/s), 1 generated in 34 ms (29.6 tok/s), drafts accepted 0 of 0, 1 checkpoints
strata serve: decode expert cache hit rate: 100.0% (180 hits / 180 lookups); 300 more read by the GPU over PCIe or from another GPU (62.5% of all 480 routed)
strata serve: resident RAM: 63.28 GiB of experts in RAM, 0 exchanged with the VRAM tier, 0 blob reads from the file
safetensors residency metrics: ram_bytes=67948118016 os_locked_bytes=0 cuda_pinned_bytes=67948118016 promotions=0 promoted_payload_bytes=0 expert_file_bytes=0 (cumulative; payload is not a physical PCIe counter)
safetensors ngram metrics: ple io: 4448 rows, 12.4% row-cache hits, 3896 SSD reads (16.6 MB), read p50 820 us p99 3317 us, blocked 270.592 ms total (submit 3.509 ms), cache 3896/1048576 rows, SSD kept awake by 11 reads (slowest 4.5 ms)
strata serve: expert tiers: GPU 180 hits this request; since the start RAM 79450 blobs, files 0 blobs 0.0 MB read
strata serve: prompt 87 tokens = 86 reused + 1 read in 0 ms (50761.4 tok/s), 1 generated in 40 ms (25.2 tok/s), drafts accepted 0 of 0, 1 checkpoints
strata serve: decode expert cache hit rate: 100.0% (108 hits / 108 lookups); 372 more read by the GPU over PCIe or from another GPU (77.5% of all 480 routed)
strata serve: resident RAM: 63.28 GiB of experts in RAM, 0 exchanged with the VRAM tier, 0 blob reads from the file
safetensors residency metrics: ram_bytes=67948118016 os_locked_bytes=0 cuda_pinned_bytes=67948118016 promotions=0 promoted_payload_bytes=0 expert_file_bytes=0 (cumulative; payload is not a physical PCIe counter)
safetensors ngram metrics: ple io: 4464 rows, 12.4% row-cache hits, 3912 SSD reads (16.7 MB), read p50 820 us p99 3317 us, blocked 271.682 ms total (submit 3.531 ms), cache 3912/1048576 rows, SSD kept awake by 12 reads (slowest 4.5 ms)
strata serve: expert tiers: GPU 108 hits this request; since the start RAM 79822 blobs, files 0 blobs 0.0 MB read
strata serve: prompt 88 tokens = 87 reused + 1 read in 0 ms (76335.9 tok/s), 1 generated in 38 ms (26.5 tok/s), drafts accepted 0 of 0, 1 checkpoints
strata serve: decode expert cache hit rate: 100.0% (123 hits / 123 lookups); 357 more read by the GPU over PCIe or from another GPU (74.4% of all 480 routed)
strata serve: resident RAM: 63.28 GiB of experts in RAM, 0 exchanged with the VRAM tier, 0 blob reads from the file
safetensors residency metrics: ram_bytes=67948118016 os_locked_bytes=0 cuda_pinned_bytes=67948118016 promotions=0 promoted_payload_bytes=0 expert_file_bytes=0 (cumulative; payload is not a physical PCIe counter)
safetensors ngram metrics: ple io: 4480 rows, 12.5% row-cache hits, 3920 SSD reads (16.7 MB), read p50 819 us p99 3317 us, blocked 272.166 ms total (submit 3.545 ms), cache 3920/1048576 rows, SSD kept awake by 12 reads (slowest 4.5 ms)
strata serve: expert tiers: GPU 123 hits this request; since the start RAM 80179 blobs, files 0 blobs 0.0 MB read
strata serve: prompt 89 tokens = 88 reused + 1 read in 0 ms (71942.4 tok/s), 1 generated in 41 ms (24.7 tok/s), drafts accepted 0 of 0, 1 checkpoints
strata serve: decode expert cache hit rate: 100.0% (85 hits / 85 lookups); 395 more read by the GPU over PCIe or from another GPU (82.3% of all 480 routed)
strata serve: resident RAM: 63.28 GiB of experts in RAM, 0 exchanged with the VRAM tier, 0 blob reads from the file
safetensors residency metrics: ram_bytes=67948118016 os_locked_bytes=0 cuda_pinned_bytes=67948118016 promotions=0 promoted_payload_bytes=0 expert_file_bytes=0 (cumulative; payload is not a physical PCIe counter)
safetensors ngram metrics: ple io: 4496 rows, 12.6% row-cache hits, 3928 SSD reads (16.7 MB), read p50 819 us p99 3317 us, blocked 273.059 ms total (submit 3.556 ms), cache 3928/1048576 rows, SSD kept awake by 12 reads (slowest 4.5 ms)
strata serve: expert tiers: GPU 85 hits this request; since the start RAM 80574 blobs, files 0 blobs 0.0 MB read
strata serve: prompt 90 tokens = 89 reused + 1 read in 0 ms (62893.1 tok/s), 1 generated in 40 ms (24.8 tok/s), drafts accepted 0 of 0, 1 checkpoints
strata serve: decode expert cache hit rate: 100.0% (92 hits / 92 lookups); 388 more read by the GPU over PCIe or from another GPU (80.8% of all 480 routed)
strata serve: resident RAM: 63.28 GiB of experts in RAM, 0 exchanged with the VRAM tier, 0 blob reads from the file
safetensors residency metrics: ram_bytes=67948118016 os_locked_bytes=0 cuda_pinned_bytes=67948118016 promotions=0 promoted_payload_bytes=0 expert_file_bytes=0 (cumulative; payload is not a physical PCIe counter)
safetensors ngram metrics: ple io: 4512 rows, 12.6% row-cache hits, 3944 SSD reads (16.8 MB), read p50 819 us p99 3317 us, blocked 274.219 ms total (submit 3.572 ms), cache 3944/1048576 rows, SSD kept awake by 12 reads (slowest 4.5 ms)
strata serve: expert tiers: GPU 92 hits this request; since the start RAM 80962 blobs, files 0 blobs 0.0 MB read
strata serve: prompt 91 tokens = 90 reused + 1 read in 0 ms (70422.5 tok/s), 1 generated in 42 ms (24.1 tok/s), drafts accepted 0 of 0, 1 checkpoints
strata serve: decode expert cache hit rate: 100.0% (73 hits / 73 lookups); 407 more read by the GPU over PCIe or from another GPU (84.8% of all 480 routed)
strata serve: resident RAM: 63.28 GiB of experts in RAM, 0 exchanged with the VRAM tier, 0 blob reads from the file
safetensors residency metrics: ram_bytes=67948118016 os_locked_bytes=0 cuda_pinned_bytes=67948118016 promotions=0 promoted_payload_bytes=0 expert_file_bytes=0 (cumulative; payload is not a physical PCIe counter)
safetensors ngram metrics: ple io: 4528 rows, 12.7% row-cache hits, 3952 SSD reads (16.8 MB), read p50 817 us p99 3303 us, blocked 274.705 ms total (submit 3.588 ms), cache 3952/1048576 rows, SSD kept awake by 12 reads (slowest 4.5 ms)
strata serve: expert tiers: GPU 73 hits this request; since the start RAM 81369 blobs, files 0 blobs 0.0 MB read
strata serve: prompt 92 tokens = 91 reused + 1 read in 0 ms (71942.4 tok/s), 1 generated in 42 ms (24.0 tok/s), drafts accepted 0 of 0, 1 checkpoints
strata serve: decode expert cache hit rate: 100.0% (75 hits / 75 lookups); 405 more read by the GPU over PCIe or from another GPU (84.4% of all 480 routed)
strata serve: resident RAM: 63.28 GiB of experts in RAM, 0 exchanged with the VRAM tier, 0 blob reads from the file
safetensors residency metrics: ram_bytes=67948118016 os_locked_bytes=0 cuda_pinned_bytes=67948118016 promotions=0 promoted_payload_bytes=0 expert_file_bytes=0 (cumulative; payload is not a physical PCIe counter)
safetensors ngram metrics: ple io: 4544 rows, 12.7% row-cache hits, 3968 SSD reads (16.9 MB), read p50 817 us p99 3303 us, blocked 275.809 ms total (submit 3.606 ms), cache 3968/1048576 rows, SSD kept awake by 12 reads (slowest 4.5 ms)
strata serve: expert tiers: GPU 75 hits this request; since the start RAM 81774 blobs, files 0 blobs 0.0 MB read
strata serve: prompt 93 tokens = 92 reused + 1 read in 0 ms (69444.4 tok/s), 1 generated in 40 ms (25.3 tok/s), drafts accepted 0 of 0, 1 checkpoints
strata serve: decode expert cache hit rate: 100.0% (100 hits / 100 lookups); 380 more read by the GPU over PCIe or from another GPU (79.2% of all 480 routed)
strata serve: resident RAM: 63.28 GiB of experts in RAM, 0 exchanged with the VRAM tier, 0 blob reads from the file
safetensors residency metrics: ram_bytes=67948118016 os_locked_bytes=0 cuda_pinned_bytes=67948118016 promotions=0 promoted_payload_bytes=0 expert_file_bytes=0 (cumulative; payload is not a physical PCIe counter)
safetensors ngram metrics: ple io: 4560 rows, 12.6% row-cache hits, 3984 SSD reads (17.0 MB), read p50 816 us p99 3303 us, blocked 276.785 ms total (submit 3.622 ms), cache 3984/1048576 rows, SSD kept awake by 12 reads (slowest 4.5 ms)
strata serve: expert tiers: GPU 100 hits this request; since the start RAM 82154 blobs, files 0 blobs 0.0 MB read
strata serve: prompt 94 tokens = 93 reused + 1 read in 0 ms (71942.4 tok/s), 1 generated in 39 ms (25.6 tok/s), drafts accepted 0 of 0, 1 checkpoints
strata serve: decode expert cache hit rate: 100.0% (119 hits / 119 lookups); 361 more read by the GPU over PCIe or from another GPU (75.2% of all 480 routed)
strata serve: resident RAM: 63.28 GiB of experts in RAM, 0 exchanged with the VRAM tier, 0 blob reads from the file
safetensors residency metrics: ram_bytes=67948118016 os_locked_bytes=0 cuda_pinned_bytes=67948118016 promotions=0 promoted_payload_bytes=0 expert_file_bytes=0 (cumulative; payload is not a physical PCIe counter)
safetensors ngram metrics: ple io: 4576 rows, 12.6% row-cache hits, 4000 SSD reads (17.1 MB), read p50 816 us p99 3303 us, blocked 277.818 ms total (submit 3.633 ms), cache 4000/1048576 rows, SSD kept awake by 12 reads (slowest 4.5 ms)
strata serve: expert tiers: GPU 119 hits this request; since the start RAM 82515 blobs, files 0 blobs 0.0 MB read
strata serve: prompt 95 tokens = 94 reused + 1 read in 0 ms (64102.6 tok/s), 1 generated in 41 ms (24.4 tok/s), drafts accepted 0 of 0, 1 checkpoints
strata serve: decode expert cache hit rate: 100.0% (84 hits / 84 lookups); 396 more read by the GPU over PCIe or from another GPU (82.5% of all 480 routed)
strata serve: resident RAM: 63.28 GiB of experts in RAM, 0 exchanged with the VRAM tier, 0 blob reads from the file
safetensors residency metrics: ram_bytes=67948118016 os_locked_bytes=0 cuda_pinned_bytes=67948118016 promotions=0 promoted_payload_bytes=0 expert_file_bytes=0 (cumulative; payload is not a physical PCIe counter)
safetensors ngram metrics: ple io: 4592 rows, 12.5% row-cache hits, 4016 SSD reads (17.1 MB), read p50 816 us p99 3303 us, blocked 278.797 ms total (submit 3.649 ms), cache 4016/1048576 rows, SSD kept awake by 12 reads (slowest 4.5 ms)
strata serve: expert tiers: GPU 84 hits this request; since the start RAM 82911 blobs, files 0 blobs 0.0 MB read
strata serve: prompt 96 tokens = 95 reused + 1 read in 0 ms (72463.8 tok/s), 1 generated in 39 ms (25.6 tok/s), drafts accepted 0 of 0, 1 checkpoints
strata serve: decode expert cache hit rate: 100.0% (102 hits / 102 lookups); 378 more read by the GPU over PCIe or from another GPU (78.8% of all 480 routed)
strata serve: resident RAM: 63.28 GiB of experts in RAM, 0 exchanged with the VRAM tier, 0 blob reads from the file
safetensors residency metrics: ram_bytes=67948118016 os_locked_bytes=0 cuda_pinned_bytes=67948118016 promotions=0 promoted_payload_bytes=0 expert_file_bytes=0 (cumulative; payload is not a physical PCIe counter)
safetensors ngram metrics: ple io: 4608 rows, 12.7% row-cache hits, 4024 SSD reads (17.2 MB), read p50 814 us p99 3303 us, blocked 279.240 ms total (submit 3.661 ms), cache 4024/1048576 rows, SSD kept awake by 12 reads (slowest 4.5 ms)
strata serve: expert tiers: GPU 102 hits this request; since the start RAM 83289 blobs, files 0 blobs 0.0 MB read
strata serve: prompt 97 tokens = 96 reused + 1 read in 0 ms (61728.4 tok/s), 1 generated in 38 ms (26.7 tok/s), drafts accepted 0 of 0, 1 checkpoints
strata serve: decode expert cache hit rate: 100.0% (128 hits / 128 lookups); 352 more read by the GPU over PCIe or from another GPU (73.3% of all 480 routed)
strata serve: resident RAM: 63.28 GiB of experts in RAM, 0 exchanged with the VRAM tier, 0 blob reads from the file
safetensors residency metrics: ram_bytes=67948118016 os_locked_bytes=0 cuda_pinned_bytes=67948118016 promotions=0 promoted_payload_bytes=0 expert_file_bytes=0 (cumulative; payload is not a physical PCIe counter)
safetensors ngram metrics: ple io: 4624 rows, 12.6% row-cache hits, 4040 SSD reads (17.2 MB), read p50 814 us p99 3303 us, blocked 280.328 ms total (submit 3.680 ms), cache 4040/1048576 rows, SSD kept awake by 12 reads (slowest 4.5 ms)
strata serve: expert tiers: GPU 128 hits this request; since the start RAM 83641 blobs, files 0 blobs 0.0 MB read
strata serve: prompt 98 tokens = 97 reused + 1 read in 0 ms (60975.6 tok/s), 1 generated in 38 ms (26.6 tok/s), drafts accepted 0 of 0, 1 checkpoints
strata serve: decode expert cache hit rate: 100.0% (120 hits / 120 lookups); 360 more read by the GPU over PCIe or from another GPU (75.0% of all 480 routed)
strata serve: resident RAM: 63.28 GiB of experts in RAM, 0 exchanged with the VRAM tier, 0 blob reads from the file
safetensors residency metrics: ram_bytes=67948118016 os_locked_bytes=0 cuda_pinned_bytes=67948118016 promotions=0 promoted_payload_bytes=0 expert_file_bytes=0 (cumulative; payload is not a physical PCIe counter)
safetensors ngram metrics: ple io: 4640 rows, 12.8% row-cache hits, 4048 SSD reads (17.3 MB), read p50 814 us p99 3303 us, blocked 280.769 ms total (submit 3.692 ms), cache 4048/1048576 rows, SSD kept awake by 12 reads (slowest 4.5 ms)
strata serve: expert tiers: GPU 120 hits this request; since the start RAM 84001 blobs, files 0 blobs 0.0 MB read
strata serve: prompt 99 tokens = 98 reused + 1 read in 0 ms (71942.4 tok/s), 1 generated in 35 ms (28.4 tok/s), drafts accepted 0 of 0, 1 checkpoints
strata serve: decode expert cache hit rate: 100.0% (164 hits / 164 lookups); 316 more read by the GPU over PCIe or from another GPU (65.8% of all 480 routed)
strata serve: resident RAM: 63.28 GiB of experts in RAM, 0 exchanged with the VRAM tier, 0 blob reads from the file
safetensors residency metrics: ram_bytes=67948118016 os_locked_bytes=0 cuda_pinned_bytes=67948118016 promotions=0 promoted_payload_bytes=0 expert_file_bytes=0 (cumulative; payload is not a physical PCIe counter)
safetensors ngram metrics: ple io: 4656 rows, 13.1% row-cache hits, 4048 SSD reads (17.3 MB), read p50 814 us p99 3303 us, blocked 280.769 ms total (submit 3.692 ms), cache 4048/1048576 rows, SSD kept awake by 12 reads (slowest 4.5 ms)
strata serve: expert tiers: GPU 164 hits this request; since the start RAM 84317 blobs, files 0 blobs 0.0 MB read
strata serve: prompt 100 tokens = 99 reused + 1 read in 0 ms (67114.1 tok/s), 1 generated in 39 ms (25.8 tok/s), drafts accepted 0 of 0, 1 checkpoints
strata serve: decode expert cache hit rate: 100.0% (120 hits / 120 lookups); 360 more read by the GPU over PCIe or from another GPU (75.0% of all 480 routed)
strata serve: resident RAM: 63.28 GiB of experts in RAM, 0 exchanged with the VRAM tier, 0 blob reads from the file
safetensors residency metrics: ram_bytes=67948118016 os_locked_bytes=0 cuda_pinned_bytes=67948118016 promotions=0 promoted_payload_bytes=0 expert_file_bytes=0 (cumulative; payload is not a physical PCIe counter)
safetensors ngram metrics: ple io: 4672 rows, 13.0% row-cache hits, 4064 SSD reads (17.3 MB), read p50 814 us p99 3236 us, blocked 281.825 ms total (submit 3.705 ms), cache 4064/1048576 rows, SSD kept awake by 13 reads (slowest 4.5 ms)
strata serve: expert tiers: GPU 120 hits this request; since the start RAM 84677 blobs, files 0 blobs 0.0 MB read
strata serve: prompt 101 tokens = 100 reused + 1 read in 0 ms (68965.5 tok/s), 1 generated in 40 ms (24.7 tok/s), drafts accepted 0 of 0, 1 checkpoints
strata serve: decode expert cache hit rate: 100.0% (97 hits / 97 lookups); 383 more read by the GPU over PCIe or from another GPU (79.8% of all 480 routed)
strata serve: resident RAM: 63.28 GiB of experts in RAM, 0 exchanged with the VRAM tier, 0 blob reads from the file
safetensors residency metrics: ram_bytes=67948118016 os_locked_bytes=0 cuda_pinned_bytes=67948118016 promotions=0 promoted_payload_bytes=0 expert_file_bytes=0 (cumulative; payload is not a physical PCIe counter)
safetensors ngram metrics: ple io: 4688 rows, 13.0% row-cache hits, 4080 SSD reads (17.4 MB), read p50 813 us p99 3236 us, blocked 282.785 ms total (submit 3.718 ms), cache 4080/1048576 rows, SSD kept awake by 13 reads (slowest 4.5 ms)
strata serve: expert tiers: GPU 97 hits this request; since the start RAM 85060 blobs, files 0 blobs 0.0 MB read
strata serve: prompt 102 tokens = 101 reused + 1 read in 0 ms (67114.1 tok/s), 1 generated in 39 ms (25.4 tok/s), drafts accepted 0 of 0, 1 checkpoints
strata serve: decode expert cache hit rate: 100.0% (107 hits / 107 lookups); 373 more read by the GPU over PCIe or from another GPU (77.7% of all 480 routed)
strata serve: resident RAM: 63.28 GiB of experts in RAM, 0 exchanged with the VRAM tier, 0 blob reads from the file
safetensors residency metrics: ram_bytes=67948118016 os_locked_bytes=0 cuda_pinned_bytes=67948118016 promotions=0 promoted_payload_bytes=0 expert_file_bytes=0 (cumulative; payload is not a physical PCIe counter)
safetensors ngram metrics: ple io: 4704 rows, 12.9% row-cache hits, 4096 SSD reads (17.5 MB), read p50 813 us p99 3236 us, blocked 283.942 ms total (submit 3.730 ms), cache 4096/1048576 rows, SSD kept awake by 13 reads (slowest 4.5 ms)
strata serve: expert tiers: GPU 107 hits this request; since the start RAM 85433 blobs, files 0 blobs 0.0 MB read
strata serve: prompt 103 tokens = 102 reused + 1 read in 0 ms (68493.2 tok/s), 1 generated in 38 ms (26.3 tok/s), drafts accepted 0 of 0, 1 checkpoints
strata serve: decode expert cache hit rate: 100.0% (138 hits / 138 lookups); 342 more read by the GPU over PCIe or from another GPU (71.2% of all 480 routed)
strata serve: resident RAM: 63.28 GiB of experts in RAM, 0 exchanged with the VRAM tier, 0 blob reads from the file
safetensors residency metrics: ram_bytes=67948118016 os_locked_bytes=0 cuda_pinned_bytes=67948118016 promotions=0 promoted_payload_bytes=0 expert_file_bytes=0 (cumulative; payload is not a physical PCIe counter)
safetensors ngram metrics: ple io: 4720 rows, 12.9% row-cache hits, 4112 SSD reads (17.5 MB), read p50 813 us p99 3236 us, blocked 285.079 ms total (submit 3.741 ms), cache 4112/1048576 rows, SSD kept awake by 13 reads (slowest 4.5 ms)
strata serve: expert tiers: GPU 138 hits this request; since the start RAM 85775 blobs, files 0 blobs 0.0 MB read
strata serve: prompt 104 tokens = 103 reused + 1 read in 0 ms (62111.8 tok/s), 1 generated in 38 ms (26.0 tok/s), drafts accepted 0 of 0, 1 checkpoints
strata serve: decode expert cache hit rate: 100.0% (116 hits / 116 lookups); 364 more read by the GPU over PCIe or from another GPU (75.8% of all 480 routed)
strata serve: resident RAM: 63.28 GiB of experts in RAM, 0 exchanged with the VRAM tier, 0 blob reads from the file
safetensors residency metrics: ram_bytes=67948118016 os_locked_bytes=0 cuda_pinned_bytes=67948118016 promotions=0 promoted_payload_bytes=0 expert_file_bytes=0 (cumulative; payload is not a physical PCIe counter)
safetensors ngram metrics: ple io: 4736 rows, 12.8% row-cache hits, 4128 SSD reads (17.6 MB), read p50 813 us p99 3236 us, blocked 286.183 ms total (submit 3.754 ms), cache 4128/1048576 rows, SSD kept awake by 13 reads (slowest 4.5 ms)
strata serve: expert tiers: GPU 116 hits this request; since the start RAM 86139 blobs, files 0 blobs 0.0 MB read
strata serve: prompt 105 tokens = 104 reused + 1 read in 0 ms (68027.2 tok/s), 1 generated in 38 ms (26.2 tok/s), drafts accepted 0 of 0, 1 checkpoints
strata serve: decode expert cache hit rate: 100.0% (120 hits / 120 lookups); 360 more read by the GPU over PCIe or from another GPU (75.0% of all 480 routed)
strata serve: resident RAM: 63.28 GiB of experts in RAM, 0 exchanged with the VRAM tier, 0 blob reads from the file
safetensors residency metrics: ram_bytes=67948118016 os_locked_bytes=0 cuda_pinned_bytes=67948118016 promotions=0 promoted_payload_bytes=0 expert_file_bytes=0 (cumulative; payload is not a physical PCIe counter)
safetensors ngram metrics: ple io: 4752 rows, 12.8% row-cache hits, 4144 SSD reads (17.7 MB), read p50 812 us p99 3236 us, blocked 287.052 ms total (submit 3.767 ms), cache 4144/1048576 rows, SSD kept awake by 13 reads (slowest 4.5 ms)
strata serve: expert tiers: GPU 120 hits this request; since the start RAM 86499 blobs, files 0 blobs 0.0 MB read
strata serve: prompt 106 tokens = 105 reused + 1 read in 0 ms (75757.6 tok/s), 1 generated in 37 ms (26.7 tok/s), drafts accepted 0 of 0, 1 checkpoints
strata serve: decode expert cache hit rate: 100.0% (136 hits / 136 lookups); 344 more read by the GPU over PCIe or from another GPU (71.7% of all 480 routed)
strata serve: resident RAM: 63.28 GiB of experts in RAM, 0 exchanged with the VRAM tier, 0 blob reads from the file
safetensors residency metrics: ram_bytes=67948118016 os_locked_bytes=0 cuda_pinned_bytes=67948118016 promotions=0 promoted_payload_bytes=0 expert_file_bytes=0 (cumulative; payload is not a physical PCIe counter)
safetensors ngram metrics: ple io: 4768 rows, 12.8% row-cache hits, 4160 SSD reads (17.7 MB), read p50 812 us p99 3230 us, blocked 288.160 ms total (submit 3.784 ms), cache 4160/1048576 rows, SSD kept awake by 13 reads (slowest 4.5 ms)
strata serve: expert tiers: GPU 136 hits this request; since the start RAM 86843 blobs, files 0 blobs 0.0 MB read
strata serve: prompt 107 tokens = 106 reused + 1 read in 0 ms (67567.6 tok/s), 1 generated in 36 ms (27.8 tok/s), drafts accepted 0 of 0, 1 checkpoints
strata serve: decode expert cache hit rate: 100.0% (155 hits / 155 lookups); 325 more read by the GPU over PCIe or from another GPU (67.7% of all 480 routed)
strata serve: resident RAM: 63.28 GiB of experts in RAM, 0 exchanged with the VRAM tier, 0 blob reads from the file
safetensors residency metrics: ram_bytes=67948118016 os_locked_bytes=0 cuda_pinned_bytes=67948118016 promotions=0 promoted_payload_bytes=0 expert_file_bytes=0 (cumulative; payload is not a physical PCIe counter)
safetensors ngram metrics: ple io: 4784 rows, 12.7% row-cache hits, 4176 SSD reads (17.8 MB), read p50 812 us p99 3230 us, blocked 289.326 ms total (submit 3.800 ms), cache 4176/1048576 rows, SSD kept awake by 13 reads (slowest 4.5 ms)
strata serve: expert tiers: GPU 155 hits this request; since the start RAM 87168 blobs, files 0 blobs 0.0 MB read
strata serve: prompt 108 tokens = 107 reused + 1 read in 0 ms (62893.1 tok/s), 1 generated in 34 ms (29.5 tok/s), drafts accepted 0 of 0, 1 checkpoints
strata serve: decode expert cache hit rate: 100.0% (181 hits / 181 lookups); 299 more read by the GPU over PCIe or from another GPU (62.3% of all 480 routed)
strata serve: resident RAM: 63.28 GiB of experts in RAM, 0 exchanged with the VRAM tier, 0 blob reads from the file
safetensors residency metrics: ram_bytes=67948118016 os_locked_bytes=0 cuda_pinned_bytes=67948118016 promotions=0 promoted_payload_bytes=0 expert_file_bytes=0 (cumulative; payload is not a physical PCIe counter)
safetensors ngram metrics: ple io: 4800 rows, 12.8% row-cache hits, 4184 SSD reads (17.9 MB), read p50 810 us p99 3230 us, blocked 289.848 ms total (submit 3.815 ms), cache 4184/1048576 rows, SSD kept awake by 13 reads (slowest 4.5 ms)
strata serve: expert tiers: GPU 181 hits this request; since the start RAM 87467 blobs, files 0 blobs 0.0 MB read
safetensors: post-residency expert source bytes=0
safetensors: post-residency MTP source bytes=0
