[strata] 2026-10-10 22:41:13 engine started: G:\Strata\Strata-Safetensors\build-native-engine\strata-efficiency17.exe --serve --model D:\迅雷下载\Qwen3.8-flash-next-nvfp4 --max-context 262144 --prefill 8192 --expert-cache auto --vram-reserve-mib 1024 --spec 3 --suffix-draft 0 --pcie-frac 0.25 --pcie-mode kernel --kv int8 --no-prefill-borrow --adapt-every 4 --adapt-swaps 96 --conversation-cache-mib 4096 --conversation-cache-slots 4 --prompt-cache 6 --stats --check-logits --expert-profile G:\Strata\Strata-Safetensors\data\expert-profile.bin --mtp native --mtp-max-t 1 --spec-min-p 0 --pool-tasks 40 --vision --spec-min-drafts 2
strata generate: native pack:  experts (largest blob 2.76 MB), token embedding BF16 in mapped host memory (1212 MiB, 1.7 s)
strata generate: 7016 MiB of weights loaded from  in 9.8 s (1 canonical tensors skipped: served natively)
strata generate: GPU 0: NVIDIA GeForce RTX 5090, compute capability 12.0
strata generate: the SSD is kept awake while rows are read: one page of the table after 100 ms without a read, until 60 s after the last request (STRATA_SSD_KEEPALIVE=0 turns it off)
strata generate: profile G:\Strata\Strata-Safetensors\data\expert-profile.bin: 24576 ranked pairs, built for 24576 slots
safetensors MTP: 29 dense tensors, 512 original FP8 experts; 2573.1 MiB, no requantization
strata mtp: original safetensors draft, 2620 MiB total VRAM, startup 2.07 s
strata generate: native BF16 head, 1271398400 bytes, in 1.4 s
safetensors: allocating 63.282 GiB expert RAM (CUDA pinned); startup batch=64 workers=4
safetensors: expert RAM allocated and locked in 5.42 s
safetensors: resident experts 1/48 layers (elapsed 5.97 s, read 0.44 s, pack 0.07 s)
safetensors: resident experts 2/48 layers (elapsed 6.62 s, read 1.02 s, pack 0.15 s)
safetensors: resident experts 3/48 layers (elapsed 7.17 s, read 1.49 s, pack 0.22 s)
safetensors: resident experts 4/48 layers (elapsed 7.69 s, read 1.94 s, pack 0.29 s)
safetensors: resident experts 5/48 layers (elapsed 8.23 s, read 2.41 s, pack 0.36 s)
safetensors: resident experts 6/48 layers (elapsed 8.91 s, read 3.02 s, pack 0.43 s)
safetensors: resident experts 7/48 layers (elapsed 9.40 s, read 3.43 s, pack 0.50 s)
safetensors: resident experts 8/48 layers (elapsed 9.93 s, read 3.89 s, pack 0.57 s)
safetensors: resident experts 9/48 layers (elapsed 10.48 s, read 4.37 s, pack 0.64 s)
safetensors: resident experts 10/48 layers (elapsed 11.00 s, read 4.82 s, pack 0.71 s)
safetensors: resident experts 11/48 layers (elapsed 11.59 s, read 5.34 s, pack 0.78 s)
safetensors: resident experts 12/48 layers (elapsed 12.14 s, read 5.83 s, pack 0.85 s)
safetensors: resident experts 13/48 layers (elapsed 12.61 s, read 6.22 s, pack 0.92 s)
safetensors: resident experts 14/48 layers (elapsed 13.06 s, read 6.60 s, pack 0.98 s)
safetensors: resident experts 15/48 layers (elapsed 13.56 s, read 7.03 s, pack 1.06 s)
safetensors: resident experts 16/48 layers (elapsed 14.02 s, read 7.42 s, pack 1.13 s)
safetensors: resident experts 17/48 layers (elapsed 14.46 s, read 7.79 s, pack 1.19 s)
safetensors: resident experts 18/48 layers (elapsed 14.93 s, read 8.19 s, pack 1.26 s)
safetensors: resident experts 19/48 layers (elapsed 15.39 s, read 8.58 s, pack 1.33 s)
safetensors: resident experts 20/48 layers (elapsed 15.86 s, read 8.98 s, pack 1.40 s)
safetensors: resident experts 21/48 layers (elapsed 16.33 s, read 9.38 s, pack 1.47 s)
safetensors: resident experts 22/48 layers (elapsed 16.80 s, read 9.78 s, pack 1.54 s)
safetensors: resident experts 23/48 layers (elapsed 17.32 s, read 10.23 s, pack 1.60 s)
safetensors: resident experts 24/48 layers (elapsed 17.82 s, read 10.67 s, pack 1.67 s)
safetensors: resident experts 25/48 layers (elapsed 18.32 s, read 11.10 s, pack 1.74 s)
safetensors: resident experts 26/48 layers (elapsed 18.78 s, read 11.49 s, pack 1.81 s)
safetensors: resident experts 27/48 layers (elapsed 19.23 s, read 11.86 s, pack 1.88 s)
safetensors: resident experts 28/48 layers (elapsed 19.78 s, read 12.34 s, pack 1.95 s)
safetensors: resident experts 29/48 layers (elapsed 20.40 s, read 12.90 s, pack 2.02 s)
safetensors: resident experts 30/48 layers (elapsed 20.86 s, read 13.29 s, pack 2.09 s)
safetensors: resident experts 31/48 layers (elapsed 21.32 s, read 13.68 s, pack 2.15 s)
safetensors: resident experts 32/48 layers (elapsed 21.79 s, read 14.08 s, pack 2.22 s)
safetensors: resident experts 33/48 layers (elapsed 22.28 s, read 14.50 s, pack 2.29 s)
safetensors: resident experts 34/48 layers (elapsed 22.76 s, read 14.90 s, pack 2.36 s)
safetensors: resident experts 35/48 layers (elapsed 23.27 s, read 15.35 s, pack 2.43 s)
safetensors: resident experts 36/48 layers (elapsed 23.78 s, read 15.79 s, pack 2.50 s)
safetensors: resident experts 37/48 layers (elapsed 24.25 s, read 16.18 s, pack 2.57 s)
safetensors: resident experts 38/48 layers (elapsed 24.70 s, read 16.57 s, pack 2.64 s)
safetensors: resident experts 39/48 layers (elapsed 25.15 s, read 16.95 s, pack 2.71 s)
safetensors: resident experts 40/48 layers (elapsed 25.60 s, read 17.33 s, pack 2.77 s)
safetensors: resident experts 41/48 layers (elapsed 26.01 s, read 17.67 s, pack 2.84 s)
safetensors: resident experts 42/48 layers (elapsed 26.47 s, read 18.06 s, pack 2.91 s)
safetensors: resident experts 43/48 layers (elapsed 26.92 s, read 18.44 s, pack 2.98 s)
safetensors: resident experts 44/48 layers (elapsed 27.39 s, read 18.84 s, pack 3.05 s)
safetensors: resident experts 45/48 layers (elapsed 27.85 s, read 19.23 s, pack 3.12 s)
safetensors: resident experts 46/48 layers (elapsed 28.32 s, read 19.64 s, pack 3.19 s)
safetensors: resident experts 47/48 layers (elapsed 28.76 s, read 20.00 s, pack 3.26 s)
safetensors: resident experts 48/48 layers (elapsed 29.26 s, read 20.43 s, pack 3.32 s)
safetensors: 63.282 GiB physically page-locked and GPU-mapped via cudaHostAlloc, 0.0 MiB GPU staging
safetensors: startup weight handles closed; all resident payload reads sealed
safetensors: expert startup complete: 29.26 s, batch=64 workers=4 scratch_peak_mib=168.75 read_s=20.43 pack_s=3.32 source_read_calls=29980
safetensors: all expert weights in locked RAM; expert source reads sealed
strata generate: CPU pool tasks/phase: 40 (capped by rows), participating threads: 16
strata generate: 15 pool workers on logical processors 2,4,6,8,10,12,14,16,18,20,22,24,26,28,30, the host thread on 0 (draining too) (--host-core first)
strata prefill allocation: requested=8192 effective=8192 capacity=8192 workspace_bytes=4585892608 free_vram_bytes=14746124288
safetensors: prefill-first: 8192 rows allocated and touched before expert cache sizing; 512 MiB startup headroom held; experts use the remaining budget
strata generate: expert cache auto: 13.73 GiB free, 1024 MiB reserved (+2 MiB for the draft head) -> 4919 slots
strata generate: only 0 MiB free once the slots are written (reserve 1024 MiB); shrinking the expert cache
safetensors: written-cache budget also keeps 3 MiB for the late MTP head
strata generate: only 192 MiB free once the slots are written (reserve 1024 MiB); shrinking the expert cache
safetensors: written-cache budget also keeps 3 MiB for the late MTP head
strata generate: expert cache 4163 slots, 10.72 GiB of VRAM; policy is
strata generate: native NVFP4 CPU/GPU FP32 canonical arithmetic enabled
                 (32-lane reduction and double exp rounded to float).
                 PROFILE, ranked by routing frequency, no eviction.
strata generate: the profile fill asks for 0 pairs ahead (STRATA_FILL_AHEAD)
strata generate: pre-filled 4163 of 4163 slots from the profile in 0.3 s (40186 MB/s); slot 0 verified
strata generate: R4 hit path ON - resident experts are computed on the GPU
strata generate: 15 expert-pool workers + the host thread
strata generate: session is up (engine 0.1.41)
strata generate: token graph hit path: 4163 resident experts, decided on the device
strata generate: resident RAM mode: 63.28 GiB of experts in RAM (page-locked), 4163 in the GPU cache; adaptive swaps exchange them with the GPU cache (no file reads)
strata serve: the prompt path allocates its own buffers (dedicated workspace: --no-prefill-borrow)
strata serve prefill selection: configured=8192 selected=8192 auto=0 reduced=0
strata generate: elastic K/V: 16384 of 262144 cells in VRAM (0.25 of 3.35 GiB); the expert cache (4163 slots) gives the K/V room below slot 4163 as the context grows
strata hc: CUDA0: the hyper-connection read runs as staged (the norm per token and stream, the down projection's activations staged ahead by cp.async); checked bit for bit against the plain read on this card (STRATA_HC_SPLIT=1 or 0 for the earlier ones)
strata verify: window up to 3 tokens, 355.1 MiB of device buffers
strata serve: STRATA_ADAPT_FETCH is off (the resident RAM mode)
strata serve: the adaptive tier's evictions reach the device's table before the next window (STRATA_ADAPT_EVICT_SYNC=0: when its copies land)
safetensors: startup MTP weight warm: 2573.1 MiB read on device in 3.7 ms; original weights, KV and sampling state unchanged
safetensors: startup immutable weight warm completed in 15.5 ms using the 512 MiB guard; no forward pass or expert source read
safetensors: prefill-first ready: configured=8192 allocated=8192; startup headroom released; 1363 MiB free
strata serve: 1363 MiB of VRAM free with everything loaded
safetensors: engine ready after 57.91 s from main entry
strata: K/V grown to 32768 cells (0.46 GiB); the expert cache gave 80 slots for it, 0 hotter experts moved to colder ones' slots (4083 of 4163 slots hold experts)
strata serve prefill segment: start=0 end=24597 root=0 turn=1 message=0 pin=0 reread=0
strata ple batch phases: rows=131072 misses=131072 pages=87183 total_ms=186.910 call_lock_ms=0.000 lookup_ms=1.729 plan_ms=6.576 group_wait_ms=165.965 cache_insert_ms=7.628 callback_ms=4.638 reader_drain_ms=0.000
strata ple gather phases: tokens=8192 rows=131072 total_ms=190.388 raw_resize_ms=3.303 host_available_mib=14705
strata ple: chunk 0: read started 0.6 ms into the run, layer 1 reached at 275.6, waited 0.0 ms
strata ple batch phases: rows=131072 misses=90621 pages=80907 total_ms=131.934 call_lock_ms=0.000 lookup_ms=2.736 plan_ms=3.549 group_wait_ms=116.498 cache_insert_ms=4.318 callback_ms=4.622 reader_drain_ms=0.000
strata ple gather phases: tokens=8192 rows=131072 total_ms=131.964 raw_resize_ms=0.004 host_available_mib=14561
strata draft batch: weights=bf16 math=bf16x3 start=0 rows=8192 batch=7744
strata prefill callback: start=0 rows=8192 draft_path=batched draft_ms=28.942 checkpoint_ms=0.002 total_ms=28.970
strata prefill chunk: start=0 rows=8192 main_and_wait_ms=2191.372 callback_ms=38.404 total_ms=2229.776
strata ple: chunk 8192: read started 276.2 ms into the run, layer 1 reached at 2260.0, waited 0.0 ms
strata ple batch phases: rows=131072 misses=95905 pages=87321 total_ms=90.562 call_lock_ms=0.000 lookup_ms=2.943 plan_ms=3.834 group_wait_ms=74.161 cache_insert_ms=3.884 callback_ms=5.515 reader_drain_ms=0.000
strata ple gather phases: tokens=8192 rows=131072 total_ms=90.593 raw_resize_ms=0.003 host_available_mib=14556
strata draft batch: weights=bf16 math=bf16x3 start=8192 rows=8192 batch=7744
strata prefill callback: start=8192 rows=8192 draft_path=batched draft_ms=17.506 checkpoint_ms=35.994 total_ms=53.526
strata prefill chunk: start=8192 rows=8192 main_and_wait_ms=1876.642 callback_ms=53.542 total_ms=1930.184
strata ple: chunk 16384: read started 2260.1 ms into the run, layer 1 reached at 4189.5, waited 0.0 ms
strata draft batch: weights=bf16 math=bf16x3 start=16384 rows=8192 batch=7744
strata prefill callback: start=16384 rows=8192 draft_path=batched draft_ms=17.385 checkpoint_ms=0.002 total_ms=17.411
strata prefill chunk: start=16384 rows=8192 main_and_wait_ms=1784.664 callback_ms=17.419 total_ms=1802.083
strata ple: chunk 24576: read started 4189.6 ms into the run, layer 1 reached at 6021.8, waited 0.0 ms
strata: the hyper-connection read v4 (programmatic dependent launch)
strata prefill callback: start=24576 rows=21 draft_path=token draft_ms=4.013 checkpoint_ms=0.002 total_ms=4.056
strata prefill chunk: start=24576 rows=21 main_and_wait_ms=295.064 callback_ms=4.064 total_ms=299.129
strata prefill executed: tokens=24597 max_chunk=8192 capacity=8192 start=0
strata serve prefill segment: start=24597 end=24603 root=0 turn=0 message=0 pin=0 reread=0
strata verify: capturing the 3-token window (1299 MiB of VRAM free)
strata verify: captured the 3-token window (upload no error, sync no error)
strata verify: capturing the 1-token window (1295 MiB of VRAM free)
strata verify: captured the 1-token window (upload no error, sync no error)
strata serve: prompt 24604 tokens = 0 reused + 24604 read in 6377 ms (3858.5 tok/s), 1 generated in 28 ms (36.1 tok/s), drafts accepted 0 of 0, 2 checkpoints
strata serve: decode expert cache hit rate: 57.6% (254 hits / 441 lookups); 39 more read by the GPU over PCIe or from another GPU (8.1% of all 480 routed)
strata serve: resident RAM: 63.28 GiB of experts in RAM, 0 exchanged with the VRAM tier, 0 blob reads from the file
safetensors residency metrics: ram_bytes=67948118016 os_locked_bytes=0 cuda_pinned_bytes=67948118016 promotions=0 promoted_payload_bytes=0 expert_file_bytes=0 (cumulative; payload is not a physical PCIe counter)
safetensors ngram metrics: ple io: 393664 rows, 19.2% row-cache hits, 255819 SSD reads (1047.9 MB), read p50 222 us p99 500 us, blocked 389.018 ms total (submit 0.189 ms), cache 247116/1048576 rows, SSD kept awake by 56 reads (slowest 10.2 ms)
strata serve: expert tiers: GPU 254 hits this request; since the start RAM 70089 blobs, files 0 blobs 0.0 MB read
strata serve: prompt 24605 tokens = 24604 reused + 1 read in 0 ms (20040.1 tok/s), 1 generated in 19 ms (52.7 tok/s), drafts accepted 0 of 0, 2 checkpoints
strata serve: decode expert cache hit rate: 60.4% (270 hits / 447 lookups); 33 more read by the GPU over PCIe or from another GPU (6.9% of all 480 routed)
strata serve: resident RAM: 63.28 GiB of experts in RAM, 0 exchanged with the VRAM tier, 0 blob reads from the file
safetensors residency metrics: ram_bytes=67948118016 os_locked_bytes=0 cuda_pinned_bytes=67948118016 promotions=0 promoted_payload_bytes=0 expert_file_bytes=0 (cumulative; payload is not a physical PCIe counter)
safetensors ngram metrics: ple io: 393680 rows, 19.2% row-cache hits, 255827 SSD reads (1047.9 MB), read p50 222 us p99 500 us, blocked 389.046 ms total (submit 0.201 ms), cache 247124/1048576 rows, SSD kept awake by 56 reads (slowest 10.2 ms)
strata serve: expert tiers: GPU 270 hits this request; since the start RAM 70299 blobs, files 0 blobs 0.0 MB read
strata serve: prompt 24606 tokens = 24605 reused + 1 read in 0 ms (19880.7 tok/s), 1 generated in 22 ms (45.5 tok/s), drafts accepted 0 of 0, 2 checkpoints
strata serve: decode expert cache hit rate: 43.3% (184 hits / 425 lookups); 55 more read by the GPU over PCIe or from another GPU (11.5% of all 480 routed)
strata serve: resident RAM: 63.28 GiB of experts in RAM, 0 exchanged with the VRAM tier, 0 blob reads from the file
safetensors residency metrics: ram_bytes=67948118016 os_locked_bytes=0 cuda_pinned_bytes=67948118016 promotions=0 promoted_payload_bytes=0 expert_file_bytes=0 (cumulative; payload is not a physical PCIe counter)
safetensors ngram metrics: ple io: 393696 rows, 19.2% row-cache hits, 255843 SSD reads (1048.0 MB), read p50 222 us p99 506 us, blocked 389.047 ms total (submit 0.218 ms), cache 247140/1048576 rows, SSD kept awake by 56 reads (slowest 10.2 ms)
strata serve: expert tiers: GPU 184 hits this request; since the start RAM 70595 blobs, files 0 blobs 0.0 MB read
strata serve: prompt 24607 tokens = 24606 reused + 1 read in 0 ms (19646.4 tok/s), 1 generated in 24 ms (41.5 tok/s), drafts accepted 0 of 0, 2 checkpoints
strata serve: decode expert cache hit rate: 38.9% (162 hits / 416 lookups); 64 more read by the GPU over PCIe or from another GPU (13.3% of all 480 routed)
strata serve: resident RAM: 63.28 GiB of experts in RAM, 0 exchanged with the VRAM tier, 0 blob reads from the file
safetensors residency metrics: ram_bytes=67948118016 os_locked_bytes=0 cuda_pinned_bytes=67948118016 promotions=0 promoted_payload_bytes=0 expert_file_bytes=0 (cumulative; payload is not a physical PCIe counter)
safetensors ngram metrics: ple io: 393712 rows, 19.2% row-cache hits, 255851 SSD reads (1048.1 MB), read p50 222 us p99 506 us, blocked 389.047 ms total (submit 0.234 ms), cache 247148/1048576 rows, SSD kept awake by 56 reads (slowest 10.2 ms)
strata serve: expert tiers: GPU 162 hits this request; since the start RAM 71009 blobs, files 0 blobs 0.0 MB read
strata serve: prompt 24608 tokens = 24607 reused + 1 read in 0 ms (6949.3 tok/s), 1 generated in 22 ms (45.1 tok/s), drafts accepted 0 of 0, 2 checkpoints
strata serve: decode expert cache hit rate: 39.6% (166 hits / 419 lookups); 61 more read by the GPU over PCIe or from another GPU (12.7% of all 480 routed)
strata serve: resident RAM: 63.28 GiB of experts in RAM, 0 exchanged with the VRAM tier, 0 blob reads from the file
safetensors residency metrics: ram_bytes=67948118016 os_locked_bytes=0 cuda_pinned_bytes=67948118016 promotions=96 promoted_payload_bytes=265422336 expert_file_bytes=0 (cumulative; payload is not a physical PCIe counter)
safetensors ngram metrics: ple io: 393728 rows, 19.2% row-cache hits, 255851 SSD reads (1048.1 MB), read p50 222 us p99 506 us, blocked 389.047 ms total (submit 0.234 ms), cache 247148/1048576 rows, SSD kept awake by 56 reads (slowest 10.2 ms)
strata serve: expert tiers: GPU 166 hits this request; since the start RAM 71323 blobs, files 0 blobs 0.0 MB read
strata serve: prompt 24609 tokens = 24608 reused + 1 read in 0 ms (20000.0 tok/s), 1 generated in 20 ms (51.2 tok/s), drafts accepted 0 of 0, 2 checkpoints
strata serve: decode expert cache hit rate: 55.0% (241 hits / 438 lookups); 42 more read by the GPU over PCIe or from another GPU (8.8% of all 480 routed)
strata serve: resident RAM: 63.28 GiB of experts in RAM, 0 exchanged with the VRAM tier, 0 blob reads from the file
safetensors residency metrics: ram_bytes=67948118016 os_locked_bytes=0 cuda_pinned_bytes=67948118016 promotions=96 promoted_payload_bytes=265422336 expert_file_bytes=0 (cumulative; payload is not a physical PCIe counter)
safetensors ngram metrics: ple io: 393744 rows, 19.2% row-cache hits, 255851 SSD reads (1048.1 MB), read p50 222 us p99 506 us, blocked 389.047 ms total (submit 0.234 ms), cache 247148/1048576 rows, SSD kept awake by 56 reads (slowest 10.2 ms)
strata serve: expert tiers: GPU 241 hits this request; since the start RAM 71562 blobs, files 0 blobs 0.0 MB read
strata serve: prompt 24610 tokens = 24609 reused + 1 read in 0 ms (7788.2 tok/s), 1 generated in 20 ms (48.8 tok/s), drafts accepted 0 of 0, 2 checkpoints
strata serve: decode expert cache hit rate: 53.2% (232 hits / 436 lookups); 44 more read by the GPU over PCIe or from another GPU (9.2% of all 480 routed)
strata serve: resident RAM: 63.28 GiB of experts in RAM, 0 exchanged with the VRAM tier, 0 blob reads from the file
safetensors residency metrics: ram_bytes=67948118016 os_locked_bytes=0 cuda_pinned_bytes=67948118016 promotions=96 promoted_payload_bytes=265422336 expert_file_bytes=0 (cumulative; payload is not a physical PCIe counter)
safetensors ngram metrics: ple io: 393760 rows, 19.2% row-cache hits, 255867 SSD reads (1048.1 MB), read p50 222 us p99 506 us, blocked 389.048 ms total (submit 0.249 ms), cache 247164/1048576 rows, SSD kept awake by 57 reads (slowest 10.2 ms)
strata serve: expert tiers: GPU 232 hits this request; since the start RAM 71810 blobs, files 0 blobs 0.0 MB read
strata serve: prompt 24611 tokens = 24610 reused + 1 read in 0 ms (18832.4 tok/s), 1 generated in 22 ms (44.8 tok/s), drafts accepted 0 of 0, 2 checkpoints
strata serve: decode expert cache hit rate: 46.5% (199 hits / 428 lookups); 52 more read by the GPU over PCIe or from another GPU (10.8% of all 480 routed)
strata serve: resident RAM: 63.28 GiB of experts in RAM, 0 exchanged with the VRAM tier, 0 blob reads from the file
safetensors residency metrics: ram_bytes=67948118016 os_locked_bytes=0 cuda_pinned_bytes=67948118016 promotions=96 promoted_payload_bytes=265422336 expert_file_bytes=0 (cumulative; payload is not a physical PCIe counter)
safetensors ngram metrics: ple io: 393776 rows, 19.2% row-cache hits, 255883 SSD reads (1048.2 MB), read p50 222 us p99 506 us, blocked 389.048 ms total (submit 0.263 ms), cache 247180/1048576 rows, SSD kept awake by 57 reads (slowest 10.2 ms)
strata serve: expert tiers: GPU 199 hits this request; since the start RAM 72187 blobs, files 0 blobs 0.0 MB read
strata serve: prompt 24612 tokens = 24611 reused + 1 read in 0 ms (6770.5 tok/s), 1 generated in 20 ms (49.2 tok/s), drafts accepted 0 of 0, 2 checkpoints
strata serve: decode expert cache hit rate: 51.7% (223 hits / 431 lookups); 49 more read by the GPU over PCIe or from another GPU (10.2% of all 480 routed)
strata serve: resident RAM: 63.28 GiB of experts in RAM, 0 exchanged with the VRAM tier, 0 blob reads from the file
safetensors residency metrics: ram_bytes=67948118016 os_locked_bytes=0 cuda_pinned_bytes=67948118016 promotions=192 promoted_payload_bytes=530844672 expert_file_bytes=0 (cumulative; payload is not a physical PCIe counter)
safetensors ngram metrics: ple io: 393792 rows, 19.2% row-cache hits, 255899 SSD reads (1048.3 MB), read p50 222 us p99 506 us, blocked 389.049 ms total (submit 0.280 ms), cache 247196/1048576 rows, SSD kept awake by 57 reads (slowest 10.2 ms)
strata serve: expert tiers: GPU 223 hits this request; since the start RAM 72444 blobs, files 0 blobs 0.0 MB read
strata serve: prompt 24613 tokens = 24612 reused + 1 read in 0 ms (20576.1 tok/s), 1 generated in 19 ms (51.4 tok/s), drafts accepted 0 of 0, 2 checkpoints
strata serve: decode expert cache hit rate: 59.4% (265 hits / 446 lookups); 34 more read by the GPU over PCIe or from another GPU (7.1% of all 480 routed)
strata serve: resident RAM: 63.28 GiB of experts in RAM, 0 exchanged with the VRAM tier, 0 blob reads from the file
safetensors residency metrics: ram_bytes=67948118016 os_locked_bytes=0 cuda_pinned_bytes=67948118016 promotions=192 promoted_payload_bytes=530844672 expert_file_bytes=0 (cumulative; payload is not a physical PCIe counter)
safetensors ngram metrics: ple io: 393808 rows, 19.2% row-cache hits, 255915 SSD reads (1048.3 MB), read p50 222 us p99 506 us, blocked 389.049 ms total (submit 0.295 ms), cache 247212/1048576 rows, SSD kept awake by 57 reads (slowest 10.2 ms)
strata serve: expert tiers: GPU 265 hits this request; since the start RAM 72659 blobs, files 0 blobs 0.0 MB read
strata serve: prompt 24614 tokens = 24613 reused + 1 read in 0 ms (20325.2 tok/s), 1 generated in 24 ms (41.2 tok/s), drafts accepted 0 of 0, 2 checkpoints
strata serve: decode expert cache hit rate: 48.8% (212 hits / 434 lookups); 46 more read by the GPU over PCIe or from another GPU (9.6% of all 480 routed)
strata serve: resident RAM: 63.28 GiB of experts in RAM, 0 exchanged with the VRAM tier, 0 blob reads from the file
safetensors residency metrics: ram_bytes=67948118016 os_locked_bytes=0 cuda_pinned_bytes=67948118016 promotions=192 promoted_payload_bytes=530844672 expert_file_bytes=0 (cumulative; payload is not a physical PCIe counter)
safetensors ngram metrics: ple io: 393824 rows, 19.2% row-cache hits, 255931 SSD reads (1048.4 MB), read p50 222 us p99 506 us, blocked 389.049 ms total (submit 0.314 ms), cache 247228/1048576 rows, SSD kept awake by 57 reads (slowest 10.2 ms)
strata serve: expert tiers: GPU 212 hits this request; since the start RAM 72927 blobs, files 0 blobs 0.0 MB read
strata serve: prompt 24615 tokens = 24614 reused + 1 read in 0 ms (18348.6 tok/s), 1 generated in 22 ms (45.3 tok/s), drafts accepted 0 of 0, 2 checkpoints
strata serve: decode expert cache hit rate: 52.8% (232 hits / 439 lookups); 41 more read by the GPU over PCIe or from another GPU (8.5% of all 480 routed)
strata serve: resident RAM: 63.28 GiB of experts in RAM, 0 exchanged with the VRAM tier, 0 blob reads from the file
safetensors residency metrics: ram_bytes=67948118016 os_locked_bytes=0 cuda_pinned_bytes=67948118016 promotions=192 promoted_payload_bytes=530844672 expert_file_bytes=0 (cumulative; payload is not a physical PCIe counter)
safetensors ngram metrics: ple io: 393840 rows, 19.2% row-cache hits, 255939 SSD reads (1048.4 MB), read p50 222 us p99 506 us, blocked 389.050 ms total (submit 0.331 ms), cache 247236/1048576 rows, SSD kept awake by 57 reads (slowest 10.2 ms)
strata serve: expert tiers: GPU 232 hits this request; since the start RAM 73271 blobs, files 0 blobs 0.0 MB read
strata serve: prompt 24616 tokens = 24615 reused + 1 read in 0 ms (6476.7 tok/s), 1 generated in 21 ms (48.5 tok/s), drafts accepted 0 of 0, 2 checkpoints
strata serve: decode expert cache hit rate: 57.9% (259 hits / 447 lookups); 33 more read by the GPU over PCIe or from another GPU (6.9% of all 480 routed)
strata serve: resident RAM: 63.28 GiB of experts in RAM, 0 exchanged with the VRAM tier, 0 blob reads from the file
safetensors residency metrics: ram_bytes=67948118016 os_locked_bytes=0 cuda_pinned_bytes=67948118016 promotions=288 promoted_payload_bytes=796267008 expert_file_bytes=0 (cumulative; payload is not a physical PCIe counter)
safetensors ngram metrics: ple io: 393856 rows, 19.2% row-cache hits, 255955 SSD reads (1048.5 MB), read p50 222 us p99 506 us, blocked 389.723 ms total (submit 0.346 ms), cache 247252/1048576 rows, SSD kept awake by 57 reads (slowest 10.2 ms)
strata serve: expert tiers: GPU 259 hits this request; since the start RAM 73492 blobs, files 0 blobs 0.0 MB read
strata serve: prompt 24617 tokens = 24616 reused + 1 read in 0 ms (21141.6 tok/s), 1 generated in 19 ms (52.8 tok/s), drafts accepted 0 of 0, 2 checkpoints
strata serve: decode expert cache hit rate: 62.4% (280 hits / 449 lookups); 31 more read by the GPU over PCIe or from another GPU (6.5% of all 480 routed)
strata serve: resident RAM: 63.28 GiB of experts in RAM, 0 exchanged with the VRAM tier, 0 blob reads from the file
safetensors residency metrics: ram_bytes=67948118016 os_locked_bytes=0 cuda_pinned_bytes=67948118016 promotions=288 promoted_payload_bytes=796267008 expert_file_bytes=0 (cumulative; payload is not a physical PCIe counter)
safetensors ngram metrics: ple io: 393872 rows, 19.2% row-cache hits, 255971 SSD reads (1048.6 MB), read p50 222 us p99 506 us, blocked 389.723 ms total (submit 0.362 ms), cache 247268/1048576 rows, SSD kept awake by 57 reads (slowest 10.2 ms)
strata serve: expert tiers: GPU 280 hits this request; since the start RAM 73692 blobs, files 0 blobs 0.0 MB read
strata serve: prompt 24618 tokens = 24617 reused + 1 read in 0 ms (20366.6 tok/s), 1 generated in 19 ms (53.8 tok/s), drafts accepted 0 of 0, 2 checkpoints
strata serve: decode expert cache hit rate: 68.4% (310 hits / 453 lookups); 27 more read by the GPU over PCIe or from another GPU (5.6% of all 480 routed)
strata serve: resident RAM: 63.28 GiB of experts in RAM, 0 exchanged with the VRAM tier, 0 blob reads from the file
safetensors residency metrics: ram_bytes=67948118016 os_locked_bytes=0 cuda_pinned_bytes=67948118016 promotions=288 promoted_payload_bytes=796267008 expert_file_bytes=0 (cumulative; payload is not a physical PCIe counter)
safetensors ngram metrics: ple io: 393888 rows, 19.2% row-cache hits, 255987 SSD reads (1048.6 MB), read p50 222 us p99 506 us, blocked 389.724 ms total (submit 0.382 ms), cache 247284/1048576 rows, SSD kept awake by 57 reads (slowest 10.2 ms)
strata serve: expert tiers: GPU 310 hits this request; since the start RAM 73862 blobs, files 0 blobs 0.0 MB read
strata serve: prompt 24619 tokens = 24618 reused + 1 read in 0 ms (20491.8 tok/s), 1 generated in 18 ms (54.3 tok/s), drafts accepted 0 of 0, 2 checkpoints
strata serve: decode expert cache hit rate: 73.9% (346 hits / 468 lookups); 12 more read by the GPU over PCIe or from another GPU (2.5% of all 480 routed)
strata serve: resident RAM: 63.28 GiB of experts in RAM, 0 exchanged with the VRAM tier, 0 blob reads from the file
safetensors residency metrics: ram_bytes=67948118016 os_locked_bytes=0 cuda_pinned_bytes=67948118016 promotions=288 promoted_payload_bytes=796267008 expert_file_bytes=0 (cumulative; payload is not a physical PCIe counter)
safetensors ngram metrics: ple io: 393904 rows, 19.2% row-cache hits, 256003 SSD reads (1048.7 MB), read p50 222 us p99 506 us, blocked 389.724 ms total (submit 0.395 ms), cache 247300/1048576 rows, SSD kept awake by 57 reads (slowest 10.2 ms)
strata serve: expert tiers: GPU 346 hits this request; since the start RAM 74092 blobs, files 0 blobs 0.0 MB read
strata serve: prompt 24620 tokens = 24619 reused + 1 read in 0 ms (6934.8 tok/s), 1 generated in 17 ms (58.0 tok/s), drafts accepted 0 of 0, 2 checkpoints
strata serve: decode expert cache hit rate: 75.3% (350 hits / 465 lookups); 15 more read by the GPU over PCIe or from another GPU (3.1% of all 480 routed)
strata serve: resident RAM: 63.28 GiB of experts in RAM, 0 exchanged with the VRAM tier, 0 blob reads from the file
safetensors residency metrics: ram_bytes=67948118016 os_locked_bytes=0 cuda_pinned_bytes=67948118016 promotions=384 promoted_payload_bytes=1061689344 expert_file_bytes=0 (cumulative; payload is not a physical PCIe counter)
safetensors ngram metrics: ple io: 393920 rows, 19.2% row-cache hits, 256011 SSD reads (1048.7 MB), read p50 222 us p99 506 us, blocked 389.725 ms total (submit 0.406 ms), cache 247308/1048576 rows, SSD kept awake by 57 reads (slowest 10.2 ms)
strata serve: expert tiers: GPU 350 hits this request; since the start RAM 74222 blobs, files 0 blobs 0.0 MB read
strata serve: prompt 24621 tokens = 24620 reused + 1 read in 0 ms (18587.4 tok/s), 1 generated in 19 ms (52.0 tok/s), drafts accepted 0 of 0, 2 checkpoints
strata serve: decode expert cache hit rate: 73.8% (340 hits / 461 lookups); 19 more read by the GPU over PCIe or from another GPU (4.0% of all 480 routed)
strata serve: resident RAM: 63.28 GiB of experts in RAM, 0 exchanged with the VRAM tier, 0 blob reads from the file
safetensors residency metrics: ram_bytes=67948118016 os_locked_bytes=0 cuda_pinned_bytes=67948118016 promotions=384 promoted_payload_bytes=1061689344 expert_file_bytes=0 (cumulative; payload is not a physical PCIe counter)
safetensors ngram metrics: ple io: 393936 rows, 19.2% row-cache hits, 256027 SSD reads (1048.8 MB), read p50 222 us p99 506 us, blocked 389.725 ms total (submit 0.420 ms), cache 247324/1048576 rows, SSD kept awake by 57 reads (slowest 10.2 ms)
strata serve: expert tiers: GPU 340 hits this request; since the start RAM 74362 blobs, files 0 blobs 0.0 MB read
strata serve: prompt 24622 tokens = 24621 reused + 1 read in 0 ms (20120.7 tok/s), 1 generated in 19 ms (51.7 tok/s), drafts accepted 0 of 0, 2 checkpoints
strata serve: decode expert cache hit rate: 60.2% (269 hits / 447 lookups); 33 more read by the GPU over PCIe or from another GPU (6.9% of all 480 routed)
strata serve: resident RAM: 63.28 GiB of experts in RAM, 0 exchanged with the VRAM tier, 0 blob reads from the file
safetensors residency metrics: ram_bytes=67948118016 os_locked_bytes=0 cuda_pinned_bytes=67948118016 promotions=384 promoted_payload_bytes=1061689344 expert_file_bytes=0 (cumulative; payload is not a physical PCIe counter)
safetensors ngram metrics: ple io: 393952 rows, 19.2% row-cache hits, 256043 SSD reads (1048.9 MB), read p50 222 us p99 506 us, blocked 389.725 ms total (submit 0.433 ms), cache 247340/1048576 rows, SSD kept awake by 57 reads (slowest 10.2 ms)
strata serve: expert tiers: GPU 269 hits this request; since the start RAM 74573 blobs, files 0 blobs 0.0 MB read
strata serve: prompt 24623 tokens = 24622 reused + 1 read in 0 ms (19723.9 tok/s), 1 generated in 21 ms (47.3 tok/s), drafts accepted 0 of 0, 2 checkpoints
strata serve: decode expert cache hit rate: 55.7% (244 hits / 438 lookups); 42 more read by the GPU over PCIe or from another GPU (8.8% of all 480 routed)
strata serve: resident RAM: 63.28 GiB of experts in RAM, 0 exchanged with the VRAM tier, 0 blob reads from the file
safetensors residency metrics: ram_bytes=67948118016 os_locked_bytes=0 cuda_pinned_bytes=67948118016 promotions=384 promoted_payload_bytes=1061689344 expert_file_bytes=0 (cumulative; payload is not a physical PCIe counter)
safetensors ngram metrics: ple io: 393968 rows, 19.2% row-cache hits, 256059 SSD reads (1048.9 MB), read p50 222 us p99 506 us, blocked 389.726 ms total (submit 0.446 ms), cache 247356/1048576 rows, SSD kept awake by 57 reads (slowest 10.2 ms)
strata serve: expert tiers: GPU 244 hits this request; since the start RAM 74905 blobs, files 0 blobs 0.0 MB read
strata serve: prompt 24624 tokens = 24623 reused + 1 read in 0 ms (6915.6 tok/s), 1 generated in 19 ms (52.0 tok/s), drafts accepted 0 of 0, 2 checkpoints
strata serve: decode expert cache hit rate: 59.5% (264 hits / 444 lookups); 36 more read by the GPU over PCIe or from another GPU (7.5% of all 480 routed)
strata serve: resident RAM: 63.28 GiB of experts in RAM, 0 exchanged with the VRAM tier, 0 blob reads from the file
safetensors residency metrics: ram_bytes=67948118016 os_locked_bytes=0 cuda_pinned_bytes=67948118016 promotions=480 promoted_payload_bytes=1327111680 expert_file_bytes=0 (cumulative; payload is not a physical PCIe counter)
safetensors ngram metrics: ple io: 393984 rows, 19.2% row-cache hits, 256075 SSD reads (1049.0 MB), read p50 222 us p99 506 us, blocked 389.726 ms total (submit 0.459 ms), cache 247372/1048576 rows, SSD kept awake by 57 reads (slowest 10.2 ms)
strata serve: expert tiers: GPU 264 hits this request; since the start RAM 75121 blobs, files 0 blobs 0.0 MB read
strata serve: prompt 24625 tokens = 24624 reused + 1 read in 0 ms (20120.7 tok/s), 1 generated in 17 ms (57.7 tok/s), drafts accepted 0 of 0, 2 checkpoints
strata serve: decode expert cache hit rate: 70.7% (326 hits / 461 lookups); 19 more read by the GPU over PCIe or from another GPU (4.0% of all 480 routed)
strata serve: resident RAM: 63.28 GiB of experts in RAM, 0 exchanged with the VRAM tier, 0 blob reads from the file
safetensors residency metrics: ram_bytes=67948118016 os_locked_bytes=0 cuda_pinned_bytes=67948118016 promotions=480 promoted_payload_bytes=1327111680 expert_file_bytes=0 (cumulative; payload is not a physical PCIe counter)
safetensors ngram metrics: ple io: 394000 rows, 19.2% row-cache hits, 256091 SSD reads (1049.1 MB), read p50 222 us p99 506 us, blocked 389.801 ms total (submit 0.475 ms), cache 247388/1048576 rows, SSD kept awake by 57 reads (slowest 10.2 ms)
strata serve: expert tiers: GPU 326 hits this request; since the start RAM 75275 blobs, files 0 blobs 0.0 MB read
strata serve: prompt 24626 tokens = 24625 reused + 1 read in 0 ms (20242.9 tok/s), 1 generated in 18 ms (54.7 tok/s), drafts accepted 0 of 0, 2 checkpoints
strata serve: decode expert cache hit rate: 66.4% (299 hits / 450 lookups); 30 more read by the GPU over PCIe or from another GPU (6.2% of all 480 routed)
strata serve: resident RAM: 63.28 GiB of experts in RAM, 0 exchanged with the VRAM tier, 0 blob reads from the file
safetensors residency metrics: ram_bytes=67948118016 os_locked_bytes=0 cuda_pinned_bytes=67948118016 promotions=480 promoted_payload_bytes=1327111680 expert_file_bytes=0 (cumulative; payload is not a physical PCIe counter)
safetensors ngram metrics: ple io: 394016 rows, 19.2% row-cache hits, 256107 SSD reads (1049.1 MB), read p50 222 us p99 506 us, blocked 389.802 ms total (submit 0.497 ms), cache 247404/1048576 rows, SSD kept awake by 57 reads (slowest 10.2 ms)
strata serve: expert tiers: GPU 299 hits this request; since the start RAM 75456 blobs, files 0 blobs 0.0 MB read
strata serve: prompt 24627 tokens = 24626 reused + 1 read in 0 ms (20242.9 tok/s), 1 generated in 20 ms (51.0 tok/s), drafts accepted 0 of 0, 2 checkpoints
strata serve: decode expert cache hit rate: 64.1% (289 hits / 451 lookups); 29 more read by the GPU over PCIe or from another GPU (6.0% of all 480 routed)
strata serve: resident RAM: 63.28 GiB of experts in RAM, 0 exchanged with the VRAM tier, 0 blob reads from the file
safetensors residency metrics: ram_bytes=67948118016 os_locked_bytes=0 cuda_pinned_bytes=67948118016 promotions=480 promoted_payload_bytes=1327111680 expert_file_bytes=0 (cumulative; payload is not a physical PCIe counter)
safetensors ngram metrics: ple io: 394032 rows, 19.2% row-cache hits, 256115 SSD reads (1049.2 MB), read p50 222 us p99 506 us, blocked 389.871 ms total (submit 0.513 ms), cache 247412/1048576 rows, SSD kept awake by 57 reads (slowest 10.2 ms)
strata serve: expert tiers: GPU 289 hits this request; since the start RAM 75743 blobs, files 0 blobs 0.0 MB read
strata serve: prompt 24628 tokens = 24627 reused + 1 read in 0 ms (6779.7 tok/s), 1 generated in 16 ms (61.6 tok/s), drafts accepted 0 of 0, 2 checkpoints
strata serve: decode expert cache hit rate: 77.5% (361 hits / 466 lookups); 14 more read by the GPU over PCIe or from another GPU (2.9% of all 480 routed)
strata serve: resident RAM: 63.28 GiB of experts in RAM, 0 exchanged with the VRAM tier, 0 blob reads from the file
safetensors residency metrics: ram_bytes=67948118016 os_locked_bytes=0 cuda_pinned_bytes=67948118016 promotions=576 promoted_payload_bytes=1592534016 expert_file_bytes=0 (cumulative; payload is not a physical PCIe counter)
safetensors ngram metrics: ple io: 394048 rows, 19.2% row-cache hits, 256115 SSD reads (1049.2 MB), read p50 222 us p99 506 us, blocked 389.871 ms total (submit 0.513 ms), cache 247412/1048576 rows, SSD kept awake by 57 reads (slowest 10.2 ms)
strata serve: expert tiers: GPU 361 hits this request; since the start RAM 75862 blobs, files 0 blobs 0.0 MB read
strata serve: prompt 24629 tokens = 24628 reused + 1 read in 0 ms (20618.6 tok/s), 1 generated in 16 ms (64.3 tok/s), drafts accepted 0 of 0, 2 checkpoints
strata serve: decode expert cache hit rate: 82.8% (391 hits / 472 lookups); 8 more read by the GPU over PCIe or from another GPU (1.7% of all 480 routed)
strata serve: resident RAM: 63.28 GiB of experts in RAM, 0 exchanged with the VRAM tier, 0 blob reads from the file
safetensors residency metrics: ram_bytes=67948118016 os_locked_bytes=0 cuda_pinned_bytes=67948118016 promotions=576 promoted_payload_bytes=1592534016 expert_file_bytes=0 (cumulative; payload is not a physical PCIe counter)
safetensors ngram metrics: ple io: 394064 rows, 19.2% row-cache hits, 256131 SSD reads (1049.2 MB), read p50 222 us p99 506 us, blocked 389.872 ms total (submit 0.528 ms), cache 247428/1048576 rows, SSD kept awake by 57 reads (slowest 10.2 ms)
strata serve: expert tiers: GPU 391 hits this request; since the start RAM 75951 blobs, files 0 blobs 0.0 MB read
strata serve: prompt 24630 tokens = 24629 reused + 1 read in 0 ms (20661.2 tok/s), 1 generated in 17 ms (57.5 tok/s), drafts accepted 0 of 0, 2 checkpoints
strata serve: decode expert cache hit rate: 71.5% (329 hits / 460 lookups); 20 more read by the GPU over PCIe or from another GPU (4.2% of all 480 routed)
strata serve: resident RAM: 63.28 GiB of experts in RAM, 0 exchanged with the VRAM tier, 0 blob reads from the file
safetensors residency metrics: ram_bytes=67948118016 os_locked_bytes=0 cuda_pinned_bytes=67948118016 promotions=576 promoted_payload_bytes=1592534016 expert_file_bytes=0 (cumulative; payload is not a physical PCIe counter)
safetensors ngram metrics: ple io: 394080 rows, 19.2% row-cache hits, 256147 SSD reads (1049.3 MB), read p50 222 us p99 510 us, blocked 389.872 ms total (submit 0.541 ms), cache 247444/1048576 rows, SSD kept awake by 57 reads (slowest 10.2 ms)
strata serve: expert tiers: GPU 329 hits this request; since the start RAM 76102 blobs, files 0 blobs 0.0 MB read
strata serve: prompt 24631 tokens = 24630 reused + 1 read in 0 ms (18939.4 tok/s), 1 generated in 20 ms (49.7 tok/s), drafts accepted 0 of 0, 2 checkpoints
strata serve: decode expert cache hit rate: 64.6% (290 hits / 449 lookups); 31 more read by the GPU over PCIe or from another GPU (6.5% of all 480 routed)
strata serve: resident RAM: 63.28 GiB of experts in RAM, 0 exchanged with the VRAM tier, 0 blob reads from the file
safetensors residency metrics: ram_bytes=67948118016 os_locked_bytes=0 cuda_pinned_bytes=67948118016 promotions=576 promoted_payload_bytes=1592534016 expert_file_bytes=0 (cumulative; payload is not a physical PCIe counter)
safetensors ngram metrics: ple io: 394096 rows, 19.2% row-cache hits, 256163 SSD reads (1049.4 MB), read p50 221 us p99 510 us, blocked 389.873 ms total (submit 0.554 ms), cache 247460/1048576 rows, SSD kept awake by 57 reads (slowest 10.2 ms)
strata serve: expert tiers: GPU 290 hits this request; since the start RAM 76388 blobs, files 0 blobs 0.0 MB read
strata serve: prompt 24632 tokens = 24631 reused + 1 read in 0 ms (8130.1 tok/s), 1 generated in 18 ms (56.0 tok/s), drafts accepted 0 of 0, 2 checkpoints
strata serve: decode expert cache hit rate: 69.9% (321 hits / 459 lookups); 21 more read by the GPU over PCIe or from another GPU (4.4% of all 480 routed)
strata serve: resident RAM: 63.28 GiB of experts in RAM, 0 exchanged with the VRAM tier, 0 blob reads from the file
safetensors residency metrics: ram_bytes=67948118016 os_locked_bytes=0 cuda_pinned_bytes=67948118016 promotions=672 promoted_payload_bytes=1857956352 expert_file_bytes=0 (cumulative; payload is not a physical PCIe counter)
safetensors ngram metrics: ple io: 394112 rows, 19.2% row-cache hits, 256179 SSD reads (1049.4 MB), read p50 221 us p99 510 us, blocked 389.873 ms total (submit 0.574 ms), cache 247476/1048576 rows, SSD kept awake by 57 reads (slowest 10.2 ms)
strata serve: expert tiers: GPU 321 hits this request; since the start RAM 76547 blobs, files 0 blobs 0.0 MB read
strata serve: prompt 24633 tokens = 24632 reused + 1 read in 0 ms (18348.6 tok/s), 1 generated in 19 ms (53.5 tok/s), drafts accepted 0 of 0, 2 checkpoints
strata serve: decode expert cache hit rate: 64.6% (292 hits / 452 lookups); 28 more read by the GPU over PCIe or from another GPU (5.8% of all 480 routed)
strata serve: resident RAM: 63.28 GiB of experts in RAM, 0 exchanged with the VRAM tier, 0 blob reads from the file
safetensors residency metrics: ram_bytes=67948118016 os_locked_bytes=0 cuda_pinned_bytes=67948118016 promotions=672 promoted_payload_bytes=1857956352 expert_file_bytes=0 (cumulative; payload is not a physical PCIe counter)
safetensors ngram metrics: ple io: 394128 rows, 19.2% row-cache hits, 256195 SSD reads (1049.5 MB), read p50 221 us p99 510 us, blocked 389.873 ms total (submit 0.589 ms), cache 247492/1048576 rows, SSD kept awake by 57 reads (slowest 10.2 ms)
strata serve: expert tiers: GPU 292 hits this request; since the start RAM 76735 blobs, files 0 blobs 0.0 MB read
strata serve: prompt 24634 tokens = 24633 reused + 1 read in 0 ms (20491.8 tok/s), 1 generated in 18 ms (55.1 tok/s), drafts accepted 0 of 0, 2 checkpoints
strata serve: decode expert cache hit rate: 67.5% (307 hits / 455 lookups); 25 more read by the GPU over PCIe or from another GPU (5.2% of all 480 routed)
strata serve: resident RAM: 63.28 GiB of experts in RAM, 0 exchanged with the VRAM tier, 0 blob reads from the file
safetensors residency metrics: ram_bytes=67948118016 os_locked_bytes=0 cuda_pinned_bytes=67948118016 promotions=672 promoted_payload_bytes=1857956352 expert_file_bytes=0 (cumulative; payload is not a physical PCIe counter)
safetensors ngram metrics: ple io: 394144 rows, 19.2% row-cache hits, 256211 SSD reads (1049.6 MB), read p50 221 us p99 510 us, blocked 389.874 ms total (submit 0.614 ms), cache 247508/1048576 rows, SSD kept awake by 57 reads (slowest 10.2 ms)
strata serve: expert tiers: GPU 307 hits this request; since the start RAM 76908 blobs, files 0 blobs 0.0 MB read
strata serve: prompt 24635 tokens = 24634 reused + 1 read in 0 ms (20876.8 tok/s), 1 generated in 18 ms (54.5 tok/s), drafts accepted 0 of 0, 2 checkpoints
strata serve: decode expert cache hit rate: 75.4% (349 hits / 463 lookups); 17 more read by the GPU over PCIe or from another GPU (3.5% of all 480 routed)
strata serve: resident RAM: 63.28 GiB of experts in RAM, 0 exchanged with the VRAM tier, 0 blob reads from the file
safetensors residency metrics: ram_bytes=67948118016 os_locked_bytes=0 cuda_pinned_bytes=67948118016 promotions=672 promoted_payload_bytes=1857956352 expert_file_bytes=0 (cumulative; payload is not a physical PCIe counter)
safetensors ngram metrics: ple io: 394160 rows, 19.2% row-cache hits, 256219 SSD reads (1049.6 MB), read p50 221 us p99 510 us, blocked 389.874 ms total (submit 0.628 ms), cache 247516/1048576 rows, SSD kept awake by 57 reads (slowest 10.2 ms)
strata serve: expert tiers: GPU 349 hits this request; since the start RAM 77135 blobs, files 0 blobs 0.0 MB read
strata serve: prompt 24636 tokens = 24635 reused + 1 read in 0 ms (6557.4 tok/s), 1 generated in 18 ms (54.5 tok/s), drafts accepted 0 of 0, 2 checkpoints
strata serve: decode expert cache hit rate: 65.5% (296 hits / 452 lookups); 28 more read by the GPU over PCIe or from another GPU (5.8% of all 480 routed)
strata serve: resident RAM: 63.28 GiB of experts in RAM, 0 exchanged with the VRAM tier, 0 blob reads from the file
safetensors residency metrics: ram_bytes=67948118016 os_locked_bytes=0 cuda_pinned_bytes=67948118016 promotions=768 promoted_payload_bytes=2123378688 expert_file_bytes=0 (cumulative; payload is not a physical PCIe counter)
safetensors ngram metrics: ple io: 394176 rows, 19.2% row-cache hits, 256235 SSD reads (1049.7 MB), read p50 221 us p99 510 us, blocked 389.875 ms total (submit 0.647 ms), cache 247532/1048576 rows, SSD kept awake by 57 reads (slowest 10.2 ms)
strata serve: expert tiers: GPU 296 hits this request; since the start RAM 77319 blobs, files 0 blobs 0.0 MB read
strata serve: prompt 24637 tokens = 24636 reused + 1 read in 0 ms (19267.8 tok/s), 1 generated in 20 ms (49.7 tok/s), drafts accepted 0 of 0, 2 checkpoints
strata serve: decode expert cache hit rate: 55.9% (243 hits / 435 lookups); 45 more read by the GPU over PCIe or from another GPU (9.4% of all 480 routed)
strata serve: resident RAM: 63.28 GiB of experts in RAM, 0 exchanged with the VRAM tier, 0 blob reads from the file
safetensors residency metrics: ram_bytes=67948118016 os_locked_bytes=0 cuda_pinned_bytes=67948118016 promotions=768 promoted_payload_bytes=2123378688 expert_file_bytes=0 (cumulative; payload is not a physical PCIe counter)
safetensors ngram metrics: ple io: 394192 rows, 19.2% row-cache hits, 256251 SSD reads (1049.7 MB), read p50 221 us p99 510 us, blocked 389.876 ms total (submit 0.667 ms), cache 247548/1048576 rows, SSD kept awake by 57 reads (slowest 10.2 ms)
strata serve: expert tiers: GPU 243 hits this request; since the start RAM 77556 blobs, files 0 blobs 0.0 MB read
strata serve: prompt 24638 tokens = 24637 reused + 1 read in 0 ms (17361.1 tok/s), 1 generated in 19 ms (53.3 tok/s), drafts accepted 0 of 0, 2 checkpoints
strata serve: decode expert cache hit rate: 64.7% (291 hits / 450 lookups); 30 more read by the GPU over PCIe or from another GPU (6.2% of all 480 routed)
strata serve: resident RAM: 63.28 GiB of experts in RAM, 0 exchanged with the VRAM tier, 0 blob reads from the file
safetensors residency metrics: ram_bytes=67948118016 os_locked_bytes=0 cuda_pinned_bytes=67948118016 promotions=768 promoted_payload_bytes=2123378688 expert_file_bytes=0 (cumulative; payload is not a physical PCIe counter)
safetensors ngram metrics: ple io: 394208 rows, 19.2% row-cache hits, 256267 SSD reads (1049.8 MB), read p50 221 us p99 510 us, blocked 389.876 ms total (submit 0.686 ms), cache 247564/1048576 rows, SSD kept awake by 57 reads (slowest 10.2 ms)
strata serve: expert tiers: GPU 291 hits this request; since the start RAM 77745 blobs, files 0 blobs 0.0 MB read
strata serve: prompt 24639 tokens = 24638 reused + 1 read in 0 ms (14970.1 tok/s), 1 generated in 23 ms (43.0 tok/s), drafts accepted 0 of 0, 2 checkpoints
strata serve: decode expert cache hit rate: 64.5% (291 hits / 451 lookups); 29 more read by the GPU over PCIe or from another GPU (6.0% of all 480 routed)
strata serve: resident RAM: 63.28 GiB of experts in RAM, 0 exchanged with the VRAM tier, 0 blob reads from the file
safetensors residency metrics: ram_bytes=67948118016 os_locked_bytes=0 cuda_pinned_bytes=67948118016 promotions=768 promoted_payload_bytes=2123378688 expert_file_bytes=0 (cumulative; payload is not a physical PCIe counter)
safetensors ngram metrics: ple io: 394224 rows, 19.2% row-cache hits, 256283 SSD reads (1049.9 MB), read p50 221 us p99 510 us, blocked 389.877 ms total (submit 0.708 ms), cache 247580/1048576 rows, SSD kept awake by 57 reads (slowest 10.2 ms)
strata serve: expert tiers: GPU 291 hits this request; since the start RAM 78030 blobs, files 0 blobs 0.0 MB read
strata serve: prompt 24640 tokens = 24639 reused + 1 read in 0 ms (6527.4 tok/s), 1 generated in 17 ms (60.2 tok/s), drafts accepted 0 of 0, 2 checkpoints
strata serve: decode expert cache hit rate: 78.0% (366 hits / 469 lookups); 11 more read by the GPU over PCIe or from another GPU (2.3% of all 480 routed)
strata serve: resident RAM: 63.28 GiB of experts in RAM, 0 exchanged with the VRAM tier, 0 blob reads from the file
safetensors residency metrics: ram_bytes=67948118016 os_locked_bytes=0 cuda_pinned_bytes=67948118016 promotions=864 promoted_payload_bytes=2388801024 expert_file_bytes=0 (cumulative; payload is not a physical PCIe counter)
safetensors ngram metrics: ple io: 394240 rows, 19.2% row-cache hits, 256299 SSD reads (1049.9 MB), read p50 221 us p99 510 us, blocked 389.877 ms total (submit 0.730 ms), cache 247596/1048576 rows, SSD kept awake by 57 reads (slowest 10.2 ms)
strata serve: expert tiers: GPU 366 hits this request; since the start RAM 78144 blobs, files 0 blobs 0.0 MB read
strata serve: prompt 24641 tokens = 24640 reused + 1 read in 0 ms (19841.3 tok/s), 1 generated in 17 ms (57.4 tok/s), drafts accepted 0 of 0, 2 checkpoints
strata serve: decode expert cache hit rate: 71.6% (328 hits / 458 lookups); 22 more read by the GPU over PCIe or from another GPU (4.6% of all 480 routed)
strata serve: resident RAM: 63.28 GiB of experts in RAM, 0 exchanged with the VRAM tier, 0 blob reads from the file
safetensors residency metrics: ram_bytes=67948118016 os_locked_bytes=0 cuda_pinned_bytes=67948118016 promotions=864 promoted_payload_bytes=2388801024 expert_file_bytes=0 (cumulative; payload is not a physical PCIe counter)
safetensors ngram metrics: ple io: 394256 rows, 19.2% row-cache hits, 256315 SSD reads (1050.0 MB), read p50 221 us p99 510 us, blocked 389.878 ms total (submit 0.743 ms), cache 247612/1048576 rows, SSD kept awake by 57 reads (slowest 10.2 ms)
strata serve: expert tiers: GPU 328 hits this request; since the start RAM 78296 blobs, files 0 blobs 0.0 MB read
strata serve: prompt 24642 tokens = 24641 reused + 1 read in 0 ms (20000.0 tok/s), 1 generated in 19 ms (52.6 tok/s), drafts accepted 0 of 0, 2 checkpoints
strata serve: decode expert cache hit rate: 62.2% (280 hits / 450 lookups); 30 more read by the GPU over PCIe or from another GPU (6.2% of all 480 routed)
strata serve: resident RAM: 63.28 GiB of experts in RAM, 0 exchanged with the VRAM tier, 0 blob reads from the file
safetensors residency metrics: ram_bytes=67948118016 os_locked_bytes=0 cuda_pinned_bytes=67948118016 promotions=864 promoted_payload_bytes=2388801024 expert_file_bytes=0 (cumulative; payload is not a physical PCIe counter)
safetensors ngram metrics: ple io: 394272 rows, 19.2% row-cache hits, 256323 SSD reads (1050.1 MB), read p50 221 us p99 510 us, blocked 389.878 ms total (submit 0.761 ms), cache 247620/1048576 rows, SSD kept awake by 57 reads (slowest 10.2 ms)
strata serve: expert tiers: GPU 280 hits this request; since the start RAM 78496 blobs, files 0 blobs 0.0 MB read
strata serve: prompt 24643 tokens = 24642 reused + 1 read in 0 ms (18797.0 tok/s), 1 generated in 21 ms (47.8 tok/s), drafts accepted 0 of 0, 2 checkpoints
strata serve: decode expert cache hit rate: 60.8% (271 hits / 446 lookups); 34 more read by the GPU over PCIe or from another GPU (7.1% of all 480 routed)
strata serve: resident RAM: 63.28 GiB of experts in RAM, 0 exchanged with the VRAM tier, 0 blob reads from the file
safetensors residency metrics: ram_bytes=67948118016 os_locked_bytes=0 cuda_pinned_bytes=67948118016 promotions=864 promoted_payload_bytes=2388801024 expert_file_bytes=0 (cumulative; payload is not a physical PCIe counter)
safetensors ngram metrics: ple io: 394288 rows, 19.2% row-cache hits, 256331 SSD reads (1050.1 MB), read p50 221 us p99 510 us, blocked 389.879 ms total (submit 0.773 ms), cache 247628/1048576 rows, SSD kept awake by 57 reads (slowest 10.2 ms)
strata serve: expert tiers: GPU 271 hits this request; since the start RAM 78801 blobs, files 0 blobs 0.0 MB read
strata serve: prompt 24644 tokens = 24643 reused + 1 read in 0 ms (6891.8 tok/s), 1 generated in 18 ms (56.9 tok/s), drafts accepted 0 of 0, 2 checkpoints
strata serve: decode expert cache hit rate: 71.0% (326 hits / 459 lookups); 21 more read by the GPU over PCIe or from another GPU (4.4% of all 480 routed)
strata serve: resident RAM: 63.28 GiB of experts in RAM, 0 exchanged with the VRAM tier, 0 blob reads from the file
safetensors residency metrics: ram_bytes=67948118016 os_locked_bytes=0 cuda_pinned_bytes=67948118016 promotions=960 promoted_payload_bytes=2654223360 expert_file_bytes=0 (cumulative; payload is not a physical PCIe counter)
safetensors ngram metrics: ple io: 394304 rows, 19.2% row-cache hits, 256339 SSD reads (1050.1 MB), read p50 221 us p99 510 us, blocked 389.879 ms total (submit 0.794 ms), cache 247636/1048576 rows, SSD kept awake by 57 reads (slowest 10.2 ms)
strata serve: expert tiers: GPU 326 hits this request; since the start RAM 78955 blobs, files 0 blobs 0.0 MB read
strata serve: prompt 24645 tokens = 24644 reused + 1 read in 0 ms (19920.3 tok/s), 1 generated in 17 ms (59.9 tok/s), drafts accepted 0 of 0, 2 checkpoints
strata serve: decode expert cache hit rate: 76.1% (354 hits / 465 lookups); 15 more read by the GPU over PCIe or from another GPU (3.1% of all 480 routed)
strata serve: resident RAM: 63.28 GiB of experts in RAM, 0 exchanged with the VRAM tier, 0 blob reads from the file
safetensors residency metrics: ram_bytes=67948118016 os_locked_bytes=0 cuda_pinned_bytes=67948118016 promotions=960 promoted_payload_bytes=2654223360 expert_file_bytes=0 (cumulative; payload is not a physical PCIe counter)
safetensors ngram metrics: ple io: 394320 rows, 19.2% row-cache hits, 256355 SSD reads (1050.2 MB), read p50 221 us p99 510 us, blocked 389.880 ms total (submit 0.808 ms), cache 247652/1048576 rows, SSD kept awake by 57 reads (slowest 10.2 ms)
strata serve: expert tiers: GPU 354 hits this request; since the start RAM 79081 blobs, files 0 blobs 0.0 MB read
strata serve: prompt 24646 tokens = 24645 reused + 1 read in 0 ms (20120.7 tok/s), 1 generated in 17 ms (59.9 tok/s), drafts accepted 0 of 0, 2 checkpoints
strata serve: decode expert cache hit rate: 77.5% (361 hits / 466 lookups); 14 more read by the GPU over PCIe or from another GPU (2.9% of all 480 routed)
strata serve: resident RAM: 63.28 GiB of experts in RAM, 0 exchanged with the VRAM tier, 0 blob reads from the file
safetensors residency metrics: ram_bytes=67948118016 os_locked_bytes=0 cuda_pinned_bytes=67948118016 promotions=960 promoted_payload_bytes=2654223360 expert_file_bytes=0 (cumulative; payload is not a physical PCIe counter)
safetensors ngram metrics: ple io: 394336 rows, 19.2% row-cache hits, 256371 SSD reads (1050.3 MB), read p50 221 us p99 510 us, blocked 389.880 ms total (submit 0.827 ms), cache 247668/1048576 rows, SSD kept awake by 57 reads (slowest 10.2 ms)
strata serve: expert tiers: GPU 361 hits this request; since the start RAM 79200 blobs, files 0 blobs 0.0 MB read
strata serve: prompt 24647 tokens = 24646 reused + 1 read in 0 ms (19841.3 tok/s), 1 generated in 20 ms (49.2 tok/s), drafts accepted 0 of 0, 2 checkpoints
strata serve: decode expert cache hit rate: 63.1% (282 hits / 447 lookups); 33 more read by the GPU over PCIe or from another GPU (6.9% of all 480 routed)
strata serve: resident RAM: 63.28 GiB of experts in RAM, 0 exchanged with the VRAM tier, 0 blob reads from the file
safetensors residency metrics: ram_bytes=67948118016 os_locked_bytes=0 cuda_pinned_bytes=67948118016 promotions=960 promoted_payload_bytes=2654223360 expert_file_bytes=0 (cumulative; payload is not a physical PCIe counter)
safetensors ngram metrics: ple io: 394352 rows, 19.2% row-cache hits, 256379 SSD reads (1050.3 MB), read p50 221 us p99 510 us, blocked 389.880 ms total (submit 0.839 ms), cache 247676/1048576 rows, SSD kept awake by 57 reads (slowest 10.2 ms)
strata serve: expert tiers: GPU 282 hits this request; since the start RAM 79494 blobs, files 0 blobs 0.0 MB read
strata serve: prompt 24648 tokens = 24647 reused + 1 read in 0 ms (6743.1 tok/s), 1 generated in 17 ms (59.8 tok/s), drafts accepted 0 of 0, 2 checkpoints
strata serve: decode expert cache hit rate: 76.1% (353 hits / 464 lookups); 16 more read by the GPU over PCIe or from another GPU (3.3% of all 480 routed)
strata serve: resident RAM: 63.28 GiB of experts in RAM, 0 exchanged with the VRAM tier, 0 blob reads from the file
safetensors residency metrics: ram_bytes=67948118016 os_locked_bytes=0 cuda_pinned_bytes=67948118016 promotions=1056 promoted_payload_bytes=2919645696 expert_file_bytes=0 (cumulative; payload is not a physical PCIe counter)
safetensors ngram metrics: ple io: 394368 rows, 19.2% row-cache hits, 256395 SSD reads (1050.4 MB), read p50 221 us p99 510 us, blocked 389.881 ms total (submit 0.850 ms), cache 247692/1048576 rows, SSD kept awake by 57 reads (slowest 10.2 ms)
strata serve: expert tiers: GPU 353 hits this request; since the start RAM 79621 blobs, files 0 blobs 0.0 MB read
strata serve: prompt 24649 tokens = 24648 reused + 1 read in 0 ms (20284.0 tok/s), 1 generated in 18 ms (55.4 tok/s), drafts accepted 0 of 0, 2 checkpoints
strata serve: decode expert cache hit rate: 68.7% (311 hits / 453 lookups); 27 more read by the GPU over PCIe or from another GPU (5.6% of all 480 routed)
strata serve: resident RAM: 63.28 GiB of experts in RAM, 0 exchanged with the VRAM tier, 0 blob reads from the file
safetensors residency metrics: ram_bytes=67948118016 os_locked_bytes=0 cuda_pinned_bytes=67948118016 promotions=1056 promoted_payload_bytes=2919645696 expert_file_bytes=0 (cumulative; payload is not a physical PCIe counter)
safetensors ngram metrics: ple io: 394384 rows, 19.2% row-cache hits, 256411 SSD reads (1050.4 MB), read p50 221 us p99 510 us, blocked 389.881 ms total (submit 0.873 ms), cache 247708/1048576 rows, SSD kept awake by 57 reads (slowest 10.2 ms)
strata serve: expert tiers: GPU 311 hits this request; since the start RAM 79790 blobs, files 0 blobs 0.0 MB read
strata serve: prompt 24650 tokens = 24649 reused + 1 read in 0 ms (17730.5 tok/s), 1 generated in 18 ms (55.2 tok/s), drafts accepted 0 of 0, 2 checkpoints
strata serve: decode expert cache hit rate: 69.1% (318 hits / 460 lookups); 20 more read by the GPU over PCIe or from another GPU (4.2% of all 480 routed)
strata serve: resident RAM: 63.28 GiB of experts in RAM, 0 exchanged with the VRAM tier, 0 blob reads from the file
safetensors residency metrics: ram_bytes=67948118016 os_locked_bytes=0 cuda_pinned_bytes=67948118016 promotions=1056 promoted_payload_bytes=2919645696 expert_file_bytes=0 (cumulative; payload is not a physical PCIe counter)
safetensors ngram metrics: ple io: 394400 rows, 19.2% row-cache hits, 256427 SSD reads (1050.5 MB), read p50 221 us p99 510 us, blocked 389.882 ms total (submit 0.886 ms), cache 247724/1048576 rows, SSD kept awake by 57 reads (slowest 10.2 ms)
strata serve: expert tiers: GPU 318 hits this request; since the start RAM 79952 blobs, files 0 blobs 0.0 MB read
strata serve: prompt 24651 tokens = 24650 reused + 1 read in 0 ms (19193.9 tok/s), 1 generated in 20 ms (50.9 tok/s), drafts accepted 0 of 0, 2 checkpoints
strata serve: decode expert cache hit rate: 68.1% (310 hits / 455 lookups); 25 more read by the GPU over PCIe or from another GPU (5.2% of all 480 routed)
strata serve: resident RAM: 63.28 GiB of experts in RAM, 0 exchanged with the VRAM tier, 0 blob reads from the file
safetensors residency metrics: ram_bytes=67948118016 os_locked_bytes=0 cuda_pinned_bytes=67948118016 promotions=1056 promoted_payload_bytes=2919645696 expert_file_bytes=0 (cumulative; payload is not a physical PCIe counter)
safetensors ngram metrics: ple io: 394416 rows, 19.2% row-cache hits, 256443 SSD reads (1050.6 MB), read p50 221 us p99 510 us, blocked 389.882 ms total (submit 0.906 ms), cache 247740/1048576 rows, SSD kept awake by 57 reads (slowest 10.2 ms)
strata serve: expert tiers: GPU 310 hits this request; since the start RAM 80218 blobs, files 0 blobs 0.0 MB read
strata serve: prompt 24652 tokens = 24651 reused + 1 read in 0 ms (7168.5 tok/s), 1 generated in 16 ms (62.1 tok/s), drafts accepted 0 of 0, 2 checkpoints
strata serve: decode expert cache hit rate: 79.6% (375 hits / 471 lookups); 9 more read by the GPU over PCIe or from another GPU (1.9% of all 480 routed)
strata serve: resident RAM: 63.28 GiB of experts in RAM, 0 exchanged with the VRAM tier, 0 blob reads from the file
safetensors residency metrics: ram_bytes=67948118016 os_locked_bytes=0 cuda_pinned_bytes=67948118016 promotions=1152 promoted_payload_bytes=3185068032 expert_file_bytes=0 (cumulative; payload is not a physical PCIe counter)
safetensors ngram metrics: ple io: 394432 rows, 19.2% row-cache hits, 256459 SSD reads (1050.7 MB), read p50 221 us p99 510 us, blocked 389.883 ms total (submit 0.923 ms), cache 247756/1048576 rows, SSD kept awake by 57 reads (slowest 10.2 ms)
strata serve: expert tiers: GPU 375 hits this request; since the start RAM 80323 blobs, files 0 blobs 0.0 MB read
strata serve: prompt 24653 tokens = 24652 reused + 1 read in 0 ms (21141.6 tok/s), 1 generated in 16 ms (60.8 tok/s), drafts accepted 0 of 0, 2 checkpoints
strata serve: decode expert cache hit rate: 79.2% (373 hits / 471 lookups); 9 more read by the GPU over PCIe or from another GPU (1.9% of all 480 routed)
strata serve: resident RAM: 63.28 GiB of experts in RAM, 0 exchanged with the VRAM tier, 0 blob reads from the file
safetensors residency metrics: ram_bytes=67948118016 os_locked_bytes=0 cuda_pinned_bytes=67948118016 promotions=1152 promoted_payload_bytes=3185068032 expert_file_bytes=0 (cumulative; payload is not a physical PCIe counter)
safetensors ngram metrics: ple io: 394448 rows, 19.2% row-cache hits, 256475 SSD reads (1050.7 MB), read p50 221 us p99 510 us, blocked 389.883 ms total (submit 0.941 ms), cache 247772/1048576 rows, SSD kept awake by 57 reads (slowest 10.2 ms)
strata serve: expert tiers: GPU 373 hits this request; since the start RAM 80430 blobs, files 0 blobs 0.0 MB read
strata serve: prompt 24654 tokens = 24653 reused + 1 read in 0 ms (22222.2 tok/s), 1 generated in 16 ms (62.6 tok/s), drafts accepted 0 of 0, 2 checkpoints
strata serve: decode expert cache hit rate: 78.8% (371 hits / 471 lookups); 9 more read by the GPU over PCIe or from another GPU (1.9% of all 480 routed)
strata serve: resident RAM: 63.28 GiB of experts in RAM, 0 exchanged with the VRAM tier, 0 blob reads from the file
safetensors residency metrics: ram_bytes=67948118016 os_locked_bytes=0 cuda_pinned_bytes=67948118016 promotions=1152 promoted_payload_bytes=3185068032 expert_file_bytes=0 (cumulative; payload is not a physical PCIe counter)
safetensors ngram metrics: ple io: 394464 rows, 19.2% row-cache hits, 256491 SSD reads (1050.8 MB), read p50 221 us p99 510 us, blocked 389.884 ms total (submit 0.953 ms), cache 247788/1048576 rows, SSD kept awake by 57 reads (slowest 10.2 ms)
strata serve: expert tiers: GPU 371 hits this request; since the start RAM 80539 blobs, files 0 blobs 0.0 MB read
strata serve: prompt 24655 tokens = 24654 reused + 1 read in 0 ms (20000.0 tok/s), 1 generated in 20 ms (50.4 tok/s), drafts accepted 0 of 0, 2 checkpoints
strata serve: decode expert cache hit rate: 62.0% (277 hits / 447 lookups); 33 more read by the GPU over PCIe or from another GPU (6.9% of all 480 routed)
strata serve: resident RAM: 63.28 GiB of experts in RAM, 0 exchanged with the VRAM tier, 0 blob reads from the file
safetensors residency metrics: ram_bytes=67948118016 os_locked_bytes=0 cuda_pinned_bytes=67948118016 promotions=1152 promoted_payload_bytes=3185068032 expert_file_bytes=0 (cumulative; payload is not a physical PCIe counter)
safetensors ngram metrics: ple io: 394480 rows, 19.2% row-cache hits, 256507 SSD reads (1050.9 MB), read p50 221 us p99 515 us, blocked 389.884 ms total (submit 0.970 ms), cache 247804/1048576 rows, SSD kept awake by 57 reads (slowest 10.2 ms)
strata serve: expert tiers: GPU 277 hits this request; since the start RAM 80838 blobs, files 0 blobs 0.0 MB read
strata serve: prompt 24656 tokens = 24655 reused + 1 read in 0 ms (7418.4 tok/s), 1 generated in 17 ms (60.5 tok/s), drafts accepted 0 of 0, 2 checkpoints
strata serve: decode expert cache hit rate: 74.5% (344 hits / 462 lookups); 18 more read by the GPU over PCIe or from another GPU (3.8% of all 480 routed)
strata serve: resident RAM: 63.28 GiB of experts in RAM, 0 exchanged with the VRAM tier, 0 blob reads from the file
safetensors residency metrics: ram_bytes=67948118016 os_locked_bytes=0 cuda_pinned_bytes=67948118016 promotions=1248 promoted_payload_bytes=3450490368 expert_file_bytes=0 (cumulative; payload is not a physical PCIe counter)
safetensors ngram metrics: ple io: 394496 rows, 19.2% row-cache hits, 256515 SSD reads (1050.9 MB), read p50 221 us p99 515 us, blocked 389.884 ms total (submit 0.980 ms), cache 247812/1048576 rows, SSD kept awake by 57 reads (slowest 10.2 ms)
strata serve: expert tiers: GPU 344 hits this request; since the start RAM 80974 blobs, files 0 blobs 0.0 MB read
strata serve: prompt 24657 tokens = 24656 reused + 1 read in 0 ms (21505.4 tok/s), 1 generated in 16 ms (63.0 tok/s), drafts accepted 0 of 0, 2 checkpoints
strata serve: decode expert cache hit rate: 77.7% (362 hits / 466 lookups); 14 more read by the GPU over PCIe or from another GPU (2.9% of all 480 routed)
strata serve: resident RAM: 63.28 GiB of experts in RAM, 0 exchanged with the VRAM tier, 0 blob reads from the file
safetensors residency metrics: ram_bytes=67948118016 os_locked_bytes=0 cuda_pinned_bytes=67948118016 promotions=1248 promoted_payload_bytes=3450490368 expert_file_bytes=0 (cumulative; payload is not a physical PCIe counter)
safetensors ngram metrics: ple io: 394512 rows, 19.2% row-cache hits, 256531 SSD reads (1051.0 MB), read p50 221 us p99 515 us, blocked 389.885 ms total (submit 0.998 ms), cache 247828/1048576 rows, SSD kept awake by 57 reads (slowest 10.2 ms)
strata serve: expert tiers: GPU 362 hits this request; since the start RAM 81092 blobs, files 0 blobs 0.0 MB read
strata serve: prompt 24658 tokens = 24657 reused + 1 read in 0 ms (21645.0 tok/s), 1 generated in 18 ms (56.8 tok/s), drafts accepted 0 of 0, 2 checkpoints
strata serve: decode expert cache hit rate: 69.5% (316 hits / 455 lookups); 25 more read by the GPU over PCIe or from another GPU (5.2% of all 480 routed)
strata serve: resident RAM: 63.28 GiB of experts in RAM, 0 exchanged with the VRAM tier, 0 blob reads from the file
safetensors residency metrics: ram_bytes=67948118016 os_locked_bytes=0 cuda_pinned_bytes=67948118016 promotions=1248 promoted_payload_bytes=3450490368 expert_file_bytes=0 (cumulative; payload is not a physical PCIe counter)
safetensors ngram metrics: ple io: 394528 rows, 19.2% row-cache hits, 256547 SSD reads (1051.0 MB), read p50 221 us p99 515 us, blocked 389.885 ms total (submit 1.010 ms), cache 247844/1048576 rows, SSD kept awake by 57 reads (slowest 10.2 ms)
strata serve: expert tiers: GPU 316 hits this request; since the start RAM 81256 blobs, files 0 blobs 0.0 MB read
strata serve: prompt 24659 tokens = 24658 reused + 1 read in 0 ms (21008.4 tok/s), 1 generated in 17 ms (59.5 tok/s), drafts accepted 0 of 0, 2 checkpoints
strata serve: decode expert cache hit rate: 82.9% (394 hits / 475 lookups); 5 more read by the GPU over PCIe or from another GPU (1.0% of all 480 routed)
strata serve: resident RAM: 63.28 GiB of experts in RAM, 0 exchanged with the VRAM tier, 0 blob reads from the file
safetensors residency metrics: ram_bytes=67948118016 os_locked_bytes=0 cuda_pinned_bytes=67948118016 promotions=1248 promoted_payload_bytes=3450490368 expert_file_bytes=0 (cumulative; payload is not a physical PCIe counter)
safetensors ngram metrics: ple io: 394544 rows, 19.2% row-cache hits, 256563 SSD reads (1051.1 MB), read p50 221 us p99 515 us, blocked 389.886 ms total (submit 1.027 ms), cache 247860/1048576 rows, SSD kept awake by 57 reads (slowest 10.2 ms)
strata serve: expert tiers: GPU 394 hits this request; since the start RAM 81438 blobs, files 0 blobs 0.0 MB read
strata serve: prompt 24660 tokens = 24659 reused + 1 read in 0 ms (7352.9 tok/s), 1 generated in 17 ms (60.5 tok/s), drafts accepted 0 of 0, 2 checkpoints
strata serve: decode expert cache hit rate: 78.6% (367 hits / 467 lookups); 13 more read by the GPU over PCIe or from another GPU (2.7% of all 480 routed)
strata serve: resident RAM: 63.28 GiB of experts in RAM, 0 exchanged with the VRAM tier, 0 blob reads from the file
safetensors residency metrics: ram_bytes=67948118016 os_locked_bytes=0 cuda_pinned_bytes=67948118016 promotions=1344 promoted_payload_bytes=3715912704 expert_file_bytes=0 (cumulative; payload is not a physical PCIe counter)
safetensors ngram metrics: ple io: 394560 rows, 19.2% row-cache hits, 256579 SSD reads (1051.2 MB), read p50 221 us p99 515 us, blocked 389.886 ms total (submit 1.043 ms), cache 247876/1048576 rows, SSD kept awake by 57 reads (slowest 10.2 ms)
strata serve: expert tiers: GPU 367 hits this request; since the start RAM 81551 blobs, files 0 blobs 0.0 MB read
strata serve: prompt 24661 tokens = 24660 reused + 1 read in 0 ms (22271.7 tok/s), 1 generated in 15 ms (65.0 tok/s), drafts accepted 0 of 0, 2 checkpoints
strata serve: decode expert cache hit rate: 80.3% (378 hits / 471 lookups); 9 more read by the GPU over PCIe or from another GPU (1.9% of all 480 routed)
strata serve: resident RAM: 63.28 GiB of experts in RAM, 0 exchanged with the VRAM tier, 0 blob reads from the file
safetensors residency metrics: ram_bytes=67948118016 os_locked_bytes=0 cuda_pinned_bytes=67948118016 promotions=1344 promoted_payload_bytes=3715912704 expert_file_bytes=0 (cumulative; payload is not a physical PCIe counter)
safetensors ngram metrics: ple io: 394576 rows, 19.2% row-cache hits, 256595 SSD reads (1051.2 MB), read p50 221 us p99 513 us, blocked 389.887 ms total (submit 1.058 ms), cache 247892/1048576 rows, SSD kept awake by 57 reads (slowest 10.2 ms)
strata serve: expert tiers: GPU 378 hits this request; since the start RAM 81653 blobs, files 0 blobs 0.0 MB read
strata serve: prompt 24662 tokens = 24661 reused + 1 read in 0 ms (21929.8 tok/s), 1 generated in 16 ms (63.1 tok/s), drafts accepted 0 of 0, 2 checkpoints
strata serve: decode expert cache hit rate: 79.7% (372 hits / 467 lookups); 13 more read by the GPU over PCIe or from another GPU (2.7% of all 480 routed)
strata serve: resident RAM: 63.28 GiB of experts in RAM, 0 exchanged with the VRAM tier, 0 blob reads from the file
safetensors residency metrics: ram_bytes=67948118016 os_locked_bytes=0 cuda_pinned_bytes=67948118016 promotions=1344 promoted_payload_bytes=3715912704 expert_file_bytes=0 (cumulative; payload is not a physical PCIe counter)
safetensors ngram metrics: ple io: 394592 rows, 19.2% row-cache hits, 256611 SSD reads (1051.3 MB), read p50 221 us p99 510 us, blocked 389.887 ms total (submit 1.073 ms), cache 247908/1048576 rows, SSD kept awake by 57 reads (slowest 10.2 ms)
strata serve: expert tiers: GPU 372 hits this request; since the start RAM 81761 blobs, files 0 blobs 0.0 MB read
strata serve: prompt 24663 tokens = 24662 reused + 1 read in 0 ms (23255.8 tok/s), 1 generated in 17 ms (58.4 tok/s), drafts accepted 0 of 0, 2 checkpoints
strata serve: decode expert cache hit rate: 78.4% (367 hits / 468 lookups); 12 more read by the GPU over PCIe or from another GPU (2.5% of all 480 routed)
strata serve: resident RAM: 63.28 GiB of experts in RAM, 0 exchanged with the VRAM tier, 0 blob reads from the file
safetensors residency metrics: ram_bytes=67948118016 os_locked_bytes=0 cuda_pinned_bytes=67948118016 promotions=1344 promoted_payload_bytes=3715912704 expert_file_bytes=0 (cumulative; payload is not a physical PCIe counter)
safetensors ngram metrics: ple io: 394608 rows, 19.2% row-cache hits, 256627 SSD reads (1051.4 MB), read p50 221 us p99 506 us, blocked 389.888 ms total (submit 1.087 ms), cache 247924/1048576 rows, SSD kept awake by 57 reads (slowest 10.2 ms)
strata serve: expert tiers: GPU 367 hits this request; since the start RAM 81970 blobs, files 0 blobs 0.0 MB read
strata serve: prompt 24664 tokens = 24663 reused + 1 read in 0 ms (7256.9 tok/s), 1 generated in 18 ms (56.0 tok/s), drafts accepted 0 of 0, 2 checkpoints
strata serve: decode expert cache hit rate: 69.2% (313 hits / 452 lookups); 28 more read by the GPU over PCIe or from another GPU (5.8% of all 480 routed)
strata serve: resident RAM: 63.28 GiB of experts in RAM, 0 exchanged with the VRAM tier, 0 blob reads from the file
safetensors residency metrics: ram_bytes=67948118016 os_locked_bytes=0 cuda_pinned_bytes=67948118016 promotions=1440 promoted_payload_bytes=3981335040 expert_file_bytes=0 (cumulative; payload is not a physical PCIe counter)
safetensors ngram metrics: ple io: 394624 rows, 19.2% row-cache hits, 256643 SSD reads (1051.4 MB), read p50 221 us p99 500 us, blocked 389.888 ms total (submit 1.103 ms), cache 247940/1048576 rows, SSD kept awake by 57 reads (slowest 10.2 ms)
strata serve: expert tiers: GPU 313 hits this request; since the start RAM 82137 blobs, files 0 blobs 0.0 MB read
strata serve: prompt 24665 tokens = 24664 reused + 1 read in 0 ms (20408.2 tok/s), 1 generated in 16 ms (62.0 tok/s), drafts accepted 0 of 0, 2 checkpoints
strata serve: decode expert cache hit rate: 78.8% (368 hits / 467 lookups); 13 more read by the GPU over PCIe or from another GPU (2.7% of all 480 routed)
strata serve: resident RAM: 63.28 GiB of experts in RAM, 0 exchanged with the VRAM tier, 0 blob reads from the file
safetensors residency metrics: ram_bytes=67948118016 os_locked_bytes=0 cuda_pinned_bytes=67948118016 promotions=1440 promoted_payload_bytes=3981335040 expert_file_bytes=0 (cumulative; payload is not a physical PCIe counter)
safetensors ngram metrics: ple io: 394640 rows, 19.2% row-cache hits, 256659 SSD reads (1051.5 MB), read p50 221 us p99 498 us, blocked 389.888 ms total (submit 1.127 ms), cache 247956/1048576 rows, SSD kept awake by 57 reads (slowest 10.2 ms)
strata serve: expert tiers: GPU 368 hits this request; since the start RAM 82249 blobs, files 0 blobs 0.0 MB read
strata serve: prompt 24666 tokens = 24665 reused + 1 read in 0 ms (21881.8 tok/s), 1 generated in 18 ms (54.4 tok/s), drafts accepted 0 of 0, 2 checkpoints
strata serve: decode expert cache hit rate: 64.0% (286 hits / 447 lookups); 33 more read by the GPU over PCIe or from another GPU (6.9% of all 480 routed)
strata serve: resident RAM: 63.28 GiB of experts in RAM, 0 exchanged with the VRAM tier, 0 blob reads from the file
safetensors residency metrics: ram_bytes=67948118016 os_locked_bytes=0 cuda_pinned_bytes=67948118016 promotions=1440 promoted_payload_bytes=3981335040 expert_file_bytes=0 (cumulative; payload is not a physical PCIe counter)
safetensors ngram metrics: ple io: 394656 rows, 19.2% row-cache hits, 256675 SSD reads (1051.6 MB), read p50 221 us p99 496 us, blocked 389.889 ms total (submit 1.145 ms), cache 247972/1048576 rows, SSD kept awake by 57 reads (slowest 10.2 ms)
strata serve: expert tiers: GPU 286 hits this request; since the start RAM 82443 blobs, files 0 blobs 0.0 MB read
strata serve: prompt 24667 tokens = 24666 reused + 1 read in 0 ms (21459.2 tok/s), 1 generated in 17 ms (58.8 tok/s), drafts accepted 0 of 0, 2 checkpoints
strata serve: decode expert cache hit rate: 79.2% (370 hits / 467 lookups); 13 more read by the GPU over PCIe or from another GPU (2.7% of all 480 routed)
strata serve: resident RAM: 63.28 GiB of experts in RAM, 0 exchanged with the VRAM tier, 0 blob reads from the file
safetensors residency metrics: ram_bytes=67948118016 os_locked_bytes=0 cuda_pinned_bytes=67948118016 promotions=1440 promoted_payload_bytes=3981335040 expert_file_bytes=0 (cumulative; payload is not a physical PCIe counter)
safetensors ngram metrics: ple io: 394672 rows, 19.2% row-cache hits, 256691 SSD reads (1051.6 MB), read p50 221 us p99 496 us, blocked 389.889 ms total (submit 1.160 ms), cache 247988/1048576 rows, SSD kept awake by 57 reads (slowest 10.2 ms)
strata serve: expert tiers: GPU 370 hits this request; since the start RAM 82649 blobs, files 0 blobs 0.0 MB read
strata serve: prompt 24668 tokens = 24667 reused + 1 read in 0 ms (7680.5 tok/s), 1 generated in 17 ms (57.3 tok/s), drafts accepted 0 of 0, 2 checkpoints
strata serve: decode expert cache hit rate: 68.6% (313 hits / 456 lookups); 24 more read by the GPU over PCIe or from another GPU (5.0% of all 480 routed)
strata serve: resident RAM: 63.28 GiB of experts in RAM, 0 exchanged with the VRAM tier, 0 blob reads from the file
safetensors residency metrics: ram_bytes=67948118016 os_locked_bytes=0 cuda_pinned_bytes=67948118016 promotions=1536 promoted_payload_bytes=4246757376 expert_file_bytes=0 (cumulative; payload is not a physical PCIe counter)
safetensors ngram metrics: ple io: 394688 rows, 19.2% row-cache hits, 256707 SSD reads (1051.7 MB), read p50 221 us p99 496 us, blocked 389.889 ms total (submit 1.173 ms), cache 248004/1048576 rows, SSD kept awake by 57 reads (slowest 10.2 ms)
strata serve: expert tiers: GPU 313 hits this request; since the start RAM 82816 blobs, files 0 blobs 0.0 MB read
strata serve: prompt 24669 tokens = 24668 reused + 1 read in 0 ms (21186.4 tok/s), 1 generated in 19 ms (53.5 tok/s), drafts accepted 0 of 0, 2 checkpoints
strata serve: decode expert cache hit rate: 59.6% (266 hits / 446 lookups); 34 more read by the GPU over PCIe or from another GPU (7.1% of all 480 routed)
strata serve: resident RAM: 63.28 GiB of experts in RAM, 0 exchanged with the VRAM tier, 0 blob reads from the file
safetensors residency metrics: ram_bytes=67948118016 os_locked_bytes=0 cuda_pinned_bytes=67948118016 promotions=1536 promoted_payload_bytes=4246757376 expert_file_bytes=0 (cumulative; payload is not a physical PCIe counter)
safetensors ngram metrics: ple io: 394704 rows, 19.2% row-cache hits, 256723 SSD reads (1051.8 MB), read p50 221 us p99 496 us, blocked 389.890 ms total (submit 1.190 ms), cache 248020/1048576 rows, SSD kept awake by 57 reads (slowest 10.2 ms)
strata serve: expert tiers: GPU 266 hits this request; since the start RAM 83030 blobs, files 0 blobs 0.0 MB read
strata serve: prompt 24670 tokens = 24669 reused + 1 read in 0 ms (19920.3 tok/s), 1 generated in 19 ms (52.1 tok/s), drafts accepted 0 of 0, 2 checkpoints
strata serve: decode expert cache hit rate: 57.2% (254 hits / 444 lookups); 36 more read by the GPU over PCIe or from another GPU (7.5% of all 480 routed)
strata serve: resident RAM: 63.28 GiB of experts in RAM, 0 exchanged with the VRAM tier, 0 blob reads from the file
safetensors residency metrics: ram_bytes=67948118016 os_locked_bytes=0 cuda_pinned_bytes=67948118016 promotions=1536 promoted_payload_bytes=4246757376 expert_file_bytes=0 (cumulative; payload is not a physical PCIe counter)
safetensors ngram metrics: ple io: 394720 rows, 19.2% row-cache hits, 256739 SSD reads (1051.8 MB), read p50 221 us p99 496 us, blocked 389.890 ms total (submit 1.206 ms), cache 248036/1048576 rows, SSD kept awake by 57 reads (slowest 10.2 ms)
strata serve: expert tiers: GPU 254 hits this request; since the start RAM 83256 blobs, files 0 blobs 0.0 MB read
strata serve: prompt 24671 tokens = 24670 reused + 1 read in 0 ms (20920.5 tok/s), 1 generated in 18 ms (54.3 tok/s), drafts accepted 0 of 0, 2 checkpoints
strata serve: decode expert cache hit rate: 70.8% (325 hits / 459 lookups); 21 more read by the GPU over PCIe or from another GPU (4.4% of all 480 routed)
strata serve: resident RAM: 63.28 GiB of experts in RAM, 0 exchanged with the VRAM tier, 0 blob reads from the file
safetensors residency metrics: ram_bytes=67948118016 os_locked_bytes=0 cuda_pinned_bytes=67948118016 promotions=1536 promoted_payload_bytes=4246757376 expert_file_bytes=0 (cumulative; payload is not a physical PCIe counter)
safetensors ngram metrics: ple io: 394736 rows, 19.2% row-cache hits, 256755 SSD reads (1051.9 MB), read p50 221 us p99 496 us, blocked 389.891 ms total (submit 1.219 ms), cache 248052/1048576 rows, SSD kept awake by 57 reads (slowest 10.2 ms)
strata serve: expert tiers: GPU 325 hits this request; since the start RAM 83507 blobs, files 0 blobs 0.0 MB read
strata serve: conversation cache: parked 24671 tokens in 164.2 ms; parked=1 bytes=731050232 evictions=0 snapshot_bytes=731050232 reused_kv_bytes=0
strata serve prefill segment: start=16384 end=24595 root=0 turn=1 message=0 pin=0 reread=0
strata ple batch phases: rows=131072 misses=10 pages=3 total_ms=11.178 call_lock_ms=0.000 lookup_ms=5.675 plan_ms=0.002 group_wait_ms=0.168 cache_insert_ms=0.001 callback_ms=5.303 reader_drain_ms=0.001
strata ple gather phases: tokens=8192 rows=131072 total_ms=11.233 raw_resize_ms=0.006 host_available_mib=13341
strata ple: chunk 0: read started 0.1 ms into the run, layer 1 reached at 29.3, waited 0.0 ms
strata draft batch: weights=bf16 math=bf16x3 start=16384 rows=8192 batch=7744
strata prefill callback: start=16384 rows=8192 draft_path=batched draft_ms=17.630 checkpoint_ms=0.036 total_ms=17.693
strata prefill chunk: start=16384 rows=8192 main_and_wait_ms=1781.859 callback_ms=17.703 total_ms=1799.562
strata ple: chunk 8192: read started 29.3 ms into the run, layer 1 reached at 1804.4, waited 0.0 ms
strata prefill callback: start=24576 rows=19 draft_path=token draft_ms=0.778 checkpoint_ms=0.002 total_ms=0.825
strata prefill chunk: start=24576 rows=19 main_and_wait_ms=214.525 callback_ms=0.836 total_ms=215.361
strata prefill executed: tokens=8211 max_chunk=8192 capacity=8192 start=16384
strata serve prefill segment: start=24595 end=24601 root=0 turn=0 message=0 pin=0 reread=0
strata serve: prompt 24602 tokens = 16384 reused + 8218 read in 2266 ms (3626.1 tok/s), 1 generated in 16 ms (61.5 tok/s), drafts accepted 0 of 0, 2 checkpoints
strata serve: decode expert cache hit rate: 74.0% (341 hits / 461 lookups); 19 more read by the GPU over PCIe or from another GPU (4.0% of all 480 routed)
strata serve: resident RAM: 63.28 GiB of experts in RAM, 0 exchanged with the VRAM tier, 0 blob reads from the file
safetensors residency metrics: ram_bytes=67948118016 os_locked_bytes=0 cuda_pinned_bytes=67948118016 promotions=1632 promoted_payload_bytes=4512179712 expert_file_bytes=0 (cumulative; payload is not a physical PCIe counter)
safetensors ngram metrics: ple io: 526224 rows, 39.4% row-cache hits, 256926 SSD reads (1052.6 MB), read p50 221 us p99 511 us, blocked 396.400 ms total (submit 1.261 ms), cache 248220/1048576 rows, SSD kept awake by 77 reads (slowest 10.2 ms)
strata serve: expert tiers: GPU 341 hits this request; since the start RAM 107621 blobs, files 0 blobs 0.0 MB read
strata serve: prompt 24603 tokens = 24602 reused + 1 read in 0 ms (16077.2 tok/s), 1 generated in 18 ms (54.3 tok/s), drafts accepted 0 of 0, 2 checkpoints
strata serve: decode expert cache hit rate: 63.9% (288 hits / 451 lookups); 29 more read by the GPU over PCIe or from another GPU (6.0% of all 480 routed)
strata serve: resident RAM: 63.28 GiB of experts in RAM, 0 exchanged with the VRAM tier, 0 blob reads from the file
safetensors residency metrics: ram_bytes=67948118016 os_locked_bytes=0 cuda_pinned_bytes=67948118016 promotions=1632 promoted_payload_bytes=4512179712 expert_file_bytes=0 (cumulative; payload is not a physical PCIe counter)
safetensors ngram metrics: ple io: 526240 rows, 39.4% row-cache hits, 256942 SSD reads (1052.7 MB), read p50 221 us p99 511 us, blocked 396.400 ms total (submit 1.281 ms), cache 248236/1048576 rows, SSD kept awake by 78 reads (slowest 10.2 ms)
strata serve: expert tiers: GPU 288 hits this request; since the start RAM 107813 blobs, files 0 blobs 0.0 MB read
strata serve: prompt 24604 tokens = 24603 reused + 1 read in 0 ms (16556.3 tok/s), 1 generated in 19 ms (53.4 tok/s), drafts accepted 0 of 0, 2 checkpoints
strata serve: decode expert cache hit rate: 60.9% (271 hits / 445 lookups); 35 more read by the GPU over PCIe or from another GPU (7.3% of all 480 routed)
strata serve: resident RAM: 63.28 GiB of experts in RAM, 0 exchanged with the VRAM tier, 0 blob reads from the file
safetensors residency metrics: ram_bytes=67948118016 os_locked_bytes=0 cuda_pinned_bytes=67948118016 promotions=1632 promoted_payload_bytes=4512179712 expert_file_bytes=0 (cumulative; payload is not a physical PCIe counter)
safetensors ngram metrics: ple io: 526256 rows, 39.4% row-cache hits, 256950 SSD reads (1052.7 MB), read p50 221 us p99 511 us, blocked 396.401 ms total (submit 1.299 ms), cache 248244/1048576 rows, SSD kept awake by 78 reads (slowest 10.2 ms)
strata serve: expert tiers: GPU 271 hits this request; since the start RAM 108022 blobs, files 0 blobs 0.0 MB read
strata serve: prompt 24605 tokens = 24604 reused + 1 read in 0 ms (16207.5 tok/s), 1 generated in 22 ms (46.3 tok/s), drafts accepted 0 of 0, 2 checkpoints
strata serve: decode expert cache hit rate: 53.8% (235 hits / 437 lookups); 43 more read by the GPU over PCIe or from another GPU (9.0% of all 480 routed)
strata serve: resident RAM: 63.28 GiB of experts in RAM, 0 exchanged with the VRAM tier, 0 blob reads from the file
safetensors residency metrics: ram_bytes=67948118016 os_locked_bytes=0 cuda_pinned_bytes=67948118016 promotions=1632 promoted_payload_bytes=4512179712 expert_file_bytes=0 (cumulative; payload is not a physical PCIe counter)
safetensors ngram metrics: ple io: 526272 rows, 39.4% row-cache hits, 256966 SSD reads (1052.8 MB), read p50 221 us p99 511 us, blocked 396.401 ms total (submit 1.314 ms), cache 248260/1048576 rows, SSD kept awake by 78 reads (slowest 10.2 ms)
strata serve: expert tiers: GPU 235 hits this request; since the start RAM 108363 blobs, files 0 blobs 0.0 MB read
strata serve: prompt 24606 tokens = 24605 reused + 1 read in 0 ms (6702.4 tok/s), 1 generated in 19 ms (52.6 tok/s), drafts accepted 0 of 0, 2 checkpoints
strata serve: decode expert cache hit rate: 58.2% (259 hits / 445 lookups); 35 more read by the GPU over PCIe or from another GPU (7.3% of all 480 routed)
strata serve: resident RAM: 63.28 GiB of experts in RAM, 0 exchanged with the VRAM tier, 0 blob reads from the file
safetensors residency metrics: ram_bytes=67948118016 os_locked_bytes=0 cuda_pinned_bytes=67948118016 promotions=1728 promoted_payload_bytes=4777602048 expert_file_bytes=0 (cumulative; payload is not a physical PCIe counter)
safetensors ngram metrics: ple io: 526288 rows, 39.4% row-cache hits, 256982 SSD reads (1052.9 MB), read p50 221 us p99 511 us, blocked 396.402 ms total (submit 1.336 ms), cache 248276/1048576 rows, SSD kept awake by 78 reads (slowest 10.2 ms)
strata serve: expert tiers: GPU 259 hits this request; since the start RAM 108584 blobs, files 0 blobs 0.0 MB read
strata serve: prompt 24607 tokens = 24606 reused + 1 read in 0 ms (17123.3 tok/s), 1 generated in 19 ms (52.6 tok/s), drafts accepted 0 of 0, 2 checkpoints
strata serve: decode expert cache hit rate: 58.3% (256 hits / 439 lookups); 41 more read by the GPU over PCIe or from another GPU (8.5% of all 480 routed)
strata serve: resident RAM: 63.28 GiB of experts in RAM, 0 exchanged with the VRAM tier, 0 blob reads from the file
safetensors residency metrics: ram_bytes=67948118016 os_locked_bytes=0 cuda_pinned_bytes=67948118016 promotions=1728 promoted_payload_bytes=4777602048 expert_file_bytes=0 (cumulative; payload is not a physical PCIe counter)
safetensors ngram metrics: ple io: 526304 rows, 39.4% row-cache hits, 256998 SSD reads (1052.9 MB), read p50 221 us p99 511 us, blocked 396.402 ms total (submit 1.349 ms), cache 248292/1048576 rows, SSD kept awake by 78 reads (slowest 10.2 ms)
strata serve: expert tiers: GPU 256 hits this request; since the start RAM 108808 blobs, files 0 blobs 0.0 MB read
strata serve: prompt 24608 tokens = 24607 reused + 1 read in 0 ms (17857.1 tok/s), 1 generated in 17 ms (60.0 tok/s), drafts accepted 0 of 0, 2 checkpoints
strata serve: decode expert cache hit rate: 76.3% (355 hits / 465 lookups); 15 more read by the GPU over PCIe or from another GPU (3.1% of all 480 routed)
strata serve: resident RAM: 63.28 GiB of experts in RAM, 0 exchanged with the VRAM tier, 0 blob reads from the file
safetensors residency metrics: ram_bytes=67948118016 os_locked_bytes=0 cuda_pinned_bytes=67948118016 promotions=1728 promoted_payload_bytes=4777602048 expert_file_bytes=0 (cumulative; payload is not a physical PCIe counter)
safetensors ngram metrics: ple io: 526320 rows, 39.4% row-cache hits, 257014 SSD reads (1053.0 MB), read p50 221 us p99 511 us, blocked 396.403 ms total (submit 1.362 ms), cache 248308/1048576 rows, SSD kept awake by 78 reads (slowest 10.2 ms)
strata serve: expert tiers: GPU 355 hits this request; since the start RAM 108933 blobs, files 0 blobs 0.0 MB read
strata serve: prompt 24609 tokens = 24608 reused + 1 read in 0 ms (17123.3 tok/s), 1 generated in 20 ms (51.0 tok/s), drafts accepted 0 of 0, 2 checkpoints
strata serve: decode expert cache hit rate: 62.6% (279 hits / 446 lookups); 34 more read by the GPU over PCIe or from another GPU (7.1% of all 480 routed)
strata serve: resident RAM: 63.28 GiB of experts in RAM, 0 exchanged with the VRAM tier, 0 blob reads from the file
safetensors residency metrics: ram_bytes=67948118016 os_locked_bytes=0 cuda_pinned_bytes=67948118016 promotions=1728 promoted_payload_bytes=4777602048 expert_file_bytes=0 (cumulative; payload is not a physical PCIe counter)
safetensors ngram metrics: ple io: 526336 rows, 39.3% row-cache hits, 257030 SSD reads (1053.1 MB), read p50 221 us p99 511 us, blocked 396.403 ms total (submit 1.384 ms), cache 248324/1048576 rows, SSD kept awake by 78 reads (slowest 10.2 ms)
strata serve: expert tiers: GPU 279 hits this request; since the start RAM 109230 blobs, files 0 blobs 0.0 MB read
strata serve: prompt 24610 tokens = 24609 reused + 1 read in 0 ms (6738.5 tok/s), 1 generated in 18 ms (55.5 tok/s), drafts accepted 0 of 0, 2 checkpoints
strata serve: decode expert cache hit rate: 65.4% (295 hits / 451 lookups); 29 more read by the GPU over PCIe or from another GPU (6.0% of all 480 routed)
strata serve: resident RAM: 63.28 GiB of experts in RAM, 0 exchanged with the VRAM tier, 0 blob reads from the file
safetensors residency metrics: ram_bytes=67948118016 os_locked_bytes=0 cuda_pinned_bytes=67948118016 promotions=1824 promoted_payload_bytes=5043024384 expert_file_bytes=0 (cumulative; payload is not a physical PCIe counter)
safetensors ngram metrics: ple io: 526352 rows, 39.3% row-cache hits, 257046 SSD reads (1053.1 MB), read p50 221 us p99 511 us, blocked 396.403 ms total (submit 1.400 ms), cache 248340/1048576 rows, SSD kept awake by 78 reads (slowest 10.2 ms)
strata serve: expert tiers: GPU 295 hits this request; since the start RAM 109415 blobs, files 0 blobs 0.0 MB read
strata serve: prompt 24611 tokens = 24610 reused + 1 read in 0 ms (15313.9 tok/s), 1 generated in 20 ms (50.7 tok/s), drafts accepted 0 of 0, 2 checkpoints
strata serve: decode expert cache hit rate: 54.7% (238 hits / 435 lookups); 45 more read by the GPU over PCIe or from another GPU (9.4% of all 480 routed)
strata serve: resident RAM: 63.28 GiB of experts in RAM, 0 exchanged with the VRAM tier, 0 blob reads from the file
safetensors residency metrics: ram_bytes=67948118016 os_locked_bytes=0 cuda_pinned_bytes=67948118016 promotions=1824 promoted_payload_bytes=5043024384 expert_file_bytes=0 (cumulative; payload is not a physical PCIe counter)
safetensors ngram metrics: ple io: 526368 rows, 39.3% row-cache hits, 257062 SSD reads (1053.2 MB), read p50 221 us p99 511 us, blocked 396.404 ms total (submit 1.422 ms), cache 248356/1048576 rows, SSD kept awake by 78 reads (slowest 10.2 ms)
strata serve: expert tiers: GPU 238 hits this request; since the start RAM 109657 blobs, files 0 blobs 0.0 MB read
strata serve: prompt 24612 tokens = 24611 reused + 1 read in 0 ms (16286.6 tok/s), 1 generated in 20 ms (49.4 tok/s), drafts accepted 0 of 0, 2 checkpoints
strata serve: decode expert cache hit rate: 69.2% (317 hits / 458 lookups); 22 more read by the GPU over PCIe or from another GPU (4.6% of all 480 routed)
strata serve: resident RAM: 63.28 GiB of experts in RAM, 0 exchanged with the VRAM tier, 0 blob reads from the file
safetensors residency metrics: ram_bytes=67948118016 os_locked_bytes=0 cuda_pinned_bytes=67948118016 promotions=1824 promoted_payload_bytes=5043024384 expert_file_bytes=0 (cumulative; payload is not a physical PCIe counter)
safetensors ngram metrics: ple io: 526384 rows, 39.3% row-cache hits, 257078 SSD reads (1053.3 MB), read p50 221 us p99 511 us, blocked 396.404 ms total (submit 1.439 ms), cache 248372/1048576 rows, SSD kept awake by 78 reads (slowest 10.2 ms)
strata serve: expert tiers: GPU 317 hits this request; since the start RAM 109820 blobs, files 0 blobs 0.0 MB read
strata serve: prompt 24613 tokens = 24612 reused + 1 read in 0 ms (16051.4 tok/s), 1 generated in 25 ms (40.5 tok/s), drafts accepted 0 of 0, 2 checkpoints
strata serve: decode expert cache hit rate: 61.1% (272 hits / 445 lookups); 35 more read by the GPU over PCIe or from another GPU (7.3% of all 480 routed)
strata serve: resident RAM: 63.28 GiB of experts in RAM, 0 exchanged with the VRAM tier, 0 blob reads from the file
safetensors residency metrics: ram_bytes=67948118016 os_locked_bytes=0 cuda_pinned_bytes=67948118016 promotions=1824 promoted_payload_bytes=5043024384 expert_file_bytes=0 (cumulative; payload is not a physical PCIe counter)
safetensors ngram metrics: ple io: 526400 rows, 39.3% row-cache hits, 257094 SSD reads (1053.3 MB), read p50 221 us p99 511 us, blocked 396.405 ms total (submit 1.459 ms), cache 248388/1048576 rows, SSD kept awake by 78 reads (slowest 10.2 ms)
strata serve: expert tiers: GPU 272 hits this request; since the start RAM 110124 blobs, files 0 blobs 0.0 MB read
strata serve: prompt 24614 tokens = 24613 reused + 1 read in 0 ms (6006.0 tok/s), 1 generated in 17 ms (58.8 tok/s), drafts accepted 0 of 0, 2 checkpoints
strata serve: decode expert cache hit rate: 70.2% (321 hits / 457 lookups); 23 more read by the GPU over PCIe or from another GPU (4.8% of all 480 routed)
strata serve: resident RAM: 63.28 GiB of experts in RAM, 0 exchanged with the VRAM tier, 0 blob reads from the file
safetensors residency metrics: ram_bytes=67948118016 os_locked_bytes=0 cuda_pinned_bytes=67948118016 promotions=1920 promoted_payload_bytes=5308446720 expert_file_bytes=0 (cumulative; payload is not a physical PCIe counter)
safetensors ngram metrics: ple io: 526416 rows, 39.3% row-cache hits, 257110 SSD reads (1053.4 MB), read p50 221 us p99 511 us, blocked 396.405 ms total (submit 1.473 ms), cache 248404/1048576 rows, SSD kept awake by 78 reads (slowest 10.2 ms)
strata serve: expert tiers: GPU 321 hits this request; since the start RAM 110283 blobs, files 0 blobs 0.0 MB read
strata serve: prompt 24615 tokens = 24614 reused + 1 read in 0 ms (17035.8 tok/s), 1 generated in 21 ms (46.7 tok/s), drafts accepted 0 of 0, 2 checkpoints
strata serve: decode expert cache hit rate: 43.3% (182 hits / 420 lookups); 60 more read by the GPU over PCIe or from another GPU (12.5% of all 480 routed)
strata serve: resident RAM: 63.28 GiB of experts in RAM, 0 exchanged with the VRAM tier, 0 blob reads from the file
safetensors residency metrics: ram_bytes=67948118016 os_locked_bytes=0 cuda_pinned_bytes=67948118016 promotions=1920 promoted_payload_bytes=5308446720 expert_file_bytes=0 (cumulative; payload is not a physical PCIe counter)
safetensors ngram metrics: ple io: 526432 rows, 39.3% row-cache hits, 257126 SSD reads (1053.5 MB), read p50 221 us p99 511 us, blocked 396.405 ms total (submit 1.490 ms), cache 248420/1048576 rows, SSD kept awake by 78 reads (slowest 10.2 ms)
strata serve: expert tiers: GPU 182 hits this request; since the start RAM 110581 blobs, files 0 blobs 0.0 MB read
strata serve: prompt 24616 tokens = 24615 reused + 1 read in 0 ms (16528.9 tok/s), 1 generated in 21 ms (48.0 tok/s), drafts accepted 0 of 0, 2 checkpoints
strata serve: decode expert cache hit rate: 48.2% (206 hits / 427 lookups); 53 more read by the GPU over PCIe or from another GPU (11.0% of all 480 routed)
strata serve: resident RAM: 63.28 GiB of experts in RAM, 0 exchanged with the VRAM tier, 0 blob reads from the file
safetensors residency metrics: ram_bytes=67948118016 os_locked_bytes=0 cuda_pinned_bytes=67948118016 promotions=1920 promoted_payload_bytes=5308446720 expert_file_bytes=0 (cumulative; payload is not a physical PCIe counter)
safetensors ngram metrics: ple io: 526448 rows, 39.3% row-cache hits, 257142 SSD reads (1053.5 MB), read p50 221 us p99 511 us, blocked 396.406 ms total (submit 1.512 ms), cache 248436/1048576 rows, SSD kept awake by 78 reads (slowest 10.2 ms)
strata serve: expert tiers: GPU 206 hits this request; since the start RAM 110855 blobs, files 0 blobs 0.0 MB read
strata serve: prompt 24617 tokens = 24616 reused + 1 read in 0 ms (16611.3 tok/s), 1 generated in 20 ms (49.9 tok/s), drafts accepted 0 of 0, 2 checkpoints
strata serve: decode expert cache hit rate: 60.9% (271 hits / 445 lookups); 35 more read by the GPU over PCIe or from another GPU (7.3% of all 480 routed)
strata serve: resident RAM: 63.28 GiB of experts in RAM, 0 exchanged with the VRAM tier, 0 blob reads from the file
safetensors residency metrics: ram_bytes=67948118016 os_locked_bytes=0 cuda_pinned_bytes=67948118016 promotions=1920 promoted_payload_bytes=5308446720 expert_file_bytes=0 (cumulative; payload is not a physical PCIe counter)
safetensors ngram metrics: ple io: 526464 rows, 39.3% row-cache hits, 257158 SSD reads (1053.6 MB), read p50 221 us p99 511 us, blocked 396.406 ms total (submit 1.526 ms), cache 248452/1048576 rows, SSD kept awake by 78 reads (slowest 10.2 ms)
strata serve: expert tiers: GPU 271 hits this request; since the start RAM 111160 blobs, files 0 blobs 0.0 MB read
strata serve: prompt 24618 tokens = 24617 reused + 1 read in 0 ms (7017.5 tok/s), 1 generated in 20 ms (50.7 tok/s), drafts accepted 0 of 0, 2 checkpoints
strata serve: decode expert cache hit rate: 52.8% (229 hits / 434 lookups); 46 more read by the GPU over PCIe or from another GPU (9.6% of all 480 routed)
strata serve: resident RAM: 63.28 GiB of experts in RAM, 0 exchanged with the VRAM tier, 0 blob reads from the file
safetensors residency metrics: ram_bytes=67948118016 os_locked_bytes=0 cuda_pinned_bytes=67948118016 promotions=2016 promoted_payload_bytes=5573869056 expert_file_bytes=0 (cumulative; payload is not a physical PCIe counter)
safetensors ngram metrics: ple io: 526480 rows, 39.3% row-cache hits, 257174 SSD reads (1053.7 MB), read p50 221 us p99 511 us, blocked 396.407 ms total (submit 1.547 ms), cache 248468/1048576 rows, SSD kept awake by 78 reads (slowest 10.2 ms)
strata serve: expert tiers: GPU 229 hits this request; since the start RAM 111411 blobs, files 0 blobs 0.0 MB read
strata serve: prompt 24619 tokens = 24618 reused + 1 read in 0 ms (16233.8 tok/s), 1 generated in 18 ms (55.7 tok/s), drafts accepted 0 of 0, 2 checkpoints
strata serve: decode expert cache hit rate: 66.9% (303 hits / 453 lookups); 27 more read by the GPU over PCIe or from another GPU (5.6% of all 480 routed)
strata serve: resident RAM: 63.28 GiB of experts in RAM, 0 exchanged with the VRAM tier, 0 blob reads from the file
safetensors residency metrics: ram_bytes=67948118016 os_locked_bytes=0 cuda_pinned_bytes=67948118016 promotions=2016 promoted_payload_bytes=5573869056 expert_file_bytes=0 (cumulative; payload is not a physical PCIe counter)
safetensors ngram metrics: ple io: 526496 rows, 39.3% row-cache hits, 257190 SSD reads (1053.8 MB), read p50 221 us p99 511 us, blocked 396.407 ms total (submit 1.564 ms), cache 248484/1048576 rows, SSD kept awake by 78 reads (slowest 10.2 ms)
strata serve: expert tiers: GPU 303 hits this request; since the start RAM 111588 blobs, files 0 blobs 0.0 MB read
strata serve: prompt 24620 tokens = 24619 reused + 1 read in 0 ms (17006.8 tok/s), 1 generated in 18 ms (54.9 tok/s), drafts accepted 0 of 0, 2 checkpoints
strata serve: decode expert cache hit rate: 65.5% (296 hits / 452 lookups); 28 more read by the GPU over PCIe or from another GPU (5.8% of all 480 routed)
strata serve: resident RAM: 63.28 GiB of experts in RAM, 0 exchanged with the VRAM tier, 0 blob reads from the file
safetensors residency metrics: ram_bytes=67948118016 os_locked_bytes=0 cuda_pinned_bytes=67948118016 promotions=2016 promoted_payload_bytes=5573869056 expert_file_bytes=0 (cumulative; payload is not a physical PCIe counter)
safetensors ngram metrics: ple io: 526512 rows, 39.3% row-cache hits, 257206 SSD reads (1053.8 MB), read p50 221 us p99 511 us, blocked 396.407 ms total (submit 1.576 ms), cache 248500/1048576 rows, SSD kept awake by 78 reads (slowest 10.2 ms)
strata serve: expert tiers: GPU 296 hits this request; since the start RAM 111772 blobs, files 0 blobs 0.0 MB read
strata serve: prompt 24621 tokens = 24620 reused + 1 read in 0 ms (16835.0 tok/s), 1 generated in 24 ms (42.0 tok/s), drafts accepted 0 of 0, 2 checkpoints
strata serve: decode expert cache hit rate: 68.4% (310 hits / 453 lookups); 27 more read by the GPU over PCIe or from another GPU (5.6% of all 480 routed)
strata serve: resident RAM: 63.28 GiB of experts in RAM, 0 exchanged with the VRAM tier, 0 blob reads from the file
safetensors residency metrics: ram_bytes=67948118016 os_locked_bytes=0 cuda_pinned_bytes=67948118016 promotions=2016 promoted_payload_bytes=5573869056 expert_file_bytes=0 (cumulative; payload is not a physical PCIe counter)
safetensors ngram metrics: ple io: 526528 rows, 39.3% row-cache hits, 257222 SSD reads (1053.9 MB), read p50 221 us p99 511 us, blocked 396.408 ms total (submit 1.592 ms), cache 248516/1048576 rows, SSD kept awake by 78 reads (slowest 10.2 ms)
strata serve: expert tiers: GPU 310 hits this request; since the start RAM 112038 blobs, files 0 blobs 0.0 MB read
strata serve: prompt 24622 tokens = 24621 reused + 1 read in 0 ms (6729.5 tok/s), 1 generated in 16 ms (61.2 tok/s), drafts accepted 0 of 0, 2 checkpoints
strata serve: decode expert cache hit rate: 74.6% (344 hits / 461 lookups); 19 more read by the GPU over PCIe or from another GPU (4.0% of all 480 routed)
strata serve: resident RAM: 63.28 GiB of experts in RAM, 0 exchanged with the VRAM tier, 0 blob reads from the file
safetensors residency metrics: ram_bytes=67948118016 os_locked_bytes=0 cuda_pinned_bytes=67948118016 promotions=2112 promoted_payload_bytes=5839291392 expert_file_bytes=0 (cumulative; payload is not a physical PCIe counter)
safetensors ngram metrics: ple io: 526544 rows, 39.3% row-cache hits, 257238 SSD reads (1054.0 MB), read p50 221 us p99 511 us, blocked 396.408 ms total (submit 1.603 ms), cache 248532/1048576 rows, SSD kept awake by 78 reads (slowest 10.2 ms)
strata serve: expert tiers: GPU 344 hits this request; since the start RAM 112174 blobs, files 0 blobs 0.0 MB read
strata serve: prompt 24623 tokens = 24622 reused + 1 read in 0 ms (18115.9 tok/s), 1 generated in 16 ms (61.0 tok/s), drafts accepted 0 of 0, 2 checkpoints
strata serve: decode expert cache hit rate: 74.7% (349 hits / 467 lookups); 13 more read by the GPU over PCIe or from another GPU (2.7% of all 480 routed)
strata serve: resident RAM: 63.28 GiB of experts in RAM, 0 exchanged with the VRAM tier, 0 blob reads from the file
safetensors residency metrics: ram_bytes=67948118016 os_locked_bytes=0 cuda_pinned_bytes=67948118016 promotions=2112 promoted_payload_bytes=5839291392 expert_file_bytes=0 (cumulative; payload is not a physical PCIe counter)
safetensors ngram metrics: ple io: 526560 rows, 39.3% row-cache hits, 257254 SSD reads (1054.0 MB), read p50 221 us p99 511 us, blocked 396.409 ms total (submit 1.616 ms), cache 248548/1048576 rows, SSD kept awake by 78 reads (slowest 10.2 ms)
strata serve: expert tiers: GPU 349 hits this request; since the start RAM 112305 blobs, files 0 blobs 0.0 MB read
strata serve: prompt 24624 tokens = 24623 reused + 1 read in 0 ms (16977.9 tok/s), 1 generated in 16 ms (60.8 tok/s), drafts accepted 0 of 0, 2 checkpoints
strata serve: decode expert cache hit rate: 75.8% (353 hits / 466 lookups); 14 more read by the GPU over PCIe or from another GPU (2.9% of all 480 routed)
strata serve: resident RAM: 63.28 GiB of experts in RAM, 0 exchanged with the VRAM tier, 0 blob reads from the file
safetensors residency metrics: ram_bytes=67948118016 os_locked_bytes=0 cuda_pinned_bytes=67948118016 promotions=2112 promoted_payload_bytes=5839291392 expert_file_bytes=0 (cumulative; payload is not a physical PCIe counter)
safetensors ngram metrics: ple io: 526576 rows, 39.3% row-cache hits, 257270 SSD reads (1054.1 MB), read p50 221 us p99 511 us, blocked 396.409 ms total (submit 1.633 ms), cache 248564/1048576 rows, SSD kept awake by 78 reads (slowest 10.2 ms)
strata serve: expert tiers: GPU 353 hits this request; since the start RAM 112432 blobs, files 0 blobs 0.0 MB read
strata serve: prompt 24625 tokens = 24624 reused + 1 read in 0 ms (17094.0 tok/s), 1 generated in 17 ms (59.4 tok/s), drafts accepted 0 of 0, 2 checkpoints
strata serve: decode expert cache hit rate: 83.4% (396 hits / 475 lookups); 5 more read by the GPU over PCIe or from another GPU (1.0% of all 480 routed)
strata serve: resident RAM: 63.28 GiB of experts in RAM, 0 exchanged with the VRAM tier, 0 blob reads from the file
safetensors residency metrics: ram_bytes=67948118016 os_locked_bytes=0 cuda_pinned_bytes=67948118016 promotions=2112 promoted_payload_bytes=5839291392 expert_file_bytes=0 (cumulative; payload is not a physical PCIe counter)
safetensors ngram metrics: ple io: 526592 rows, 39.3% row-cache hits, 257286 SSD reads (1054.2 MB), read p50 221 us p99 511 us, blocked 396.410 ms total (submit 1.645 ms), cache 248580/1048576 rows, SSD kept awake by 78 reads (slowest 10.2 ms)
strata serve: expert tiers: GPU 396 hits this request; since the start RAM 112612 blobs, files 0 blobs 0.0 MB read
strata serve: prompt 24626 tokens = 24625 reused + 1 read in 0 ms (6821.3 tok/s), 1 generated in 17 ms (58.4 tok/s), drafts accepted 0 of 0, 2 checkpoints
strata serve: decode expert cache hit rate: 70.6% (324 hits / 459 lookups); 21 more read by the GPU over PCIe or from another GPU (4.4% of all 480 routed)
strata serve: resident RAM: 63.28 GiB of experts in RAM, 0 exchanged with the VRAM tier, 0 blob reads from the file
safetensors residency metrics: ram_bytes=67948118016 os_locked_bytes=0 cuda_pinned_bytes=67948118016 promotions=2208 promoted_payload_bytes=6104713728 expert_file_bytes=0 (cumulative; payload is not a physical PCIe counter)
safetensors ngram metrics: ple io: 526608 rows, 39.3% row-cache hits, 257302 SSD reads (1054.2 MB), read p50 221 us p99 511 us, blocked 396.410 ms total (submit 1.661 ms), cache 248596/1048576 rows, SSD kept awake by 78 reads (slowest 10.2 ms)
strata serve: expert tiers: GPU 324 hits this request; since the start RAM 112768 blobs, files 0 blobs 0.0 MB read
strata serve: prompt 24627 tokens = 24626 reused + 1 read in 0 ms (17667.8 tok/s), 1 generated in 16 ms (61.9 tok/s), drafts accepted 0 of 0, 2 checkpoints
strata serve: decode expert cache hit rate: 77.1% (361 hits / 468 lookups); 12 more read by the GPU over PCIe or from another GPU (2.5% of all 480 routed)
strata serve: resident RAM: 63.28 GiB of experts in RAM, 0 exchanged with the VRAM tier, 0 blob reads from the file
safetensors residency metrics: ram_bytes=67948118016 os_locked_bytes=0 cuda_pinned_bytes=67948118016 promotions=2208 promoted_payload_bytes=6104713728 expert_file_bytes=0 (cumulative; payload is not a physical PCIe counter)
safetensors ngram metrics: ple io: 526624 rows, 39.3% row-cache hits, 257318 SSD reads (1054.3 MB), read p50 221 us p99 511 us, blocked 396.411 ms total (submit 1.673 ms), cache 248612/1048576 rows, SSD kept awake by 78 reads (slowest 10.2 ms)
strata serve: expert tiers: GPU 361 hits this request; since the start RAM 112887 blobs, files 0 blobs 0.0 MB read
strata serve: prompt 24628 tokens = 24627 reused + 1 read in 0 ms (17482.5 tok/s), 1 generated in 16 ms (61.8 tok/s), drafts accepted 0 of 0, 2 checkpoints
strata serve: decode expert cache hit rate: 78.3% (368 hits / 470 lookups); 10 more read by the GPU over PCIe or from another GPU (2.1% of all 480 routed)
strata serve: resident RAM: 63.28 GiB of experts in RAM, 0 exchanged with the VRAM tier, 0 blob reads from the file
safetensors residency metrics: ram_bytes=67948118016 os_locked_bytes=0 cuda_pinned_bytes=67948118016 promotions=2208 promoted_payload_bytes=6104713728 expert_file_bytes=0 (cumulative; payload is not a physical PCIe counter)
safetensors ngram metrics: ple io: 526640 rows, 39.3% row-cache hits, 257326 SSD reads (1054.3 MB), read p50 221 us p99 511 us, blocked 396.411 ms total (submit 1.690 ms), cache 248619/1048576 rows, SSD kept awake by 78 reads (slowest 10.2 ms)
strata serve: expert tiers: GPU 368 hits this request; since the start RAM 112999 blobs, files 0 blobs 0.0 MB read
strata serve: prompt 24629 tokens = 24628 reused + 1 read in 0 ms (18083.2 tok/s), 1 generated in 18 ms (56.8 tok/s), drafts accepted 0 of 0, 2 checkpoints
strata serve: decode expert cache hit rate: 74.7% (346 hits / 463 lookups); 17 more read by the GPU over PCIe or from another GPU (3.5% of all 480 routed)
strata serve: resident RAM: 63.28 GiB of experts in RAM, 0 exchanged with the VRAM tier, 0 blob reads from the file
safetensors residency metrics: ram_bytes=67948118016 os_locked_bytes=0 cuda_pinned_bytes=67948118016 promotions=2208 promoted_payload_bytes=6104713728 expert_file_bytes=0 (cumulative; payload is not a physical PCIe counter)
safetensors ngram metrics: ple io: 526656 rows, 39.3% row-cache hits, 257342 SSD reads (1054.4 MB), read p50 221 us p99 512 us, blocked 396.412 ms total (submit 1.704 ms), cache 248635/1048576 rows, SSD kept awake by 78 reads (slowest 10.2 ms)
strata serve: expert tiers: GPU 346 hits this request; since the start RAM 113229 blobs, files 0 blobs 0.0 MB read
strata serve: prompt 24630 tokens = 24629 reused + 1 read in 0 ms (6657.8 tok/s), 1 generated in 18 ms (56.9 tok/s), drafts accepted 0 of 0, 2 checkpoints
strata serve: decode expert cache hit rate: 70.7% (324 hits / 458 lookups); 22 more read by the GPU over PCIe or from another GPU (4.6% of all 480 routed)
strata serve: resident RAM: 63.28 GiB of experts in RAM, 0 exchanged with the VRAM tier, 0 blob reads from the file
safetensors residency metrics: ram_bytes=67948118016 os_locked_bytes=0 cuda_pinned_bytes=67948118016 promotions=2304 promoted_payload_bytes=6370136064 expert_file_bytes=0 (cumulative; payload is not a physical PCIe counter)
safetensors ngram metrics: ple io: 526672 rows, 39.3% row-cache hits, 257358 SSD reads (1054.5 MB), read p50 221 us p99 512 us, blocked 396.412 ms total (submit 1.718 ms), cache 248651/1048576 rows, SSD kept awake by 78 reads (slowest 10.2 ms)
strata serve: expert tiers: GPU 324 hits this request; since the start RAM 113385 blobs, files 0 blobs 0.0 MB read
strata serve: prompt 24631 tokens = 24630 reused + 1 read in 0 ms (17513.1 tok/s), 1 generated in 16 ms (64.5 tok/s), drafts accepted 0 of 0, 2 checkpoints
strata serve: decode expert cache hit rate: 81.6% (385 hits / 472 lookups); 8 more read by the GPU over PCIe or from another GPU (1.7% of all 480 routed)
strata serve: resident RAM: 63.28 GiB of experts in RAM, 0 exchanged with the VRAM tier, 0 blob reads from the file
safetensors residency metrics: ram_bytes=67948118016 os_locked_bytes=0 cuda_pinned_bytes=67948118016 promotions=2304 promoted_payload_bytes=6370136064 expert_file_bytes=0 (cumulative; payload is not a physical PCIe counter)
safetensors ngram metrics: ple io: 526688 rows, 39.3% row-cache hits, 257374 SSD reads (1054.5 MB), read p50 221 us p99 512 us, blocked 396.413 ms total (submit 1.731 ms), cache 248667/1048576 rows, SSD kept awake by 78 reads (slowest 10.2 ms)
strata serve: expert tiers: GPU 385 hits this request; since the start RAM 113480 blobs, files 0 blobs 0.0 MB read
strata serve: prompt 24632 tokens = 24631 reused + 1 read in 0 ms (17452.0 tok/s), 1 generated in 17 ms (59.3 tok/s), drafts accepted 0 of 0, 2 checkpoints
strata serve: decode expert cache hit rate: 74.0% (342 hits / 462 lookups); 18 more read by the GPU over PCIe or from another GPU (3.8% of all 480 routed)
strata serve: resident RAM: 63.28 GiB of experts in RAM, 0 exchanged with the VRAM tier, 0 blob reads from the file
safetensors residency metrics: ram_bytes=67948118016 os_locked_bytes=0 cuda_pinned_bytes=67948118016 promotions=2304 promoted_payload_bytes=6370136064 expert_file_bytes=0 (cumulative; payload is not a physical PCIe counter)
safetensors ngram metrics: ple io: 526704 rows, 39.3% row-cache hits, 257390 SSD reads (1054.6 MB), read p50 221 us p99 512 us, blocked 396.413 ms total (submit 1.746 ms), cache 248683/1048576 rows, SSD kept awake by 78 reads (slowest 10.2 ms)
strata serve: expert tiers: GPU 342 hits this request; since the start RAM 113618 blobs, files 0 blobs 0.0 MB read
strata serve: prompt 24633 tokens = 24632 reused + 1 read in 0 ms (17825.3 tok/s), 1 generated in 19 ms (53.7 tok/s), drafts accepted 0 of 0, 2 checkpoints
strata serve: decode expert cache hit rate: 72.8% (337 hits / 463 lookups); 17 more read by the GPU over PCIe or from another GPU (3.5% of all 480 routed)
strata serve: resident RAM: 63.28 GiB of experts in RAM, 0 exchanged with the VRAM tier, 0 blob reads from the file
safetensors residency metrics: ram_bytes=67948118016 os_locked_bytes=0 cuda_pinned_bytes=67948118016 promotions=2304 promoted_payload_bytes=6370136064 expert_file_bytes=0 (cumulative; payload is not a physical PCIe counter)
safetensors ngram metrics: ple io: 526720 rows, 39.3% row-cache hits, 257406 SSD reads (1054.7 MB), read p50 221 us p99 512 us, blocked 396.413 ms total (submit 1.762 ms), cache 248699/1048576 rows, SSD kept awake by 78 reads (slowest 10.2 ms)
strata serve: expert tiers: GPU 337 hits this request; since the start RAM 113857 blobs, files 0 blobs 0.0 MB read
strata serve: prompt 24634 tokens = 24633 reused + 1 read in 0 ms (6653.4 tok/s), 1 generated in 15 ms (65.4 tok/s), drafts accepted 0 of 0, 2 checkpoints
strata serve: decode expert cache hit rate: 82.4% (394 hits / 478 lookups); 2 more read by the GPU over PCIe or from another GPU (0.4% of all 480 routed)
strata serve: resident RAM: 63.28 GiB of experts in RAM, 0 exchanged with the VRAM tier, 0 blob reads from the file
safetensors residency metrics: ram_bytes=67948118016 os_locked_bytes=0 cuda_pinned_bytes=67948118016 promotions=2400 promoted_payload_bytes=6635558400 expert_file_bytes=0 (cumulative; payload is not a physical PCIe counter)
safetensors ngram metrics: ple io: 526736 rows, 39.3% row-cache hits, 257422 SSD reads (1054.8 MB), read p50 221 us p99 512 us, blocked 396.414 ms total (submit 1.775 ms), cache 248715/1048576 rows, SSD kept awake by 78 reads (slowest 10.2 ms)
strata serve: expert tiers: GPU 394 hits this request; since the start RAM 113943 blobs, files 0 blobs 0.0 MB read
strata serve: prompt 24635 tokens = 24634 reused + 1 read in 0 ms (17985.6 tok/s), 1 generated in 15 ms (65.2 tok/s), drafts accepted 0 of 0, 2 checkpoints
strata serve: decode expert cache hit rate: 82.5% (390 hits / 473 lookups); 7 more read by the GPU over PCIe or from another GPU (1.5% of all 480 routed)
strata serve: resident RAM: 63.28 GiB of experts in RAM, 0 exchanged with the VRAM tier, 0 blob reads from the file
safetensors residency metrics: ram_bytes=67948118016 os_locked_bytes=0 cuda_pinned_bytes=67948118016 promotions=2400 promoted_payload_bytes=6635558400 expert_file_bytes=0 (cumulative; payload is not a physical PCIe counter)
safetensors ngram metrics: ple io: 526752 rows, 39.3% row-cache hits, 257438 SSD reads (1054.8 MB), read p50 221 us p99 512 us, blocked 396.414 ms total (submit 1.787 ms), cache 248731/1048576 rows, SSD kept awake by 78 reads (slowest 10.2 ms)
strata serve: expert tiers: GPU 390 hits this request; since the start RAM 114033 blobs, files 0 blobs 0.0 MB read
strata serve: prompt 24636 tokens = 24635 reused + 1 read in 0 ms (17889.1 tok/s), 1 generated in 16 ms (62.7 tok/s), drafts accepted 0 of 0, 2 checkpoints
strata serve: decode expert cache hit rate: 82.0% (388 hits / 473 lookups); 7 more read by the GPU over PCIe or from another GPU (1.5% of all 480 routed)
strata serve: resident RAM: 63.28 GiB of experts in RAM, 0 exchanged with the VRAM tier, 0 blob reads from the file
safetensors residency metrics: ram_bytes=67948118016 os_locked_bytes=0 cuda_pinned_bytes=67948118016 promotions=2400 promoted_payload_bytes=6635558400 expert_file_bytes=0 (cumulative; payload is not a physical PCIe counter)
safetensors ngram metrics: ple io: 526768 rows, 39.3% row-cache hits, 257454 SSD reads (1054.9 MB), read p50 221 us p99 512 us, blocked 396.415 ms total (submit 1.802 ms), cache 248747/1048576 rows, SSD kept awake by 78 reads (slowest 10.2 ms)
strata serve: expert tiers: GPU 388 hits this request; since the start RAM 114125 blobs, files 0 blobs 0.0 MB read
strata serve: prompt 24637 tokens = 24636 reused + 1 read in 0 ms (17543.9 tok/s), 1 generated in 18 ms (55.0 tok/s), drafts accepted 0 of 0, 2 checkpoints
strata serve: decode expert cache hit rate: 75.7% (352 hits / 465 lookups); 15 more read by the GPU over PCIe or from another GPU (3.1% of all 480 routed)
strata serve: resident RAM: 63.28 GiB of experts in RAM, 0 exchanged with the VRAM tier, 0 blob reads from the file
safetensors residency metrics: ram_bytes=67948118016 os_locked_bytes=0 cuda_pinned_bytes=67948118016 promotions=2400 promoted_payload_bytes=6635558400 expert_file_bytes=0 (cumulative; payload is not a physical PCIe counter)
safetensors ngram metrics: ple io: 526784 rows, 39.3% row-cache hits, 257470 SSD reads (1055.0 MB), read p50 221 us p99 512 us, blocked 396.415 ms total (submit 1.818 ms), cache 248763/1048576 rows, SSD kept awake by 78 reads (slowest 10.2 ms)
strata serve: expert tiers: GPU 352 hits this request; since the start RAM 114349 blobs, files 0 blobs 0.0 MB read
strata serve: prompt 24638 tokens = 24637 reused + 1 read in 0 ms (6697.9 tok/s), 1 generated in 20 ms (50.8 tok/s), drafts accepted 0 of 0, 2 checkpoints
strata serve: decode expert cache hit rate: 59.0% (262 hits / 444 lookups); 36 more read by the GPU over PCIe or from another GPU (7.5% of all 480 routed)
strata serve: resident RAM: 63.28 GiB of experts in RAM, 0 exchanged with the VRAM tier, 0 blob reads from the file
safetensors residency metrics: ram_bytes=67948118016 os_locked_bytes=0 cuda_pinned_bytes=67948118016 promotions=2496 promoted_payload_bytes=6900980736 expert_file_bytes=0 (cumulative; payload is not a physical PCIe counter)
safetensors ngram metrics: ple io: 526800 rows, 39.3% row-cache hits, 257486 SSD reads (1055.0 MB), read p50 221 us p99 512 us, blocked 396.416 ms total (submit 1.837 ms), cache 248779/1048576 rows, SSD kept awake by 78 reads (slowest 10.2 ms)
strata serve: expert tiers: GPU 262 hits this request; since the start RAM 114567 blobs, files 0 blobs 0.0 MB read
strata serve: prompt 24639 tokens = 24638 reused + 1 read in 0 ms (17361.1 tok/s), 1 generated in 19 ms (52.2 tok/s), drafts accepted 0 of 0, 2 checkpoints
strata serve: decode expert cache hit rate: 60.4% (270 hits / 447 lookups); 33 more read by the GPU over PCIe or from another GPU (6.9% of all 480 routed)
strata serve: resident RAM: 63.28 GiB of experts in RAM, 0 exchanged with the VRAM tier, 0 blob reads from the file
safetensors residency metrics: ram_bytes=67948118016 os_locked_bytes=0 cuda_pinned_bytes=67948118016 promotions=2496 promoted_payload_bytes=6900980736 expert_file_bytes=0 (cumulative; payload is not a physical PCIe counter)
safetensors ngram metrics: ple io: 526816 rows, 39.3% row-cache hits, 257502 SSD reads (1055.1 MB), read p50 221 us p99 512 us, blocked 396.416 ms total (submit 1.854 ms), cache 248795/1048576 rows, SSD kept awake by 78 reads (slowest 10.2 ms)
strata serve: expert tiers: GPU 270 hits this request; since the start RAM 114777 blobs, files 0 blobs 0.0 MB read
strata serve: prompt 24640 tokens = 24639 reused + 1 read in 0 ms (16638.9 tok/s), 1 generated in 17 ms (59.5 tok/s), drafts accepted 0 of 0, 2 checkpoints
strata serve: decode expert cache hit rate: 74.5% (344 hits / 462 lookups); 18 more read by the GPU over PCIe or from another GPU (3.8% of all 480 routed)
strata serve: resident RAM: 63.28 GiB of experts in RAM, 0 exchanged with the VRAM tier, 0 blob reads from the file
safetensors residency metrics: ram_bytes=67948118016 os_locked_bytes=0 cuda_pinned_bytes=67948118016 promotions=2496 promoted_payload_bytes=6900980736 expert_file_bytes=0 (cumulative; payload is not a physical PCIe counter)
safetensors ngram metrics: ple io: 526832 rows, 39.3% row-cache hits, 257510 SSD reads (1055.1 MB), read p50 221 us p99 512 us, blocked 396.417 ms total (submit 1.873 ms), cache 248803/1048576 rows, SSD kept awake by 78 reads (slowest 10.2 ms)
strata serve: expert tiers: GPU 344 hits this request; since the start RAM 114913 blobs, files 0 blobs 0.0 MB read
strata serve: prompt 24641 tokens = 24640 reused + 1 read in 0 ms (17182.1 tok/s), 1 generated in 18 ms (55.1 tok/s), drafts accepted 0 of 0, 2 checkpoints
strata serve: decode expert cache hit rate: 73.4% (340 hits / 463 lookups); 17 more read by the GPU over PCIe or from another GPU (3.5% of all 480 routed)
strata serve: resident RAM: 63.28 GiB of experts in RAM, 0 exchanged with the VRAM tier, 0 blob reads from the file
safetensors residency metrics: ram_bytes=67948118016 os_locked_bytes=0 cuda_pinned_bytes=67948118016 promotions=2496 promoted_payload_bytes=6900980736 expert_file_bytes=0 (cumulative; payload is not a physical PCIe counter)
safetensors ngram metrics: ple io: 526848 rows, 39.3% row-cache hits, 257518 SSD reads (1055.2 MB), read p50 221 us p99 512 us, blocked 396.417 ms total (submit 1.886 ms), cache 248811/1048576 rows, SSD kept awake by 78 reads (slowest 10.2 ms)
strata serve: expert tiers: GPU 340 hits this request; since the start RAM 115149 blobs, files 0 blobs 0.0 MB read
strata serve: prompt 24642 tokens = 24641 reused + 1 read in 0 ms (6329.1 tok/s), 1 generated in 16 ms (60.7 tok/s), drafts accepted 0 of 0, 2 checkpoints
strata serve: decode expert cache hit rate: 75.3% (350 hits / 465 lookups); 15 more read by the GPU over PCIe or from another GPU (3.1% of all 480 routed)
strata serve: resident RAM: 63.28 GiB of experts in RAM, 0 exchanged with the VRAM tier, 0 blob reads from the file
safetensors residency metrics: ram_bytes=67948118016 os_locked_bytes=0 cuda_pinned_bytes=67948118016 promotions=2592 promoted_payload_bytes=7166403072 expert_file_bytes=0 (cumulative; payload is not a physical PCIe counter)
safetensors ngram metrics: ple io: 526864 rows, 39.3% row-cache hits, 257534 SSD reads (1055.2 MB), read p50 221 us p99 512 us, blocked 396.418 ms total (submit 1.901 ms), cache 248827/1048576 rows, SSD kept awake by 78 reads (slowest 10.2 ms)
strata serve: expert tiers: GPU 350 hits this request; since the start RAM 115279 blobs, files 0 blobs 0.0 MB read
strata serve: prompt 24643 tokens = 24642 reused + 1 read in 0 ms (16835.0 tok/s), 1 generated in 17 ms (58.1 tok/s), drafts accepted 0 of 0, 2 checkpoints
strata serve: decode expert cache hit rate: 71.0% (325 hits / 458 lookups); 22 more read by the GPU over PCIe or from another GPU (4.6% of all 480 routed)
strata serve: resident RAM: 63.28 GiB of experts in RAM, 0 exchanged with the VRAM tier, 0 blob reads from the file
safetensors residency metrics: ram_bytes=67948118016 os_locked_bytes=0 cuda_pinned_bytes=67948118016 promotions=2592 promoted_payload_bytes=7166403072 expert_file_bytes=0 (cumulative; payload is not a physical PCIe counter)
safetensors ngram metrics: ple io: 526880 rows, 39.3% row-cache hits, 257550 SSD reads (1055.3 MB), read p50 221 us p99 512 us, blocked 396.418 ms total (submit 1.915 ms), cache 248843/1048576 rows, SSD kept awake by 78 reads (slowest 10.2 ms)
strata serve: expert tiers: GPU 325 hits this request; since the start RAM 115434 blobs, files 0 blobs 0.0 MB read
strata serve: prompt 24644 tokens = 24643 reused + 1 read in 0 ms (16611.3 tok/s), 1 generated in 16 ms (62.1 tok/s), drafts accepted 0 of 0, 2 checkpoints
strata serve: decode expert cache hit rate: 78.3% (367 hits / 469 lookups); 11 more read by the GPU over PCIe or from another GPU (2.3% of all 480 routed)
strata serve: resident RAM: 63.28 GiB of experts in RAM, 0 exchanged with the VRAM tier, 0 blob reads from the file
safetensors residency metrics: ram_bytes=67948118016 os_locked_bytes=0 cuda_pinned_bytes=67948118016 promotions=2592 promoted_payload_bytes=7166403072 expert_file_bytes=0 (cumulative; payload is not a physical PCIe counter)
safetensors ngram metrics: ple io: 526896 rows, 39.3% row-cache hits, 257566 SSD reads (1055.4 MB), read p50 221 us p99 512 us, blocked 396.418 ms total (submit 1.935 ms), cache 248859/1048576 rows, SSD kept awake by 78 reads (slowest 10.2 ms)
strata serve: expert tiers: GPU 367 hits this request; since the start RAM 115547 blobs, files 0 blobs 0.0 MB read
strata serve: prompt 24645 tokens = 24644 reused + 1 read in 0 ms (17211.7 tok/s), 1 generated in 18 ms (56.9 tok/s), drafts accepted 0 of 0, 2 checkpoints
strata serve: decode expert cache hit rate: 82.4% (392 hits / 476 lookups); 4 more read by the GPU over PCIe or from another GPU (0.8% of all 480 routed)
strata serve: resident RAM: 63.28 GiB of experts in RAM, 0 exchanged with the VRAM tier, 0 blob reads from the file
safetensors residency metrics: ram_bytes=67948118016 os_locked_bytes=0 cuda_pinned_bytes=67948118016 promotions=2592 promoted_payload_bytes=7166403072 expert_file_bytes=0 (cumulative; payload is not a physical PCIe counter)
safetensors ngram metrics: ple io: 526912 rows, 39.3% row-cache hits, 257582 SSD reads (1055.4 MB), read p50 221 us p99 512 us, blocked 396.419 ms total (submit 1.952 ms), cache 248875/1048576 rows, SSD kept awake by 78 reads (slowest 10.2 ms)
strata serve: expert tiers: GPU 392 hits this request; since the start RAM 115731 blobs, files 0 blobs 0.0 MB read
strata serve: prompt 24646 tokens = 24645 reused + 1 read in 0 ms (6835.3 tok/s), 1 generated in 17 ms (60.2 tok/s), drafts accepted 0 of 0, 2 checkpoints
strata serve: decode expert cache hit rate: 74.6% (343 hits / 460 lookups); 20 more read by the GPU over PCIe or from another GPU (4.2% of all 480 routed)
strata serve: resident RAM: 63.28 GiB of experts in RAM, 0 exchanged with the VRAM tier, 0 blob reads from the file
safetensors residency metrics: ram_bytes=67948118016 os_locked_bytes=0 cuda_pinned_bytes=67948118016 promotions=2688 promoted_payload_bytes=7431825408 expert_file_bytes=0 (cumulative; payload is not a physical PCIe counter)
safetensors ngram metrics: ple io: 526928 rows, 39.3% row-cache hits, 257598 SSD reads (1055.5 MB), read p50 221 us p99 512 us, blocked 396.420 ms total (submit 1.975 ms), cache 248891/1048576 rows, SSD kept awake by 78 reads (slowest 10.2 ms)
strata serve: expert tiers: GPU 343 hits this request; since the start RAM 115868 blobs, files 0 blobs 0.0 MB read
strata serve: prompt 24647 tokens = 24646 reused + 1 read in 0 ms (17035.8 tok/s), 1 generated in 15 ms (66.3 tok/s), drafts accepted 0 of 0, 2 checkpoints
strata serve: decode expert cache hit rate: 84.3% (398 hits / 472 lookups); 8 more read by the GPU over PCIe or from another GPU (1.7% of all 480 routed)
strata serve: resident RAM: 63.28 GiB of experts in RAM, 0 exchanged with the VRAM tier, 0 blob reads from the file
safetensors residency metrics: ram_bytes=67948118016 os_locked_bytes=0 cuda_pinned_bytes=67948118016 promotions=2688 promoted_payload_bytes=7431825408 expert_file_bytes=0 (cumulative; payload is not a physical PCIe counter)
safetensors ngram metrics: ple io: 526944 rows, 39.3% row-cache hits, 257606 SSD reads (1055.5 MB), read p50 221 us p99 512 us, blocked 396.420 ms total (submit 1.993 ms), cache 248899/1048576 rows, SSD kept awake by 78 reads (slowest 10.2 ms)
strata serve: expert tiers: GPU 398 hits this request; since the start RAM 115950 blobs, files 0 blobs 0.0 MB read
strata serve: prompt 24648 tokens = 24647 reused + 1 read in 0 ms (17825.3 tok/s), 1 generated in 17 ms (59.6 tok/s), drafts accepted 0 of 0, 2 checkpoints
strata serve: decode expert cache hit rate: 73.2% (339 hits / 463 lookups); 17 more read by the GPU over PCIe or from another GPU (3.5% of all 480 routed)
strata serve: resident RAM: 63.28 GiB of experts in RAM, 0 exchanged with the VRAM tier, 0 blob reads from the file
safetensors residency metrics: ram_bytes=67948118016 os_locked_bytes=0 cuda_pinned_bytes=67948118016 promotions=2688 promoted_payload_bytes=7431825408 expert_file_bytes=0 (cumulative; payload is not a physical PCIe counter)
safetensors ngram metrics: ple io: 526960 rows, 39.3% row-cache hits, 257606 SSD reads (1055.5 MB), read p50 221 us p99 512 us, blocked 396.420 ms total (submit 1.993 ms), cache 248899/1048576 rows, SSD kept awake by 78 reads (slowest 10.2 ms)
strata serve: expert tiers: GPU 339 hits this request; since the start RAM 116091 blobs, files 0 blobs 0.0 MB read
strata serve: prompt 24649 tokens = 24648 reused + 1 read in 0 ms (17182.1 tok/s), 1 generated in 18 ms (56.5 tok/s), drafts accepted 0 of 0, 2 checkpoints
strata serve: decode expert cache hit rate: 75.9% (349 hits / 460 lookups); 20 more read by the GPU over PCIe or from another GPU (4.2% of all 480 routed)
strata serve: resident RAM: 63.28 GiB of experts in RAM, 0 exchanged with the VRAM tier, 0 blob reads from the file
safetensors residency metrics: ram_bytes=67948118016 os_locked_bytes=0 cuda_pinned_bytes=67948118016 promotions=2688 promoted_payload_bytes=7431825408 expert_file_bytes=0 (cumulative; payload is not a physical PCIe counter)
safetensors ngram metrics: ple io: 526976 rows, 39.3% row-cache hits, 257606 SSD reads (1055.5 MB), read p50 221 us p99 512 us, blocked 396.421 ms total (submit 1.993 ms), cache 248899/1048576 rows, SSD kept awake by 78 reads (slowest 10.2 ms)
strata serve: expert tiers: GPU 349 hits this request; since the start RAM 116318 blobs, files 0 blobs 0.0 MB read
strata serve: prompt 24650 tokens = 24649 reused + 1 read in 0 ms (6816.6 tok/s), 1 generated in 15 ms (67.4 tok/s), drafts accepted 0 of 0, 2 checkpoints
strata serve: decode expert cache hit rate: 86.5% (409 hits / 473 lookups); 7 more read by the GPU over PCIe or from another GPU (1.5% of all 480 routed)
strata serve: resident RAM: 63.28 GiB of experts in RAM, 0 exchanged with the VRAM tier, 0 blob reads from the file
safetensors residency metrics: ram_bytes=67948118016 os_locked_bytes=0 cuda_pinned_bytes=67948118016 promotions=2784 promoted_payload_bytes=7697247744 expert_file_bytes=0 (cumulative; payload is not a physical PCIe counter)
safetensors ngram metrics: ple io: 526992 rows, 39.3% row-cache hits, 257622 SSD reads (1055.6 MB), read p50 221 us p99 512 us, blocked 396.421 ms total (submit 2.014 ms), cache 248915/1048576 rows, SSD kept awake by 79 reads (slowest 10.2 ms)
strata serve: expert tiers: GPU 409 hits this request; since the start RAM 116389 blobs, files 0 blobs 0.0 MB read
strata serve: prompt 24651 tokens = 24650 reused + 1 read in 0 ms (17699.1 tok/s), 1 generated in 15 ms (67.6 tok/s), drafts accepted 0 of 0, 2 checkpoints
strata serve: decode expert cache hit rate: 87.2% (415 hits / 476 lookups); 4 more read by the GPU over PCIe or from another GPU (0.8% of all 480 routed)
strata serve: resident RAM: 63.28 GiB of experts in RAM, 0 exchanged with the VRAM tier, 0 blob reads from the file
safetensors residency metrics: ram_bytes=67948118016 os_locked_bytes=0 cuda_pinned_bytes=67948118016 promotions=2784 promoted_payload_bytes=7697247744 expert_file_bytes=0 (cumulative; payload is not a physical PCIe counter)
safetensors ngram metrics: ple io: 527008 rows, 39.3% row-cache hits, 257638 SSD reads (1055.7 MB), read p50 221 us p99 512 us, blocked 396.421 ms total (submit 2.026 ms), cache 248931/1048576 rows, SSD kept awake by 79 reads (slowest 10.2 ms)
strata serve: expert tiers: GPU 415 hits this request; since the start RAM 116454 blobs, files 0 blobs 0.0 MB read
strata serve: prompt 24652 tokens = 24651 reused + 1 read in 0 ms (18083.2 tok/s), 1 generated in 16 ms (61.8 tok/s), drafts accepted 0 of 0, 2 checkpoints
strata serve: decode expert cache hit rate: 80.5% (381 hits / 473 lookups); 7 more read by the GPU over PCIe or from another GPU (1.5% of all 480 routed)
strata serve: resident RAM: 63.28 GiB of experts in RAM, 0 exchanged with the VRAM tier, 0 blob reads from the file
safetensors residency metrics: ram_bytes=67948118016 os_locked_bytes=0 cuda_pinned_bytes=67948118016 promotions=2784 promoted_payload_bytes=7697247744 expert_file_bytes=0 (cumulative; payload is not a physical PCIe counter)
safetensors ngram metrics: ple io: 527024 rows, 39.3% row-cache hits, 257654 SSD reads (1055.7 MB), read p50 220 us p99 512 us, blocked 396.422 ms total (submit 2.052 ms), cache 248947/1048576 rows, SSD kept awake by 79 reads (slowest 10.2 ms)
strata serve: expert tiers: GPU 381 hits this request; since the start RAM 116553 blobs, files 0 blobs 0.0 MB read
strata serve: prompt 24653 tokens = 24652 reused + 1 read in 0 ms (17857.1 tok/s), 1 generated in 18 ms (55.7 tok/s), drafts accepted 0 of 0, 2 checkpoints
strata serve: decode expert cache hit rate: 78.4% (366 hits / 467 lookups); 13 more read by the GPU over PCIe or from another GPU (2.7% of all 480 routed)
strata serve: resident RAM: 63.28 GiB of experts in RAM, 0 exchanged with the VRAM tier, 0 blob reads from the file
safetensors residency metrics: ram_bytes=67948118016 os_locked_bytes=0 cuda_pinned_bytes=67948118016 promotions=2784 promoted_payload_bytes=7697247744 expert_file_bytes=0 (cumulative; payload is not a physical PCIe counter)
safetensors ngram metrics: ple io: 527040 rows, 39.3% row-cache hits, 257670 SSD reads (1055.8 MB), read p50 220 us p99 512 us, blocked 396.422 ms total (submit 2.064 ms), cache 248963/1048576 rows, SSD kept awake by 79 reads (slowest 10.2 ms)
strata serve: expert tiers: GPU 366 hits this request; since the start RAM 116754 blobs, files 0 blobs 0.0 MB read
strata serve: prompt 24654 tokens = 24653 reused + 1 read in 0 ms (8058.0 tok/s), 1 generated in 15 ms (65.8 tok/s), drafts accepted 0 of 0, 2 checkpoints
strata serve: decode expert cache hit rate: 84.0% (398 hits / 474 lookups); 6 more read by the GPU over PCIe or from another GPU (1.2% of all 480 routed)
strata serve: resident RAM: 63.28 GiB of experts in RAM, 0 exchanged with the VRAM tier, 0 blob reads from the file
safetensors residency metrics: ram_bytes=67948118016 os_locked_bytes=0 cuda_pinned_bytes=67948118016 promotions=2871 promoted_payload_bytes=7937786736 expert_file_bytes=0 (cumulative; payload is not a physical PCIe counter)
safetensors ngram metrics: ple io: 527056 rows, 39.3% row-cache hits, 257686 SSD reads (1055.9 MB), read p50 220 us p99 512 us, blocked 396.423 ms total (submit 2.078 ms), cache 248979/1048576 rows, SSD kept awake by 79 reads (slowest 10.2 ms)
strata serve: expert tiers: GPU 398 hits this request; since the start RAM 116836 blobs, files 0 blobs 0.0 MB read
strata serve: prompt 24655 tokens = 24654 reused + 1 read in 0 ms (18148.8 tok/s), 1 generated in 15 ms (67.4 tok/s), drafts accepted 0 of 0, 2 checkpoints
strata serve: decode expert cache hit rate: 85.9% (407 hits / 474 lookups); 6 more read by the GPU over PCIe or from another GPU (1.2% of all 480 routed)
strata serve: resident RAM: 63.28 GiB of experts in RAM, 0 exchanged with the VRAM tier, 0 blob reads from the file
safetensors residency metrics: ram_bytes=67948118016 os_locked_bytes=0 cuda_pinned_bytes=67948118016 promotions=2871 promoted_payload_bytes=7937786736 expert_file_bytes=0 (cumulative; payload is not a physical PCIe counter)
safetensors ngram metrics: ple io: 527072 rows, 39.3% row-cache hits, 257702 SSD reads (1056.0 MB), read p50 220 us p99 512 us, blocked 396.423 ms total (submit 2.100 ms), cache 248995/1048576 rows, SSD kept awake by 79 reads (slowest 10.2 ms)
strata serve: expert tiers: GPU 407 hits this request; since the start RAM 116909 blobs, files 0 blobs 0.0 MB read
strata serve: prompt 24656 tokens = 24655 reused + 1 read in 0 ms (17889.1 tok/s), 1 generated in 16 ms (61.8 tok/s), drafts accepted 0 of 0, 2 checkpoints
strata serve: decode expert cache hit rate: 78.8% (368 hits / 467 lookups); 13 more read by the GPU over PCIe or from another GPU (2.7% of all 480 routed)
strata serve: resident RAM: 63.28 GiB of experts in RAM, 0 exchanged with the VRAM tier, 0 blob reads from the file
safetensors residency metrics: ram_bytes=67948118016 os_locked_bytes=0 cuda_pinned_bytes=67948118016 promotions=2871 promoted_payload_bytes=7937786736 expert_file_bytes=0 (cumulative; payload is not a physical PCIe counter)
safetensors ngram metrics: ple io: 527088 rows, 39.3% row-cache hits, 257718 SSD reads (1056.0 MB), read p50 220 us p99 512 us, blocked 396.424 ms total (submit 2.113 ms), cache 249011/1048576 rows, SSD kept awake by 79 reads (slowest 10.2 ms)
strata serve: expert tiers: GPU 368 hits this request; since the start RAM 117021 blobs, files 0 blobs 0.0 MB read
strata serve: prompt 24657 tokens = 24656 reused + 1 read in 0 ms (11750.9 tok/s), 1 generated in 17 ms (57.5 tok/s), drafts accepted 0 of 0, 2 checkpoints
strata serve: decode expert cache hit rate: 77.8% (361 hits / 464 lookups); 16 more read by the GPU over PCIe or from another GPU (3.3% of all 480 routed)
strata serve: resident RAM: 63.28 GiB of experts in RAM, 0 exchanged with the VRAM tier, 0 blob reads from the file
safetensors residency metrics: ram_bytes=67948118016 os_locked_bytes=0 cuda_pinned_bytes=67948118016 promotions=2871 promoted_payload_bytes=7937786736 expert_file_bytes=0 (cumulative; payload is not a physical PCIe counter)
safetensors ngram metrics: ple io: 527104 rows, 39.3% row-cache hits, 257734 SSD reads (1056.1 MB), read p50 220 us p99 512 us, blocked 396.424 ms total (submit 2.126 ms), cache 249027/1048576 rows, SSD kept awake by 79 reads (slowest 10.2 ms)
strata serve: expert tiers: GPU 361 hits this request; since the start RAM 117225 blobs, files 0 blobs 0.0 MB read
strata serve: prompt 24658 tokens = 24657 reused + 1 read in 0 ms (6734.0 tok/s), 1 generated in 15 ms (65.5 tok/s), drafts accepted 0 of 0, 2 checkpoints
strata serve: decode expert cache hit rate: 82.2% (387 hits / 471 lookups); 9 more read by the GPU over PCIe or from another GPU (1.9% of all 480 routed)
strata serve: resident RAM: 63.28 GiB of experts in RAM, 0 exchanged with the VRAM tier, 0 blob reads from the file
safetensors residency metrics: ram_bytes=67948118016 os_locked_bytes=0 cuda_pinned_bytes=67948118016 promotions=2956 promoted_payload_bytes=8172796096 expert_file_bytes=0 (cumulative; payload is not a physical PCIe counter)
safetensors ngram metrics: ple io: 527120 rows, 39.3% row-cache hits, 257750 SSD reads (1056.2 MB), read p50 220 us p99 512 us, blocked 396.425 ms total (submit 2.147 ms), cache 249043/1048576 rows, SSD kept awake by 79 reads (slowest 10.2 ms)
strata serve: expert tiers: GPU 387 hits this request; since the start RAM 117318 blobs, files 0 blobs 0.0 MB read
strata serve: prompt 24659 tokens = 24658 reused + 1 read in 0 ms (18181.8 tok/s), 1 generated in 15 ms (64.7 tok/s), drafts accepted 0 of 0, 2 checkpoints
strata serve: decode expert cache hit rate: 81.1% (383 hits / 472 lookups); 8 more read by the GPU over PCIe or from another GPU (1.7% of all 480 routed)
strata serve: resident RAM: 63.28 GiB of experts in RAM, 0 exchanged with the VRAM tier, 0 blob reads from the file
safetensors residency metrics: ram_bytes=67948118016 os_locked_bytes=0 cuda_pinned_bytes=67948118016 promotions=2956 promoted_payload_bytes=8172796096 expert_file_bytes=0 (cumulative; payload is not a physical PCIe counter)
safetensors ngram metrics: ple io: 527136 rows, 39.3% row-cache hits, 257766 SSD reads (1056.2 MB), read p50 220 us p99 512 us, blocked 396.426 ms total (submit 2.160 ms), cache 249059/1048576 rows, SSD kept awake by 79 reads (slowest 10.2 ms)
strata serve: expert tiers: GPU 383 hits this request; since the start RAM 117415 blobs, files 0 blobs 0.0 MB read
strata serve: prompt 24660 tokens = 24659 reused + 1 read in 0 ms (17667.8 tok/s), 1 generated in 15 ms (66.0 tok/s), drafts accepted 0 of 0, 2 checkpoints
strata serve: decode expert cache hit rate: 83.6% (397 hits / 475 lookups); 5 more read by the GPU over PCIe or from another GPU (1.0% of all 480 routed)
strata serve: resident RAM: 63.28 GiB of experts in RAM, 0 exchanged with the VRAM tier, 0 blob reads from the file
safetensors residency metrics: ram_bytes=67948118016 os_locked_bytes=0 cuda_pinned_bytes=67948118016 promotions=2956 promoted_payload_bytes=8172796096 expert_file_bytes=0 (cumulative; payload is not a physical PCIe counter)
safetensors ngram metrics: ple io: 527152 rows, 39.3% row-cache hits, 257782 SSD reads (1056.3 MB), read p50 220 us p99 512 us, blocked 396.426 ms total (submit 2.180 ms), cache 249075/1048576 rows, SSD kept awake by 79 reads (slowest 10.2 ms)
strata serve: expert tiers: GPU 397 hits this request; since the start RAM 117498 blobs, files 0 blobs 0.0 MB read
strata serve: prompt 24661 tokens = 24660 reused + 1 read in 0 ms (17482.5 tok/s), 1 generated in 16 ms (62.7 tok/s), drafts accepted 0 of 0, 2 checkpoints
strata serve: decode expert cache hit rate: 86.2% (411 hits / 477 lookups); 3 more read by the GPU over PCIe or from another GPU (0.6% of all 480 routed)
strata serve: resident RAM: 63.28 GiB of experts in RAM, 0 exchanged with the VRAM tier, 0 blob reads from the file
safetensors residency metrics: ram_bytes=67948118016 os_locked_bytes=0 cuda_pinned_bytes=67948118016 promotions=2956 promoted_payload_bytes=8172796096 expert_file_bytes=0 (cumulative; payload is not a physical PCIe counter)
safetensors ngram metrics: ple io: 527168 rows, 39.3% row-cache hits, 257798 SSD reads (1056.4 MB), read p50 220 us p99 512 us, blocked 396.426 ms total (submit 2.203 ms), cache 249091/1048576 rows, SSD kept awake by 79 reads (slowest 10.2 ms)
strata serve: expert tiers: GPU 411 hits this request; since the start RAM 117636 blobs, files 0 blobs 0.0 MB read
strata serve: prompt 24662 tokens = 24661 reused + 1 read in 0 ms (6566.0 tok/s), 1 generated in 15 ms (68.1 tok/s), drafts accepted 0 of 0, 2 checkpoints
strata serve: decode expert cache hit rate: 87.2% (416 hits / 477 lookups); 3 more read by the GPU over PCIe or from another GPU (0.6% of all 480 routed)
strata serve: resident RAM: 63.28 GiB of experts in RAM, 0 exchanged with the VRAM tier, 0 blob reads from the file
safetensors residency metrics: ram_bytes=67948118016 os_locked_bytes=0 cuda_pinned_bytes=67948118016 promotions=3025 promoted_payload_bytes=8363568400 expert_file_bytes=0 (cumulative; payload is not a physical PCIe counter)
safetensors ngram metrics: ple io: 527184 rows, 39.3% row-cache hits, 257814 SSD reads (1056.4 MB), read p50 220 us p99 512 us, blocked 396.427 ms total (submit 2.217 ms), cache 249107/1048576 rows, SSD kept awake by 79 reads (slowest 10.2 ms)
strata serve: expert tiers: GPU 416 hits this request; since the start RAM 117700 blobs, files 0 blobs 0.0 MB read
strata serve: prompt 24663 tokens = 24662 reused + 1 read in 0 ms (18281.5 tok/s), 1 generated in 15 ms (64.5 tok/s), drafts accepted 0 of 0, 2 checkpoints
strata serve: decode expert cache hit rate: 81.7% (383 hits / 469 lookups); 11 more read by the GPU over PCIe or from another GPU (2.3% of all 480 routed)
strata serve: resident RAM: 63.28 GiB of experts in RAM, 0 exchanged with the VRAM tier, 0 blob reads from the file
safetensors residency metrics: ram_bytes=67948118016 os_locked_bytes=0 cuda_pinned_bytes=67948118016 promotions=3025 promoted_payload_bytes=8363568400 expert_file_bytes=0 (cumulative; payload is not a physical PCIe counter)
safetensors ngram metrics: ple io: 527200 rows, 39.3% row-cache hits, 257830 SSD reads (1056.5 MB), read p50 220 us p99 512 us, blocked 396.427 ms total (submit 2.229 ms), cache 249123/1048576 rows, SSD kept awake by 79 reads (slowest 10.2 ms)
strata serve: expert tiers: GPU 383 hits this request; since the start RAM 117797 blobs, files 0 blobs 0.0 MB read
strata serve: prompt 24664 tokens = 24663 reused + 1 read in 0 ms (16583.7 tok/s), 1 generated in 30 ms (33.4 tok/s), drafts accepted 0 of 0, 2 checkpoints
strata serve: decode expert cache hit rate: 73.9% (342 hits / 463 lookups); 17 more read by the GPU over PCIe or from another GPU (3.5% of all 480 routed)
strata serve: resident RAM: 63.28 GiB of experts in RAM, 0 exchanged with the VRAM tier, 0 blob reads from the file
safetensors residency metrics: ram_bytes=67948118016 os_locked_bytes=0 cuda_pinned_bytes=67948118016 promotions=3025 promoted_payload_bytes=8363568400 expert_file_bytes=0 (cumulative; payload is not a physical PCIe counter)
safetensors ngram metrics: ple io: 527216 rows, 39.3% row-cache hits, 257846 SSD reads (1056.6 MB), read p50 220 us p99 512 us, blocked 396.428 ms total (submit 2.246 ms), cache 249139/1048576 rows, SSD kept awake by 79 reads (slowest 10.2 ms)
strata serve: expert tiers: GPU 342 hits this request; since the start RAM 117935 blobs, files 0 blobs 0.0 MB read
strata serve: prompt 24665 tokens = 24664 reused + 1 read in 0 ms (17123.3 tok/s), 1 generated in 17 ms (59.3 tok/s), drafts accepted 0 of 0, 2 checkpoints
strata serve: decode expert cache hit rate: 79.6% (370 hits / 465 lookups); 15 more read by the GPU over PCIe or from another GPU (3.1% of all 480 routed)
strata serve: resident RAM: 63.28 GiB of experts in RAM, 0 exchanged with the VRAM tier, 0 blob reads from the file
safetensors residency metrics: ram_bytes=67948118016 os_locked_bytes=0 cuda_pinned_bytes=67948118016 promotions=3025 promoted_payload_bytes=8363568400 expert_file_bytes=0 (cumulative; payload is not a physical PCIe counter)
safetensors ngram metrics: ple io: 527232 rows, 39.3% row-cache hits, 257862 SSD reads (1056.6 MB), read p50 220 us p99 512 us, blocked 396.428 ms total (submit 2.261 ms), cache 249155/1048576 rows, SSD kept awake by 79 reads (slowest 10.2 ms)
strata serve: expert tiers: GPU 370 hits this request; since the start RAM 118126 blobs, files 0 blobs 0.0 MB read
strata serve: prompt 24666 tokens = 24665 reused + 1 read in 0 ms (7418.4 tok/s), 1 generated in 15 ms (64.7 tok/s), drafts accepted 0 of 0, 2 checkpoints
strata serve: decode expert cache hit rate: 82.5% (390 hits / 473 lookups); 7 more read by the GPU over PCIe or from another GPU (1.5% of all 480 routed)
strata serve: resident RAM: 63.28 GiB of experts in RAM, 0 exchanged with the VRAM tier, 0 blob reads from the file
safetensors residency metrics: ram_bytes=67948118016 os_locked_bytes=0 cuda_pinned_bytes=67948118016 promotions=3106 promoted_payload_bytes=8587518496 expert_file_bytes=0 (cumulative; payload is not a physical PCIe counter)
safetensors ngram metrics: ple io: 527248 rows, 39.3% row-cache hits, 257878 SSD reads (1056.7 MB), read p50 220 us p99 512 us, blocked 396.429 ms total (submit 2.276 ms), cache 249171/1048576 rows, SSD kept awake by 79 reads (slowest 10.2 ms)
strata serve: expert tiers: GPU 390 hits this request; since the start RAM 118216 blobs, files 0 blobs 0.0 MB read
strata serve: prompt 24667 tokens = 24666 reused + 1 read in 0 ms (17574.7 tok/s), 1 generated in 14 ms (70.0 tok/s), drafts accepted 0 of 0, 2 checkpoints
strata serve: decode expert cache hit rate: 89.4% (428 hits / 479 lookups); 1 more read by the GPU over PCIe or from another GPU (0.2% of all 480 routed)
strata serve: resident RAM: 63.28 GiB of experts in RAM, 0 exchanged with the VRAM tier, 0 blob reads from the file
safetensors residency metrics: ram_bytes=67948118016 os_locked_bytes=0 cuda_pinned_bytes=67948118016 promotions=3106 promoted_payload_bytes=8587518496 expert_file_bytes=0 (cumulative; payload is not a physical PCIe counter)
safetensors ngram metrics: ple io: 527264 rows, 39.3% row-cache hits, 257894 SSD reads (1056.8 MB), read p50 220 us p99 512 us, blocked 396.429 ms total (submit 2.289 ms), cache 249187/1048576 rows, SSD kept awake by 79 reads (slowest 10.2 ms)
strata serve: expert tiers: GPU 428 hits this request; since the start RAM 118268 blobs, files 0 blobs 0.0 MB read
strata serve: prompt 24668 tokens = 24667 reused + 1 read in 0 ms (17857.1 tok/s), 1 generated in 16 ms (63.2 tok/s), drafts accepted 0 of 0, 2 checkpoints
strata serve: decode expert cache hit rate: 79.4% (371 hits / 467 lookups); 13 more read by the GPU over PCIe or from another GPU (2.7% of all 480 routed)
strata serve: resident RAM: 63.28 GiB of experts in RAM, 0 exchanged with the VRAM tier, 0 blob reads from the file
safetensors residency metrics: ram_bytes=67948118016 os_locked_bytes=0 cuda_pinned_bytes=67948118016 promotions=3106 promoted_payload_bytes=8587518496 expert_file_bytes=0 (cumulative; payload is not a physical PCIe counter)
safetensors ngram metrics: ple io: 527280 rows, 39.3% row-cache hits, 257910 SSD reads (1056.9 MB), read p50 220 us p99 512 us, blocked 396.430 ms total (submit 2.303 ms), cache 249203/1048576 rows, SSD kept awake by 79 reads (slowest 10.2 ms)
strata serve: expert tiers: GPU 371 hits this request; since the start RAM 118377 blobs, files 0 blobs 0.0 MB read
strata serve: prompt 24669 tokens = 24668 reused + 1 read in 0 ms (18248.2 tok/s), 1 generated in 17 ms (59.1 tok/s), drafts accepted 0 of 0, 2 checkpoints
strata serve: decode expert cache hit rate: 78.7% (370 hits / 470 lookups); 10 more read by the GPU over PCIe or from another GPU (2.1% of all 480 routed)
strata serve: resident RAM: 63.28 GiB of experts in RAM, 0 exchanged with the VRAM tier, 0 blob reads from the file
safetensors residency metrics: ram_bytes=67948118016 os_locked_bytes=0 cuda_pinned_bytes=67948118016 promotions=3106 promoted_payload_bytes=8587518496 expert_file_bytes=0 (cumulative; payload is not a physical PCIe counter)
safetensors ngram metrics: ple io: 527296 rows, 39.3% row-cache hits, 257926 SSD reads (1056.9 MB), read p50 220 us p99 512 us, blocked 396.430 ms total (submit 2.318 ms), cache 249219/1048576 rows, SSD kept awake by 79 reads (slowest 10.2 ms)
strata serve: expert tiers: GPU 370 hits this request; since the start RAM 118538 blobs, files 0 blobs 0.0 MB read
strata serve: prompt 24670 tokens = 24669 reused + 1 read in 0 ms (6844.6 tok/s), 1 generated in 15 ms (66.4 tok/s), drafts accepted 0 of 0, 2 checkpoints
strata serve: decode expert cache hit rate: 83.9% (397 hits / 473 lookups); 7 more read by the GPU over PCIe or from another GPU (1.5% of all 480 routed)
strata serve: resident RAM: 63.28 GiB of experts in RAM, 0 exchanged with the VRAM tier, 0 blob reads from the file
safetensors residency metrics: ram_bytes=67948118016 os_locked_bytes=0 cuda_pinned_bytes=67948118016 promotions=3157 promoted_payload_bytes=8728524112 expert_file_bytes=0 (cumulative; payload is not a physical PCIe counter)
safetensors ngram metrics: ple io: 527312 rows, 39.3% row-cache hits, 257942 SSD reads (1057.0 MB), read p50 220 us p99 512 us, blocked 396.431 ms total (submit 2.334 ms), cache 249235/1048576 rows, SSD kept awake by 79 reads (slowest 10.2 ms)
strata serve: expert tiers: GPU 397 hits this request; since the start RAM 118621 blobs, files 0 blobs 0.0 MB read
strata serve: prompt 24671 tokens = 24670 reused + 1 read in 0 ms (18416.2 tok/s), 1 generated in 17 ms (57.9 tok/s), drafts accepted 0 of 0, 2 checkpoints
strata serve: decode expert cache hit rate: 70.6% (320 hits / 453 lookups); 27 more read by the GPU over PCIe or from another GPU (5.6% of all 480 routed)
strata serve: resident RAM: 63.28 GiB of experts in RAM, 0 exchanged with the VRAM tier, 0 blob reads from the file
safetensors residency metrics: ram_bytes=67948118016 os_locked_bytes=0 cuda_pinned_bytes=67948118016 promotions=3157 promoted_payload_bytes=8728524112 expert_file_bytes=0 (cumulative; payload is not a physical PCIe counter)
safetensors ngram metrics: ple io: 527328 rows, 39.3% row-cache hits, 257958 SSD reads (1057.1 MB), read p50 220 us p99 512 us, blocked 396.431 ms total (submit 2.350 ms), cache 249251/1048576 rows, SSD kept awake by 79 reads (slowest 10.2 ms)
strata serve: expert tiers: GPU 320 hits this request; since the start RAM 118781 blobs, files 0 blobs 0.0 MB read
strata serve: prompt 24672 tokens = 24671 reused + 1 read in 0 ms (15772.9 tok/s), 1 generated in 15 ms (65.4 tok/s), drafts accepted 0 of 0, 2 checkpoints
strata serve: decode expert cache hit rate: 84.1% (398 hits / 473 lookups); 7 more read by the GPU over PCIe or from another GPU (1.5% of all 480 routed)
strata serve: resident RAM: 63.28 GiB of experts in RAM, 0 exchanged with the VRAM tier, 0 blob reads from the file
safetensors residency metrics: ram_bytes=67948118016 os_locked_bytes=0 cuda_pinned_bytes=67948118016 promotions=3157 promoted_payload_bytes=8728524112 expert_file_bytes=0 (cumulative; payload is not a physical PCIe counter)
safetensors ngram metrics: ple io: 527344 rows, 39.3% row-cache hits, 257974 SSD reads (1057.1 MB), read p50 220 us p99 512 us, blocked 396.432 ms total (submit 2.367 ms), cache 249267/1048576 rows, SSD kept awake by 79 reads (slowest 10.2 ms)
strata serve: expert tiers: GPU 398 hits this request; since the start RAM 118863 blobs, files 0 blobs 0.0 MB read
strata serve: prompt 24673 tokens = 24672 reused + 1 read in 0 ms (16181.2 tok/s), 1 generated in 16 ms (63.9 tok/s), drafts accepted 0 of 0, 2 checkpoints
strata serve: decode expert cache hit rate: 87.6% (418 hits / 477 lookups); 3 more read by the GPU over PCIe or from another GPU (0.6% of all 480 routed)
strata serve: resident RAM: 63.28 GiB of experts in RAM, 0 exchanged with the VRAM tier, 0 blob reads from the file
safetensors residency metrics: ram_bytes=67948118016 os_locked_bytes=0 cuda_pinned_bytes=67948118016 promotions=3157 promoted_payload_bytes=8728524112 expert_file_bytes=0 (cumulative; payload is not a physical PCIe counter)
safetensors ngram metrics: ple io: 527360 rows, 39.3% row-cache hits, 257990 SSD reads (1057.2 MB), read p50 220 us p99 512 us, blocked 396.432 ms total (submit 2.377 ms), cache 249283/1048576 rows, SSD kept awake by 79 reads (slowest 10.2 ms)
strata serve: expert tiers: GPU 418 hits this request; since the start RAM 118992 blobs, files 0 blobs 0.0 MB read
strata serve: prompt 24674 tokens = 24673 reused + 1 read in 0 ms (6385.7 tok/s), 1 generated in 15 ms (65.3 tok/s), drafts accepted 0 of 0, 2 checkpoints
strata serve: decode expert cache hit rate: 82.8% (390 hits / 471 lookups); 9 more read by the GPU over PCIe or from another GPU (1.9% of all 480 routed)
strata serve: resident RAM: 63.28 GiB of experts in RAM, 0 exchanged with the VRAM tier, 0 blob reads from the file
safetensors residency metrics: ram_bytes=67948118016 os_locked_bytes=0 cuda_pinned_bytes=67948118016 promotions=3224 promoted_payload_bytes=8913766784 expert_file_bytes=0 (cumulative; payload is not a physical PCIe counter)
safetensors ngram metrics: ple io: 527376 rows, 39.3% row-cache hits, 258006 SSD reads (1057.3 MB), read p50 220 us p99 512 us, blocked 396.433 ms total (submit 2.394 ms), cache 249299/1048576 rows, SSD kept awake by 79 reads (slowest 10.2 ms)
strata serve: expert tiers: GPU 390 hits this request; since the start RAM 119082 blobs, files 0 blobs 0.0 MB read
strata serve: prompt 24675 tokens = 24674 reused + 1 read in 0 ms (16313.2 tok/s), 1 generated in 15 ms (68.5 tok/s), drafts accepted 0 of 0, 2 checkpoints
strata serve: decode expert cache hit rate: 86.4% (413 hits / 478 lookups); 2 more read by the GPU over PCIe or from another GPU (0.4% of all 480 routed)
strata serve: resident RAM: 63.28 GiB of experts in RAM, 0 exchanged with the VRAM tier, 0 blob reads from the file
safetensors residency metrics: ram_bytes=67948118016 os_locked_bytes=0 cuda_pinned_bytes=67948118016 promotions=3224 promoted_payload_bytes=8913766784 expert_file_bytes=0 (cumulative; payload is not a physical PCIe counter)
safetensors ngram metrics: ple io: 527392 rows, 39.3% row-cache hits, 258022 SSD reads (1057.3 MB), read p50 220 us p99 512 us, blocked 396.433 ms total (submit 2.415 ms), cache 249315/1048576 rows, SSD kept awake by 79 reads (slowest 10.2 ms)
strata serve: expert tiers: GPU 413 hits this request; since the start RAM 119149 blobs, files 0 blobs 0.0 MB read
strata serve: prompt 24676 tokens = 24675 reused + 1 read in 0 ms (15748.0 tok/s), 1 generated in 15 ms (67.6 tok/s), drafts accepted 0 of 0, 2 checkpoints
strata serve: decode expert cache hit rate: 87.2% (415 hits / 476 lookups); 4 more read by the GPU over PCIe or from another GPU (0.8% of all 480 routed)
strata serve: resident RAM: 63.28 GiB of experts in RAM, 0 exchanged with the VRAM tier, 0 blob reads from the file
safetensors residency metrics: ram_bytes=67948118016 os_locked_bytes=0 cuda_pinned_bytes=67948118016 promotions=3224 promoted_payload_bytes=8913766784 expert_file_bytes=0 (cumulative; payload is not a physical PCIe counter)
safetensors ngram metrics: ple io: 527408 rows, 39.3% row-cache hits, 258038 SSD reads (1057.4 MB), read p50 220 us p99 512 us, blocked 396.433 ms total (submit 2.427 ms), cache 249331/1048576 rows, SSD kept awake by 79 reads (slowest 10.2 ms)
strata serve: expert tiers: GPU 415 hits this request; since the start RAM 119214 blobs, files 0 blobs 0.0 MB read
strata serve: prompt 24677 tokens = 24676 reused + 1 read in 0 ms (15772.9 tok/s), 1 generated in 15 ms (64.6 tok/s), drafts accepted 0 of 0, 2 checkpoints
strata serve: decode expert cache hit rate: 88.9% (426 hits / 479 lookups); 1 more read by the GPU over PCIe or from another GPU (0.2% of all 480 routed)
strata serve: resident RAM: 63.28 GiB of experts in RAM, 0 exchanged with the VRAM tier, 0 blob reads from the file
safetensors residency metrics: ram_bytes=67948118016 os_locked_bytes=0 cuda_pinned_bytes=67948118016 promotions=3224 promoted_payload_bytes=8913766784 expert_file_bytes=0 (cumulative; payload is not a physical PCIe counter)
safetensors ngram metrics: ple io: 527424 rows, 39.3% row-cache hits, 258054 SSD reads (1057.5 MB), read p50 220 us p99 512 us, blocked 396.434 ms total (submit 2.442 ms), cache 249347/1048576 rows, SSD kept awake by 79 reads (slowest 10.2 ms)
strata serve: expert tiers: GPU 426 hits this request; since the start RAM 119335 blobs, files 0 blobs 0.0 MB read
strata serve: prompt 24678 tokens = 24677 reused + 1 read in 0 ms (6540.2 tok/s), 1 generated in 16 ms (62.5 tok/s), drafts accepted 0 of 0, 2 checkpoints
strata serve: decode expert cache hit rate: 77.1% (357 hits / 463 lookups); 17 more read by the GPU over PCIe or from another GPU (3.5% of all 480 routed)
strata serve: resident RAM: 63.28 GiB of experts in RAM, 0 exchanged with the VRAM tier, 0 blob reads from the file
safetensors residency metrics: ram_bytes=67948118016 os_locked_bytes=0 cuda_pinned_bytes=67948118016 promotions=3291 promoted_payload_bytes=9099009456 expert_file_bytes=0 (cumulative; payload is not a physical PCIe counter)
safetensors ngram metrics: ple io: 527440 rows, 39.3% row-cache hits, 258070 SSD reads (1057.5 MB), read p50 220 us p99 512 us, blocked 396.434 ms total (submit 2.463 ms), cache 249363/1048576 rows, SSD kept awake by 79 reads (slowest 10.2 ms)
strata serve: expert tiers: GPU 357 hits this request; since the start RAM 119458 blobs, files 0 blobs 0.0 MB read
strata serve: prompt 24679 tokens = 24678 reused + 1 read in 0 ms (15625.0 tok/s), 1 generated in 17 ms (57.6 tok/s), drafts accepted 0 of 0, 2 checkpoints
strata serve: decode expert cache hit rate: 71.1% (323 hits / 454 lookups); 26 more read by the GPU over PCIe or from another GPU (5.4% of all 480 routed)
strata serve: resident RAM: 63.28 GiB of experts in RAM, 0 exchanged with the VRAM tier, 0 blob reads from the file
safetensors residency metrics: ram_bytes=67948118016 os_locked_bytes=0 cuda_pinned_bytes=67948118016 promotions=3291 promoted_payload_bytes=9099009456 expert_file_bytes=0 (cumulative; payload is not a physical PCIe counter)
safetensors ngram metrics: ple io: 527456 rows, 39.3% row-cache hits, 258086 SSD reads (1057.6 MB), read p50 220 us p99 512 us, blocked 396.435 ms total (submit 2.477 ms), cache 249379/1048576 rows, SSD kept awake by 79 reads (slowest 10.2 ms)
strata serve: expert tiers: GPU 323 hits this request; since the start RAM 119615 blobs, files 0 blobs 0.0 MB read
strata serve: prompt 24680 tokens = 24679 reused + 1 read in 0 ms (14662.8 tok/s), 1 generated in 17 ms (58.7 tok/s), drafts accepted 0 of 0, 2 checkpoints
strata serve: decode expert cache hit rate: 71.6% (331 hits / 462 lookups); 18 more read by the GPU over PCIe or from another GPU (3.8% of all 480 routed)
strata serve: resident RAM: 63.28 GiB of experts in RAM, 0 exchanged with the VRAM tier, 0 blob reads from the file
safetensors residency metrics: ram_bytes=67948118016 os_locked_bytes=0 cuda_pinned_bytes=67948118016 promotions=3291 promoted_payload_bytes=9099009456 expert_file_bytes=0 (cumulative; payload is not a physical PCIe counter)
safetensors ngram metrics: ple io: 527472 rows, 39.3% row-cache hits, 258102 SSD reads (1057.7 MB), read p50 220 us p99 512 us, blocked 396.435 ms total (submit 2.498 ms), cache 249395/1048576 rows, SSD kept awake by 79 reads (slowest 10.2 ms)
strata serve: expert tiers: GPU 331 hits this request; since the start RAM 119764 blobs, files 0 blobs 0.0 MB read
strata serve: prompt 24681 tokens = 24680 reused + 1 read in 0 ms (15723.3 tok/s), 1 generated in 21 ms (47.1 tok/s), drafts accepted 0 of 0, 2 checkpoints
strata serve: decode expert cache hit rate: 52.6% (229 hits / 435 lookups); 45 more read by the GPU over PCIe or from another GPU (9.4% of all 480 routed)
strata serve: resident RAM: 63.28 GiB of experts in RAM, 0 exchanged with the VRAM tier, 0 blob reads from the file
safetensors residency metrics: ram_bytes=67948118016 os_locked_bytes=0 cuda_pinned_bytes=67948118016 promotions=3291 promoted_payload_bytes=9099009456 expert_file_bytes=0 (cumulative; payload is not a physical PCIe counter)
safetensors ngram metrics: ple io: 527488 rows, 39.3% row-cache hits, 258118 SSD reads (1057.7 MB), read p50 220 us p99 516 us, blocked 396.436 ms total (submit 2.512 ms), cache 249411/1048576 rows, SSD kept awake by 79 reads (slowest 10.2 ms)
strata serve: expert tiers: GPU 229 hits this request; since the start RAM 120111 blobs, files 0 blobs 0.0 MB read
strata serve: prompt 24682 tokens = 24681 reused + 1 read in 0 ms (6489.3 tok/s), 1 generated in 18 ms (55.3 tok/s), drafts accepted 0 of 0, 2 checkpoints
strata serve: decode expert cache hit rate: 67.0% (302 hits / 451 lookups); 29 more read by the GPU over PCIe or from another GPU (6.0% of all 480 routed)
strata serve: resident RAM: 63.28 GiB of experts in RAM, 0 exchanged with the VRAM tier, 0 blob reads from the file
safetensors residency metrics: ram_bytes=67948118016 os_locked_bytes=0 cuda_pinned_bytes=67948118016 promotions=3387 promoted_payload_bytes=9364431792 expert_file_bytes=0 (cumulative; payload is not a physical PCIe counter)
safetensors ngram metrics: ple io: 527504 rows, 39.3% row-cache hits, 258134 SSD reads (1057.8 MB), read p50 220 us p99 516 us, blocked 396.436 ms total (submit 2.524 ms), cache 249427/1048576 rows, SSD kept awake by 79 reads (slowest 10.2 ms)
strata serve: expert tiers: GPU 302 hits this request; since the start RAM 120289 blobs, files 0 blobs 0.0 MB read
strata serve: prompt 24683 tokens = 24682 reused + 1 read in 0 ms (15105.7 tok/s), 1 generated in 17 ms (59.1 tok/s), drafts accepted 0 of 0, 2 checkpoints
strata serve: decode expert cache hit rate: 72.1% (331 hits / 459 lookups); 21 more read by the GPU over PCIe or from another GPU (4.4% of all 480 routed)
strata serve: resident RAM: 63.28 GiB of experts in RAM, 0 exchanged with the VRAM tier, 0 blob reads from the file
safetensors residency metrics: ram_bytes=67948118016 os_locked_bytes=0 cuda_pinned_bytes=67948118016 promotions=3387 promoted_payload_bytes=9364431792 expert_file_bytes=0 (cumulative; payload is not a physical PCIe counter)
safetensors ngram metrics: ple io: 527520 rows, 39.3% row-cache hits, 258150 SSD reads (1057.9 MB), read p50 220 us p99 516 us, blocked 396.437 ms total (submit 2.544 ms), cache 249443/1048576 rows, SSD kept awake by 79 reads (slowest 10.2 ms)
strata serve: expert tiers: GPU 331 hits this request; since the start RAM 120438 blobs, files 0 blobs 0.0 MB read
strata serve: conversation cache: parked 24683 tokens in 159.2 ms; parked=2 bytes=1462283672 evictions=0 snapshot_bytes=731233440 reused_kv_bytes=0
strata serve prefill segment: start=16384 end=24599 root=0 turn=1 message=0 pin=0 reread=0
strata ple batch phases: rows=131072 misses=1 pages=1 total_ms=15.270 call_lock_ms=0.000 lookup_ms=5.756 plan_ms=0.002 group_wait_ms=4.491 cache_insert_ms=0.001 callback_ms=4.994 reader_drain_ms=0.001
strata ple gather phases: tokens=8192 rows=131072 total_ms=15.315 raw_resize_ms=0.005 host_available_mib=12581
strata ple: chunk 0: read started 0.1 ms into the run, layer 1 reached at 29.2, waited 0.0 ms
strata draft batch: weights=bf16 math=bf16x3 start=16384 rows=8192 batch=7744
strata prefill callback: start=16384 rows=8192 draft_path=batched draft_ms=17.422 checkpoint_ms=0.002 total_ms=17.449
strata prefill chunk: start=16384 rows=8192 main_and_wait_ms=1782.073 callback_ms=17.458 total_ms=1799.531
strata ple: chunk 8192: read started 29.3 ms into the run, layer 1 reached at 1804.5, waited 0.0 ms
strata prefill callback: start=24576 rows=23 draft_path=token draft_ms=0.892 checkpoint_ms=0.002 total_ms=0.937
strata prefill chunk: start=24576 rows=23 main_and_wait_ms=241.429 callback_ms=0.948 total_ms=242.376
strata prefill executed: tokens=8215 max_chunk=8192 capacity=8192 start=16384
strata serve prefill segment: start=24599 end=24605 root=0 turn=0 message=0 pin=0 reread=0
strata serve: prompt 24606 tokens = 16384 reused + 8222 read in 2290 ms (3590.1 tok/s), 1 generated in 25 ms (40.4 tok/s), drafts accepted 0 of 0, 2 checkpoints
strata serve: decode expert cache hit rate: 81.1% (382 hits / 471 lookups); 9 more read by the GPU over PCIe or from another GPU (1.9% of all 480 routed)
strata serve: resident RAM: 63.28 GiB of experts in RAM, 0 exchanged with the VRAM tier, 0 blob reads from the file
safetensors residency metrics: ram_bytes=67948118016 os_locked_bytes=0 cuda_pinned_bytes=67948118016 promotions=3387 promoted_payload_bytes=9364431792 expert_file_bytes=0 (cumulative; payload is not a physical PCIe counter)
safetensors ngram metrics: ple io: 659072 rows, 51.4% row-cache hits, 258335 SSD reads (1058.7 MB), read p50 220 us p99 516 us, blocked 406.555 ms total (submit 2.579 ms), cache 249627/1048576 rows, SSD kept awake by 100 reads (slowest 10.2 ms)
strata serve: expert tiers: GPU 382 hits this request; since the start RAM 145059 blobs, files 0 blobs 0.0 MB read
strata serve: prompt 24607 tokens = 24606 reused + 1 read in 0 ms (14025.2 tok/s), 1 generated in 21 ms (47.9 tok/s), drafts accepted 0 of 0, 2 checkpoints
strata serve: decode expert cache hit rate: 56.9% (251 hits / 441 lookups); 39 more read by the GPU over PCIe or from another GPU (8.1% of all 480 routed)
strata serve: resident RAM: 63.28 GiB of experts in RAM, 0 exchanged with the VRAM tier, 0 blob reads from the file
safetensors residency metrics: ram_bytes=67948118016 os_locked_bytes=0 cuda_pinned_bytes=67948118016 promotions=3387 promoted_payload_bytes=9364431792 expert_file_bytes=0 (cumulative; payload is not a physical PCIe counter)
safetensors ngram metrics: ple io: 659088 rows, 51.4% row-cache hits, 258351 SSD reads (1058.7 MB), read p50 220 us p99 516 us, blocked 406.555 ms total (submit 2.602 ms), cache 249643/1048576 rows, SSD kept awake by 100 reads (slowest 10.2 ms)
strata serve: expert tiers: GPU 251 hits this request; since the start RAM 145384 blobs, files 0 blobs 0.0 MB read
strata serve: prompt 24608 tokens = 24607 reused + 1 read in 0 ms (6135.0 tok/s), 1 generated in 23 ms (42.9 tok/s), drafts accepted 0 of 0, 2 checkpoints
strata serve: decode expert cache hit rate: 60.4% (267 hits / 442 lookups); 38 more read by the GPU over PCIe or from another GPU (7.9% of all 480 routed)
strata serve: resident RAM: 63.28 GiB of experts in RAM, 0 exchanged with the VRAM tier, 0 blob reads from the file
safetensors residency metrics: ram_bytes=67948118016 os_locked_bytes=0 cuda_pinned_bytes=67948118016 promotions=3483 promoted_payload_bytes=9629854128 expert_file_bytes=0 (cumulative; payload is not a physical PCIe counter)
safetensors ngram metrics: ple io: 659104 rows, 51.4% row-cache hits, 258367 SSD reads (1058.8 MB), read p50 220 us p99 516 us, blocked 406.555 ms total (submit 2.620 ms), cache 249659/1048576 rows, SSD kept awake by 100 reads (slowest 10.2 ms)
strata serve: expert tiers: GPU 267 hits this request; since the start RAM 145597 blobs, files 0 blobs 0.0 MB read
strata serve: prompt 24609 tokens = 24608 reused + 1 read in 0 ms (13793.1 tok/s), 1 generated in 19 ms (51.4 tok/s), drafts accepted 0 of 0, 2 checkpoints
strata serve: decode expert cache hit rate: 55.0% (238 hits / 433 lookups); 47 more read by the GPU over PCIe or from another GPU (9.8% of all 480 routed)
strata serve: resident RAM: 63.28 GiB of experts in RAM, 0 exchanged with the VRAM tier, 0 blob reads from the file
safetensors residency metrics: ram_bytes=67948118016 os_locked_bytes=0 cuda_pinned_bytes=67948118016 promotions=3483 promoted_payload_bytes=9629854128 expert_file_bytes=0 (cumulative; payload is not a physical PCIe counter)
safetensors ngram metrics: ple io: 659120 rows, 51.4% row-cache hits, 258383 SSD reads (1058.9 MB), read p50 220 us p99 516 us, blocked 406.556 ms total (submit 2.633 ms), cache 249675/1048576 rows, SSD kept awake by 100 reads (slowest 10.2 ms)
strata serve: expert tiers: GPU 238 hits this request; since the start RAM 145839 blobs, files 0 blobs 0.0 MB read
strata serve: prompt 24610 tokens = 24609 reused + 1 read in 0 ms (14641.3 tok/s), 1 generated in 20 ms (49.6 tok/s), drafts accepted 0 of 0, 2 checkpoints
strata serve: decode expert cache hit rate: 55.3% (240 hits / 434 lookups); 46 more read by the GPU over PCIe or from another GPU (9.6% of all 480 routed)
strata serve: resident RAM: 63.28 GiB of experts in RAM, 0 exchanged with the VRAM tier, 0 blob reads from the file
safetensors residency metrics: ram_bytes=67948118016 os_locked_bytes=0 cuda_pinned_bytes=67948118016 promotions=3483 promoted_payload_bytes=9629854128 expert_file_bytes=0 (cumulative; payload is not a physical PCIe counter)
safetensors ngram metrics: ple io: 659136 rows, 51.4% row-cache hits, 258399 SSD reads (1059.0 MB), read p50 220 us p99 516 us, blocked 406.556 ms total (submit 2.649 ms), cache 249691/1048576 rows, SSD kept awake by 100 reads (slowest 10.2 ms)
strata serve: expert tiers: GPU 240 hits this request; since the start RAM 146079 blobs, files 0 blobs 0.0 MB read
strata serve: prompt 24611 tokens = 24610 reused + 1 read in 0 ms (14347.2 tok/s), 1 generated in 22 ms (45.1 tok/s), drafts accepted 0 of 0, 2 checkpoints
strata serve: decode expert cache hit rate: 46.7% (200 hits / 428 lookups); 52 more read by the GPU over PCIe or from another GPU (10.8% of all 480 routed)
strata serve: resident RAM: 63.28 GiB of experts in RAM, 0 exchanged with the VRAM tier, 0 blob reads from the file
safetensors residency metrics: ram_bytes=67948118016 os_locked_bytes=0 cuda_pinned_bytes=67948118016 promotions=3483 promoted_payload_bytes=9629854128 expert_file_bytes=0 (cumulative; payload is not a physical PCIe counter)
safetensors ngram metrics: ple io: 659152 rows, 51.4% row-cache hits, 258415 SSD reads (1059.0 MB), read p50 220 us p99 516 us, blocked 406.557 ms total (submit 2.665 ms), cache 249706/1048576 rows, SSD kept awake by 100 reads (slowest 10.2 ms)
strata serve: expert tiers: GPU 200 hits this request; since the start RAM 146455 blobs, files 0 blobs 0.0 MB read
strata serve: prompt 24612 tokens = 24611 reused + 1 read in 0 ms (6523.2 tok/s), 1 generated in 17 ms (58.8 tok/s), drafts accepted 0 of 0, 2 checkpoints
strata serve: decode expert cache hit rate: 71.2% (324 hits / 455 lookups); 25 more read by the GPU over PCIe or from another GPU (5.2% of all 480 routed)
strata serve: resident RAM: 63.28 GiB of experts in RAM, 0 exchanged with the VRAM tier, 0 blob reads from the file
safetensors residency metrics: ram_bytes=67948118016 os_locked_bytes=0 cuda_pinned_bytes=67948118016 promotions=3579 promoted_payload_bytes=9895276464 expert_file_bytes=0 (cumulative; payload is not a physical PCIe counter)
safetensors ngram metrics: ple io: 659168 rows, 51.4% row-cache hits, 258431 SSD reads (1059.1 MB), read p50 220 us p99 516 us, blocked 406.557 ms total (submit 2.682 ms), cache 249722/1048576 rows, SSD kept awake by 100 reads (slowest 10.2 ms)
strata serve: expert tiers: GPU 324 hits this request; since the start RAM 146611 blobs, files 0 blobs 0.0 MB read
strata serve: prompt 24613 tokens = 24612 reused + 1 read in 0 ms (14184.4 tok/s), 1 generated in 19 ms (52.1 tok/s), drafts accepted 0 of 0, 2 checkpoints
strata serve: decode expert cache hit rate: 57.1% (252 hits / 441 lookups); 39 more read by the GPU over PCIe or from another GPU (8.1% of all 480 routed)
strata serve: resident RAM: 63.28 GiB of experts in RAM, 0 exchanged with the VRAM tier, 0 blob reads from the file
safetensors residency metrics: ram_bytes=67948118016 os_locked_bytes=0 cuda_pinned_bytes=67948118016 promotions=3579 promoted_payload_bytes=9895276464 expert_file_bytes=0 (cumulative; payload is not a physical PCIe counter)
safetensors ngram metrics: ple io: 659184 rows, 51.4% row-cache hits, 258447 SSD reads (1059.2 MB), read p50 220 us p99 516 us, blocked 406.558 ms total (submit 2.696 ms), cache 249738/1048576 rows, SSD kept awake by 100 reads (slowest 10.2 ms)
strata serve: expert tiers: GPU 252 hits this request; since the start RAM 146839 blobs, files 0 blobs 0.0 MB read
strata serve: prompt 24614 tokens = 24613 reused + 1 read in 0 ms (14556.0 tok/s), 1 generated in 18 ms (55.9 tok/s), drafts accepted 0 of 0, 2 checkpoints
strata serve: decode expert cache hit rate: 66.2% (301 hits / 455 lookups); 25 more read by the GPU over PCIe or from another GPU (5.2% of all 480 routed)
strata serve: resident RAM: 63.28 GiB of experts in RAM, 0 exchanged with the VRAM tier, 0 blob reads from the file
safetensors residency metrics: ram_bytes=67948118016 os_locked_bytes=0 cuda_pinned_bytes=67948118016 promotions=3579 promoted_payload_bytes=9895276464 expert_file_bytes=0 (cumulative; payload is not a physical PCIe counter)
safetensors ngram metrics: ple io: 659200 rows, 51.4% row-cache hits, 258455 SSD reads (1059.2 MB), read p50 220 us p99 516 us, blocked 406.558 ms total (submit 2.712 ms), cache 249746/1048576 rows, SSD kept awake by 100 reads (slowest 10.2 ms)
strata serve: expert tiers: GPU 301 hits this request; since the start RAM 147018 blobs, files 0 blobs 0.0 MB read
strata serve: prompt 24615 tokens = 24614 reused + 1 read in 0 ms (14727.5 tok/s), 1 generated in 25 ms (40.3 tok/s), drafts accepted 0 of 0, 2 checkpoints
strata serve: decode expert cache hit rate: 60.9% (270 hits / 443 lookups); 37 more read by the GPU over PCIe or from another GPU (7.7% of all 480 routed)
strata serve: resident RAM: 63.28 GiB of experts in RAM, 0 exchanged with the VRAM tier, 0 blob reads from the file
safetensors residency metrics: ram_bytes=67948118016 os_locked_bytes=0 cuda_pinned_bytes=67948118016 promotions=3579 promoted_payload_bytes=9895276464 expert_file_bytes=0 (cumulative; payload is not a physical PCIe counter)
safetensors ngram metrics: ple io: 659216 rows, 51.4% row-cache hits, 258463 SSD reads (1059.2 MB), read p50 220 us p99 516 us, blocked 406.559 ms total (submit 2.725 ms), cache 249754/1048576 rows, SSD kept awake by 100 reads (slowest 10.2 ms)
strata serve: expert tiers: GPU 270 hits this request; since the start RAM 147324 blobs, files 0 blobs 0.0 MB read
strata serve: prompt 24616 tokens = 24615 reused + 1 read in 0 ms (6150.1 tok/s), 1 generated in 16 ms (61.8 tok/s), drafts accepted 0 of 0, 2 checkpoints
strata serve: decode expert cache hit rate: 75.4% (349 hits / 463 lookups); 17 more read by the GPU over PCIe or from another GPU (3.5% of all 480 routed)
strata serve: resident RAM: 63.28 GiB of experts in RAM, 0 exchanged with the VRAM tier, 0 blob reads from the file
safetensors residency metrics: ram_bytes=67948118016 os_locked_bytes=0 cuda_pinned_bytes=67948118016 promotions=3675 promoted_payload_bytes=10160698800 expert_file_bytes=0 (cumulative; payload is not a physical PCIe counter)
safetensors ngram metrics: ple io: 659232 rows, 51.4% row-cache hits, 258479 SSD reads (1059.3 MB), read p50 220 us p99 516 us, blocked 406.559 ms total (submit 2.738 ms), cache 249770/1048576 rows, SSD kept awake by 100 reads (slowest 10.2 ms)
strata serve: expert tiers: GPU 349 hits this request; since the start RAM 147455 blobs, files 0 blobs 0.0 MB read
strata serve: prompt 24617 tokens = 24616 reused + 1 read in 0 ms (13642.6 tok/s), 1 generated in 18 ms (54.2 tok/s), drafts accepted 0 of 0, 2 checkpoints
strata serve: decode expert cache hit rate: 61.7% (276 hits / 447 lookups); 33 more read by the GPU over PCIe or from another GPU (6.9% of all 480 routed)
strata serve: resident RAM: 63.28 GiB of experts in RAM, 0 exchanged with the VRAM tier, 0 blob reads from the file
safetensors residency metrics: ram_bytes=67948118016 os_locked_bytes=0 cuda_pinned_bytes=67948118016 promotions=3675 promoted_payload_bytes=10160698800 expert_file_bytes=0 (cumulative; payload is not a physical PCIe counter)
safetensors ngram metrics: ple io: 659248 rows, 51.4% row-cache hits, 258495 SSD reads (1059.4 MB), read p50 220 us p99 516 us, blocked 406.560 ms total (submit 2.753 ms), cache 249786/1048576 rows, SSD kept awake by 100 reads (slowest 10.2 ms)
strata serve: expert tiers: GPU 276 hits this request; since the start RAM 147659 blobs, files 0 blobs 0.0 MB read
strata serve: prompt 24618 tokens = 24617 reused + 1 read in 0 ms (14204.5 tok/s), 1 generated in 18 ms (55.3 tok/s), drafts accepted 0 of 0, 2 checkpoints
strata serve: decode expert cache hit rate: 63.6% (287 hits / 451 lookups); 29 more read by the GPU over PCIe or from another GPU (6.0% of all 480 routed)
strata serve: resident RAM: 63.28 GiB of experts in RAM, 0 exchanged with the VRAM tier, 0 blob reads from the file
safetensors residency metrics: ram_bytes=67948118016 os_locked_bytes=0 cuda_pinned_bytes=67948118016 promotions=3675 promoted_payload_bytes=10160698800 expert_file_bytes=0 (cumulative; payload is not a physical PCIe counter)
safetensors ngram metrics: ple io: 659264 rows, 51.4% row-cache hits, 258503 SSD reads (1059.4 MB), read p50 220 us p99 516 us, blocked 406.560 ms total (submit 2.766 ms), cache 249794/1048576 rows, SSD kept awake by 100 reads (slowest 10.2 ms)
strata serve: expert tiers: GPU 287 hits this request; since the start RAM 147852 blobs, files 0 blobs 0.0 MB read
strata serve: prompt 24619 tokens = 24618 reused + 1 read in 0 ms (13812.2 tok/s), 1 generated in 20 ms (49.5 tok/s), drafts accepted 0 of 0, 2 checkpoints
strata serve: decode expert cache hit rate: 61.3% (271 hits / 442 lookups); 38 more read by the GPU over PCIe or from another GPU (7.9% of all 480 routed)
strata serve: resident RAM: 63.28 GiB of experts in RAM, 0 exchanged with the VRAM tier, 0 blob reads from the file
safetensors residency metrics: ram_bytes=67948118016 os_locked_bytes=0 cuda_pinned_bytes=67948118016 promotions=3675 promoted_payload_bytes=10160698800 expert_file_bytes=0 (cumulative; payload is not a physical PCIe counter)
safetensors ngram metrics: ple io: 659280 rows, 51.4% row-cache hits, 258519 SSD reads (1059.5 MB), read p50 220 us p99 516 us, blocked 406.561 ms total (submit 2.786 ms), cache 249810/1048576 rows, SSD kept awake by 100 reads (slowest 10.2 ms)
strata serve: expert tiers: GPU 271 hits this request; since the start RAM 148157 blobs, files 0 blobs 0.0 MB read
strata serve: prompt 24620 tokens = 24619 reused + 1 read in 0 ms (6468.3 tok/s), 1 generated in 16 ms (61.2 tok/s), drafts accepted 0 of 0, 2 checkpoints
strata serve: decode expert cache hit rate: 74.9% (347 hits / 463 lookups); 17 more read by the GPU over PCIe or from another GPU (3.5% of all 480 routed)
strata serve: resident RAM: 63.28 GiB of experts in RAM, 0 exchanged with the VRAM tier, 0 blob reads from the file
safetensors residency metrics: ram_bytes=67948118016 os_locked_bytes=0 cuda_pinned_bytes=67948118016 promotions=3771 promoted_payload_bytes=10426121136 expert_file_bytes=0 (cumulative; payload is not a physical PCIe counter)
safetensors ngram metrics: ple io: 659296 rows, 51.4% row-cache hits, 258527 SSD reads (1059.5 MB), read p50 220 us p99 516 us, blocked 406.561 ms total (submit 2.802 ms), cache 249818/1048576 rows, SSD kept awake by 100 reads (slowest 10.2 ms)
strata serve: expert tiers: GPU 347 hits this request; since the start RAM 148290 blobs, files 0 blobs 0.0 MB read
strata serve: prompt 24621 tokens = 24620 reused + 1 read in 0 ms (13315.6 tok/s), 1 generated in 19 ms (53.9 tok/s), drafts accepted 0 of 0, 2 checkpoints
strata serve: decode expert cache hit rate: 60.7% (272 hits / 448 lookups); 32 more read by the GPU over PCIe or from another GPU (6.7% of all 480 routed)
strata serve: resident RAM: 63.28 GiB of experts in RAM, 0 exchanged with the VRAM tier, 0 blob reads from the file
safetensors residency metrics: ram_bytes=67948118016 os_locked_bytes=0 cuda_pinned_bytes=67948118016 promotions=3771 promoted_payload_bytes=10426121136 expert_file_bytes=0 (cumulative; payload is not a physical PCIe counter)
safetensors ngram metrics: ple io: 659312 rows, 51.4% row-cache hits, 258535 SSD reads (1059.5 MB), read p50 220 us p99 516 us, blocked 406.562 ms total (submit 2.813 ms), cache 249826/1048576 rows, SSD kept awake by 100 reads (slowest 10.2 ms)
strata serve: expert tiers: GPU 272 hits this request; since the start RAM 148498 blobs, files 0 blobs 0.0 MB read
strata serve: prompt 24622 tokens = 24621 reused + 1 read in 0 ms (14471.8 tok/s), 1 generated in 19 ms (51.7 tok/s), drafts accepted 0 of 0, 2 checkpoints
strata serve: decode expert cache hit rate: 56.2% (246 hits / 438 lookups); 42 more read by the GPU over PCIe or from another GPU (8.8% of all 480 routed)
strata serve: resident RAM: 63.28 GiB of experts in RAM, 0 exchanged with the VRAM tier, 0 blob reads from the file
safetensors residency metrics: ram_bytes=67948118016 os_locked_bytes=0 cuda_pinned_bytes=67948118016 promotions=3771 promoted_payload_bytes=10426121136 expert_file_bytes=0 (cumulative; payload is not a physical PCIe counter)
safetensors ngram metrics: ple io: 659328 rows, 51.4% row-cache hits, 258535 SSD reads (1059.5 MB), read p50 220 us p99 516 us, blocked 406.562 ms total (submit 2.813 ms), cache 249826/1048576 rows, SSD kept awake by 100 reads (slowest 10.2 ms)
strata serve: expert tiers: GPU 246 hits this request; since the start RAM 148732 blobs, files 0 blobs 0.0 MB read
strata serve: prompt 24623 tokens = 24622 reused + 1 read in 0 ms (13422.8 tok/s), 1 generated in 25 ms (39.9 tok/s), drafts accepted 0 of 0, 2 checkpoints
strata serve: decode expert cache hit rate: 61.3% (274 hits / 447 lookups); 33 more read by the GPU over PCIe or from another GPU (6.9% of all 480 routed)
strata serve: resident RAM: 63.28 GiB of experts in RAM, 0 exchanged with the VRAM tier, 0 blob reads from the file
safetensors residency metrics: ram_bytes=67948118016 os_locked_bytes=0 cuda_pinned_bytes=67948118016 promotions=3771 promoted_payload_bytes=10426121136 expert_file_bytes=0 (cumulative; payload is not a physical PCIe counter)
safetensors ngram metrics: ple io: 659344 rows, 51.4% row-cache hits, 258551 SSD reads (1059.6 MB), read p50 220 us p99 516 us, blocked 406.562 ms total (submit 2.834 ms), cache 249842/1048576 rows, SSD kept awake by 100 reads (slowest 10.2 ms)
strata serve: expert tiers: GPU 274 hits this request; since the start RAM 149034 blobs, files 0 blobs 0.0 MB read
strata serve: prompt 24624 tokens = 24623 reused + 1 read in 0 ms (6321.1 tok/s), 1 generated in 17 ms (58.6 tok/s), drafts accepted 0 of 0, 2 checkpoints
strata serve: decode expert cache hit rate: 69.9% (318 hits / 455 lookups); 25 more read by the GPU over PCIe or from another GPU (5.2% of all 480 routed)
strata serve: resident RAM: 63.28 GiB of experts in RAM, 0 exchanged with the VRAM tier, 0 blob reads from the file
safetensors residency metrics: ram_bytes=67948118016 os_locked_bytes=0 cuda_pinned_bytes=67948118016 promotions=3867 promoted_payload_bytes=10691543472 expert_file_bytes=0 (cumulative; payload is not a physical PCIe counter)
safetensors ngram metrics: ple io: 659360 rows, 51.4% row-cache hits, 258567 SSD reads (1059.7 MB), read p50 220 us p99 516 us, blocked 406.563 ms total (submit 2.850 ms), cache 249858/1048576 rows, SSD kept awake by 100 reads (slowest 10.2 ms)
strata serve: expert tiers: GPU 318 hits this request; since the start RAM 149196 blobs, files 0 blobs 0.0 MB read
strata serve: prompt 24625 tokens = 24624 reused + 1 read in 0 ms (13717.4 tok/s), 1 generated in 17 ms (59.1 tok/s), drafts accepted 0 of 0, 2 checkpoints
strata serve: decode expert cache hit rate: 71.6% (328 hits / 458 lookups); 22 more read by the GPU over PCIe or from another GPU (4.6% of all 480 routed)
strata serve: resident RAM: 63.28 GiB of experts in RAM, 0 exchanged with the VRAM tier, 0 blob reads from the file
safetensors residency metrics: ram_bytes=67948118016 os_locked_bytes=0 cuda_pinned_bytes=67948118016 promotions=3867 promoted_payload_bytes=10691543472 expert_file_bytes=0 (cumulative; payload is not a physical PCIe counter)
safetensors ngram metrics: ple io: 659376 rows, 51.4% row-cache hits, 258583 SSD reads (1059.7 MB), read p50 220 us p99 516 us, blocked 406.563 ms total (submit 2.863 ms), cache 249874/1048576 rows, SSD kept awake by 100 reads (slowest 10.2 ms)
strata serve: expert tiers: GPU 328 hits this request; since the start RAM 149348 blobs, files 0 blobs 0.0 MB read
strata serve: prompt 24626 tokens = 24625 reused + 1 read in 0 ms (14662.8 tok/s), 1 generated in 18 ms (56.2 tok/s), drafts accepted 0 of 0, 2 checkpoints
strata serve: decode expert cache hit rate: 66.7% (304 hits / 456 lookups); 24 more read by the GPU over PCIe or from another GPU (5.0% of all 480 routed)
strata serve: resident RAM: 63.28 GiB of experts in RAM, 0 exchanged with the VRAM tier, 0 blob reads from the file
safetensors residency metrics: ram_bytes=67948118016 os_locked_bytes=0 cuda_pinned_bytes=67948118016 promotions=3867 promoted_payload_bytes=10691543472 expert_file_bytes=0 (cumulative; payload is not a physical PCIe counter)
safetensors ngram metrics: ple io: 659392 rows, 51.4% row-cache hits, 258591 SSD reads (1059.8 MB), read p50 220 us p99 516 us, blocked 406.564 ms total (submit 2.874 ms), cache 249882/1048576 rows, SSD kept awake by 100 reads (slowest 10.2 ms)
strata serve: expert tiers: GPU 304 hits this request; since the start RAM 149524 blobs, files 0 blobs 0.0 MB read
strata serve: prompt 24627 tokens = 24626 reused + 1 read in 0 ms (13568.5 tok/s), 1 generated in 19 ms (52.9 tok/s), drafts accepted 0 of 0, 2 checkpoints
strata serve: decode expert cache hit rate: 68.2% (307 hits / 450 lookups); 30 more read by the GPU over PCIe or from another GPU (6.2% of all 480 routed)
strata serve: resident RAM: 63.28 GiB of experts in RAM, 0 exchanged with the VRAM tier, 0 blob reads from the file
safetensors residency metrics: ram_bytes=67948118016 os_locked_bytes=0 cuda_pinned_bytes=67948118016 promotions=3867 promoted_payload_bytes=10691543472 expert_file_bytes=0 (cumulative; payload is not a physical PCIe counter)
safetensors ngram metrics: ple io: 659408 rows, 51.4% row-cache hits, 258599 SSD reads (1059.8 MB), read p50 220 us p99 516 us, blocked 406.564 ms total (submit 2.887 ms), cache 249890/1048576 rows, SSD kept awake by 100 reads (slowest 10.2 ms)
strata serve: expert tiers: GPU 307 hits this request; since the start RAM 149793 blobs, files 0 blobs 0.0 MB read
strata serve: prompt 24628 tokens = 24627 reused + 1 read in 0 ms (6349.2 tok/s), 1 generated in 26 ms (38.4 tok/s), drafts accepted 0 of 0, 2 checkpoints
strata serve: decode expert cache hit rate: 66.3% (301 hits / 454 lookups); 26 more read by the GPU over PCIe or from another GPU (5.4% of all 480 routed)
strata serve: resident RAM: 63.28 GiB of experts in RAM, 0 exchanged with the VRAM tier, 0 blob reads from the file
safetensors residency metrics: ram_bytes=67948118016 os_locked_bytes=0 cuda_pinned_bytes=67948118016 promotions=3963 promoted_payload_bytes=10956965808 expert_file_bytes=0 (cumulative; payload is not a physical PCIe counter)
safetensors ngram metrics: ple io: 659424 rows, 51.4% row-cache hits, 258615 SSD reads (1059.9 MB), read p50 220 us p99 516 us, blocked 406.564 ms total (submit 2.901 ms), cache 249906/1048576 rows, SSD kept awake by 100 reads (slowest 10.2 ms)
strata serve: expert tiers: GPU 301 hits this request; since the start RAM 149972 blobs, files 0 blobs 0.0 MB read
strata serve: prompt 24629 tokens = 24628 reused + 1 read in 0 ms (15083.0 tok/s), 1 generated in 18 ms (57.1 tok/s), drafts accepted 0 of 0, 2 checkpoints
strata serve: decode expert cache hit rate: 68.5% (313 hits / 457 lookups); 23 more read by the GPU over PCIe or from another GPU (4.8% of all 480 routed)
strata serve: resident RAM: 63.28 GiB of experts in RAM, 0 exchanged with the VRAM tier, 0 blob reads from the file
safetensors residency metrics: ram_bytes=67948118016 os_locked_bytes=0 cuda_pinned_bytes=67948118016 promotions=3963 promoted_payload_bytes=10956965808 expert_file_bytes=0 (cumulative; payload is not a physical PCIe counter)
safetensors ngram metrics: ple io: 659440 rows, 51.3% row-cache hits, 258631 SSD reads (1059.9 MB), read p50 220 us p99 516 us, blocked 406.565 ms total (submit 2.918 ms), cache 249922/1048576 rows, SSD kept awake by 100 reads (slowest 10.2 ms)
strata serve: expert tiers: GPU 313 hits this request; since the start RAM 150139 blobs, files 0 blobs 0.0 MB read
strata serve: prompt 24630 tokens = 24629 reused + 1 read in 0 ms (14204.5 tok/s), 1 generated in 18 ms (56.3 tok/s), drafts accepted 0 of 0, 2 checkpoints
strata serve: decode expert cache hit rate: 65.8% (298 hits / 453 lookups); 27 more read by the GPU over PCIe or from another GPU (5.6% of all 480 routed)
strata serve: resident RAM: 63.28 GiB of experts in RAM, 0 exchanged with the VRAM tier, 0 blob reads from the file
safetensors residency metrics: ram_bytes=67948118016 os_locked_bytes=0 cuda_pinned_bytes=67948118016 promotions=3963 promoted_payload_bytes=10956965808 expert_file_bytes=0 (cumulative; payload is not a physical PCIe counter)
safetensors ngram metrics: ple io: 659456 rows, 51.3% row-cache hits, 258647 SSD reads (1060.0 MB), read p50 220 us p99 516 us, blocked 406.565 ms total (submit 2.931 ms), cache 249938/1048576 rows, SSD kept awake by 100 reads (slowest 10.2 ms)
strata serve: expert tiers: GPU 298 hits this request; since the start RAM 150321 blobs, files 0 blobs 0.0 MB read
strata serve: prompt 24631 tokens = 24630 reused + 1 read in 0 ms (14970.1 tok/s), 1 generated in 19 ms (53.2 tok/s), drafts accepted 0 of 0, 2 checkpoints
strata serve: decode expert cache hit rate: 67.7% (308 hits / 455 lookups); 25 more read by the GPU over PCIe or from another GPU (5.2% of all 480 routed)
strata serve: resident RAM: 63.28 GiB of experts in RAM, 0 exchanged with the VRAM tier, 0 blob reads from the file
safetensors residency metrics: ram_bytes=67948118016 os_locked_bytes=0 cuda_pinned_bytes=67948118016 promotions=3963 promoted_payload_bytes=10956965808 expert_file_bytes=0 (cumulative; payload is not a physical PCIe counter)
safetensors ngram metrics: ple io: 659472 rows, 51.3% row-cache hits, 258663 SSD reads (1060.1 MB), read p50 220 us p99 516 us, blocked 406.566 ms total (submit 2.950 ms), cache 249954/1048576 rows, SSD kept awake by 100 reads (slowest 10.2 ms)
strata serve: expert tiers: GPU 308 hits this request; since the start RAM 150589 blobs, files 0 blobs 0.0 MB read
strata serve: prompt 24632 tokens = 24631 reused + 1 read in 0 ms (6540.2 tok/s), 1 generated in 16 ms (62.5 tok/s), drafts accepted 0 of 0, 2 checkpoints
strata serve: decode expert cache hit rate: 77.7% (362 hits / 466 lookups); 14 more read by the GPU over PCIe or from another GPU (2.9% of all 480 routed)
strata serve: resident RAM: 63.28 GiB of experts in RAM, 0 exchanged with the VRAM tier, 0 blob reads from the file
safetensors residency metrics: ram_bytes=67948118016 os_locked_bytes=0 cuda_pinned_bytes=67948118016 promotions=4059 promoted_payload_bytes=11222388144 expert_file_bytes=0 (cumulative; payload is not a physical PCIe counter)
safetensors ngram metrics: ple io: 659488 rows, 51.3% row-cache hits, 258679 SSD reads (1060.1 MB), read p50 220 us p99 516 us, blocked 406.566 ms total (submit 2.965 ms), cache 249970/1048576 rows, SSD kept awake by 100 reads (slowest 10.2 ms)
strata serve: expert tiers: GPU 362 hits this request; since the start RAM 150707 blobs, files 0 blobs 0.0 MB read
strata serve: prompt 24633 tokens = 24632 reused + 1 read in 0 ms (15267.2 tok/s), 1 generated in 17 ms (59.4 tok/s), drafts accepted 0 of 0, 2 checkpoints
strata serve: decode expert cache hit rate: 71.9% (328 hits / 456 lookups); 24 more read by the GPU over PCIe or from another GPU (5.0% of all 480 routed)
strata serve: resident RAM: 63.28 GiB of experts in RAM, 0 exchanged with the VRAM tier, 0 blob reads from the file
safetensors residency metrics: ram_bytes=67948118016 os_locked_bytes=0 cuda_pinned_bytes=67948118016 promotions=4059 promoted_payload_bytes=11222388144 expert_file_bytes=0 (cumulative; payload is not a physical PCIe counter)
safetensors ngram metrics: ple io: 659504 rows, 51.3% row-cache hits, 258687 SSD reads (1060.2 MB), read p50 220 us p99 516 us, blocked 406.567 ms total (submit 2.985 ms), cache 249978/1048576 rows, SSD kept awake by 100 reads (slowest 10.2 ms)
strata serve: expert tiers: GPU 328 hits this request; since the start RAM 150859 blobs, files 0 blobs 0.0 MB read
strata serve: prompt 24634 tokens = 24633 reused + 1 read in 0 ms (15772.9 tok/s), 1 generated in 17 ms (57.9 tok/s), drafts accepted 0 of 0, 2 checkpoints
strata serve: decode expert cache hit rate: 70.6% (320 hits / 453 lookups); 27 more read by the GPU over PCIe or from another GPU (5.6% of all 480 routed)
strata serve: resident RAM: 63.28 GiB of experts in RAM, 0 exchanged with the VRAM tier, 0 blob reads from the file
safetensors residency metrics: ram_bytes=67948118016 os_locked_bytes=0 cuda_pinned_bytes=67948118016 promotions=4059 promoted_payload_bytes=11222388144 expert_file_bytes=0 (cumulative; payload is not a physical PCIe counter)
safetensors ngram metrics: ple io: 659520 rows, 51.3% row-cache hits, 258695 SSD reads (1060.2 MB), read p50 220 us p99 516 us, blocked 406.567 ms total (submit 2.998 ms), cache 249986/1048576 rows, SSD kept awake by 100 reads (slowest 10.2 ms)
strata serve: expert tiers: GPU 320 hits this request; since the start RAM 151019 blobs, files 0 blobs 0.0 MB read
strata serve: prompt 24635 tokens = 24634 reused + 1 read in 0 ms (15151.5 tok/s), 1 generated in 17 ms (59.2 tok/s), drafts accepted 0 of 0, 2 checkpoints
strata serve: decode expert cache hit rate: 79.9% (374 hits / 468 lookups); 12 more read by the GPU over PCIe or from another GPU (2.5% of all 480 routed)
strata serve: resident RAM: 63.28 GiB of experts in RAM, 0 exchanged with the VRAM tier, 0 blob reads from the file
safetensors residency metrics: ram_bytes=67948118016 os_locked_bytes=0 cuda_pinned_bytes=67948118016 promotions=4059 promoted_payload_bytes=11222388144 expert_file_bytes=0 (cumulative; payload is not a physical PCIe counter)
safetensors ngram metrics: ple io: 659536 rows, 51.3% row-cache hits, 258711 SSD reads (1060.3 MB), read p50 220 us p99 516 us, blocked 406.568 ms total (submit 3.011 ms), cache 250002/1048576 rows, SSD kept awake by 100 reads (slowest 10.2 ms)
strata serve: expert tiers: GPU 374 hits this request; since the start RAM 151221 blobs, files 0 blobs 0.0 MB read
strata serve: prompt 24636 tokens = 24635 reused + 1 read in 0 ms (6548.8 tok/s), 1 generated in 18 ms (56.0 tok/s), drafts accepted 0 of 0, 2 checkpoints
strata serve: decode expert cache hit rate: 68.2% (311 hits / 456 lookups); 24 more read by the GPU over PCIe or from another GPU (5.0% of all 480 routed)
strata serve: resident RAM: 63.28 GiB of experts in RAM, 0 exchanged with the VRAM tier, 0 blob reads from the file
safetensors residency metrics: ram_bytes=67948118016 os_locked_bytes=0 cuda_pinned_bytes=67948118016 promotions=4155 promoted_payload_bytes=11487810480 expert_file_bytes=0 (cumulative; payload is not a physical PCIe counter)
safetensors ngram metrics: ple io: 659552 rows, 51.3% row-cache hits, 258727 SSD reads (1060.3 MB), read p50 220 us p99 516 us, blocked 406.568 ms total (submit 3.032 ms), cache 250018/1048576 rows, SSD kept awake by 100 reads (slowest 10.2 ms)
strata serve: expert tiers: GPU 311 hits this request; since the start RAM 151390 blobs, files 0 blobs 0.0 MB read
strata serve: prompt 24637 tokens = 24636 reused + 1 read in 0 ms (15552.1 tok/s), 1 generated in 18 ms (54.3 tok/s), drafts accepted 0 of 0, 2 checkpoints
strata serve: decode expert cache hit rate: 61.4% (275 hits / 448 lookups); 32 more read by the GPU over PCIe or from another GPU (6.7% of all 480 routed)
strata serve: resident RAM: 63.28 GiB of experts in RAM, 0 exchanged with the VRAM tier, 0 blob reads from the file
safetensors residency metrics: ram_bytes=67948118016 os_locked_bytes=0 cuda_pinned_bytes=67948118016 promotions=4155 promoted_payload_bytes=11487810480 expert_file_bytes=0 (cumulative; payload is not a physical PCIe counter)
safetensors ngram metrics: ple io: 659568 rows, 51.3% row-cache hits, 258743 SSD reads (1060.4 MB), read p50 220 us p99 516 us, blocked 406.569 ms total (submit 3.043 ms), cache 250034/1048576 rows, SSD kept awake by 100 reads (slowest 10.2 ms)
strata serve: expert tiers: GPU 275 hits this request; since the start RAM 151595 blobs, files 0 blobs 0.0 MB read
strata serve: prompt 24638 tokens = 24637 reused + 1 read in 0 ms (14881.0 tok/s), 1 generated in 17 ms (59.6 tok/s), drafts accepted 0 of 0, 2 checkpoints
strata serve: decode expert cache hit rate: 72.6% (334 hits / 460 lookups); 20 more read by the GPU over PCIe or from another GPU (4.2% of all 480 routed)
strata serve: resident RAM: 63.28 GiB of experts in RAM, 0 exchanged with the VRAM tier, 0 blob reads from the file
safetensors residency metrics: ram_bytes=67948118016 os_locked_bytes=0 cuda_pinned_bytes=67948118016 promotions=4155 promoted_payload_bytes=11487810480 expert_file_bytes=0 (cumulative; payload is not a physical PCIe counter)
safetensors ngram metrics: ple io: 659584 rows, 51.3% row-cache hits, 258759 SSD reads (1060.5 MB), read p50 220 us p99 516 us, blocked 406.569 ms total (submit 3.058 ms), cache 250050/1048576 rows, SSD kept awake by 100 reads (slowest 10.2 ms)
strata serve: expert tiers: GPU 334 hits this request; since the start RAM 151741 blobs, files 0 blobs 0.0 MB read
strata serve: prompt 24639 tokens = 24638 reused + 1 read in 0 ms (14409.2 tok/s), 1 generated in 19 ms (51.6 tok/s), drafts accepted 0 of 0, 2 checkpoints
strata serve: decode expert cache hit rate: 64.7% (289 hits / 447 lookups); 33 more read by the GPU over PCIe or from another GPU (6.9% of all 480 routed)
strata serve: resident RAM: 63.28 GiB of experts in RAM, 0 exchanged with the VRAM tier, 0 blob reads from the file
safetensors residency metrics: ram_bytes=67948118016 os_locked_bytes=0 cuda_pinned_bytes=67948118016 promotions=4155 promoted_payload_bytes=11487810480 expert_file_bytes=0 (cumulative; payload is not a physical PCIe counter)
safetensors ngram metrics: ple io: 659600 rows, 51.3% row-cache hits, 258775 SSD reads (1060.5 MB), read p50 220 us p99 516 us, blocked 406.570 ms total (submit 3.077 ms), cache 250066/1048576 rows, SSD kept awake by 100 reads (slowest 10.2 ms)
strata serve: expert tiers: GPU 289 hits this request; since the start RAM 152028 blobs, files 0 blobs 0.0 MB read
strata serve: prompt 24640 tokens = 24639 reused + 1 read in 0 ms (6485.1 tok/s), 1 generated in 17 ms (59.2 tok/s), drafts accepted 0 of 0, 2 checkpoints
strata serve: decode expert cache hit rate: 71.3% (330 hits / 463 lookups); 17 more read by the GPU over PCIe or from another GPU (3.5% of all 480 routed)
strata serve: resident RAM: 63.28 GiB of experts in RAM, 0 exchanged with the VRAM tier, 0 blob reads from the file
safetensors residency metrics: ram_bytes=67948118016 os_locked_bytes=0 cuda_pinned_bytes=67948118016 promotions=4251 promoted_payload_bytes=11753232816 expert_file_bytes=0 (cumulative; payload is not a physical PCIe counter)
safetensors ngram metrics: ple io: 659616 rows, 51.3% row-cache hits, 258791 SSD reads (1060.6 MB), read p50 220 us p99 516 us, blocked 406.570 ms total (submit 3.090 ms), cache 250082/1048576 rows, SSD kept awake by 100 reads (slowest 10.2 ms)
strata serve: expert tiers: GPU 330 hits this request; since the start RAM 152178 blobs, files 0 blobs 0.0 MB read
strata serve: prompt 24641 tokens = 24640 reused + 1 read in 0 ms (14513.8 tok/s), 1 generated in 17 ms (57.6 tok/s), drafts accepted 0 of 0, 2 checkpoints
strata serve: decode expert cache hit rate: 69.8% (319 hits / 457 lookups); 23 more read by the GPU over PCIe or from another GPU (4.8% of all 480 routed)
strata serve: resident RAM: 63.28 GiB of experts in RAM, 0 exchanged with the VRAM tier, 0 blob reads from the file
safetensors residency metrics: ram_bytes=67948118016 os_locked_bytes=0 cuda_pinned_bytes=67948118016 promotions=4251 promoted_payload_bytes=11753232816 expert_file_bytes=0 (cumulative; payload is not a physical PCIe counter)
safetensors ngram metrics: ple io: 659632 rows, 51.3% row-cache hits, 258807 SSD reads (1060.7 MB), read p50 220 us p99 516 us, blocked 406.570 ms total (submit 3.102 ms), cache 250098/1048576 rows, SSD kept awake by 100 reads (slowest 10.2 ms)
strata serve: expert tiers: GPU 319 hits this request; since the start RAM 152339 blobs, files 0 blobs 0.0 MB read
strata serve: prompt 24642 tokens = 24641 reused + 1 read in 0 ms (14534.9 tok/s), 1 generated in 19 ms (53.8 tok/s), drafts accepted 0 of 0, 2 checkpoints
strata serve: decode expert cache hit rate: 61.6% (277 hits / 450 lookups); 30 more read by the GPU over PCIe or from another GPU (6.2% of all 480 routed)
strata serve: resident RAM: 63.28 GiB of experts in RAM, 0 exchanged with the VRAM tier, 0 blob reads from the file
safetensors residency metrics: ram_bytes=67948118016 os_locked_bytes=0 cuda_pinned_bytes=67948118016 promotions=4251 promoted_payload_bytes=11753232816 expert_file_bytes=0 (cumulative; payload is not a physical PCIe counter)
safetensors ngram metrics: ple io: 659648 rows, 51.3% row-cache hits, 258823 SSD reads (1060.7 MB), read p50 220 us p99 516 us, blocked 406.571 ms total (submit 3.125 ms), cache 250114/1048576 rows, SSD kept awake by 100 reads (slowest 10.2 ms)
strata serve: expert tiers: GPU 277 hits this request; since the start RAM 152542 blobs, files 0 blobs 0.0 MB read
strata serve: prompt 24643 tokens = 24642 reused + 1 read in 0 ms (13947.0 tok/s), 1 generated in 18 ms (55.0 tok/s), drafts accepted 0 of 0, 2 checkpoints
strata serve: decode expert cache hit rate: 76.9% (356 hits / 463 lookups); 17 more read by the GPU over PCIe or from another GPU (3.5% of all 480 routed)
strata serve: resident RAM: 63.28 GiB of experts in RAM, 0 exchanged with the VRAM tier, 0 blob reads from the file
safetensors residency metrics: ram_bytes=67948118016 os_locked_bytes=0 cuda_pinned_bytes=67948118016 promotions=4251 promoted_payload_bytes=11753232816 expert_file_bytes=0 (cumulative; payload is not a physical PCIe counter)
safetensors ngram metrics: ple io: 659664 rows, 51.3% row-cache hits, 258839 SSD reads (1060.8 MB), read p50 220 us p99 516 us, blocked 406.571 ms total (submit 3.141 ms), cache 250130/1048576 rows, SSD kept awake by 100 reads (slowest 10.2 ms)
strata serve: expert tiers: GPU 356 hits this request; since the start RAM 152762 blobs, files 0 blobs 0.0 MB read
strata serve: prompt 24644 tokens = 24643 reused + 1 read in 0 ms (6325.1 tok/s), 1 generated in 17 ms (59.3 tok/s), drafts accepted 0 of 0, 2 checkpoints
strata serve: decode expert cache hit rate: 72.5% (333 hits / 459 lookups); 21 more read by the GPU over PCIe or from another GPU (4.4% of all 480 routed)
strata serve: resident RAM: 63.28 GiB of experts in RAM, 0 exchanged with the VRAM tier, 0 blob reads from the file
safetensors residency metrics: ram_bytes=67948118016 os_locked_bytes=0 cuda_pinned_bytes=67948118016 promotions=4347 promoted_payload_bytes=12018655152 expert_file_bytes=0 (cumulative; payload is not a physical PCIe counter)
safetensors ngram metrics: ple io: 659680 rows, 51.3% row-cache hits, 258847 SSD reads (1060.8 MB), read p50 220 us p99 518 us, blocked 406.572 ms total (submit 3.160 ms), cache 250138/1048576 rows, SSD kept awake by 100 reads (slowest 10.2 ms)
strata serve: expert tiers: GPU 333 hits this request; since the start RAM 152909 blobs, files 0 blobs 0.0 MB read
strata serve: prompt 24645 tokens = 24644 reused + 1 read in 0 ms (14064.7 tok/s), 1 generated in 17 ms (60.4 tok/s), drafts accepted 0 of 0, 2 checkpoints
strata serve: decode expert cache hit rate: 73.3% (340 hits / 464 lookups); 16 more read by the GPU over PCIe or from another GPU (3.3% of all 480 routed)
strata serve: resident RAM: 63.28 GiB of experts in RAM, 0 exchanged with the VRAM tier, 0 blob reads from the file
safetensors residency metrics: ram_bytes=67948118016 os_locked_bytes=0 cuda_pinned_bytes=67948118016 promotions=4347 promoted_payload_bytes=12018655152 expert_file_bytes=0 (cumulative; payload is not a physical PCIe counter)
safetensors ngram metrics: ple io: 659696 rows, 51.3% row-cache hits, 258855 SSD reads (1060.9 MB), read p50 220 us p99 518 us, blocked 406.572 ms total (submit 3.173 ms), cache 250146/1048576 rows, SSD kept awake by 100 reads (slowest 10.2 ms)
strata serve: expert tiers: GPU 340 hits this request; since the start RAM 153049 blobs, files 0 blobs 0.0 MB read
strata serve: prompt 24646 tokens = 24645 reused + 1 read in 0 ms (13927.6 tok/s), 1 generated in 17 ms (58.9 tok/s), drafts accepted 0 of 0, 2 checkpoints
strata serve: decode expert cache hit rate: 75.4% (349 hits / 463 lookups); 17 more read by the GPU over PCIe or from another GPU (3.5% of all 480 routed)
strata serve: resident RAM: 63.28 GiB of experts in RAM, 0 exchanged with the VRAM tier, 0 blob reads from the file
safetensors residency metrics: ram_bytes=67948118016 os_locked_bytes=0 cuda_pinned_bytes=67948118016 promotions=4347 promoted_payload_bytes=12018655152 expert_file_bytes=0 (cumulative; payload is not a physical PCIe counter)
safetensors ngram metrics: ple io: 659712 rows, 51.3% row-cache hits, 258863 SSD reads (1060.9 MB), read p50 220 us p99 518 us, blocked 406.573 ms total (submit 3.185 ms), cache 250154/1048576 rows, SSD kept awake by 100 reads (slowest 10.2 ms)
strata serve: expert tiers: GPU 349 hits this request; since the start RAM 153180 blobs, files 0 blobs 0.0 MB read
strata serve: prompt 24647 tokens = 24646 reused + 1 read in 0 ms (14947.7 tok/s), 1 generated in 18 ms (55.7 tok/s), drafts accepted 0 of 0, 2 checkpoints
strata serve: decode expert cache hit rate: 76.3% (354 hits / 464 lookups); 16 more read by the GPU over PCIe or from another GPU (3.3% of all 480 routed)
strata serve: resident RAM: 63.28 GiB of experts in RAM, 0 exchanged with the VRAM tier, 0 blob reads from the file
safetensors residency metrics: ram_bytes=67948118016 os_locked_bytes=0 cuda_pinned_bytes=67948118016 promotions=4347 promoted_payload_bytes=12018655152 expert_file_bytes=0 (cumulative; payload is not a physical PCIe counter)
safetensors ngram metrics: ple io: 659728 rows, 51.3% row-cache hits, 258879 SSD reads (1061.0 MB), read p50 220 us p99 518 us, blocked 406.573 ms total (submit 3.198 ms), cache 250170/1048576 rows, SSD kept awake by 100 reads (slowest 10.2 ms)
strata serve: expert tiers: GPU 354 hits this request; since the start RAM 153402 blobs, files 0 blobs 0.0 MB read
strata serve: prompt 24648 tokens = 24647 reused + 1 read in 0 ms (4721.4 tok/s), 1 generated in 16 ms (62.1 tok/s), drafts accepted 0 of 0, 2 checkpoints
strata serve: decode expert cache hit rate: 76.7% (358 hits / 467 lookups); 13 more read by the GPU over PCIe or from another GPU (2.7% of all 480 routed)
strata serve: resident RAM: 63.28 GiB of experts in RAM, 0 exchanged with the VRAM tier, 0 blob reads from the file
safetensors residency metrics: ram_bytes=67948118016 os_locked_bytes=0 cuda_pinned_bytes=67948118016 promotions=4443 promoted_payload_bytes=12284077488 expert_file_bytes=0 (cumulative; payload is not a physical PCIe counter)
safetensors ngram metrics: ple io: 659744 rows, 51.3% row-cache hits, 258895 SSD reads (1061.0 MB), read p50 220 us p99 518 us, blocked 406.573 ms total (submit 3.212 ms), cache 250186/1048576 rows, SSD kept awake by 100 reads (slowest 10.2 ms)
strata serve: expert tiers: GPU 358 hits this request; since the start RAM 153524 blobs, files 0 blobs 0.0 MB read
strata serve: prompt 24649 tokens = 24648 reused + 1 read in 0 ms (14265.3 tok/s), 1 generated in 16 ms (61.7 tok/s), drafts accepted 0 of 0, 2 checkpoints
strata serve: decode expert cache hit rate: 78.3% (367 hits / 469 lookups); 11 more read by the GPU over PCIe or from another GPU (2.3% of all 480 routed)
strata serve: resident RAM: 63.28 GiB of experts in RAM, 0 exchanged with the VRAM tier, 0 blob reads from the file
safetensors residency metrics: ram_bytes=67948118016 os_locked_bytes=0 cuda_pinned_bytes=67948118016 promotions=4443 promoted_payload_bytes=12284077488 expert_file_bytes=0 (cumulative; payload is not a physical PCIe counter)
safetensors ngram metrics: ple io: 659760 rows, 51.3% row-cache hits, 258911 SSD reads (1061.1 MB), read p50 220 us p99 518 us, blocked 406.574 ms total (submit 3.224 ms), cache 250202/1048576 rows, SSD kept awake by 100 reads (slowest 10.2 ms)
strata serve: expert tiers: GPU 367 hits this request; since the start RAM 153637 blobs, files 0 blobs 0.0 MB read
strata serve: prompt 24650 tokens = 24649 reused + 1 read in 0 ms (15873.0 tok/s), 1 generated in 16 ms (62.0 tok/s), drafts accepted 0 of 0, 2 checkpoints
strata serve: decode expert cache hit rate: 77.7% (363 hits / 467 lookups); 13 more read by the GPU over PCIe or from another GPU (2.7% of all 480 routed)
strata serve: resident RAM: 63.28 GiB of experts in RAM, 0 exchanged with the VRAM tier, 0 blob reads from the file
safetensors residency metrics: ram_bytes=67948118016 os_locked_bytes=0 cuda_pinned_bytes=67948118016 promotions=4443 promoted_payload_bytes=12284077488 expert_file_bytes=0 (cumulative; payload is not a physical PCIe counter)
safetensors ngram metrics: ple io: 659776 rows, 51.3% row-cache hits, 258927 SSD reads (1061.2 MB), read p50 220 us p99 518 us, blocked 406.574 ms total (submit 3.238 ms), cache 250218/1048576 rows, SSD kept awake by 100 reads (slowest 10.2 ms)
strata serve: expert tiers: GPU 363 hits this request; since the start RAM 153754 blobs, files 0 blobs 0.0 MB read
strata serve: prompt 24651 tokens = 24650 reused + 1 read in 0 ms (14903.1 tok/s), 1 generated in 17 ms (59.3 tok/s), drafts accepted 0 of 0, 2 checkpoints
strata serve: decode expert cache hit rate: 80.7% (380 hits / 471 lookups); 9 more read by the GPU over PCIe or from another GPU (1.9% of all 480 routed)
strata serve: resident RAM: 63.28 GiB of experts in RAM, 0 exchanged with the VRAM tier, 0 blob reads from the file
safetensors residency metrics: ram_bytes=67948118016 os_locked_bytes=0 cuda_pinned_bytes=67948118016 promotions=4443 promoted_payload_bytes=12284077488 expert_file_bytes=0 (cumulative; payload is not a physical PCIe counter)
safetensors ngram metrics: ple io: 659792 rows, 51.3% row-cache hits, 258943 SSD reads (1061.2 MB), read p50 220 us p99 518 us, blocked 406.575 ms total (submit 3.252 ms), cache 250234/1048576 rows, SSD kept awake by 100 reads (slowest 10.2 ms)
strata serve: expert tiers: GPU 380 hits this request; since the start RAM 153950 blobs, files 0 blobs 0.0 MB read
strata serve: prompt 24652 tokens = 24651 reused + 1 read in 0 ms (6506.2 tok/s), 1 generated in 16 ms (64.1 tok/s), drafts accepted 0 of 0, 2 checkpoints
strata serve: decode expert cache hit rate: 80.5% (380 hits / 472 lookups); 8 more read by the GPU over PCIe or from another GPU (1.7% of all 480 routed)
strata serve: resident RAM: 63.28 GiB of experts in RAM, 0 exchanged with the VRAM tier, 0 blob reads from the file
safetensors residency metrics: ram_bytes=67948118016 os_locked_bytes=0 cuda_pinned_bytes=67948118016 promotions=4539 promoted_payload_bytes=12549499824 expert_file_bytes=0 (cumulative; payload is not a physical PCIe counter)
safetensors ngram metrics: ple io: 659808 rows, 51.3% row-cache hits, 258959 SSD reads (1061.3 MB), read p50 220 us p99 518 us, blocked 406.576 ms total (submit 3.275 ms), cache 250250/1048576 rows, SSD kept awake by 100 reads (slowest 10.2 ms)
strata serve: expert tiers: GPU 380 hits this request; since the start RAM 154050 blobs, files 0 blobs 0.0 MB read
strata serve: prompt 24653 tokens = 24652 reused + 1 read in 0 ms (13812.2 tok/s), 1 generated in 27 ms (36.5 tok/s), drafts accepted 0 of 0, 2 checkpoints
strata serve: decode expert cache hit rate: 74.8% (345 hits / 461 lookups); 19 more read by the GPU over PCIe or from another GPU (4.0% of all 480 routed)
strata serve: resident RAM: 63.28 GiB of experts in RAM, 0 exchanged with the VRAM tier, 0 blob reads from the file
safetensors residency metrics: ram_bytes=67948118016 os_locked_bytes=0 cuda_pinned_bytes=67948118016 promotions=4539 promoted_payload_bytes=12549499824 expert_file_bytes=0 (cumulative; payload is not a physical PCIe counter)
safetensors ngram metrics: ple io: 659824 rows, 51.3% row-cache hits, 258975 SSD reads (1061.4 MB), read p50 220 us p99 518 us, blocked 406.576 ms total (submit 3.297 ms), cache 250266/1048576 rows, SSD kept awake by 100 reads (slowest 10.2 ms)
strata serve: expert tiers: GPU 345 hits this request; since the start RAM 154185 blobs, files 0 blobs 0.0 MB read
strata serve: prompt 24654 tokens = 24653 reused + 1 read in 0 ms (14903.1 tok/s), 1 generated in 18 ms (54.6 tok/s), drafts accepted 0 of 0, 2 checkpoints
strata serve: decode expert cache hit rate: 64.4% (290 hits / 450 lookups); 30 more read by the GPU over PCIe or from another GPU (6.2% of all 480 routed)
strata serve: resident RAM: 63.28 GiB of experts in RAM, 0 exchanged with the VRAM tier, 0 blob reads from the file
safetensors residency metrics: ram_bytes=67948118016 os_locked_bytes=0 cuda_pinned_bytes=67948118016 promotions=4539 promoted_payload_bytes=12549499824 expert_file_bytes=0 (cumulative; payload is not a physical PCIe counter)
safetensors ngram metrics: ple io: 659840 rows, 51.3% row-cache hits, 258983 SSD reads (1061.4 MB), read p50 220 us p99 518 us, blocked 406.577 ms total (submit 3.309 ms), cache 250274/1048576 rows, SSD kept awake by 100 reads (slowest 10.2 ms)
strata serve: expert tiers: GPU 290 hits this request; since the start RAM 154375 blobs, files 0 blobs 0.0 MB read
strata serve: prompt 24655 tokens = 24654 reused + 1 read in 0 ms (14409.2 tok/s), 1 generated in 18 ms (55.0 tok/s), drafts accepted 0 of 0, 2 checkpoints
strata serve: decode expert cache hit rate: 73.4% (334 hits / 455 lookups); 25 more read by the GPU over PCIe or from another GPU (5.2% of all 480 routed)
strata serve: resident RAM: 63.28 GiB of experts in RAM, 0 exchanged with the VRAM tier, 0 blob reads from the file
safetensors residency metrics: ram_bytes=67948118016 os_locked_bytes=0 cuda_pinned_bytes=67948118016 promotions=4539 promoted_payload_bytes=12549499824 expert_file_bytes=0 (cumulative; payload is not a physical PCIe counter)
safetensors ngram metrics: ple io: 659856 rows, 51.3% row-cache hits, 258991 SSD reads (1061.4 MB), read p50 220 us p99 518 us, blocked 406.577 ms total (submit 3.327 ms), cache 250282/1048576 rows, SSD kept awake by 100 reads (slowest 10.2 ms)
strata serve: expert tiers: GPU 334 hits this request; since the start RAM 154617 blobs, files 0 blobs 0.0 MB read
strata serve: prompt 24656 tokens = 24655 reused + 1 read in 0 ms (6459.9 tok/s), 1 generated in 15 ms (65.5 tok/s), drafts accepted 0 of 0, 2 checkpoints
strata serve: decode expert cache hit rate: 81.9% (390 hits / 476 lookups); 4 more read by the GPU over PCIe or from another GPU (0.8% of all 480 routed)
strata serve: resident RAM: 63.28 GiB of experts in RAM, 0 exchanged with the VRAM tier, 0 blob reads from the file
safetensors residency metrics: ram_bytes=67948118016 os_locked_bytes=0 cuda_pinned_bytes=67948118016 promotions=4635 promoted_payload_bytes=12814922160 expert_file_bytes=0 (cumulative; payload is not a physical PCIe counter)
safetensors ngram metrics: ple io: 659872 rows, 51.3% row-cache hits, 259007 SSD reads (1061.5 MB), read p50 220 us p99 518 us, blocked 406.577 ms total (submit 3.342 ms), cache 250298/1048576 rows, SSD kept awake by 100 reads (slowest 10.2 ms)
strata serve: expert tiers: GPU 390 hits this request; since the start RAM 154707 blobs, files 0 blobs 0.0 MB read
strata serve: prompt 24657 tokens = 24656 reused + 1 read in 0 ms (15037.6 tok/s), 1 generated in 17 ms (58.3 tok/s), drafts accepted 0 of 0, 2 checkpoints
strata serve: decode expert cache hit rate: 70.0% (324 hits / 463 lookups); 17 more read by the GPU over PCIe or from another GPU (3.5% of all 480 routed)
strata serve: resident RAM: 63.28 GiB of experts in RAM, 0 exchanged with the VRAM tier, 0 blob reads from the file
safetensors residency metrics: ram_bytes=67948118016 os_locked_bytes=0 cuda_pinned_bytes=67948118016 promotions=4635 promoted_payload_bytes=12814922160 expert_file_bytes=0 (cumulative; payload is not a physical PCIe counter)
safetensors ngram metrics: ple io: 659888 rows, 51.3% row-cache hits, 259023 SSD reads (1061.6 MB), read p50 220 us p99 518 us, blocked 406.578 ms total (submit 3.355 ms), cache 250314/1048576 rows, SSD kept awake by 100 reads (slowest 10.2 ms)
strata serve: expert tiers: GPU 324 hits this request; since the start RAM 154863 blobs, files 0 blobs 0.0 MB read
strata serve: prompt 24658 tokens = 24657 reused + 1 read in 0 ms (15060.2 tok/s), 1 generated in 18 ms (56.3 tok/s), drafts accepted 0 of 0, 2 checkpoints
strata serve: decode expert cache hit rate: 67.3% (306 hits / 455 lookups); 25 more read by the GPU over PCIe or from another GPU (5.2% of all 480 routed)
strata serve: resident RAM: 63.28 GiB of experts in RAM, 0 exchanged with the VRAM tier, 0 blob reads from the file
safetensors residency metrics: ram_bytes=67948118016 os_locked_bytes=0 cuda_pinned_bytes=67948118016 promotions=4635 promoted_payload_bytes=12814922160 expert_file_bytes=0 (cumulative; payload is not a physical PCIe counter)
safetensors ngram metrics: ple io: 659904 rows, 51.3% row-cache hits, 259039 SSD reads (1061.7 MB), read p50 220 us p99 518 us, blocked 406.578 ms total (submit 3.375 ms), cache 250330/1048576 rows, SSD kept awake by 100 reads (slowest 10.2 ms)
strata serve: expert tiers: GPU 306 hits this request; since the start RAM 155037 blobs, files 0 blobs 0.0 MB read
strata serve: prompt 24659 tokens = 24658 reused + 1 read in 0 ms (15220.7 tok/s), 1 generated in 19 ms (53.2 tok/s), drafts accepted 0 of 0, 2 checkpoints
strata serve: decode expert cache hit rate: 67.8% (309 hits / 456 lookups); 24 more read by the GPU over PCIe or from another GPU (5.0% of all 480 routed)
strata serve: resident RAM: 63.28 GiB of experts in RAM, 0 exchanged with the VRAM tier, 0 blob reads from the file
safetensors residency metrics: ram_bytes=67948118016 os_locked_bytes=0 cuda_pinned_bytes=67948118016 promotions=4635 promoted_payload_bytes=12814922160 expert_file_bytes=0 (cumulative; payload is not a physical PCIe counter)
safetensors ngram metrics: ple io: 659920 rows, 51.3% row-cache hits, 259047 SSD reads (1061.7 MB), read p50 220 us p99 518 us, blocked 406.579 ms total (submit 3.388 ms), cache 250338/1048576 rows, SSD kept awake by 100 reads (slowest 10.2 ms)
strata serve: expert tiers: GPU 309 hits this request; since the start RAM 155304 blobs, files 0 blobs 0.0 MB read
strata serve: prompt 24660 tokens = 24659 reused + 1 read in 0 ms (6321.1 tok/s), 1 generated in 21 ms (48.1 tok/s), drafts accepted 0 of 0, 2 checkpoints
strata serve: decode expert cache hit rate: 46.2% (196 hits / 424 lookups); 56 more read by the GPU over PCIe or from another GPU (11.7% of all 480 routed)
strata serve: resident RAM: 63.28 GiB of experts in RAM, 0 exchanged with the VRAM tier, 0 blob reads from the file
safetensors residency metrics: ram_bytes=67948118016 os_locked_bytes=0 cuda_pinned_bytes=67948118016 promotions=4731 promoted_payload_bytes=13080344496 expert_file_bytes=0 (cumulative; payload is not a physical PCIe counter)
safetensors ngram metrics: ple io: 659936 rows, 51.3% row-cache hits, 259047 SSD reads (1061.7 MB), read p50 220 us p99 518 us, blocked 406.579 ms total (submit 3.388 ms), cache 250338/1048576 rows, SSD kept awake by 100 reads (slowest 10.2 ms)
strata serve: expert tiers: GPU 196 hits this request; since the start RAM 155588 blobs, files 0 blobs 0.0 MB read
strata serve: prompt 24661 tokens = 24660 reused + 1 read in 0 ms (14347.2 tok/s), 1 generated in 17 ms (59.4 tok/s), drafts accepted 0 of 0, 2 checkpoints
strata serve: decode expert cache hit rate: 71.8% (331 hits / 461 lookups); 19 more read by the GPU over PCIe or from another GPU (4.0% of all 480 routed)
strata serve: resident RAM: 63.28 GiB of experts in RAM, 0 exchanged with the VRAM tier, 0 blob reads from the file
safetensors residency metrics: ram_bytes=67948118016 os_locked_bytes=0 cuda_pinned_bytes=67948118016 promotions=4731 promoted_payload_bytes=13080344496 expert_file_bytes=0 (cumulative; payload is not a physical PCIe counter)
safetensors ngram metrics: ple io: 659952 rows, 51.3% row-cache hits, 259047 SSD reads (1061.7 MB), read p50 220 us p99 518 us, blocked 406.579 ms total (submit 3.388 ms), cache 250338/1048576 rows, SSD kept awake by 100 reads (slowest 10.2 ms)
strata serve: expert tiers: GPU 331 hits this request; since the start RAM 155737 blobs, files 0 blobs 0.0 MB read
strata serve: prompt 24662 tokens = 24661 reused + 1 read in 0 ms (14836.8 tok/s), 1 generated in 16 ms (61.3 tok/s), drafts accepted 0 of 0, 2 checkpoints
strata serve: decode expert cache hit rate: 78.7% (370 hits / 470 lookups); 10 more read by the GPU over PCIe or from another GPU (2.1% of all 480 routed)
strata serve: resident RAM: 63.28 GiB of experts in RAM, 0 exchanged with the VRAM tier, 0 blob reads from the file
safetensors residency metrics: ram_bytes=67948118016 os_locked_bytes=0 cuda_pinned_bytes=67948118016 promotions=4731 promoted_payload_bytes=13080344496 expert_file_bytes=0 (cumulative; payload is not a physical PCIe counter)
safetensors ngram metrics: ple io: 659968 rows, 51.3% row-cache hits, 259055 SSD reads (1061.7 MB), read p50 220 us p99 518 us, blocked 406.579 ms total (submit 3.398 ms), cache 250346/1048576 rows, SSD kept awake by 101 reads (slowest 10.2 ms)
strata serve: expert tiers: GPU 370 hits this request; since the start RAM 155847 blobs, files 0 blobs 0.0 MB read
strata serve: prompt 24663 tokens = 24662 reused + 1 read in 0 ms (14265.3 tok/s), 1 generated in 19 ms (53.8 tok/s), drafts accepted 0 of 0, 2 checkpoints
strata serve: decode expert cache hit rate: 68.9% (314 hits / 456 lookups); 24 more read by the GPU over PCIe or from another GPU (5.0% of all 480 routed)
strata serve: resident RAM: 63.28 GiB of experts in RAM, 0 exchanged with the VRAM tier, 0 blob reads from the file
safetensors residency metrics: ram_bytes=67948118016 os_locked_bytes=0 cuda_pinned_bytes=67948118016 promotions=4731 promoted_payload_bytes=13080344496 expert_file_bytes=0 (cumulative; payload is not a physical PCIe counter)
safetensors ngram metrics: ple io: 659984 rows, 51.3% row-cache hits, 259063 SSD reads (1061.8 MB), read p50 220 us p99 518 us, blocked 406.580 ms total (submit 3.416 ms), cache 250354/1048576 rows, SSD kept awake by 101 reads (slowest 10.2 ms)
strata serve: expert tiers: GPU 314 hits this request; since the start RAM 156109 blobs, files 0 blobs 0.0 MB read
strata serve: prompt 24664 tokens = 24663 reused + 1 read in 0 ms (6313.1 tok/s), 1 generated in 16 ms (64.3 tok/s), drafts accepted 0 of 0, 2 checkpoints
strata serve: decode expert cache hit rate: 80.2% (377 hits / 470 lookups); 10 more read by the GPU over PCIe or from another GPU (2.1% of all 480 routed)
strata serve: resident RAM: 63.28 GiB of experts in RAM, 0 exchanged with the VRAM tier, 0 blob reads from the file
safetensors residency metrics: ram_bytes=67948118016 os_locked_bytes=0 cuda_pinned_bytes=67948118016 promotions=4827 promoted_payload_bytes=13345766832 expert_file_bytes=0 (cumulative; payload is not a physical PCIe counter)
safetensors ngram metrics: ple io: 660000 rows, 51.3% row-cache hits, 259079 SSD reads (1061.8 MB), read p50 220 us p99 518 us, blocked 406.580 ms total (submit 3.440 ms), cache 250370/1048576 rows, SSD kept awake by 101 reads (slowest 10.2 ms)
strata serve: expert tiers: GPU 377 hits this request; since the start RAM 156212 blobs, files 0 blobs 0.0 MB read
strata serve: prompt 24665 tokens = 24664 reused + 1 read in 0 ms (13459.0 tok/s), 1 generated in 18 ms (56.5 tok/s), drafts accepted 0 of 0, 2 checkpoints
strata serve: decode expert cache hit rate: 66.5% (300 hits / 451 lookups); 29 more read by the GPU over PCIe or from another GPU (6.0% of all 480 routed)
strata serve: resident RAM: 63.28 GiB of experts in RAM, 0 exchanged with the VRAM tier, 0 blob reads from the file
safetensors residency metrics: ram_bytes=67948118016 os_locked_bytes=0 cuda_pinned_bytes=67948118016 promotions=4827 promoted_payload_bytes=13345766832 expert_file_bytes=0 (cumulative; payload is not a physical PCIe counter)
safetensors ngram metrics: ple io: 660016 rows, 51.3% row-cache hits, 259095 SSD reads (1061.9 MB), read p50 220 us p99 518 us, blocked 406.581 ms total (submit 3.459 ms), cache 250386/1048576 rows, SSD kept awake by 101 reads (slowest 10.2 ms)
strata serve: expert tiers: GPU 300 hits this request; since the start RAM 156392 blobs, files 0 blobs 0.0 MB read
strata serve: prompt 24666 tokens = 24665 reused + 1 read in 0 ms (14662.8 tok/s), 1 generated in 16 ms (60.9 tok/s), drafts accepted 0 of 0, 2 checkpoints
strata serve: decode expert cache hit rate: 75.5% (352 hits / 466 lookups); 14 more read by the GPU over PCIe or from another GPU (2.9% of all 480 routed)
strata serve: resident RAM: 63.28 GiB of experts in RAM, 0 exchanged with the VRAM tier, 0 blob reads from the file
safetensors residency metrics: ram_bytes=67948118016 os_locked_bytes=0 cuda_pinned_bytes=67948118016 promotions=4827 promoted_payload_bytes=13345766832 expert_file_bytes=0 (cumulative; payload is not a physical PCIe counter)
safetensors ngram metrics: ple io: 660032 rows, 51.3% row-cache hits, 259103 SSD reads (1061.9 MB), read p50 220 us p99 518 us, blocked 406.581 ms total (submit 3.471 ms), cache 250394/1048576 rows, SSD kept awake by 101 reads (slowest 10.2 ms)
strata serve: expert tiers: GPU 352 hits this request; since the start RAM 156520 blobs, files 0 blobs 0.0 MB read
strata serve: prompt 24667 tokens = 24666 reused + 1 read in 0 ms (14164.3 tok/s), 1 generated in 19 ms (52.7 tok/s), drafts accepted 0 of 0, 2 checkpoints
strata serve: decode expert cache hit rate: 69.3% (316 hits / 456 lookups); 24 more read by the GPU over PCIe or from another GPU (5.0% of all 480 routed)
strata serve: resident RAM: 63.28 GiB of experts in RAM, 0 exchanged with the VRAM tier, 0 blob reads from the file
safetensors residency metrics: ram_bytes=67948118016 os_locked_bytes=0 cuda_pinned_bytes=67948118016 promotions=4827 promoted_payload_bytes=13345766832 expert_file_bytes=0 (cumulative; payload is not a physical PCIe counter)
safetensors ngram metrics: ple io: 660048 rows, 51.3% row-cache hits, 259103 SSD reads (1061.9 MB), read p50 220 us p99 518 us, blocked 406.581 ms total (submit 3.471 ms), cache 250394/1048576 rows, SSD kept awake by 101 reads (slowest 10.2 ms)
strata serve: expert tiers: GPU 316 hits this request; since the start RAM 156780 blobs, files 0 blobs 0.0 MB read
strata serve: prompt 24668 tokens = 24667 reused + 1 read in 0 ms (6313.1 tok/s), 1 generated in 15 ms (65.0 tok/s), drafts accepted 0 of 0, 2 checkpoints
strata serve: decode expert cache hit rate: 82.2% (392 hits / 477 lookups); 3 more read by the GPU over PCIe or from another GPU (0.6% of all 480 routed)
strata serve: resident RAM: 63.28 GiB of experts in RAM, 0 exchanged with the VRAM tier, 0 blob reads from the file
safetensors residency metrics: ram_bytes=67948118016 os_locked_bytes=0 cuda_pinned_bytes=67948118016 promotions=4923 promoted_payload_bytes=13611189168 expert_file_bytes=0 (cumulative; payload is not a physical PCIe counter)
safetensors ngram metrics: ple io: 660064 rows, 51.3% row-cache hits, 259119 SSD reads (1062.0 MB), read p50 220 us p99 518 us, blocked 406.582 ms total (submit 3.484 ms), cache 250410/1048576 rows, SSD kept awake by 101 reads (slowest 10.2 ms)
strata serve: expert tiers: GPU 392 hits this request; since the start RAM 156868 blobs, files 0 blobs 0.0 MB read
strata serve: prompt 24669 tokens = 24668 reused + 1 read in 0 ms (14326.6 tok/s), 1 generated in 18 ms (56.7 tok/s), drafts accepted 0 of 0, 2 checkpoints
strata serve: decode expert cache hit rate: 68.8% (311 hits / 452 lookups); 28 more read by the GPU over PCIe or from another GPU (5.8% of all 480 routed)
strata serve: resident RAM: 63.28 GiB of experts in RAM, 0 exchanged with the VRAM tier, 0 blob reads from the file
safetensors residency metrics: ram_bytes=67948118016 os_locked_bytes=0 cuda_pinned_bytes=67948118016 promotions=4923 promoted_payload_bytes=13611189168 expert_file_bytes=0 (cumulative; payload is not a physical PCIe counter)
safetensors ngram metrics: ple io: 660080 rows, 51.3% row-cache hits, 259127 SSD reads (1062.0 MB), read p50 220 us p99 518 us, blocked 406.627 ms total (submit 3.503 ms), cache 250418/1048576 rows, SSD kept awake by 101 reads (slowest 10.2 ms)
strata serve: expert tiers: GPU 311 hits this request; since the start RAM 157037 blobs, files 0 blobs 0.0 MB read
strata serve: prompt 24670 tokens = 24669 reused + 1 read in 0 ms (14727.5 tok/s), 1 generated in 17 ms (60.0 tok/s), drafts accepted 0 of 0, 2 checkpoints
strata serve: decode expert cache hit rate: 75.9% (349 hits / 460 lookups); 20 more read by the GPU over PCIe or from another GPU (4.2% of all 480 routed)
strata serve: resident RAM: 63.28 GiB of experts in RAM, 0 exchanged with the VRAM tier, 0 blob reads from the file
safetensors residency metrics: ram_bytes=67948118016 os_locked_bytes=0 cuda_pinned_bytes=67948118016 promotions=4923 promoted_payload_bytes=13611189168 expert_file_bytes=0 (cumulative; payload is not a physical PCIe counter)
safetensors ngram metrics: ple io: 660096 rows, 51.3% row-cache hits, 259135 SSD reads (1062.1 MB), read p50 220 us p99 518 us, blocked 406.627 ms total (submit 3.519 ms), cache 250426/1048576 rows, SSD kept awake by 101 reads (slowest 10.2 ms)
strata serve: expert tiers: GPU 349 hits this request; since the start RAM 157168 blobs, files 0 blobs 0.0 MB read
strata serve: prompt 24671 tokens = 24670 reused + 1 read in 0 ms (14992.5 tok/s), 1 generated in 18 ms (55.6 tok/s), drafts accepted 0 of 0, 2 checkpoints
strata serve: decode expert cache hit rate: 83.9% (396 hits / 472 lookups); 8 more read by the GPU over PCIe or from another GPU (1.7% of all 480 routed)
strata serve: resident RAM: 63.28 GiB of experts in RAM, 0 exchanged with the VRAM tier, 0 blob reads from the file
safetensors residency metrics: ram_bytes=67948118016 os_locked_bytes=0 cuda_pinned_bytes=67948118016 promotions=4923 promoted_payload_bytes=13611189168 expert_file_bytes=0 (cumulative; payload is not a physical PCIe counter)
safetensors ngram metrics: ple io: 660112 rows, 51.3% row-cache hits, 259151 SSD reads (1062.1 MB), read p50 220 us p99 518 us, blocked 406.628 ms total (submit 3.533 ms), cache 250442/1048576 rows, SSD kept awake by 101 reads (slowest 10.2 ms)
strata serve: expert tiers: GPU 396 hits this request; since the start RAM 157348 blobs, files 0 blobs 0.0 MB read
strata serve: prompt 24672 tokens = 24671 reused + 1 read in 0 ms (5980.9 tok/s), 1 generated in 15 ms (67.1 tok/s), drafts accepted 0 of 0, 2 checkpoints
strata serve: decode expert cache hit rate: 85.5% (406 hits / 475 lookups); 5 more read by the GPU over PCIe or from another GPU (1.0% of all 480 routed)
strata serve: resident RAM: 63.28 GiB of experts in RAM, 0 exchanged with the VRAM tier, 0 blob reads from the file
safetensors residency metrics: ram_bytes=67948118016 os_locked_bytes=0 cuda_pinned_bytes=67948118016 promotions=5019 promoted_payload_bytes=13876611504 expert_file_bytes=0 (cumulative; payload is not a physical PCIe counter)
safetensors ngram metrics: ple io: 660128 rows, 51.3% row-cache hits, 259159 SSD reads (1062.2 MB), read p50 220 us p99 518 us, blocked 406.628 ms total (submit 3.545 ms), cache 250450/1048576 rows, SSD kept awake by 101 reads (slowest 10.2 ms)
strata serve: expert tiers: GPU 406 hits this request; since the start RAM 157422 blobs, files 0 blobs 0.0 MB read
strata serve: prompt 24673 tokens = 24672 reused + 1 read in 0 ms (13986.0 tok/s), 1 generated in 15 ms (65.3 tok/s), drafts accepted 0 of 0, 2 checkpoints
strata serve: decode expert cache hit rate: 82.7% (393 hits / 475 lookups); 5 more read by the GPU over PCIe or from another GPU (1.0% of all 480 routed)
strata serve: resident RAM: 63.28 GiB of experts in RAM, 0 exchanged with the VRAM tier, 0 blob reads from the file
safetensors residency metrics: ram_bytes=67948118016 os_locked_bytes=0 cuda_pinned_bytes=67948118016 promotions=5019 promoted_payload_bytes=13876611504 expert_file_bytes=0 (cumulative; payload is not a physical PCIe counter)
safetensors ngram metrics: ple io: 660144 rows, 51.3% row-cache hits, 259175 SSD reads (1062.2 MB), read p50 220 us p99 518 us, blocked 406.629 ms total (submit 3.567 ms), cache 250466/1048576 rows, SSD kept awake by 101 reads (slowest 10.2 ms)
strata serve: expert tiers: GPU 393 hits this request; since the start RAM 157509 blobs, files 0 blobs 0.0 MB read
strata serve: prompt 24674 tokens = 24673 reused + 1 read in 0 ms (12804.1 tok/s), 1 generated in 14 ms (69.6 tok/s), drafts accepted 0 of 0, 2 checkpoints
strata serve: decode expert cache hit rate: 89.5% (428 hits / 478 lookups); 2 more read by the GPU over PCIe or from another GPU (0.4% of all 480 routed)
strata serve: resident RAM: 63.28 GiB of experts in RAM, 0 exchanged with the VRAM tier, 0 blob reads from the file
safetensors residency metrics: ram_bytes=67948118016 os_locked_bytes=0 cuda_pinned_bytes=67948118016 promotions=5019 promoted_payload_bytes=13876611504 expert_file_bytes=0 (cumulative; payload is not a physical PCIe counter)
safetensors ngram metrics: ple io: 660160 rows, 51.3% row-cache hits, 259191 SSD reads (1062.3 MB), read p50 220 us p99 518 us, blocked 406.629 ms total (submit 3.581 ms), cache 250482/1048576 rows, SSD kept awake by 101 reads (slowest 10.2 ms)
strata serve: expert tiers: GPU 428 hits this request; since the start RAM 157561 blobs, files 0 blobs 0.0 MB read
strata serve: prompt 24675 tokens = 24674 reused + 1 read in 0 ms (14430.0 tok/s), 1 generated in 17 ms (59.2 tok/s), drafts accepted 0 of 0, 2 checkpoints
strata serve: decode expert cache hit rate: 82.9% (389 hits / 469 lookups); 11 more read by the GPU over PCIe or from another GPU (2.3% of all 480 routed)
strata serve: resident RAM: 63.28 GiB of experts in RAM, 0 exchanged with the VRAM tier, 0 blob reads from the file
safetensors residency metrics: ram_bytes=67948118016 os_locked_bytes=0 cuda_pinned_bytes=67948118016 promotions=5019 promoted_payload_bytes=13876611504 expert_file_bytes=0 (cumulative; payload is not a physical PCIe counter)
safetensors ngram metrics: ple io: 660176 rows, 51.3% row-cache hits, 259207 SSD reads (1062.4 MB), read p50 220 us p99 518 us, blocked 406.630 ms total (submit 3.594 ms), cache 250498/1048576 rows, SSD kept awake by 101 reads (slowest 10.2 ms)
strata serve: expert tiers: GPU 389 hits this request; since the start RAM 157706 blobs, files 0 blobs 0.0 MB read
strata serve: prompt 24676 tokens = 24675 reused + 1 read in 0 ms (5509.6 tok/s), 1 generated in 15 ms (68.7 tok/s), drafts accepted 0 of 0, 2 checkpoints
strata serve: decode expert cache hit rate: 87.8% (418 hits / 476 lookups); 4 more read by the GPU over PCIe or from another GPU (0.8% of all 480 routed)
strata serve: resident RAM: 63.28 GiB of experts in RAM, 0 exchanged with the VRAM tier, 0 blob reads from the file
safetensors residency metrics: ram_bytes=67948118016 os_locked_bytes=0 cuda_pinned_bytes=67948118016 promotions=5073 promoted_payload_bytes=14025911568 expert_file_bytes=0 (cumulative; payload is not a physical PCIe counter)
safetensors ngram metrics: ple io: 660192 rows, 51.3% row-cache hits, 259223 SSD reads (1062.4 MB), read p50 220 us p99 518 us, blocked 406.630 ms total (submit 3.608 ms), cache 250514/1048576 rows, SSD kept awake by 101 reads (slowest 10.2 ms)
strata serve: expert tiers: GPU 418 hits this request; since the start RAM 157768 blobs, files 0 blobs 0.0 MB read
strata serve: prompt 24677 tokens = 24676 reused + 1 read in 0 ms (14598.5 tok/s), 1 generated in 14 ms (69.0 tok/s), drafts accepted 0 of 0, 2 checkpoints
strata serve: decode expert cache hit rate: 86.6% (414 hits / 478 lookups); 2 more read by the GPU over PCIe or from another GPU (0.4% of all 480 routed)
strata serve: resident RAM: 63.28 GiB of experts in RAM, 0 exchanged with the VRAM tier, 0 blob reads from the file
safetensors residency metrics: ram_bytes=67948118016 os_locked_bytes=0 cuda_pinned_bytes=67948118016 promotions=5073 promoted_payload_bytes=14025911568 expert_file_bytes=0 (cumulative; payload is not a physical PCIe counter)
safetensors ngram metrics: ple io: 660208 rows, 51.3% row-cache hits, 259231 SSD reads (1062.5 MB), read p50 220 us p99 518 us, blocked 406.631 ms total (submit 3.623 ms), cache 250522/1048576 rows, SSD kept awake by 101 reads (slowest 10.2 ms)
strata serve: expert tiers: GPU 414 hits this request; since the start RAM 157834 blobs, files 0 blobs 0.0 MB read
strata serve: prompt 24678 tokens = 24677 reused + 1 read in 0 ms (14265.3 tok/s), 1 generated in 26 ms (38.2 tok/s), drafts accepted 0 of 0, 2 checkpoints
strata serve: decode expert cache hit rate: 83.6% (397 hits / 475 lookups); 5 more read by the GPU over PCIe or from another GPU (1.0% of all 480 routed)
strata serve: resident RAM: 63.28 GiB of experts in RAM, 0 exchanged with the VRAM tier, 0 blob reads from the file
safetensors residency metrics: ram_bytes=67948118016 os_locked_bytes=0 cuda_pinned_bytes=67948118016 promotions=5073 promoted_payload_bytes=14025911568 expert_file_bytes=0 (cumulative; payload is not a physical PCIe counter)
safetensors ngram metrics: ple io: 660224 rows, 51.3% row-cache hits, 259247 SSD reads (1062.5 MB), read p50 220 us p99 518 us, blocked 406.631 ms total (submit 3.642 ms), cache 250538/1048576 rows, SSD kept awake by 101 reads (slowest 10.2 ms)
strata serve: expert tiers: GPU 397 hits this request; since the start RAM 157917 blobs, files 0 blobs 0.0 MB read
strata serve: prompt 24679 tokens = 24678 reused + 1 read in 0 ms (14771.0 tok/s), 1 generated in 16 ms (62.2 tok/s), drafts accepted 0 of 0, 2 checkpoints
strata serve: decode expert cache hit rate: 84.1% (398 hits / 473 lookups); 7 more read by the GPU over PCIe or from another GPU (1.5% of all 480 routed)
strata serve: resident RAM: 63.28 GiB of experts in RAM, 0 exchanged with the VRAM tier, 0 blob reads from the file
safetensors residency metrics: ram_bytes=67948118016 os_locked_bytes=0 cuda_pinned_bytes=67948118016 promotions=5073 promoted_payload_bytes=14025911568 expert_file_bytes=0 (cumulative; payload is not a physical PCIe counter)
safetensors ngram metrics: ple io: 660240 rows, 51.3% row-cache hits, 259255 SSD reads (1062.6 MB), read p50 220 us p99 518 us, blocked 406.632 ms total (submit 3.652 ms), cache 250546/1048576 rows, SSD kept awake by 101 reads (slowest 10.2 ms)
strata serve: expert tiers: GPU 398 hits this request; since the start RAM 158052 blobs, files 0 blobs 0.0 MB read
strata serve: prompt 24680 tokens = 24679 reused + 1 read in 0 ms (6435.0 tok/s), 1 generated in 15 ms (64.7 tok/s), drafts accepted 0 of 0, 2 checkpoints
strata serve: decode expert cache hit rate: 80.9% (381 hits / 471 lookups); 9 more read by the GPU over PCIe or from another GPU (1.9% of all 480 routed)
strata serve: resident RAM: 63.28 GiB of experts in RAM, 0 exchanged with the VRAM tier, 0 blob reads from the file
safetensors residency metrics: ram_bytes=67948118016 os_locked_bytes=0 cuda_pinned_bytes=67948118016 promotions=5126 promoted_payload_bytes=14172446816 expert_file_bytes=0 (cumulative; payload is not a physical PCIe counter)
safetensors ngram metrics: ple io: 660256 rows, 51.3% row-cache hits, 259255 SSD reads (1062.6 MB), read p50 220 us p99 518 us, blocked 406.632 ms total (submit 3.652 ms), cache 250546/1048576 rows, SSD kept awake by 101 reads (slowest 10.2 ms)
strata serve: expert tiers: GPU 381 hits this request; since the start RAM 158151 blobs, files 0 blobs 0.0 MB read
strata serve: prompt 24681 tokens = 24680 reused + 1 read in 0 ms (14306.2 tok/s), 1 generated in 16 ms (64.4 tok/s), drafts accepted 0 of 0, 2 checkpoints
strata serve: decode expert cache hit rate: 80.1% (374 hits / 467 lookups); 13 more read by the GPU over PCIe or from another GPU (2.7% of all 480 routed)
strata serve: resident RAM: 63.28 GiB of experts in RAM, 0 exchanged with the VRAM tier, 0 blob reads from the file
safetensors residency metrics: ram_bytes=67948118016 os_locked_bytes=0 cuda_pinned_bytes=67948118016 promotions=5126 promoted_payload_bytes=14172446816 expert_file_bytes=0 (cumulative; payload is not a physical PCIe counter)
safetensors ngram metrics: ple io: 660272 rows, 51.3% row-cache hits, 259263 SSD reads (1062.6 MB), read p50 220 us p99 518 us, blocked 406.632 ms total (submit 3.668 ms), cache 250554/1048576 rows, SSD kept awake by 101 reads (slowest 10.2 ms)
strata serve: expert tiers: GPU 374 hits this request; since the start RAM 158257 blobs, files 0 blobs 0.0 MB read
strata serve: prompt 24682 tokens = 24681 reused + 1 read in 0 ms (14104.4 tok/s), 1 generated in 18 ms (56.3 tok/s), drafts accepted 0 of 0, 2 checkpoints
strata serve: decode expert cache hit rate: 68.7% (312 hits / 454 lookups); 26 more read by the GPU over PCIe or from another GPU (5.4% of all 480 routed)
strata serve: resident RAM: 63.28 GiB of experts in RAM, 0 exchanged with the VRAM tier, 0 blob reads from the file
safetensors residency metrics: ram_bytes=67948118016 os_locked_bytes=0 cuda_pinned_bytes=67948118016 promotions=5126 promoted_payload_bytes=14172446816 expert_file_bytes=0 (cumulative; payload is not a physical PCIe counter)
safetensors ngram metrics: ple io: 660288 rows, 51.3% row-cache hits, 259279 SSD reads (1062.7 MB), read p50 220 us p99 518 us, blocked 406.633 ms total (submit 3.681 ms), cache 250570/1048576 rows, SSD kept awake by 101 reads (slowest 10.2 ms)
strata serve: expert tiers: GPU 312 hits this request; since the start RAM 158425 blobs, files 0 blobs 0.0 MB read
strata serve: prompt 24683 tokens = 24682 reused + 1 read in 0 ms (13927.6 tok/s), 1 generated in 18 ms (54.7 tok/s), drafts accepted 0 of 0, 2 checkpoints
strata serve: decode expert cache hit rate: 84.2% (400 hits / 475 lookups); 5 more read by the GPU over PCIe or from another GPU (1.0% of all 480 routed)
strata serve: resident RAM: 63.28 GiB of experts in RAM, 0 exchanged with the VRAM tier, 0 blob reads from the file
safetensors residency metrics: ram_bytes=67948118016 os_locked_bytes=0 cuda_pinned_bytes=67948118016 promotions=5126 promoted_payload_bytes=14172446816 expert_file_bytes=0 (cumulative; payload is not a physical PCIe counter)
safetensors ngram metrics: ple io: 660304 rows, 51.3% row-cache hits, 259295 SSD reads (1062.7 MB), read p50 220 us p99 519 us, blocked 408.731 ms total (submit 3.700 ms), cache 250586/1048576 rows, SSD kept awake by 101 reads (slowest 10.2 ms)
strata serve: expert tiers: GPU 400 hits this request; since the start RAM 158577 blobs, files 0 blobs 0.0 MB read
strata serve: prompt 24684 tokens = 24683 reused + 1 read in 0 ms (5941.8 tok/s), 1 generated in 17 ms (59.0 tok/s), drafts accepted 0 of 0, 2 checkpoints
strata serve: decode expert cache hit rate: 72.1% (330 hits / 458 lookups); 22 more read by the GPU over PCIe or from another GPU (4.6% of all 480 routed)
strata serve: resident RAM: 63.28 GiB of experts in RAM, 0 exchanged with the VRAM tier, 0 blob reads from the file
safetensors residency metrics: ram_bytes=67948118016 os_locked_bytes=0 cuda_pinned_bytes=67948118016 promotions=5198 promoted_payload_bytes=14371513568 expert_file_bytes=0 (cumulative; payload is not a physical PCIe counter)
safetensors ngram metrics: ple io: 660320 rows, 51.3% row-cache hits, 259311 SSD reads (1062.8 MB), read p50 220 us p99 519 us, blocked 408.731 ms total (submit 3.713 ms), cache 250602/1048576 rows, SSD kept awake by 101 reads (slowest 10.2 ms)
strata serve: expert tiers: GPU 330 hits this request; since the start RAM 158727 blobs, files 0 blobs 0.0 MB read
strata serve: prompt 24685 tokens = 24684 reused + 1 read in 0 ms (12422.4 tok/s), 1 generated in 15 ms (66.5 tok/s), drafts accepted 0 of 0, 2 checkpoints
strata serve: decode expert cache hit rate: 85.7% (407 hits / 475 lookups); 5 more read by the GPU over PCIe or from another GPU (1.0% of all 480 routed)
strata serve: resident RAM: 63.28 GiB of experts in RAM, 0 exchanged with the VRAM tier, 0 blob reads from the file
safetensors residency metrics: ram_bytes=67948118016 os_locked_bytes=0 cuda_pinned_bytes=67948118016 promotions=5198 promoted_payload_bytes=14371513568 expert_file_bytes=0 (cumulative; payload is not a physical PCIe counter)
safetensors ngram metrics: ple io: 660336 rows, 51.3% row-cache hits, 259327 SSD reads (1062.9 MB), read p50 220 us p99 519 us, blocked 408.731 ms total (submit 3.726 ms), cache 250617/1048576 rows, SSD kept awake by 101 reads (slowest 10.2 ms)
strata serve: expert tiers: GPU 407 hits this request; since the start RAM 158800 blobs, files 0 blobs 0.0 MB read
strata serve: prompt 24686 tokens = 24685 reused + 1 read in 0 ms (12610.3 tok/s), 1 generated in 15 ms (65.0 tok/s), drafts accepted 0 of 0, 2 checkpoints
strata serve: decode expert cache hit rate: 82.8% (391 hits / 472 lookups); 8 more read by the GPU over PCIe or from another GPU (1.7% of all 480 routed)
strata serve: resident RAM: 63.28 GiB of experts in RAM, 0 exchanged with the VRAM tier, 0 blob reads from the file
safetensors residency metrics: ram_bytes=67948118016 os_locked_bytes=0 cuda_pinned_bytes=67948118016 promotions=5198 promoted_payload_bytes=14371513568 expert_file_bytes=0 (cumulative; payload is not a physical PCIe counter)
safetensors ngram metrics: ple io: 660352 rows, 51.3% row-cache hits, 259343 SSD reads (1063.0 MB), read p50 220 us p99 519 us, blocked 408.732 ms total (submit 3.739 ms), cache 250633/1048576 rows, SSD kept awake by 101 reads (slowest 10.2 ms)
strata serve: expert tiers: GPU 391 hits this request; since the start RAM 158889 blobs, files 0 blobs 0.0 MB read
strata serve: prompt 24687 tokens = 24686 reused + 1 read in 0 ms (11834.3 tok/s), 1 generated in 17 ms (59.9 tok/s), drafts accepted 0 of 0, 2 checkpoints
strata serve: decode expert cache hit rate: 79.4% (377 hits / 475 lookups); 5 more read by the GPU over PCIe or from another GPU (1.0% of all 480 routed)
strata serve: resident RAM: 63.28 GiB of experts in RAM, 0 exchanged with the VRAM tier, 0 blob reads from the file
safetensors residency metrics: ram_bytes=67948118016 os_locked_bytes=0 cuda_pinned_bytes=67948118016 promotions=5198 promoted_payload_bytes=14371513568 expert_file_bytes=0 (cumulative; payload is not a physical PCIe counter)
safetensors ngram metrics: ple io: 660368 rows, 51.3% row-cache hits, 259359 SSD reads (1063.0 MB), read p50 220 us p99 519 us, blocked 408.732 ms total (submit 3.752 ms), cache 250649/1048576 rows, SSD kept awake by 101 reads (slowest 10.2 ms)
strata serve: expert tiers: GPU 377 hits this request; since the start RAM 159061 blobs, files 0 blobs 0.0 MB read
strata serve: prompt 24688 tokens = 24687 reused + 1 read in 0 ms (6031.4 tok/s), 1 generated in 16 ms (63.0 tok/s), drafts accepted 0 of 0, 2 checkpoints
strata serve: decode expert cache hit rate: 77.6% (368 hits / 474 lookups); 6 more read by the GPU over PCIe or from another GPU (1.2% of all 480 routed)
strata serve: resident RAM: 63.28 GiB of experts in RAM, 0 exchanged with the VRAM tier, 0 blob reads from the file
safetensors residency metrics: ram_bytes=67948118016 os_locked_bytes=0 cuda_pinned_bytes=67948118016 promotions=5267 promoted_payload_bytes=14562285872 expert_file_bytes=0 (cumulative; payload is not a physical PCIe counter)
safetensors ngram metrics: ple io: 660384 rows, 51.3% row-cache hits, 259375 SSD reads (1063.1 MB), read p50 220 us p99 519 us, blocked 408.733 ms total (submit 3.775 ms), cache 250665/1048576 rows, SSD kept awake by 101 reads (slowest 10.2 ms)
strata serve: expert tiers: GPU 368 hits this request; since the start RAM 159173 blobs, files 0 blobs 0.0 MB read
strata serve: prompt 24689 tokens = 24688 reused + 1 read in 0 ms (12562.8 tok/s), 1 generated in 16 ms (61.9 tok/s), drafts accepted 0 of 0, 2 checkpoints
strata serve: decode expert cache hit rate: 77.4% (362 hits / 468 lookups); 12 more read by the GPU over PCIe or from another GPU (2.5% of all 480 routed)
strata serve: resident RAM: 63.28 GiB of experts in RAM, 0 exchanged with the VRAM tier, 0 blob reads from the file
safetensors residency metrics: ram_bytes=67948118016 os_locked_bytes=0 cuda_pinned_bytes=67948118016 promotions=5267 promoted_payload_bytes=14562285872 expert_file_bytes=0 (cumulative; payload is not a physical PCIe counter)
safetensors ngram metrics: ple io: 660400 rows, 51.3% row-cache hits, 259383 SSD reads (1063.1 MB), read p50 220 us p99 519 us, blocked 408.733 ms total (submit 3.787 ms), cache 250673/1048576 rows, SSD kept awake by 101 reads (slowest 10.2 ms)
strata serve: expert tiers: GPU 362 hits this request; since the start RAM 159291 blobs, files 0 blobs 0.0 MB read
safetensors: post-residency expert source bytes=0
safetensors: post-residency MTP source bytes=0
