[strata] 2026-10-10 02:29:37 engine started: G:\Strata\Strata-Safetensors\build-native-engine\strata.exe --serve --safetensors D:\迅雷下载\Qwen3.8-flash-next-nvfp4 --max-context 4096 --prefill 256 --spec 2 --suffix-draft 0 --expert-cache 7000 --expert-profile G:\Strata\Strata-Safetensors\data\expert-profile.bin --pcie-frac 0 --pcie-mode dma --no-prefill-borrow --greedy --stats --check-logits --adapt-every 0 --adapt-swaps 0 --prompt-cache 6 --conversation-cache-mib 4096 --conversation-cache-slots 4 --mtp-max-t 1 --spec-min-p 0
strata generate: native pack:  experts (largest blob 2.76 MB), token embedding BF16 in mapped host memory (1212 MiB, 1.7 s)
strata generate: 7016 MiB of weights loaded from  in 10.7 s (1 canonical tensors skipped: served natively)
strata generate: GPU 0: NVIDIA GeForce RTX 5090, compute capability 12.0
strata generate: the SSD is kept awake while rows are read: one page of the table after 100 ms without a read, until 60 s after the last request (STRATA_SSD_KEEPALIVE=0 turns it off)
strata generate: profile G:\Strata\Strata-Safetensors\data\expert-profile.bin: 24576 ranked pairs, built for 24576 slots
strata generate: native BF16 head, 1271398400 bytes, in 1.3 s
safetensors: resident experts 1/48 layers
safetensors: resident experts 2/48 layers
safetensors: resident experts 3/48 layers
safetensors: resident experts 4/48 layers
safetensors: resident experts 5/48 layers
safetensors: resident experts 6/48 layers
safetensors: resident experts 7/48 layers
safetensors: resident experts 8/48 layers
safetensors: resident experts 9/48 layers
safetensors: resident experts 10/48 layers
safetensors: resident experts 11/48 layers
safetensors: resident experts 12/48 layers
safetensors: resident experts 13/48 layers
safetensors: resident experts 14/48 layers
safetensors: resident experts 15/48 layers
safetensors: resident experts 16/48 layers
safetensors: resident experts 17/48 layers
safetensors: resident experts 18/48 layers
safetensors: resident experts 19/48 layers
safetensors: resident experts 20/48 layers
safetensors: resident experts 21/48 layers
safetensors: resident experts 22/48 layers
safetensors: resident experts 23/48 layers
safetensors: resident experts 24/48 layers
safetensors: resident experts 25/48 layers
safetensors: resident experts 26/48 layers
safetensors: resident experts 27/48 layers
safetensors: resident experts 28/48 layers
safetensors: resident experts 29/48 layers
safetensors: resident experts 30/48 layers
safetensors: resident experts 31/48 layers
safetensors: resident experts 32/48 layers
safetensors: resident experts 33/48 layers
safetensors: resident experts 34/48 layers
safetensors: resident experts 35/48 layers
safetensors: resident experts 36/48 layers
safetensors: resident experts 37/48 layers
safetensors: resident experts 38/48 layers
safetensors: resident experts 39/48 layers
safetensors: resident experts 40/48 layers
safetensors: resident experts 41/48 layers
safetensors: resident experts 42/48 layers
safetensors: resident experts 43/48 layers
safetensors: resident experts 44/48 layers
safetensors: resident experts 45/48 layers
safetensors: resident experts 46/48 layers
safetensors: resident experts 47/48 layers
safetensors: resident experts 48/48 layers
safetensors: 63.282 GiB physically page-locked and GPU-mapped via cudaHostAlloc, 0.0 MiB GPU staging
safetensors: all expert weights in locked RAM; expert source reads sealed
strata generate: CPU pool tasks/phase: 48 (automatic), participating threads: 16
strata generate: 15 pool workers on logical processors 2,4,6,8,10,12,14,16,18,20,22,24,26,28,30, the host thread on 0 (draining too) (--host-core first)
strata generate: expert cache 6999 slots, 18.02 GiB of VRAM; policy is
strata generate: the GPU computes the experts in the cache; it rounds differently from the CPU,
                 so a reply can differ slightly from a run without the cache (same quality:
                 bench/results/2026-09-27-cache-parity).
                 PROFILE, ranked by routing frequency, no eviction.
strata generate: the profile fill asks for 0 pairs ahead (STRATA_FILL_AHEAD)
strata generate: pre-filled 6999 of 6999 slots from the profile in 0.8 s (25143 MB/s); slot 0 verified
strata generate: R4 hit path ON - resident experts are computed on the GPU
strata generate: 15 expert-pool workers + the host thread
strata generate: session is up (engine 0.1.41)
strata generate: token graph hit path: 6999 resident experts, decided on the device
strata generate: resident RAM mode: 63.28 GiB of experts in RAM (page-locked), 6999 in the GPU cache; adaptive swaps off
strata serve: the prompt path allocates its own buffers (too few cache slots to borrow)
strata prefill allocation: requested=256 effective=256 capacity=256 workspace_bytes=246946816 free_vram_bytes=2934394880
strata hc: CUDA0: the hyper-connection read runs as staged (the norm per token and stream, the down projection's activations staged ahead by cp.async); checked bit for bit against the plain read on this card (STRATA_HC_SPLIT=1 or 0 for the earlier ones)
strata verify: window up to 2 tokens, 348.8 MiB of device buffers
strata serve: STRATA_ADAPT_FETCH is off (the adaptive tier is off)
strata serve: 2512 MiB of VRAM free with everything loaded
strata verify: capturing the 2-token window (2512 MiB of VRAM free)
strata: the hyper-connection read v4 (programmatic dependent launch)
strata verify: captured the 2-token window (upload no error, sync no error)
strata verify: capturing the 1-token window (2508 MiB of VRAM free)
strata verify: captured the 1-token window (upload no error, sync no error)
strata serve: prompt 23 tokens = 0 reused + 23 read in 532 ms (43.3 tok/s), 1 generated in 29 ms (34.8 tok/s), drafts accepted 0 of 0, 1 checkpoints
strata serve: decode expert cache hit rate: 69.0% (331 hits / 480 lookups)
strata serve: resident RAM: 63.28 GiB of experts in RAM, 0 exchanged with the VRAM tier, 0 blob reads from the file
safetensors residency metrics: ram_bytes=67948118016 os_locked_bytes=0 cuda_pinned_bytes=67948118016 promotions=0 promoted_payload_bytes=0 expert_file_bytes=0 (cumulative; payload is not a physical PCIe counter)
safetensors ngram metrics: ple io: 368 rows, 0.0% row-cache hits, 368 SSD reads (1.6 MB), read p50 1547 us p99 5525 us, blocked 21.784 ms total (submit 0.262 ms), cache 368/1048576 rows, SSD kept awake by 1 reads (slowest 4.5 ms)
strata serve: expert tiers: GPU 331 hits this request; since the start RAM 11647 blobs, files 0 blobs 0.0 MB read
strata serve: prompt 24 tokens = 23 reused + 1 read in 0 ms (41493.8 tok/s), 1 generated in 21 ms (47.1 tok/s), drafts accepted 0 of 0, 1 checkpoints
strata serve: decode expert cache hit rate: 68.3% (328 hits / 480 lookups)
strata serve: resident RAM: 63.28 GiB of experts in RAM, 0 exchanged with the VRAM tier, 0 blob reads from the file
safetensors residency metrics: ram_bytes=67948118016 os_locked_bytes=0 cuda_pinned_bytes=67948118016 promotions=0 promoted_payload_bytes=0 expert_file_bytes=0 (cumulative; payload is not a physical PCIe counter)
safetensors ngram metrics: ple io: 384 rows, 0.0% row-cache hits, 384 SSD reads (1.6 MB), read p50 1490 us p99 5525 us, blocked 22.480 ms total (submit 0.277 ms), cache 384/1048576 rows, SSD kept awake by 1 reads (slowest 4.5 ms)
strata serve: expert tiers: GPU 328 hits this request; since the start RAM 11799 blobs, files 0 blobs 0.0 MB read
strata serve: prompt 25 tokens = 24 reused + 1 read in 0 ms (46948.4 tok/s), 1 generated in 25 ms (39.6 tok/s), drafts accepted 0 of 0, 1 checkpoints
strata serve: decode expert cache hit rate: 52.1% (250 hits / 480 lookups)
strata serve: resident RAM: 63.28 GiB of experts in RAM, 0 exchanged with the VRAM tier, 0 blob reads from the file
safetensors residency metrics: ram_bytes=67948118016 os_locked_bytes=0 cuda_pinned_bytes=67948118016 promotions=0 promoted_payload_bytes=0 expert_file_bytes=0 (cumulative; payload is not a physical PCIe counter)
safetensors ngram metrics: ple io: 400 rows, 0.0% row-cache hits, 400 SSD reads (1.7 MB), read p50 1460 us p99 5525 us, blocked 23.628 ms total (submit 0.294 ms), cache 400/1048576 rows, SSD kept awake by 1 reads (slowest 4.5 ms)
strata serve: expert tiers: GPU 250 hits this request; since the start RAM 12029 blobs, files 0 blobs 0.0 MB read
strata serve: prompt 26 tokens = 25 reused + 1 read in 0 ms (50000.0 tok/s), 1 generated in 24 ms (42.2 tok/s), drafts accepted 0 of 0, 1 checkpoints
strata serve: decode expert cache hit rate: 50.2% (241 hits / 480 lookups)
strata serve: resident RAM: 63.28 GiB of experts in RAM, 0 exchanged with the VRAM tier, 0 blob reads from the file
safetensors residency metrics: ram_bytes=67948118016 os_locked_bytes=0 cuda_pinned_bytes=67948118016 promotions=0 promoted_payload_bytes=0 expert_file_bytes=0 (cumulative; payload is not a physical PCIe counter)
safetensors ngram metrics: ple io: 416 rows, 1.9% row-cache hits, 408 SSD reads (1.8 MB), read p50 1424 us p99 5525 us, blocked 23.628 ms total (submit 0.314 ms), cache 408/1048576 rows, SSD kept awake by 1 reads (slowest 4.5 ms)
strata serve: expert tiers: GPU 241 hits this request; since the start RAM 12268 blobs, files 0 blobs 0.0 MB read
strata serve: prompt 27 tokens = 26 reused + 1 read in 0 ms (51813.5 tok/s), 1 generated in 23 ms (43.4 tok/s), drafts accepted 0 of 0, 1 checkpoints
strata serve: decode expert cache hit rate: 55.2% (265 hits / 480 lookups)
strata serve: resident RAM: 63.28 GiB of experts in RAM, 0 exchanged with the VRAM tier, 0 blob reads from the file
safetensors residency metrics: ram_bytes=67948118016 os_locked_bytes=0 cuda_pinned_bytes=67948118016 promotions=0 promoted_payload_bytes=0 expert_file_bytes=0 (cumulative; payload is not a physical PCIe counter)
safetensors ngram metrics: ple io: 432 rows, 5.6% row-cache hits, 408 SSD reads (1.8 MB), read p50 1424 us p99 5525 us, blocked 23.628 ms total (submit 0.314 ms), cache 408/1048576 rows, SSD kept awake by 1 reads (slowest 4.5 ms)
strata serve: expert tiers: GPU 265 hits this request; since the start RAM 12483 blobs, files 0 blobs 0.0 MB read
strata serve: prompt 28 tokens = 27 reused + 1 read in 0 ms (49751.2 tok/s), 1 generated in 21 ms (48.7 tok/s), drafts accepted 0 of 0, 1 checkpoints
strata serve: decode expert cache hit rate: 63.1% (303 hits / 480 lookups)
strata serve: resident RAM: 63.28 GiB of experts in RAM, 0 exchanged with the VRAM tier, 0 blob reads from the file
safetensors residency metrics: ram_bytes=67948118016 os_locked_bytes=0 cuda_pinned_bytes=67948118016 promotions=0 promoted_payload_bytes=0 expert_file_bytes=0 (cumulative; payload is not a physical PCIe counter)
safetensors ngram metrics: ple io: 448 rows, 8.9% row-cache hits, 408 SSD reads (1.8 MB), read p50 1424 us p99 5525 us, blocked 23.629 ms total (submit 0.314 ms), cache 408/1048576 rows, SSD kept awake by 2 reads (slowest 4.5 ms)
strata serve: expert tiers: GPU 303 hits this request; since the start RAM 12660 blobs, files 0 blobs 0.0 MB read
strata serve: prompt 29 tokens = 28 reused + 1 read in 0 ms (51020.4 tok/s), 1 generated in 21 ms (47.2 tok/s), drafts accepted 0 of 0, 1 checkpoints
strata serve: decode expert cache hit rate: 69.8% (335 hits / 480 lookups)
strata serve: resident RAM: 63.28 GiB of experts in RAM, 0 exchanged with the VRAM tier, 0 blob reads from the file
safetensors residency metrics: ram_bytes=67948118016 os_locked_bytes=0 cuda_pinned_bytes=67948118016 promotions=0 promoted_payload_bytes=0 expert_file_bytes=0 (cumulative; payload is not a physical PCIe counter)
safetensors ngram metrics: ple io: 464 rows, 8.6% row-cache hits, 424 SSD reads (1.8 MB), read p50 1392 us p99 5525 us, blocked 24.577 ms total (submit 0.349 ms), cache 424/1048576 rows, SSD kept awake by 2 reads (slowest 4.5 ms)
strata serve: expert tiers: GPU 335 hits this request; since the start RAM 12805 blobs, files 0 blobs 0.0 MB read
strata serve: prompt 30 tokens = 29 reused + 1 read in 0 ms (51813.5 tok/s), 1 generated in 23 ms (42.6 tok/s), drafts accepted 0 of 0, 1 checkpoints
strata serve: decode expert cache hit rate: 58.3% (280 hits / 480 lookups)
strata serve: resident RAM: 63.28 GiB of experts in RAM, 0 exchanged with the VRAM tier, 0 blob reads from the file
safetensors residency metrics: ram_bytes=67948118016 os_locked_bytes=0 cuda_pinned_bytes=67948118016 promotions=0 promoted_payload_bytes=0 expert_file_bytes=0 (cumulative; payload is not a physical PCIe counter)
safetensors ngram metrics: ple io: 480 rows, 8.3% row-cache hits, 440 SSD reads (1.9 MB), read p50 1339 us p99 5525 us, blocked 25.129 ms total (submit 0.364 ms), cache 440/1048576 rows, SSD kept awake by 2 reads (slowest 4.5 ms)
strata serve: expert tiers: GPU 280 hits this request; since the start RAM 13005 blobs, files 0 blobs 0.0 MB read
strata serve: prompt 31 tokens = 30 reused + 1 read in 0 ms (46296.3 tok/s), 1 generated in 23 ms (43.2 tok/s), drafts accepted 0 of 0, 1 checkpoints
strata serve: decode expert cache hit rate: 57.5% (276 hits / 480 lookups)
strata serve: resident RAM: 63.28 GiB of experts in RAM, 0 exchanged with the VRAM tier, 0 blob reads from the file
safetensors residency metrics: ram_bytes=67948118016 os_locked_bytes=0 cuda_pinned_bytes=67948118016 promotions=0 promoted_payload_bytes=0 expert_file_bytes=0 (cumulative; payload is not a physical PCIe counter)
safetensors ngram metrics: ple io: 496 rows, 8.1% row-cache hits, 456 SSD reads (2.0 MB), read p50 1317 us p99 5453 us, blocked 25.677 ms total (submit 0.380 ms), cache 456/1048576 rows, SSD kept awake by 2 reads (slowest 4.5 ms)
strata serve: expert tiers: GPU 276 hits this request; since the start RAM 13209 blobs, files 0 blobs 0.0 MB read
strata serve: prompt 32 tokens = 31 reused + 1 read in 0 ms (51020.4 tok/s), 1 generated in 22 ms (45.2 tok/s), drafts accepted 0 of 0, 1 checkpoints
strata serve: decode expert cache hit rate: 66.9% (321 hits / 480 lookups)
strata serve: resident RAM: 63.28 GiB of experts in RAM, 0 exchanged with the VRAM tier, 0 blob reads from the file
safetensors residency metrics: ram_bytes=67948118016 os_locked_bytes=0 cuda_pinned_bytes=67948118016 promotions=0 promoted_payload_bytes=0 expert_file_bytes=0 (cumulative; payload is not a physical PCIe counter)
safetensors ngram metrics: ple io: 512 rows, 7.8% row-cache hits, 472 SSD reads (2.0 MB), read p50 1308 us p99 5453 us, blocked 26.236 ms total (submit 0.391 ms), cache 472/1048576 rows, SSD kept awake by 2 reads (slowest 4.5 ms)
strata serve: expert tiers: GPU 321 hits this request; since the start RAM 13368 blobs, files 0 blobs 0.0 MB read
strata serve: prompt 33 tokens = 32 reused + 1 read in 0 ms (46511.6 tok/s), 1 generated in 24 ms (41.6 tok/s), drafts accepted 0 of 0, 1 checkpoints
strata serve: decode expert cache hit rate: 57.3% (275 hits / 480 lookups)
strata serve: resident RAM: 63.28 GiB of experts in RAM, 0 exchanged with the VRAM tier, 0 blob reads from the file
safetensors residency metrics: ram_bytes=67948118016 os_locked_bytes=0 cuda_pinned_bytes=67948118016 promotions=0 promoted_payload_bytes=0 expert_file_bytes=0 (cumulative; payload is not a physical PCIe counter)
safetensors ngram metrics: ple io: 528 rows, 7.6% row-cache hits, 488 SSD reads (2.1 MB), read p50 1282 us p99 5453 us, blocked 26.824 ms total (submit 0.408 ms), cache 488/1048576 rows, SSD kept awake by 2 reads (slowest 4.5 ms)
strata serve: expert tiers: GPU 275 hits this request; since the start RAM 13573 blobs, files 0 blobs 0.0 MB read
strata serve: prompt 34 tokens = 33 reused + 1 read in 0 ms (48543.7 tok/s), 1 generated in 25 ms (39.7 tok/s), drafts accepted 0 of 0, 1 checkpoints
strata serve: decode expert cache hit rate: 52.7% (253 hits / 480 lookups)
strata serve: resident RAM: 63.28 GiB of experts in RAM, 0 exchanged with the VRAM tier, 0 blob reads from the file
safetensors residency metrics: ram_bytes=67948118016 os_locked_bytes=0 cuda_pinned_bytes=67948118016 promotions=0 promoted_payload_bytes=0 expert_file_bytes=0 (cumulative; payload is not a physical PCIe counter)
safetensors ngram metrics: ple io: 544 rows, 7.4% row-cache hits, 504 SSD reads (2.2 MB), read p50 1245 us p99 5453 us, blocked 27.575 ms total (submit 0.427 ms), cache 504/1048576 rows, SSD kept awake by 2 reads (slowest 4.5 ms)
strata serve: expert tiers: GPU 253 hits this request; since the start RAM 13800 blobs, files 0 blobs 0.0 MB read
strata serve: prompt 35 tokens = 34 reused + 1 read in 0 ms (49505.0 tok/s), 1 generated in 26 ms (39.0 tok/s), drafts accepted 0 of 0, 1 checkpoints
strata serve: decode expert cache hit rate: 51.7% (248 hits / 480 lookups)
strata serve: resident RAM: 63.28 GiB of experts in RAM, 0 exchanged with the VRAM tier, 0 blob reads from the file
safetensors residency metrics: ram_bytes=67948118016 os_locked_bytes=0 cuda_pinned_bytes=67948118016 promotions=0 promoted_payload_bytes=0 expert_file_bytes=0 (cumulative; payload is not a physical PCIe counter)
safetensors ngram metrics: ple io: 560 rows, 7.1% row-cache hits, 520 SSD reads (2.2 MB), read p50 1245 us p99 5453 us, blocked 28.777 ms total (submit 0.438 ms), cache 520/1048576 rows, SSD kept awake by 2 reads (slowest 4.5 ms)
strata serve: expert tiers: GPU 248 hits this request; since the start RAM 14032 blobs, files 0 blobs 0.0 MB read
strata serve: prompt 36 tokens = 35 reused + 1 read in 0 ms (50505.1 tok/s), 1 generated in 24 ms (42.5 tok/s), drafts accepted 0 of 0, 1 checkpoints
strata serve: decode expert cache hit rate: 57.1% (274 hits / 480 lookups)
strata serve: resident RAM: 63.28 GiB of experts in RAM, 0 exchanged with the VRAM tier, 0 blob reads from the file
safetensors residency metrics: ram_bytes=67948118016 os_locked_bytes=0 cuda_pinned_bytes=67948118016 promotions=0 promoted_payload_bytes=0 expert_file_bytes=0 (cumulative; payload is not a physical PCIe counter)
safetensors ngram metrics: ple io: 576 rows, 6.9% row-cache hits, 536 SSD reads (2.3 MB), read p50 1226 us p99 5453 us, blocked 29.407 ms total (submit 0.455 ms), cache 536/1048576 rows, SSD kept awake by 2 reads (slowest 4.5 ms)
strata serve: expert tiers: GPU 274 hits this request; since the start RAM 14238 blobs, files 0 blobs 0.0 MB read
strata serve: prompt 37 tokens = 36 reused + 1 read in 0 ms (49261.1 tok/s), 1 generated in 22 ms (45.9 tok/s), drafts accepted 0 of 0, 1 checkpoints
strata serve: decode expert cache hit rate: 69.2% (332 hits / 480 lookups)
strata serve: resident RAM: 63.28 GiB of experts in RAM, 0 exchanged with the VRAM tier, 0 blob reads from the file
safetensors residency metrics: ram_bytes=67948118016 os_locked_bytes=0 cuda_pinned_bytes=67948118016 promotions=0 promoted_payload_bytes=0 expert_file_bytes=0 (cumulative; payload is not a physical PCIe counter)
safetensors ngram metrics: ple io: 592 rows, 6.8% row-cache hits, 552 SSD reads (2.4 MB), read p50 1205 us p99 5383 us, blocked 30.003 ms total (submit 0.467 ms), cache 552/1048576 rows, SSD kept awake by 2 reads (slowest 4.5 ms)
strata serve: expert tiers: GPU 332 hits this request; since the start RAM 14386 blobs, files 0 blobs 0.0 MB read
strata serve: prompt 38 tokens = 37 reused + 1 read in 0 ms (48309.2 tok/s), 1 generated in 19 ms (52.4 tok/s), drafts accepted 0 of 0, 1 checkpoints
strata serve: decode expert cache hit rate: 79.6% (382 hits / 480 lookups)
strata serve: resident RAM: 63.28 GiB of experts in RAM, 0 exchanged with the VRAM tier, 0 blob reads from the file
safetensors residency metrics: ram_bytes=67948118016 os_locked_bytes=0 cuda_pinned_bytes=67948118016 promotions=0 promoted_payload_bytes=0 expert_file_bytes=0 (cumulative; payload is not a physical PCIe counter)
safetensors ngram metrics: ple io: 608 rows, 6.6% row-cache hits, 568 SSD reads (2.4 MB), read p50 1190 us p99 5383 us, blocked 30.891 ms total (submit 0.479 ms), cache 568/1048576 rows, SSD kept awake by 2 reads (slowest 4.5 ms)
strata serve: expert tiers: GPU 382 hits this request; since the start RAM 14484 blobs, files 0 blobs 0.0 MB read
strata serve: prompt 39 tokens = 38 reused + 1 read in 0 ms (39840.6 tok/s), 1 generated in 21 ms (47.2 tok/s), drafts accepted 0 of 0, 1 checkpoints
strata serve: decode expert cache hit rate: 73.3% (352 hits / 480 lookups)
strata serve: resident RAM: 63.28 GiB of experts in RAM, 0 exchanged with the VRAM tier, 0 blob reads from the file
safetensors residency metrics: ram_bytes=67948118016 os_locked_bytes=0 cuda_pinned_bytes=67948118016 promotions=0 promoted_payload_bytes=0 expert_file_bytes=0 (cumulative; payload is not a physical PCIe counter)
safetensors ngram metrics: ple io: 624 rows, 6.4% row-cache hits, 584 SSD reads (2.5 MB), read p50 1164 us p99 5383 us, blocked 31.611 ms total (submit 0.495 ms), cache 584/1048576 rows, SSD kept awake by 2 reads (slowest 4.5 ms)
strata serve: expert tiers: GPU 352 hits this request; since the start RAM 14612 blobs, files 0 blobs 0.0 MB read
strata serve: prompt 40 tokens = 39 reused + 1 read in 0 ms (39525.7 tok/s), 1 generated in 20 ms (50.4 tok/s), drafts accepted 0 of 0, 1 checkpoints
strata serve: decode expert cache hit rate: 71.9% (345 hits / 480 lookups)
strata serve: resident RAM: 63.28 GiB of experts in RAM, 0 exchanged with the VRAM tier, 0 blob reads from the file
safetensors residency metrics: ram_bytes=67948118016 os_locked_bytes=0 cuda_pinned_bytes=67948118016 promotions=0 promoted_payload_bytes=0 expert_file_bytes=0 (cumulative; payload is not a physical PCIe counter)
safetensors ngram metrics: ple io: 640 rows, 6.2% row-cache hits, 600 SSD reads (2.6 MB), read p50 1157 us p99 5383 us, blocked 32.358 ms total (submit 0.510 ms), cache 600/1048576 rows, SSD kept awake by 2 reads (slowest 4.5 ms)
strata serve: expert tiers: GPU 345 hits this request; since the start RAM 14747 blobs, files 0 blobs 0.0 MB read
strata serve: prompt 41 tokens = 40 reused + 1 read in 0 ms (40816.3 tok/s), 1 generated in 22 ms (45.5 tok/s), drafts accepted 0 of 0, 1 checkpoints
strata serve: decode expert cache hit rate: 65.6% (315 hits / 480 lookups)
strata serve: resident RAM: 63.28 GiB of experts in RAM, 0 exchanged with the VRAM tier, 0 blob reads from the file
safetensors residency metrics: ram_bytes=67948118016 os_locked_bytes=0 cuda_pinned_bytes=67948118016 promotions=0 promoted_payload_bytes=0 expert_file_bytes=0 (cumulative; payload is not a physical PCIe counter)
safetensors ngram metrics: ple io: 656 rows, 6.1% row-cache hits, 616 SSD reads (2.6 MB), read p50 1146 us p99 5383 us, blocked 33.108 ms total (submit 0.522 ms), cache 616/1048576 rows, SSD kept awake by 2 reads (slowest 4.5 ms)
strata serve: expert tiers: GPU 315 hits this request; since the start RAM 14912 blobs, files 0 blobs 0.0 MB read
strata serve: prompt 42 tokens = 41 reused + 1 read in 0 ms (43859.6 tok/s), 1 generated in 25 ms (40.5 tok/s), drafts accepted 0 of 0, 1 checkpoints
strata serve: decode expert cache hit rate: 56.0% (269 hits / 480 lookups)
strata serve: resident RAM: 63.28 GiB of experts in RAM, 0 exchanged with the VRAM tier, 0 blob reads from the file
safetensors residency metrics: ram_bytes=67948118016 os_locked_bytes=0 cuda_pinned_bytes=67948118016 promotions=0 promoted_payload_bytes=0 expert_file_bytes=0 (cumulative; payload is not a physical PCIe counter)
safetensors ngram metrics: ple io: 672 rows, 6.0% row-cache hits, 632 SSD reads (2.7 MB), read p50 1130 us p99 5383 us, blocked 33.606 ms total (submit 0.532 ms), cache 632/1048576 rows, SSD kept awake by 2 reads (slowest 4.5 ms)
strata serve: expert tiers: GPU 269 hits this request; since the start RAM 15123 blobs, files 0 blobs 0.0 MB read
strata serve: prompt 43 tokens = 42 reused + 1 read in 0 ms (42194.1 tok/s), 1 generated in 24 ms (42.4 tok/s), drafts accepted 0 of 0, 1 checkpoints
strata serve: decode expert cache hit rate: 54.6% (262 hits / 480 lookups)
strata serve: resident RAM: 63.28 GiB of experts in RAM, 0 exchanged with the VRAM tier, 0 blob reads from the file
safetensors residency metrics: ram_bytes=67948118016 os_locked_bytes=0 cuda_pinned_bytes=67948118016 promotions=0 promoted_payload_bytes=0 expert_file_bytes=0 (cumulative; payload is not a physical PCIe counter)
safetensors ngram metrics: ple io: 688 rows, 5.8% row-cache hits, 648 SSD reads (2.8 MB), read p50 1126 us p99 5383 us, blocked 34.013 ms total (submit 0.553 ms), cache 648/1048576 rows, SSD kept awake by 2 reads (slowest 4.5 ms)
strata serve: expert tiers: GPU 262 hits this request; since the start RAM 15341 blobs, files 0 blobs 0.0 MB read
strata serve: prompt 44 tokens = 43 reused + 1 read in 0 ms (45871.6 tok/s), 1 generated in 22 ms (45.4 tok/s), drafts accepted 0 of 0, 1 checkpoints
strata serve: decode expert cache hit rate: 66.7% (320 hits / 480 lookups)
strata serve: resident RAM: 63.28 GiB of experts in RAM, 0 exchanged with the VRAM tier, 0 blob reads from the file
safetensors residency metrics: ram_bytes=67948118016 os_locked_bytes=0 cuda_pinned_bytes=67948118016 promotions=0 promoted_payload_bytes=0 expert_file_bytes=0 (cumulative; payload is not a physical PCIe counter)
safetensors ngram metrics: ple io: 704 rows, 5.7% row-cache hits, 664 SSD reads (2.8 MB), read p50 1117 us p99 5300 us, blocked 34.686 ms total (submit 0.567 ms), cache 664/1048576 rows, SSD kept awake by 2 reads (slowest 4.5 ms)
strata serve: expert tiers: GPU 320 hits this request; since the start RAM 15501 blobs, files 0 blobs 0.0 MB read
strata serve: prompt 45 tokens = 44 reused + 1 read in 0 ms (15037.6 tok/s), 1 generated in 21 ms (48.5 tok/s), drafts accepted 0 of 0, 1 checkpoints
strata serve: decode expert cache hit rate: 69.0% (331 hits / 480 lookups)
strata serve: resident RAM: 63.28 GiB of experts in RAM, 0 exchanged with the VRAM tier, 0 blob reads from the file
safetensors residency metrics: ram_bytes=67948118016 os_locked_bytes=0 cuda_pinned_bytes=67948118016 promotions=0 promoted_payload_bytes=0 expert_file_bytes=0 (cumulative; payload is not a physical PCIe counter)
safetensors ngram metrics: ple io: 720 rows, 5.6% row-cache hits, 680 SSD reads (2.9 MB), read p50 1102 us p99 5300 us, blocked 35.043 ms total (submit 0.588 ms), cache 680/1048576 rows, SSD kept awake by 2 reads (slowest 4.5 ms)
strata serve: expert tiers: GPU 331 hits this request; since the start RAM 15650 blobs, files 0 blobs 0.0 MB read
strata serve: prompt 46 tokens = 45 reused + 1 read in 0 ms (47169.8 tok/s), 1 generated in 21 ms (46.7 tok/s), drafts accepted 0 of 0, 1 checkpoints
strata serve: decode expert cache hit rate: 69.8% (335 hits / 480 lookups)
strata serve: resident RAM: 63.28 GiB of experts in RAM, 0 exchanged with the VRAM tier, 0 blob reads from the file
safetensors residency metrics: ram_bytes=67948118016 os_locked_bytes=0 cuda_pinned_bytes=67948118016 promotions=0 promoted_payload_bytes=0 expert_file_bytes=0 (cumulative; payload is not a physical PCIe counter)
safetensors ngram metrics: ple io: 736 rows, 5.4% row-cache hits, 696 SSD reads (3.0 MB), read p50 1100 us p99 5300 us, blocked 35.635 ms total (submit 0.599 ms), cache 696/1048576 rows, SSD kept awake by 2 reads (slowest 4.5 ms)
strata serve: expert tiers: GPU 335 hits this request; since the start RAM 15795 blobs, files 0 blobs 0.0 MB read
strata serve: prompt 47 tokens = 46 reused + 1 read in 0 ms (43290.0 tok/s), 1 generated in 22 ms (45.0 tok/s), drafts accepted 0 of 0, 1 checkpoints
strata serve: decode expert cache hit rate: 64.2% (308 hits / 480 lookups)
strata serve: resident RAM: 63.28 GiB of experts in RAM, 0 exchanged with the VRAM tier, 0 blob reads from the file
safetensors residency metrics: ram_bytes=67948118016 os_locked_bytes=0 cuda_pinned_bytes=67948118016 promotions=0 promoted_payload_bytes=0 expert_file_bytes=0 (cumulative; payload is not a physical PCIe counter)
safetensors ngram metrics: ple io: 752 rows, 5.3% row-cache hits, 712 SSD reads (3.0 MB), read p50 1095 us p99 5300 us, blocked 36.540 ms total (submit 0.621 ms), cache 712/1048576 rows, SSD kept awake by 2 reads (slowest 4.5 ms)
strata serve: expert tiers: GPU 308 hits this request; since the start RAM 15967 blobs, files 0 blobs 0.0 MB read
strata serve: prompt 48 tokens = 47 reused + 1 read in 0 ms (16891.9 tok/s), 1 generated in 22 ms (45.6 tok/s), drafts accepted 0 of 0, 1 checkpoints
strata serve: decode expert cache hit rate: 70.6% (339 hits / 480 lookups)
strata serve: resident RAM: 63.28 GiB of experts in RAM, 0 exchanged with the VRAM tier, 0 blob reads from the file
safetensors residency metrics: ram_bytes=67948118016 os_locked_bytes=0 cuda_pinned_bytes=67948118016 promotions=0 promoted_payload_bytes=0 expert_file_bytes=0 (cumulative; payload is not a physical PCIe counter)
safetensors ngram metrics: ple io: 768 rows, 5.2% row-cache hits, 728 SSD reads (3.1 MB), read p50 1089 us p99 5300 us, blocked 37.564 ms total (submit 0.643 ms), cache 728/1048576 rows, SSD kept awake by 2 reads (slowest 4.5 ms)
strata serve: expert tiers: GPU 339 hits this request; since the start RAM 16108 blobs, files 0 blobs 0.0 MB read
strata serve: prompt 49 tokens = 48 reused + 1 read in 0 ms (40322.6 tok/s), 1 generated in 26 ms (39.0 tok/s), drafts accepted 0 of 0, 1 checkpoints
strata serve: decode expert cache hit rate: 71.2% (342 hits / 480 lookups)
strata serve: resident RAM: 63.28 GiB of experts in RAM, 0 exchanged with the VRAM tier, 0 blob reads from the file
safetensors residency metrics: ram_bytes=67948118016 os_locked_bytes=0 cuda_pinned_bytes=67948118016 promotions=0 promoted_payload_bytes=0 expert_file_bytes=0 (cumulative; payload is not a physical PCIe counter)
safetensors ngram metrics: ple io: 784 rows, 5.1% row-cache hits, 744 SSD reads (3.2 MB), read p50 1069 us p99 5300 us, blocked 38.445 ms total (submit 0.661 ms), cache 744/1048576 rows, SSD kept awake by 2 reads (slowest 4.5 ms)
strata serve: expert tiers: GPU 342 hits this request; since the start RAM 16246 blobs, files 0 blobs 0.0 MB read
strata serve: prompt 50 tokens = 49 reused + 1 read in 0 ms (36363.6 tok/s), 1 generated in 28 ms (35.8 tok/s), drafts accepted 0 of 0, 1 checkpoints
strata serve: decode expert cache hit rate: 64.8% (311 hits / 480 lookups)
strata serve: resident RAM: 63.28 GiB of experts in RAM, 0 exchanged with the VRAM tier, 0 blob reads from the file
safetensors residency metrics: ram_bytes=67948118016 os_locked_bytes=0 cuda_pinned_bytes=67948118016 promotions=0 promoted_payload_bytes=0 expert_file_bytes=0 (cumulative; payload is not a physical PCIe counter)
safetensors ngram metrics: ple io: 800 rows, 5.0% row-cache hits, 760 SSD reads (3.2 MB), read p50 1064 us p99 5230 us, blocked 39.495 ms total (submit 0.677 ms), cache 760/1048576 rows, SSD kept awake by 2 reads (slowest 4.5 ms)
strata serve: expert tiers: GPU 311 hits this request; since the start RAM 16415 blobs, files 0 blobs 0.0 MB read
strata serve: prompt 51 tokens = 50 reused + 1 read in 0 ms (37313.4 tok/s), 1 generated in 24 ms (41.1 tok/s), drafts accepted 0 of 0, 1 checkpoints
strata serve: decode expert cache hit rate: 61.2% (294 hits / 480 lookups)
strata serve: resident RAM: 63.28 GiB of experts in RAM, 0 exchanged with the VRAM tier, 0 blob reads from the file
safetensors residency metrics: ram_bytes=67948118016 os_locked_bytes=0 cuda_pinned_bytes=67948118016 promotions=0 promoted_payload_bytes=0 expert_file_bytes=0 (cumulative; payload is not a physical PCIe counter)
safetensors ngram metrics: ple io: 816 rows, 4.9% row-cache hits, 776 SSD reads (3.3 MB), read p50 1064 us p99 5230 us, blocked 40.411 ms total (submit 0.712 ms), cache 776/1048576 rows, SSD kept awake by 2 reads (slowest 4.5 ms)
strata serve: expert tiers: GPU 294 hits this request; since the start RAM 16601 blobs, files 0 blobs 0.0 MB read
strata serve: prompt 52 tokens = 51 reused + 1 read in 0 ms (37313.4 tok/s), 1 generated in 26 ms (37.8 tok/s), drafts accepted 0 of 0, 1 checkpoints
strata serve: decode expert cache hit rate: 50.4% (242 hits / 480 lookups)
strata serve: resident RAM: 63.28 GiB of experts in RAM, 0 exchanged with the VRAM tier, 0 blob reads from the file
safetensors residency metrics: ram_bytes=67948118016 os_locked_bytes=0 cuda_pinned_bytes=67948118016 promotions=0 promoted_payload_bytes=0 expert_file_bytes=0 (cumulative; payload is not a physical PCIe counter)
safetensors ngram metrics: ple io: 832 rows, 4.8% row-cache hits, 792 SSD reads (3.4 MB), read p50 1058 us p99 5230 us, blocked 40.822 ms total (submit 0.729 ms), cache 792/1048576 rows, SSD kept awake by 2 reads (slowest 4.5 ms)
strata serve: expert tiers: GPU 242 hits this request; since the start RAM 16839 blobs, files 0 blobs 0.0 MB read
strata serve: prompt 53 tokens = 52 reused + 1 read in 0 ms (40816.3 tok/s), 1 generated in 21 ms (46.7 tok/s), drafts accepted 0 of 0, 1 checkpoints
strata serve: decode expert cache hit rate: 68.3% (328 hits / 480 lookups)
strata serve: resident RAM: 63.28 GiB of experts in RAM, 0 exchanged with the VRAM tier, 0 blob reads from the file
safetensors residency metrics: ram_bytes=67948118016 os_locked_bytes=0 cuda_pinned_bytes=67948118016 promotions=0 promoted_payload_bytes=0 expert_file_bytes=0 (cumulative; payload is not a physical PCIe counter)
safetensors ngram metrics: ple io: 848 rows, 4.7% row-cache hits, 808 SSD reads (3.4 MB), read p50 1047 us p99 5230 us, blocked 41.484 ms total (submit 0.744 ms), cache 808/1048576 rows, SSD kept awake by 2 reads (slowest 4.5 ms)
strata serve: expert tiers: GPU 328 hits this request; since the start RAM 16991 blobs, files 0 blobs 0.0 MB read
strata serve: prompt 54 tokens = 53 reused + 1 read in 0 ms (41322.3 tok/s), 1 generated in 24 ms (42.4 tok/s), drafts accepted 0 of 0, 1 checkpoints
strata serve: decode expert cache hit rate: 77.3% (371 hits / 480 lookups)
strata serve: resident RAM: 63.28 GiB of experts in RAM, 0 exchanged with the VRAM tier, 0 blob reads from the file
safetensors residency metrics: ram_bytes=67948118016 os_locked_bytes=0 cuda_pinned_bytes=67948118016 promotions=0 promoted_payload_bytes=0 expert_file_bytes=0 (cumulative; payload is not a physical PCIe counter)
safetensors ngram metrics: ple io: 864 rows, 4.6% row-cache hits, 824 SSD reads (3.5 MB), read p50 1049 us p99 5230 us, blocked 42.692 ms total (submit 0.759 ms), cache 824/1048576 rows, SSD kept awake by 2 reads (slowest 4.5 ms)
strata serve: expert tiers: GPU 371 hits this request; since the start RAM 17100 blobs, files 0 blobs 0.0 MB read
strata serve: prompt 55 tokens = 54 reused + 1 read in 0 ms (45248.9 tok/s), 1 generated in 22 ms (45.9 tok/s), drafts accepted 0 of 0, 1 checkpoints
strata serve: decode expert cache hit rate: 72.9% (350 hits / 480 lookups)
strata serve: resident RAM: 63.28 GiB of experts in RAM, 0 exchanged with the VRAM tier, 0 blob reads from the file
safetensors residency metrics: ram_bytes=67948118016 os_locked_bytes=0 cuda_pinned_bytes=67948118016 promotions=0 promoted_payload_bytes=0 expert_file_bytes=0 (cumulative; payload is not a physical PCIe counter)
safetensors ngram metrics: ple io: 880 rows, 4.5% row-cache hits, 840 SSD reads (3.6 MB), read p50 1043 us p99 5230 us, blocked 43.621 ms total (submit 0.774 ms), cache 840/1048576 rows, SSD kept awake by 2 reads (slowest 4.5 ms)
strata serve: expert tiers: GPU 350 hits this request; since the start RAM 17230 blobs, files 0 blobs 0.0 MB read
strata serve: prompt 56 tokens = 55 reused + 1 read in 0 ms (38759.7 tok/s), 1 generated in 23 ms (43.0 tok/s), drafts accepted 0 of 0, 1 checkpoints
strata serve: decode expert cache hit rate: 63.5% (305 hits / 480 lookups)
strata serve: resident RAM: 63.28 GiB of experts in RAM, 0 exchanged with the VRAM tier, 0 blob reads from the file
safetensors residency metrics: ram_bytes=67948118016 os_locked_bytes=0 cuda_pinned_bytes=67948118016 promotions=0 promoted_payload_bytes=0 expert_file_bytes=0 (cumulative; payload is not a physical PCIe counter)
safetensors ngram metrics: ple io: 896 rows, 4.5% row-cache hits, 856 SSD reads (3.6 MB), read p50 1038 us p99 5157 us, blocked 44.054 ms total (submit 0.789 ms), cache 856/1048576 rows, SSD kept awake by 2 reads (slowest 4.5 ms)
strata serve: expert tiers: GPU 305 hits this request; since the start RAM 17405 blobs, files 0 blobs 0.0 MB read
strata serve: prompt 57 tokens = 56 reused + 1 read in 0 ms (43668.1 tok/s), 1 generated in 24 ms (42.1 tok/s), drafts accepted 0 of 0, 1 checkpoints
strata serve: decode expert cache hit rate: 70.6% (339 hits / 480 lookups)
strata serve: resident RAM: 63.28 GiB of experts in RAM, 0 exchanged with the VRAM tier, 0 blob reads from the file
safetensors residency metrics: ram_bytes=67948118016 os_locked_bytes=0 cuda_pinned_bytes=67948118016 promotions=0 promoted_payload_bytes=0 expert_file_bytes=0 (cumulative; payload is not a physical PCIe counter)
safetensors ngram metrics: ple io: 912 rows, 4.4% row-cache hits, 872 SSD reads (3.7 MB), read p50 1038 us p99 5157 us, blocked 44.853 ms total (submit 0.803 ms), cache 872/1048576 rows, SSD kept awake by 2 reads (slowest 4.5 ms)
strata serve: expert tiers: GPU 339 hits this request; since the start RAM 17546 blobs, files 0 blobs 0.0 MB read
strata serve: prompt 58 tokens = 57 reused + 1 read in 0 ms (43668.1 tok/s), 1 generated in 24 ms (41.3 tok/s), drafts accepted 0 of 0, 1 checkpoints
strata serve: decode expert cache hit rate: 60.2% (289 hits / 480 lookups)
strata serve: resident RAM: 63.28 GiB of experts in RAM, 0 exchanged with the VRAM tier, 0 blob reads from the file
safetensors residency metrics: ram_bytes=67948118016 os_locked_bytes=0 cuda_pinned_bytes=67948118016 promotions=0 promoted_payload_bytes=0 expert_file_bytes=0 (cumulative; payload is not a physical PCIe counter)
safetensors ngram metrics: ple io: 928 rows, 4.3% row-cache hits, 888 SSD reads (3.8 MB), read p50 1027 us p99 5157 us, blocked 45.442 ms total (submit 0.820 ms), cache 888/1048576 rows, SSD kept awake by 2 reads (slowest 4.5 ms)
strata serve: expert tiers: GPU 289 hits this request; since the start RAM 17737 blobs, files 0 blobs 0.0 MB read
strata serve: prompt 59 tokens = 58 reused + 1 read in 0 ms (50761.4 tok/s), 1 generated in 20 ms (50.6 tok/s), drafts accepted 0 of 0, 1 checkpoints
strata serve: decode expert cache hit rate: 73.1% (351 hits / 480 lookups)
strata serve: resident RAM: 63.28 GiB of experts in RAM, 0 exchanged with the VRAM tier, 0 blob reads from the file
safetensors residency metrics: ram_bytes=67948118016 os_locked_bytes=0 cuda_pinned_bytes=67948118016 promotions=0 promoted_payload_bytes=0 expert_file_bytes=0 (cumulative; payload is not a physical PCIe counter)
safetensors ngram metrics: ple io: 944 rows, 4.2% row-cache hits, 904 SSD reads (3.8 MB), read p50 1023 us p99 5157 us, blocked 46.187 ms total (submit 0.835 ms), cache 904/1048576 rows, SSD kept awake by 2 reads (slowest 4.5 ms)
strata serve: expert tiers: GPU 351 hits this request; since the start RAM 17866 blobs, files 0 blobs 0.0 MB read
strata serve: prompt 60 tokens = 59 reused + 1 read in 0 ms (47619.0 tok/s), 1 generated in 21 ms (48.6 tok/s), drafts accepted 0 of 0, 1 checkpoints
strata serve: decode expert cache hit rate: 68.8% (330 hits / 480 lookups)
strata serve: resident RAM: 63.28 GiB of experts in RAM, 0 exchanged with the VRAM tier, 0 blob reads from the file
safetensors residency metrics: ram_bytes=67948118016 os_locked_bytes=0 cuda_pinned_bytes=67948118016 promotions=0 promoted_payload_bytes=0 expert_file_bytes=0 (cumulative; payload is not a physical PCIe counter)
safetensors ngram metrics: ple io: 960 rows, 4.2% row-cache hits, 920 SSD reads (3.9 MB), read p50 1021 us p99 5157 us, blocked 47.342 ms total (submit 0.847 ms), cache 920/1048576 rows, SSD kept awake by 2 reads (slowest 4.5 ms)
strata serve: expert tiers: GPU 330 hits this request; since the start RAM 18016 blobs, files 0 blobs 0.0 MB read
strata serve: prompt 61 tokens = 60 reused + 1 read in 0 ms (51813.5 tok/s), 1 generated in 24 ms (41.6 tok/s), drafts accepted 0 of 0, 1 checkpoints
strata serve: decode expert cache hit rate: 59.6% (286 hits / 480 lookups)
strata serve: resident RAM: 63.28 GiB of experts in RAM, 0 exchanged with the VRAM tier, 0 blob reads from the file
safetensors residency metrics: ram_bytes=67948118016 os_locked_bytes=0 cuda_pinned_bytes=67948118016 promotions=0 promoted_payload_bytes=0 expert_file_bytes=0 (cumulative; payload is not a physical PCIe counter)
safetensors ngram metrics: ple io: 976 rows, 4.1% row-cache hits, 936 SSD reads (4.0 MB), read p50 1017 us p99 5157 us, blocked 47.941 ms total (submit 0.858 ms), cache 936/1048576 rows, SSD kept awake by 2 reads (slowest 4.5 ms)
strata serve: expert tiers: GPU 286 hits this request; since the start RAM 18210 blobs, files 0 blobs 0.0 MB read
strata serve: prompt 62 tokens = 61 reused + 1 read in 0 ms (50251.3 tok/s), 1 generated in 25 ms (40.8 tok/s), drafts accepted 0 of 0, 1 checkpoints
strata serve: decode expert cache hit rate: 50.4% (242 hits / 480 lookups)
strata serve: resident RAM: 63.28 GiB of experts in RAM, 0 exchanged with the VRAM tier, 0 blob reads from the file
safetensors residency metrics: ram_bytes=67948118016 os_locked_bytes=0 cuda_pinned_bytes=67948118016 promotions=0 promoted_payload_bytes=0 expert_file_bytes=0 (cumulative; payload is not a physical PCIe counter)
safetensors ngram metrics: ple io: 992 rows, 4.0% row-cache hits, 952 SSD reads (4.0 MB), read p50 1016 us p99 5070 us, blocked 48.217 ms total (submit 0.880 ms), cache 952/1048576 rows, SSD kept awake by 2 reads (slowest 4.5 ms)
strata serve: expert tiers: GPU 242 hits this request; since the start RAM 18448 blobs, files 0 blobs 0.0 MB read
strata serve: prompt 63 tokens = 62 reused + 1 read in 0 ms (50761.4 tok/s), 1 generated in 23 ms (43.9 tok/s), drafts accepted 0 of 0, 1 checkpoints
strata serve: decode expert cache hit rate: 57.1% (274 hits / 480 lookups)
strata serve: resident RAM: 63.28 GiB of experts in RAM, 0 exchanged with the VRAM tier, 0 blob reads from the file
safetensors residency metrics: ram_bytes=67948118016 os_locked_bytes=0 cuda_pinned_bytes=67948118016 promotions=0 promoted_payload_bytes=0 expert_file_bytes=0 (cumulative; payload is not a physical PCIe counter)
safetensors ngram metrics: ple io: 1008 rows, 4.0% row-cache hits, 968 SSD reads (4.1 MB), read p50 1016 us p99 5070 us, blocked 49.090 ms total (submit 0.890 ms), cache 968/1048576 rows, SSD kept awake by 2 reads (slowest 4.5 ms)
strata serve: expert tiers: GPU 274 hits this request; since the start RAM 18654 blobs, files 0 blobs 0.0 MB read
strata serve: prompt 64 tokens = 63 reused + 1 read in 0 ms (45248.9 tok/s), 1 generated in 23 ms (44.1 tok/s), drafts accepted 0 of 0, 1 checkpoints
strata serve: decode expert cache hit rate: 59.6% (286 hits / 480 lookups)
strata serve: resident RAM: 63.28 GiB of experts in RAM, 0 exchanged with the VRAM tier, 0 blob reads from the file
safetensors residency metrics: ram_bytes=67948118016 os_locked_bytes=0 cuda_pinned_bytes=67948118016 promotions=0 promoted_payload_bytes=0 expert_file_bytes=0 (cumulative; payload is not a physical PCIe counter)
safetensors ngram metrics: ple io: 1024 rows, 3.9% row-cache hits, 984 SSD reads (4.2 MB), read p50 1012 us p99 5070 us, blocked 49.886 ms total (submit 0.908 ms), cache 984/1048576 rows, SSD kept awake by 2 reads (slowest 4.5 ms)
strata serve: expert tiers: GPU 286 hits this request; since the start RAM 18848 blobs, files 0 blobs 0.0 MB read
strata serve: prompt 65 tokens = 64 reused + 1 read in 0 ms (49261.1 tok/s), 1 generated in 18 ms (54.7 tok/s), drafts accepted 0 of 0, 1 checkpoints
strata serve: decode expert cache hit rate: 79.6% (382 hits / 480 lookups)
strata serve: resident RAM: 63.28 GiB of experts in RAM, 0 exchanged with the VRAM tier, 0 blob reads from the file
safetensors residency metrics: ram_bytes=67948118016 os_locked_bytes=0 cuda_pinned_bytes=67948118016 promotions=0 promoted_payload_bytes=0 expert_file_bytes=0 (cumulative; payload is not a physical PCIe counter)
safetensors ngram metrics: ple io: 1040 rows, 3.8% row-cache hits, 1000 SSD reads (4.3 MB), read p50 1010 us p99 5070 us, blocked 50.953 ms total (submit 0.926 ms), cache 1000/1048576 rows, SSD kept awake by 2 reads (slowest 4.5 ms)
strata serve: expert tiers: GPU 382 hits this request; since the start RAM 18946 blobs, files 0 blobs 0.0 MB read
strata serve: prompt 66 tokens = 65 reused + 1 read in 0 ms (45248.9 tok/s), 1 generated in 23 ms (44.3 tok/s), drafts accepted 0 of 0, 1 checkpoints
strata serve: decode expert cache hit rate: 65.2% (313 hits / 480 lookups)
strata serve: resident RAM: 63.28 GiB of experts in RAM, 0 exchanged with the VRAM tier, 0 blob reads from the file
safetensors residency metrics: ram_bytes=67948118016 os_locked_bytes=0 cuda_pinned_bytes=67948118016 promotions=0 promoted_payload_bytes=0 expert_file_bytes=0 (cumulative; payload is not a physical PCIe counter)
safetensors ngram metrics: ple io: 1056 rows, 3.8% row-cache hits, 1016 SSD reads (4.3 MB), read p50 1007 us p99 5070 us, blocked 52.978 ms total (submit 0.945 ms), cache 1016/1048576 rows, SSD kept awake by 2 reads (slowest 4.5 ms)
strata serve: expert tiers: GPU 313 hits this request; since the start RAM 19113 blobs, files 0 blobs 0.0 MB read
strata serve: prompt 67 tokens = 66 reused + 1 read in 0 ms (46511.6 tok/s), 1 generated in 20 ms (49.8 tok/s), drafts accepted 0 of 0, 1 checkpoints
strata serve: decode expert cache hit rate: 71.7% (344 hits / 480 lookups)
strata serve: resident RAM: 63.28 GiB of experts in RAM, 0 exchanged with the VRAM tier, 0 blob reads from the file
safetensors residency metrics: ram_bytes=67948118016 os_locked_bytes=0 cuda_pinned_bytes=67948118016 promotions=0 promoted_payload_bytes=0 expert_file_bytes=0 (cumulative; payload is not a physical PCIe counter)
safetensors ngram metrics: ple io: 1072 rows, 3.7% row-cache hits, 1032 SSD reads (4.4 MB), read p50 1010 us p99 5070 us, blocked 53.748 ms total (submit 0.957 ms), cache 1032/1048576 rows, SSD kept awake by 2 reads (slowest 4.5 ms)
strata serve: expert tiers: GPU 344 hits this request; since the start RAM 19249 blobs, files 0 blobs 0.0 MB read
strata serve: prompt 68 tokens = 67 reused + 1 read in 0 ms (51282.1 tok/s), 1 generated in 22 ms (46.1 tok/s), drafts accepted 0 of 0, 1 checkpoints
strata serve: decode expert cache hit rate: 66.2% (318 hits / 480 lookups)
strata serve: resident RAM: 63.28 GiB of experts in RAM, 0 exchanged with the VRAM tier, 0 blob reads from the file
safetensors residency metrics: ram_bytes=67948118016 os_locked_bytes=0 cuda_pinned_bytes=67948118016 promotions=0 promoted_payload_bytes=0 expert_file_bytes=0 (cumulative; payload is not a physical PCIe counter)
safetensors ngram metrics: ple io: 1088 rows, 3.7% row-cache hits, 1048 SSD reads (4.5 MB), read p50 1006 us p99 5070 us, blocked 54.330 ms total (submit 0.971 ms), cache 1048/1048576 rows, SSD kept awake by 2 reads (slowest 4.5 ms)
strata serve: expert tiers: GPU 318 hits this request; since the start RAM 19411 blobs, files 0 blobs 0.0 MB read
strata serve: prompt 69 tokens = 68 reused + 1 read in 0 ms (51282.1 tok/s), 1 generated in 23 ms (42.6 tok/s), drafts accepted 0 of 0, 1 checkpoints
strata serve: decode expert cache hit rate: 63.5% (305 hits / 480 lookups)
strata serve: resident RAM: 63.28 GiB of experts in RAM, 0 exchanged with the VRAM tier, 0 blob reads from the file
safetensors residency metrics: ram_bytes=67948118016 os_locked_bytes=0 cuda_pinned_bytes=67948118016 promotions=0 promoted_payload_bytes=0 expert_file_bytes=0 (cumulative; payload is not a physical PCIe counter)
safetensors ngram metrics: ple io: 1104 rows, 3.6% row-cache hits, 1064 SSD reads (4.5 MB), read p50 998 us p99 4987 us, blocked 54.941 ms total (submit 0.984 ms), cache 1064/1048576 rows, SSD kept awake by 2 reads (slowest 4.5 ms)
strata serve: expert tiers: GPU 305 hits this request; since the start RAM 19586 blobs, files 0 blobs 0.0 MB read
strata serve: prompt 70 tokens = 69 reused + 1 read in 0 ms (52631.6 tok/s), 1 generated in 22 ms (45.6 tok/s), drafts accepted 0 of 0, 1 checkpoints
strata serve: decode expert cache hit rate: 62.9% (302 hits / 480 lookups)
strata serve: resident RAM: 63.28 GiB of experts in RAM, 0 exchanged with the VRAM tier, 0 blob reads from the file
safetensors residency metrics: ram_bytes=67948118016 os_locked_bytes=0 cuda_pinned_bytes=67948118016 promotions=0 promoted_payload_bytes=0 expert_file_bytes=0 (cumulative; payload is not a physical PCIe counter)
safetensors ngram metrics: ple io: 1120 rows, 3.6% row-cache hits, 1080 SSD reads (4.6 MB), read p50 996 us p99 4987 us, blocked 55.374 ms total (submit 0.999 ms), cache 1080/1048576 rows, SSD kept awake by 2 reads (slowest 4.5 ms)
strata serve: expert tiers: GPU 302 hits this request; since the start RAM 19764 blobs, files 0 blobs 0.0 MB read
strata serve: prompt 71 tokens = 70 reused + 1 read in 0 ms (54945.1 tok/s), 1 generated in 21 ms (48.3 tok/s), drafts accepted 0 of 0, 1 checkpoints
strata serve: decode expert cache hit rate: 65.4% (314 hits / 480 lookups)
strata serve: resident RAM: 63.28 GiB of experts in RAM, 0 exchanged with the VRAM tier, 0 blob reads from the file
safetensors residency metrics: ram_bytes=67948118016 os_locked_bytes=0 cuda_pinned_bytes=67948118016 promotions=0 promoted_payload_bytes=0 expert_file_bytes=0 (cumulative; payload is not a physical PCIe counter)
safetensors ngram metrics: ple io: 1136 rows, 3.5% row-cache hits, 1096 SSD reads (4.7 MB), read p50 991 us p99 4987 us, blocked 56.247 ms total (submit 1.011 ms), cache 1096/1048576 rows, SSD kept awake by 2 reads (slowest 4.5 ms)
strata serve: expert tiers: GPU 314 hits this request; since the start RAM 19930 blobs, files 0 blobs 0.0 MB read
strata serve: prompt 72 tokens = 71 reused + 1 read in 0 ms (52356.0 tok/s), 1 generated in 22 ms (45.6 tok/s), drafts accepted 0 of 0, 1 checkpoints
strata serve: decode expert cache hit rate: 64.6% (310 hits / 480 lookups)
strata serve: resident RAM: 63.28 GiB of experts in RAM, 0 exchanged with the VRAM tier, 0 blob reads from the file
safetensors residency metrics: ram_bytes=67948118016 os_locked_bytes=0 cuda_pinned_bytes=67948118016 promotions=0 promoted_payload_bytes=0 expert_file_bytes=0 (cumulative; payload is not a physical PCIe counter)
safetensors ngram metrics: ple io: 1152 rows, 3.5% row-cache hits, 1112 SSD reads (4.8 MB), read p50 990 us p99 4987 us, blocked 57.073 ms total (submit 1.032 ms), cache 1112/1048576 rows, SSD kept awake by 2 reads (slowest 4.5 ms)
strata serve: expert tiers: GPU 310 hits this request; since the start RAM 20100 blobs, files 0 blobs 0.0 MB read
strata serve: prompt 73 tokens = 72 reused + 1 read in 0 ms (47619.0 tok/s), 1 generated in 22 ms (44.7 tok/s), drafts accepted 0 of 0, 1 checkpoints
strata serve: decode expert cache hit rate: 65.0% (312 hits / 480 lookups)
strata serve: resident RAM: 63.28 GiB of experts in RAM, 0 exchanged with the VRAM tier, 0 blob reads from the file
safetensors residency metrics: ram_bytes=67948118016 os_locked_bytes=0 cuda_pinned_bytes=67948118016 promotions=0 promoted_payload_bytes=0 expert_file_bytes=0 (cumulative; payload is not a physical PCIe counter)
safetensors ngram metrics: ple io: 1168 rows, 3.4% row-cache hits, 1128 SSD reads (4.8 MB), read p50 987 us p99 4987 us, blocked 57.404 ms total (submit 1.044 ms), cache 1128/1048576 rows, SSD kept awake by 2 reads (slowest 4.5 ms)
strata serve: expert tiers: GPU 312 hits this request; since the start RAM 20268 blobs, files 0 blobs 0.0 MB read
strata serve: prompt 74 tokens = 73 reused + 1 read in 0 ms (46729.0 tok/s), 1 generated in 27 ms (36.4 tok/s), drafts accepted 0 of 0, 1 checkpoints
strata serve: decode expert cache hit rate: 48.8% (234 hits / 480 lookups)
strata serve: resident RAM: 63.28 GiB of experts in RAM, 0 exchanged with the VRAM tier, 0 blob reads from the file
safetensors residency metrics: ram_bytes=67948118016 os_locked_bytes=0 cuda_pinned_bytes=67948118016 promotions=0 promoted_payload_bytes=0 expert_file_bytes=0 (cumulative; payload is not a physical PCIe counter)
safetensors ngram metrics: ple io: 1184 rows, 3.4% row-cache hits, 1144 SSD reads (4.9 MB), read p50 987 us p99 4987 us, blocked 57.995 ms total (submit 1.059 ms), cache 1144/1048576 rows, SSD kept awake by 2 reads (slowest 4.5 ms)
strata serve: expert tiers: GPU 234 hits this request; since the start RAM 20514 blobs, files 0 blobs 0.0 MB read
strata serve: prompt 75 tokens = 74 reused + 1 read in 0 ms (51546.4 tok/s), 1 generated in 25 ms (40.5 tok/s), drafts accepted 0 of 0, 1 checkpoints
strata serve: decode expert cache hit rate: 53.3% (256 hits / 480 lookups)
strata serve: resident RAM: 63.28 GiB of experts in RAM, 0 exchanged with the VRAM tier, 0 blob reads from the file
safetensors residency metrics: ram_bytes=67948118016 os_locked_bytes=0 cuda_pinned_bytes=67948118016 promotions=0 promoted_payload_bytes=0 expert_file_bytes=0 (cumulative; payload is not a physical PCIe counter)
safetensors ngram metrics: ple io: 1200 rows, 3.3% row-cache hits, 1160 SSD reads (5.0 MB), read p50 984 us p99 4936 us, blocked 58.907 ms total (submit 1.070 ms), cache 1160/1048576 rows, SSD kept awake by 2 reads (slowest 4.5 ms)
strata serve: expert tiers: GPU 256 hits this request; since the start RAM 20738 blobs, files 0 blobs 0.0 MB read
strata serve: prompt 76 tokens = 75 reused + 1 read in 0 ms (52356.0 tok/s), 1 generated in 23 ms (43.8 tok/s), drafts accepted 0 of 0, 1 checkpoints
strata serve: decode expert cache hit rate: 59.4% (285 hits / 480 lookups)
strata serve: resident RAM: 63.28 GiB of experts in RAM, 0 exchanged with the VRAM tier, 0 blob reads from the file
safetensors residency metrics: ram_bytes=67948118016 os_locked_bytes=0 cuda_pinned_bytes=67948118016 promotions=0 promoted_payload_bytes=0 expert_file_bytes=0 (cumulative; payload is not a physical PCIe counter)
safetensors ngram metrics: ple io: 1216 rows, 3.3% row-cache hits, 1176 SSD reads (5.0 MB), read p50 980 us p99 4936 us, blocked 59.544 ms total (submit 1.093 ms), cache 1176/1048576 rows, SSD kept awake by 2 reads (slowest 4.5 ms)
strata serve: expert tiers: GPU 285 hits this request; since the start RAM 20933 blobs, files 0 blobs 0.0 MB read
strata serve: prompt 77 tokens = 76 reused + 1 read in 0 ms (47393.4 tok/s), 1 generated in 21 ms (47.3 tok/s), drafts accepted 0 of 0, 1 checkpoints
strata serve: decode expert cache hit rate: 67.1% (322 hits / 480 lookups)
strata serve: resident RAM: 63.28 GiB of experts in RAM, 0 exchanged with the VRAM tier, 0 blob reads from the file
safetensors residency metrics: ram_bytes=67948118016 os_locked_bytes=0 cuda_pinned_bytes=67948118016 promotions=0 promoted_payload_bytes=0 expert_file_bytes=0 (cumulative; payload is not a physical PCIe counter)
safetensors ngram metrics: ple io: 1232 rows, 3.2% row-cache hits, 1192 SSD reads (5.1 MB), read p50 975 us p99 4936 us, blocked 59.832 ms total (submit 1.103 ms), cache 1192/1048576 rows, SSD kept awake by 2 reads (slowest 4.5 ms)
strata serve: expert tiers: GPU 322 hits this request; since the start RAM 21091 blobs, files 0 blobs 0.0 MB read
strata serve: prompt 78 tokens = 77 reused + 1 read in 0 ms (49019.6 tok/s), 1 generated in 20 ms (51.0 tok/s), drafts accepted 0 of 0, 1 checkpoints
strata serve: decode expert cache hit rate: 71.9% (345 hits / 480 lookups)
strata serve: resident RAM: 63.28 GiB of experts in RAM, 0 exchanged with the VRAM tier, 0 blob reads from the file
safetensors residency metrics: ram_bytes=67948118016 os_locked_bytes=0 cuda_pinned_bytes=67948118016 promotions=0 promoted_payload_bytes=0 expert_file_bytes=0 (cumulative; payload is not a physical PCIe counter)
safetensors ngram metrics: ple io: 1248 rows, 3.2% row-cache hits, 1208 SSD reads (5.2 MB), read p50 974 us p99 4936 us, blocked 60.548 ms total (submit 1.116 ms), cache 1208/1048576 rows, SSD kept awake by 2 reads (slowest 4.5 ms)
strata serve: expert tiers: GPU 345 hits this request; since the start RAM 21226 blobs, files 0 blobs 0.0 MB read
strata serve: prompt 79 tokens = 78 reused + 1 read in 0 ms (53191.5 tok/s), 1 generated in 22 ms (45.9 tok/s), drafts accepted 0 of 0, 1 checkpoints
strata serve: decode expert cache hit rate: 64.8% (311 hits / 480 lookups)
strata serve: resident RAM: 63.28 GiB of experts in RAM, 0 exchanged with the VRAM tier, 0 blob reads from the file
safetensors residency metrics: ram_bytes=67948118016 os_locked_bytes=0 cuda_pinned_bytes=67948118016 promotions=0 promoted_payload_bytes=0 expert_file_bytes=0 (cumulative; payload is not a physical PCIe counter)
safetensors ngram metrics: ple io: 1264 rows, 3.2% row-cache hits, 1224 SSD reads (5.2 MB), read p50 973 us p99 4936 us, blocked 61.469 ms total (submit 1.130 ms), cache 1224/1048576 rows, SSD kept awake by 2 reads (slowest 4.5 ms)
strata serve: expert tiers: GPU 311 hits this request; since the start RAM 21395 blobs, files 0 blobs 0.0 MB read
strata serve: prompt 80 tokens = 79 reused + 1 read in 0 ms (51020.4 tok/s), 1 generated in 22 ms (45.7 tok/s), drafts accepted 0 of 0, 1 checkpoints
strata serve: decode expert cache hit rate: 62.3% (299 hits / 480 lookups)
strata serve: resident RAM: 63.28 GiB of experts in RAM, 0 exchanged with the VRAM tier, 0 blob reads from the file
safetensors residency metrics: ram_bytes=67948118016 os_locked_bytes=0 cuda_pinned_bytes=67948118016 promotions=0 promoted_payload_bytes=0 expert_file_bytes=0 (cumulative; payload is not a physical PCIe counter)
safetensors ngram metrics: ple io: 1280 rows, 3.1% row-cache hits, 1240 SSD reads (5.3 MB), read p50 968 us p99 4936 us, blocked 61.971 ms total (submit 1.144 ms), cache 1240/1048576 rows, SSD kept awake by 2 reads (slowest 4.5 ms)
strata serve: expert tiers: GPU 299 hits this request; since the start RAM 21576 blobs, files 0 blobs 0.0 MB read
strata serve: prompt 81 tokens = 80 reused + 1 read in 0 ms (51813.5 tok/s), 1 generated in 21 ms (48.2 tok/s), drafts accepted 0 of 0, 1 checkpoints
strata serve: decode expert cache hit rate: 69.2% (332 hits / 480 lookups)
strata serve: resident RAM: 63.28 GiB of experts in RAM, 0 exchanged with the VRAM tier, 0 blob reads from the file
safetensors residency metrics: ram_bytes=67948118016 os_locked_bytes=0 cuda_pinned_bytes=67948118016 promotions=0 promoted_payload_bytes=0 expert_file_bytes=0 (cumulative; payload is not a physical PCIe counter)
safetensors ngram metrics: ple io: 1296 rows, 3.1% row-cache hits, 1256 SSD reads (5.4 MB), read p50 968 us p99 4833 us, blocked 62.321 ms total (submit 1.158 ms), cache 1256/1048576 rows, SSD kept awake by 2 reads (slowest 4.5 ms)
strata serve: expert tiers: GPU 332 hits this request; since the start RAM 21724 blobs, files 0 blobs 0.0 MB read
strata serve: prompt 82 tokens = 81 reused + 1 read in 0 ms (52631.6 tok/s), 1 generated in 19 ms (52.7 tok/s), drafts accepted 0 of 0, 1 checkpoints
strata serve: decode expert cache hit rate: 76.0% (365 hits / 480 lookups)
strata serve: resident RAM: 63.28 GiB of experts in RAM, 0 exchanged with the VRAM tier, 0 blob reads from the file
safetensors residency metrics: ram_bytes=67948118016 os_locked_bytes=0 cuda_pinned_bytes=67948118016 promotions=0 promoted_payload_bytes=0 expert_file_bytes=0 (cumulative; payload is not a physical PCIe counter)
safetensors ngram metrics: ple io: 1312 rows, 3.0% row-cache hits, 1272 SSD reads (5.4 MB), read p50 966 us p99 4833 us, blocked 63.089 ms total (submit 1.171 ms), cache 1272/1048576 rows, SSD kept awake by 2 reads (slowest 4.5 ms)
strata serve: expert tiers: GPU 365 hits this request; since the start RAM 21839 blobs, files 0 blobs 0.0 MB read
strata serve: prompt 83 tokens = 82 reused + 1 read in 0 ms (54347.8 tok/s), 1 generated in 20 ms (48.8 tok/s), drafts accepted 0 of 0, 1 checkpoints
strata serve: decode expert cache hit rate: 70.2% (337 hits / 480 lookups)
strata serve: resident RAM: 63.28 GiB of experts in RAM, 0 exchanged with the VRAM tier, 0 blob reads from the file
safetensors residency metrics: ram_bytes=67948118016 os_locked_bytes=0 cuda_pinned_bytes=67948118016 promotions=0 promoted_payload_bytes=0 expert_file_bytes=0 (cumulative; payload is not a physical PCIe counter)
safetensors ngram metrics: ple io: 1328 rows, 3.0% row-cache hits, 1288 SSD reads (5.5 MB), read p50 965 us p99 4833 us, blocked 63.976 ms total (submit 1.184 ms), cache 1288/1048576 rows, SSD kept awake by 2 reads (slowest 4.5 ms)
strata serve: expert tiers: GPU 337 hits this request; since the start RAM 21982 blobs, files 0 blobs 0.0 MB read
strata serve: prompt 84 tokens = 83 reused + 1 read in 0 ms (32362.5 tok/s), 1 generated in 21 ms (47.2 tok/s), drafts accepted 0 of 0, 1 checkpoints
strata serve: decode expert cache hit rate: 67.7% (325 hits / 480 lookups)
strata serve: resident RAM: 63.28 GiB of experts in RAM, 0 exchanged with the VRAM tier, 0 blob reads from the file
safetensors residency metrics: ram_bytes=67948118016 os_locked_bytes=0 cuda_pinned_bytes=67948118016 promotions=0 promoted_payload_bytes=0 expert_file_bytes=0 (cumulative; payload is not a physical PCIe counter)
safetensors ngram metrics: ple io: 1344 rows, 3.0% row-cache hits, 1304 SSD reads (5.6 MB), read p50 965 us p99 4833 us, blocked 64.689 ms total (submit 1.195 ms), cache 1304/1048576 rows, SSD kept awake by 2 reads (slowest 4.5 ms)
strata serve: expert tiers: GPU 325 hits this request; since the start RAM 22137 blobs, files 0 blobs 0.0 MB read
strata serve: prompt 85 tokens = 84 reused + 1 read in 0 ms (54644.8 tok/s), 1 generated in 22 ms (45.3 tok/s), drafts accepted 0 of 0, 1 checkpoints
strata serve: decode expert cache hit rate: 64.0% (307 hits / 480 lookups)
strata serve: resident RAM: 63.28 GiB of experts in RAM, 0 exchanged with the VRAM tier, 0 blob reads from the file
safetensors residency metrics: ram_bytes=67948118016 os_locked_bytes=0 cuda_pinned_bytes=67948118016 promotions=0 promoted_payload_bytes=0 expert_file_bytes=0 (cumulative; payload is not a physical PCIe counter)
safetensors ngram metrics: ple io: 1360 rows, 2.9% row-cache hits, 1320 SSD reads (5.6 MB), read p50 964 us p99 4833 us, blocked 65.234 ms total (submit 1.206 ms), cache 1320/1048576 rows, SSD kept awake by 2 reads (slowest 4.5 ms)
strata serve: expert tiers: GPU 307 hits this request; since the start RAM 22310 blobs, files 0 blobs 0.0 MB read
strata serve: prompt 86 tokens = 85 reused + 1 read in 0 ms (53475.9 tok/s), 1 generated in 20 ms (50.9 tok/s), drafts accepted 0 of 0, 1 checkpoints
strata serve: decode expert cache hit rate: 74.0% (355 hits / 480 lookups)
strata serve: resident RAM: 63.28 GiB of experts in RAM, 0 exchanged with the VRAM tier, 0 blob reads from the file
safetensors residency metrics: ram_bytes=67948118016 os_locked_bytes=0 cuda_pinned_bytes=67948118016 promotions=0 promoted_payload_bytes=0 expert_file_bytes=0 (cumulative; payload is not a physical PCIe counter)
safetensors ngram metrics: ple io: 1376 rows, 2.9% row-cache hits, 1336 SSD reads (5.7 MB), read p50 962 us p99 4833 us, blocked 65.584 ms total (submit 1.220 ms), cache 1336/1048576 rows, SSD kept awake by 2 reads (slowest 4.5 ms)
strata serve: expert tiers: GPU 355 hits this request; since the start RAM 22435 blobs, files 0 blobs 0.0 MB read
strata serve: prompt 87 tokens = 86 reused + 1 read in 0 ms (52910.1 tok/s), 1 generated in 23 ms (44.4 tok/s), drafts accepted 0 of 0, 1 checkpoints
strata serve: decode expert cache hit rate: 64.4% (309 hits / 480 lookups)
strata serve: resident RAM: 63.28 GiB of experts in RAM, 0 exchanged with the VRAM tier, 0 blob reads from the file
safetensors residency metrics: ram_bytes=67948118016 os_locked_bytes=0 cuda_pinned_bytes=67948118016 promotions=0 promoted_payload_bytes=0 expert_file_bytes=0 (cumulative; payload is not a physical PCIe counter)
safetensors ngram metrics: ple io: 1392 rows, 2.9% row-cache hits, 1352 SSD reads (5.8 MB), read p50 962 us p99 4764 us, blocked 66.203 ms total (submit 1.233 ms), cache 1352/1048576 rows, SSD kept awake by 2 reads (slowest 4.5 ms)
strata serve: expert tiers: GPU 309 hits this request; since the start RAM 22606 blobs, files 0 blobs 0.0 MB read
strata serve: prompt 88 tokens = 87 reused + 1 read in 0 ms (52910.1 tok/s), 1 generated in 25 ms (39.8 tok/s), drafts accepted 0 of 0, 1 checkpoints
strata serve: decode expert cache hit rate: 55.2% (265 hits / 480 lookups)
strata serve: resident RAM: 63.28 GiB of experts in RAM, 0 exchanged with the VRAM tier, 0 blob reads from the file
safetensors residency metrics: ram_bytes=67948118016 os_locked_bytes=0 cuda_pinned_bytes=67948118016 promotions=0 promoted_payload_bytes=0 expert_file_bytes=0 (cumulative; payload is not a physical PCIe counter)
safetensors ngram metrics: ple io: 1408 rows, 2.8% row-cache hits, 1368 SSD reads (5.8 MB), read p50 961 us p99 4764 us, blocked 66.814 ms total (submit 1.254 ms), cache 1368/1048576 rows, SSD kept awake by 2 reads (slowest 4.5 ms)
strata serve: expert tiers: GPU 265 hits this request; since the start RAM 22821 blobs, files 0 blobs 0.0 MB read
strata serve: prompt 89 tokens = 88 reused + 1 read in 0 ms (43290.0 tok/s), 1 generated in 24 ms (41.9 tok/s), drafts accepted 0 of 0, 1 checkpoints
strata serve: decode expert cache hit rate: 54.0% (259 hits / 480 lookups)
strata serve: resident RAM: 63.28 GiB of experts in RAM, 0 exchanged with the VRAM tier, 0 blob reads from the file
safetensors residency metrics: ram_bytes=67948118016 os_locked_bytes=0 cuda_pinned_bytes=67948118016 promotions=0 promoted_payload_bytes=0 expert_file_bytes=0 (cumulative; payload is not a physical PCIe counter)
safetensors ngram metrics: ple io: 1424 rows, 2.8% row-cache hits, 1384 SSD reads (5.9 MB), read p50 961 us p99 4764 us, blocked 67.640 ms total (submit 1.265 ms), cache 1384/1048576 rows, SSD kept awake by 2 reads (slowest 4.5 ms)
strata serve: expert tiers: GPU 259 hits this request; since the start RAM 23042 blobs, files 0 blobs 0.0 MB read
strata serve: prompt 90 tokens = 89 reused + 1 read in 0 ms (48543.7 tok/s), 1 generated in 22 ms (45.6 tok/s), drafts accepted 0 of 0, 1 checkpoints
strata serve: decode expert cache hit rate: 66.0% (317 hits / 480 lookups)
strata serve: resident RAM: 63.28 GiB of experts in RAM, 0 exchanged with the VRAM tier, 0 blob reads from the file
safetensors residency metrics: ram_bytes=67948118016 os_locked_bytes=0 cuda_pinned_bytes=67948118016 promotions=0 promoted_payload_bytes=0 expert_file_bytes=0 (cumulative; payload is not a physical PCIe counter)
safetensors ngram metrics: ple io: 1440 rows, 2.8% row-cache hits, 1400 SSD reads (6.0 MB), read p50 959 us p99 4764 us, blocked 68.462 ms total (submit 1.287 ms), cache 1400/1048576 rows, SSD kept awake by 2 reads (slowest 4.5 ms)
strata serve: expert tiers: GPU 317 hits this request; since the start RAM 23205 blobs, files 0 blobs 0.0 MB read
strata serve: conversation cache: parked 90 tokens in 49.5 ms; parked=1 bytes=238532696 evictions=0 snapshot_bytes=238532696 reused_kv_bytes=0
strata serve: prompt 21 tokens = 0 reused + 21 read in 454 ms (46.3 tok/s), 1 generated in 21 ms (47.5 tok/s), drafts accepted 0 of 0, 1 checkpoints
strata serve: decode expert cache hit rate: 61.9% (297 hits / 480 lookups)
strata serve: resident RAM: 63.28 GiB of experts in RAM, 0 exchanged with the VRAM tier, 0 blob reads from the file
safetensors residency metrics: ram_bytes=67948118016 os_locked_bytes=0 cuda_pinned_bytes=67948118016 promotions=0 promoted_payload_bytes=0 expert_file_bytes=0 (cumulative; payload is not a physical PCIe counter)
safetensors ngram metrics: ple io: 1776 rows, 11.7% row-cache hits, 1568 SSD reads (6.7 MB), read p50 987 us p99 4597 us, blocked 75.656 ms total (submit 1.409 ms), cache 1568/1048576 rows, SSD kept awake by 4 reads (slowest 5.2 ms)
strata serve: expert tiers: GPU 297 hits this request; since the start RAM 28042 blobs, files 0 blobs 0.0 MB read
strata serve: prompt 22 tokens = 21 reused + 1 read in 0 ms (47846.9 tok/s), 1 generated in 28 ms (36.3 tok/s), drafts accepted 0 of 0, 1 checkpoints
strata serve: decode expert cache hit rate: 38.8% (186 hits / 480 lookups)
strata serve: resident RAM: 63.28 GiB of experts in RAM, 0 exchanged with the VRAM tier, 0 blob reads from the file
safetensors residency metrics: ram_bytes=67948118016 os_locked_bytes=0 cuda_pinned_bytes=67948118016 promotions=0 promoted_payload_bytes=0 expert_file_bytes=0 (cumulative; payload is not a physical PCIe counter)
safetensors ngram metrics: ple io: 1792 rows, 11.6% row-cache hits, 1584 SSD reads (6.8 MB), read p50 980 us p99 4597 us, blocked 75.898 ms total (submit 1.424 ms), cache 1584/1048576 rows, SSD kept awake by 5 reads (slowest 5.2 ms)
strata serve: expert tiers: GPU 186 hits this request; since the start RAM 28336 blobs, files 0 blobs 0.0 MB read
strata serve: prompt 23 tokens = 22 reused + 1 read in 0 ms (47846.9 tok/s), 1 generated in 27 ms (36.8 tok/s), drafts accepted 0 of 0, 1 checkpoints
strata serve: decode expert cache hit rate: 44.2% (212 hits / 480 lookups)
strata serve: resident RAM: 63.28 GiB of experts in RAM, 0 exchanged with the VRAM tier, 0 blob reads from the file
safetensors residency metrics: ram_bytes=67948118016 os_locked_bytes=0 cuda_pinned_bytes=67948118016 promotions=0 promoted_payload_bytes=0 expert_file_bytes=0 (cumulative; payload is not a physical PCIe counter)
safetensors ngram metrics: ple io: 1808 rows, 11.9% row-cache hits, 1592 SSD reads (6.8 MB), read p50 975 us p99 4597 us, blocked 75.899 ms total (submit 1.436 ms), cache 1592/1048576 rows, SSD kept awake by 5 reads (slowest 5.2 ms)
strata serve: expert tiers: GPU 212 hits this request; since the start RAM 28604 blobs, files 0 blobs 0.0 MB read
strata serve: prompt 24 tokens = 23 reused + 1 read in 0 ms (47619.0 tok/s), 1 generated in 26 ms (38.8 tok/s), drafts accepted 0 of 0, 1 checkpoints
strata serve: decode expert cache hit rate: 44.8% (215 hits / 480 lookups)
strata serve: resident RAM: 63.28 GiB of experts in RAM, 0 exchanged with the VRAM tier, 0 blob reads from the file
safetensors residency metrics: ram_bytes=67948118016 os_locked_bytes=0 cuda_pinned_bytes=67948118016 promotions=0 promoted_payload_bytes=0 expert_file_bytes=0 (cumulative; payload is not a physical PCIe counter)
safetensors ngram metrics: ple io: 1824 rows, 11.8% row-cache hits, 1608 SSD reads (6.9 MB), read p50 974 us p99 4597 us, blocked 76.549 ms total (submit 1.448 ms), cache 1608/1048576 rows, SSD kept awake by 5 reads (slowest 5.2 ms)
strata serve: expert tiers: GPU 215 hits this request; since the start RAM 28869 blobs, files 0 blobs 0.0 MB read
strata serve: prompt 25 tokens = 24 reused + 1 read in 0 ms (49505.0 tok/s), 1 generated in 27 ms (37.0 tok/s), drafts accepted 0 of 0, 1 checkpoints
strata serve: decode expert cache hit rate: 39.0% (187 hits / 480 lookups)
strata serve: resident RAM: 63.28 GiB of experts in RAM, 0 exchanged with the VRAM tier, 0 blob reads from the file
safetensors residency metrics: ram_bytes=67948118016 os_locked_bytes=0 cuda_pinned_bytes=67948118016 promotions=0 promoted_payload_bytes=0 expert_file_bytes=0 (cumulative; payload is not a physical PCIe counter)
safetensors ngram metrics: ple io: 1840 rows, 11.7% row-cache hits, 1624 SSD reads (6.9 MB), read p50 973 us p99 4597 us, blocked 76.549 ms total (submit 1.469 ms), cache 1624/1048576 rows, SSD kept awake by 5 reads (slowest 5.2 ms)
strata serve: expert tiers: GPU 187 hits this request; since the start RAM 29162 blobs, files 0 blobs 0.0 MB read
strata serve: prompt 26 tokens = 25 reused + 1 read in 0 ms (46729.0 tok/s), 1 generated in 28 ms (36.3 tok/s), drafts accepted 0 of 0, 1 checkpoints
strata serve: decode expert cache hit rate: 35.4% (170 hits / 480 lookups)
strata serve: resident RAM: 63.28 GiB of experts in RAM, 0 exchanged with the VRAM tier, 0 blob reads from the file
safetensors residency metrics: ram_bytes=67948118016 os_locked_bytes=0 cuda_pinned_bytes=67948118016 promotions=0 promoted_payload_bytes=0 expert_file_bytes=0 (cumulative; payload is not a physical PCIe counter)
safetensors ngram metrics: ple io: 1856 rows, 11.6% row-cache hits, 1640 SSD reads (7.0 MB), read p50 968 us p99 4597 us, blocked 76.921 ms total (submit 1.483 ms), cache 1640/1048576 rows, SSD kept awake by 5 reads (slowest 5.2 ms)
strata serve: expert tiers: GPU 170 hits this request; since the start RAM 29472 blobs, files 0 blobs 0.0 MB read
strata serve: prompt 27 tokens = 26 reused + 1 read in 0 ms (45248.9 tok/s), 1 generated in 22 ms (45.7 tok/s), drafts accepted 0 of 0, 1 checkpoints
strata serve: decode expert cache hit rate: 63.1% (303 hits / 480 lookups)
strata serve: resident RAM: 63.28 GiB of experts in RAM, 0 exchanged with the VRAM tier, 0 blob reads from the file
safetensors residency metrics: ram_bytes=67948118016 os_locked_bytes=0 cuda_pinned_bytes=67948118016 promotions=0 promoted_payload_bytes=0 expert_file_bytes=0 (cumulative; payload is not a physical PCIe counter)
safetensors ngram metrics: ple io: 1872 rows, 11.5% row-cache hits, 1656 SSD reads (7.1 MB), read p50 966 us p99 4515 us, blocked 77.654 ms total (submit 1.494 ms), cache 1656/1048576 rows, SSD kept awake by 5 reads (slowest 5.2 ms)
strata serve: expert tiers: GPU 303 hits this request; since the start RAM 29649 blobs, files 0 blobs 0.0 MB read
strata serve: prompt 28 tokens = 27 reused + 1 read in 0 ms (51020.4 tok/s), 1 generated in 29 ms (34.6 tok/s), drafts accepted 0 of 0, 1 checkpoints
strata serve: decode expert cache hit rate: 41.2% (198 hits / 480 lookups)
strata serve: resident RAM: 63.28 GiB of experts in RAM, 0 exchanged with the VRAM tier, 0 blob reads from the file
safetensors residency metrics: ram_bytes=67948118016 os_locked_bytes=0 cuda_pinned_bytes=67948118016 promotions=0 promoted_payload_bytes=0 expert_file_bytes=0 (cumulative; payload is not a physical PCIe counter)
safetensors ngram metrics: ple io: 1888 rows, 11.4% row-cache hits, 1672 SSD reads (7.1 MB), read p50 966 us p99 4515 us, blocked 78.303 ms total (submit 1.506 ms), cache 1672/1048576 rows, SSD kept awake by 5 reads (slowest 5.2 ms)
strata serve: expert tiers: GPU 198 hits this request; since the start RAM 29931 blobs, files 0 blobs 0.0 MB read
strata serve: prompt 29 tokens = 28 reused + 1 read in 0 ms (52083.3 tok/s), 1 generated in 29 ms (34.4 tok/s), drafts accepted 0 of 0, 1 checkpoints
strata serve: decode expert cache hit rate: 34.2% (164 hits / 480 lookups)
strata serve: resident RAM: 63.28 GiB of experts in RAM, 0 exchanged with the VRAM tier, 0 blob reads from the file
safetensors residency metrics: ram_bytes=67948118016 os_locked_bytes=0 cuda_pinned_bytes=67948118016 promotions=0 promoted_payload_bytes=0 expert_file_bytes=0 (cumulative; payload is not a physical PCIe counter)
safetensors ngram metrics: ple io: 1904 rows, 11.3% row-cache hits, 1688 SSD reads (7.2 MB), read p50 965 us p99 4515 us, blocked 78.530 ms total (submit 1.523 ms), cache 1688/1048576 rows, SSD kept awake by 5 reads (slowest 5.2 ms)
strata serve: expert tiers: GPU 164 hits this request; since the start RAM 30247 blobs, files 0 blobs 0.0 MB read
strata serve: prompt 30 tokens = 29 reused + 1 read in 0 ms (45248.9 tok/s), 1 generated in 29 ms (35.0 tok/s), drafts accepted 0 of 0, 1 checkpoints
strata serve: decode expert cache hit rate: 31.9% (153 hits / 480 lookups)
strata serve: resident RAM: 63.28 GiB of experts in RAM, 0 exchanged with the VRAM tier, 0 blob reads from the file
safetensors residency metrics: ram_bytes=67948118016 os_locked_bytes=0 cuda_pinned_bytes=67948118016 promotions=0 promoted_payload_bytes=0 expert_file_bytes=0 (cumulative; payload is not a physical PCIe counter)
safetensors ngram metrics: ple io: 1920 rows, 11.2% row-cache hits, 1704 SSD reads (7.3 MB), read p50 964 us p99 4515 us, blocked 78.858 ms total (submit 1.534 ms), cache 1704/1048576 rows, SSD kept awake by 5 reads (slowest 5.2 ms)
strata serve: expert tiers: GPU 153 hits this request; since the start RAM 30574 blobs, files 0 blobs 0.0 MB read
strata serve: prompt 31 tokens = 30 reused + 1 read in 0 ms (29850.7 tok/s), 1 generated in 31 ms (32.2 tok/s), drafts accepted 0 of 0, 1 checkpoints
strata serve: decode expert cache hit rate: 23.8% (114 hits / 480 lookups)
strata serve: resident RAM: 63.28 GiB of experts in RAM, 0 exchanged with the VRAM tier, 0 blob reads from the file
safetensors residency metrics: ram_bytes=67948118016 os_locked_bytes=0 cuda_pinned_bytes=67948118016 promotions=0 promoted_payload_bytes=0 expert_file_bytes=0 (cumulative; payload is not a physical PCIe counter)
safetensors ngram metrics: ple io: 1936 rows, 11.2% row-cache hits, 1720 SSD reads (7.3 MB), read p50 965 us p99 4515 us, blocked 79.303 ms total (submit 1.546 ms), cache 1720/1048576 rows, SSD kept awake by 5 reads (slowest 5.2 ms)
strata serve: expert tiers: GPU 114 hits this request; since the start RAM 30940 blobs, files 0 blobs 0.0 MB read
strata serve: prompt 32 tokens = 31 reused + 1 read in 0 ms (48780.5 tok/s), 1 generated in 28 ms (36.1 tok/s), drafts accepted 0 of 0, 1 checkpoints
strata serve: decode expert cache hit rate: 33.5% (161 hits / 480 lookups)
strata serve: resident RAM: 63.28 GiB of experts in RAM, 0 exchanged with the VRAM tier, 0 blob reads from the file
safetensors residency metrics: ram_bytes=67948118016 os_locked_bytes=0 cuda_pinned_bytes=67948118016 promotions=0 promoted_payload_bytes=0 expert_file_bytes=0 (cumulative; payload is not a physical PCIe counter)
safetensors ngram metrics: ple io: 1952 rows, 11.1% row-cache hits, 1736 SSD reads (7.4 MB), read p50 966 us p99 4515 us, blocked 80.015 ms total (submit 1.558 ms), cache 1736/1048576 rows, SSD kept awake by 5 reads (slowest 5.2 ms)
strata serve: expert tiers: GPU 161 hits this request; since the start RAM 31259 blobs, files 0 blobs 0.0 MB read
strata serve: prompt 33 tokens = 32 reused + 1 read in 0 ms (49019.6 tok/s), 1 generated in 29 ms (34.6 tok/s), drafts accepted 0 of 0, 1 checkpoints
strata serve: decode expert cache hit rate: 31.7% (152 hits / 480 lookups)
strata serve: resident RAM: 63.28 GiB of experts in RAM, 0 exchanged with the VRAM tier, 0 blob reads from the file
safetensors residency metrics: ram_bytes=67948118016 os_locked_bytes=0 cuda_pinned_bytes=67948118016 promotions=0 promoted_payload_bytes=0 expert_file_bytes=0 (cumulative; payload is not a physical PCIe counter)
safetensors ngram metrics: ple io: 1968 rows, 11.0% row-cache hits, 1752 SSD reads (7.5 MB), read p50 966 us p99 3879 us, blocked 80.702 ms total (submit 1.569 ms), cache 1752/1048576 rows, SSD kept awake by 5 reads (slowest 5.2 ms)
strata serve: expert tiers: GPU 152 hits this request; since the start RAM 31587 blobs, files 0 blobs 0.0 MB read
strata serve: prompt 34 tokens = 33 reused + 1 read in 0 ms (51546.4 tok/s), 1 generated in 29 ms (35.0 tok/s), drafts accepted 0 of 0, 1 checkpoints
strata serve: decode expert cache hit rate: 35.6% (171 hits / 480 lookups)
strata serve: resident RAM: 63.28 GiB of experts in RAM, 0 exchanged with the VRAM tier, 0 blob reads from the file
safetensors residency metrics: ram_bytes=67948118016 os_locked_bytes=0 cuda_pinned_bytes=67948118016 promotions=0 promoted_payload_bytes=0 expert_file_bytes=0 (cumulative; payload is not a physical PCIe counter)
safetensors ngram metrics: ple io: 1984 rows, 10.9% row-cache hits, 1768 SSD reads (7.5 MB), read p50 965 us p99 3879 us, blocked 81.164 ms total (submit 1.584 ms), cache 1768/1048576 rows, SSD kept awake by 5 reads (slowest 5.2 ms)
strata serve: expert tiers: GPU 171 hits this request; since the start RAM 31896 blobs, files 0 blobs 0.0 MB read
strata serve: prompt 35 tokens = 34 reused + 1 read in 0 ms (47846.9 tok/s), 1 generated in 30 ms (33.6 tok/s), drafts accepted 0 of 0, 1 checkpoints
strata serve: decode expert cache hit rate: 32.5% (156 hits / 480 lookups)
strata serve: resident RAM: 63.28 GiB of experts in RAM, 0 exchanged with the VRAM tier, 0 blob reads from the file
safetensors residency metrics: ram_bytes=67948118016 os_locked_bytes=0 cuda_pinned_bytes=67948118016 promotions=0 promoted_payload_bytes=0 expert_file_bytes=0 (cumulative; payload is not a physical PCIe counter)
safetensors ngram metrics: ple io: 2000 rows, 10.8% row-cache hits, 1784 SSD reads (7.6 MB), read p50 964 us p99 3879 us, blocked 81.864 ms total (submit 1.598 ms), cache 1784/1048576 rows, SSD kept awake by 5 reads (slowest 5.2 ms)
strata serve: expert tiers: GPU 156 hits this request; since the start RAM 32220 blobs, files 0 blobs 0.0 MB read
strata serve: prompt 36 tokens = 35 reused + 1 read in 0 ms (47846.9 tok/s), 1 generated in 29 ms (34.9 tok/s), drafts accepted 0 of 0, 1 checkpoints
strata serve: decode expert cache hit rate: 46.7% (224 hits / 480 lookups)
strata serve: resident RAM: 63.28 GiB of experts in RAM, 0 exchanged with the VRAM tier, 0 blob reads from the file
safetensors residency metrics: ram_bytes=67948118016 os_locked_bytes=0 cuda_pinned_bytes=67948118016 promotions=0 promoted_payload_bytes=0 expert_file_bytes=0 (cumulative; payload is not a physical PCIe counter)
safetensors ngram metrics: ple io: 2016 rows, 10.7% row-cache hits, 1800 SSD reads (7.7 MB), read p50 963 us p99 3879 us, blocked 85.443 ms total (submit 1.611 ms), cache 1800/1048576 rows, SSD kept awake by 5 reads (slowest 5.2 ms)
strata serve: expert tiers: GPU 224 hits this request; since the start RAM 32476 blobs, files 0 blobs 0.0 MB read
strata serve: prompt 37 tokens = 36 reused + 1 read in 0 ms (15197.6 tok/s), 1 generated in 29 ms (34.9 tok/s), drafts accepted 0 of 0, 1 checkpoints
strata serve: decode expert cache hit rate: 29.4% (141 hits / 480 lookups)
strata serve: resident RAM: 63.28 GiB of experts in RAM, 0 exchanged with the VRAM tier, 0 blob reads from the file
safetensors residency metrics: ram_bytes=67948118016 os_locked_bytes=0 cuda_pinned_bytes=67948118016 promotions=0 promoted_payload_bytes=0 expert_file_bytes=0 (cumulative; payload is not a physical PCIe counter)
safetensors ngram metrics: ple io: 2032 rows, 10.6% row-cache hits, 1816 SSD reads (7.7 MB), read p50 962 us p99 3879 us, blocked 86.027 ms total (submit 1.630 ms), cache 1816/1048576 rows, SSD kept awake by 5 reads (slowest 5.2 ms)
strata serve: expert tiers: GPU 141 hits this request; since the start RAM 32815 blobs, files 0 blobs 0.0 MB read
strata serve: prompt 38 tokens = 37 reused + 1 read in 0 ms (45662.1 tok/s), 1 generated in 27 ms (37.5 tok/s), drafts accepted 0 of 0, 1 checkpoints
strata serve: decode expert cache hit rate: 41.2% (198 hits / 480 lookups)
strata serve: resident RAM: 63.28 GiB of experts in RAM, 0 exchanged with the VRAM tier, 0 blob reads from the file
safetensors residency metrics: ram_bytes=67948118016 os_locked_bytes=0 cuda_pinned_bytes=67948118016 promotions=0 promoted_payload_bytes=0 expert_file_bytes=0 (cumulative; payload is not a physical PCIe counter)
safetensors ngram metrics: ple io: 2048 rows, 10.5% row-cache hits, 1832 SSD reads (7.8 MB), read p50 962 us p99 3879 us, blocked 86.832 ms total (submit 1.645 ms), cache 1832/1048576 rows, SSD kept awake by 5 reads (slowest 5.2 ms)
strata serve: expert tiers: GPU 198 hits this request; since the start RAM 33097 blobs, files 0 blobs 0.0 MB read
strata serve: prompt 39 tokens = 38 reused + 1 read in 0 ms (50761.4 tok/s), 1 generated in 28 ms (35.6 tok/s), drafts accepted 0 of 0, 1 checkpoints
strata serve: decode expert cache hit rate: 39.6% (190 hits / 480 lookups)
strata serve: resident RAM: 63.28 GiB of experts in RAM, 0 exchanged with the VRAM tier, 0 blob reads from the file
safetensors residency metrics: ram_bytes=67948118016 os_locked_bytes=0 cuda_pinned_bytes=67948118016 promotions=0 promoted_payload_bytes=0 expert_file_bytes=0 (cumulative; payload is not a physical PCIe counter)
safetensors ngram metrics: ple io: 2064 rows, 10.5% row-cache hits, 1848 SSD reads (7.9 MB), read p50 959 us p99 3879 us, blocked 87.343 ms total (submit 1.661 ms), cache 1848/1048576 rows, SSD kept awake by 5 reads (slowest 5.2 ms)
strata serve: expert tiers: GPU 190 hits this request; since the start RAM 33387 blobs, files 0 blobs 0.0 MB read
strata serve: prompt 40 tokens = 39 reused + 1 read in 0 ms (44444.4 tok/s), 1 generated in 27 ms (36.6 tok/s), drafts accepted 0 of 0, 1 checkpoints
strata serve: decode expert cache hit rate: 35.6% (171 hits / 480 lookups)
strata serve: resident RAM: 63.28 GiB of experts in RAM, 0 exchanged with the VRAM tier, 0 blob reads from the file
safetensors residency metrics: ram_bytes=67948118016 os_locked_bytes=0 cuda_pinned_bytes=67948118016 promotions=0 promoted_payload_bytes=0 expert_file_bytes=0 (cumulative; payload is not a physical PCIe counter)
safetensors ngram metrics: ple io: 2080 rows, 10.4% row-cache hits, 1864 SSD reads (8.0 MB), read p50 957 us p99 3826 us, blocked 87.713 ms total (submit 1.677 ms), cache 1864/1048576 rows, SSD kept awake by 5 reads (slowest 5.2 ms)
strata serve: expert tiers: GPU 171 hits this request; since the start RAM 33696 blobs, files 0 blobs 0.0 MB read
strata serve: prompt 41 tokens = 40 reused + 1 read in 0 ms (44444.4 tok/s), 1 generated in 28 ms (35.3 tok/s), drafts accepted 0 of 0, 1 checkpoints
strata serve: decode expert cache hit rate: 31.5% (151 hits / 480 lookups)
strata serve: resident RAM: 63.28 GiB of experts in RAM, 0 exchanged with the VRAM tier, 0 blob reads from the file
safetensors residency metrics: ram_bytes=67948118016 os_locked_bytes=0 cuda_pinned_bytes=67948118016 promotions=0 promoted_payload_bytes=0 expert_file_bytes=0 (cumulative; payload is not a physical PCIe counter)
safetensors ngram metrics: ple io: 2096 rows, 10.3% row-cache hits, 1880 SSD reads (8.0 MB), read p50 954 us p99 3826 us, blocked 87.994 ms total (submit 1.700 ms), cache 1880/1048576 rows, SSD kept awake by 5 reads (slowest 5.2 ms)
strata serve: expert tiers: GPU 151 hits this request; since the start RAM 34025 blobs, files 0 blobs 0.0 MB read
strata serve: prompt 42 tokens = 41 reused + 1 read in 0 ms (50251.3 tok/s), 1 generated in 29 ms (34.9 tok/s), drafts accepted 0 of 0, 1 checkpoints
strata serve: decode expert cache hit rate: 30.4% (146 hits / 480 lookups)
strata serve: resident RAM: 63.28 GiB of experts in RAM, 0 exchanged with the VRAM tier, 0 blob reads from the file
safetensors residency metrics: ram_bytes=67948118016 os_locked_bytes=0 cuda_pinned_bytes=67948118016 promotions=0 promoted_payload_bytes=0 expert_file_bytes=0 (cumulative; payload is not a physical PCIe counter)
safetensors ngram metrics: ple io: 2112 rows, 10.2% row-cache hits, 1896 SSD reads (8.1 MB), read p50 954 us p99 3826 us, blocked 88.612 ms total (submit 1.711 ms), cache 1896/1048576 rows, SSD kept awake by 5 reads (slowest 5.2 ms)
strata serve: expert tiers: GPU 146 hits this request; since the start RAM 34359 blobs, files 0 blobs 0.0 MB read
strata serve: prompt 43 tokens = 42 reused + 1 read in 0 ms (44444.4 tok/s), 1 generated in 29 ms (34.2 tok/s), drafts accepted 0 of 0, 1 checkpoints
strata serve: decode expert cache hit rate: 30.0% (144 hits / 480 lookups)
strata serve: resident RAM: 63.28 GiB of experts in RAM, 0 exchanged with the VRAM tier, 0 blob reads from the file
safetensors residency metrics: ram_bytes=67948118016 os_locked_bytes=0 cuda_pinned_bytes=67948118016 promotions=0 promoted_payload_bytes=0 expert_file_bytes=0 (cumulative; payload is not a physical PCIe counter)
safetensors ngram metrics: ple io: 2128 rows, 10.2% row-cache hits, 1912 SSD reads (8.2 MB), read p50 954 us p99 3826 us, blocked 89.195 ms total (submit 1.724 ms), cache 1912/1048576 rows, SSD kept awake by 5 reads (slowest 5.2 ms)
strata serve: expert tiers: GPU 144 hits this request; since the start RAM 34695 blobs, files 0 blobs 0.0 MB read
strata serve: prompt 44 tokens = 43 reused + 1 read in 0 ms (38167.9 tok/s), 1 generated in 22 ms (45.8 tok/s), drafts accepted 0 of 0, 1 checkpoints
strata serve: decode expert cache hit rate: 61.5% (295 hits / 480 lookups)
strata serve: resident RAM: 63.28 GiB of experts in RAM, 0 exchanged with the VRAM tier, 0 blob reads from the file
safetensors residency metrics: ram_bytes=67948118016 os_locked_bytes=0 cuda_pinned_bytes=67948118016 promotions=0 promoted_payload_bytes=0 expert_file_bytes=0 (cumulative; payload is not a physical PCIe counter)
safetensors ngram metrics: ple io: 2144 rows, 10.1% row-cache hits, 1928 SSD reads (8.2 MB), read p50 954 us p99 3826 us, blocked 89.855 ms total (submit 1.744 ms), cache 1928/1048576 rows, SSD kept awake by 5 reads (slowest 5.2 ms)
strata serve: expert tiers: GPU 295 hits this request; since the start RAM 34880 blobs, files 0 blobs 0.0 MB read
strata serve: prompt 45 tokens = 44 reused + 1 read in 0 ms (46948.4 tok/s), 1 generated in 29 ms (35.1 tok/s), drafts accepted 0 of 0, 1 checkpoints
strata serve: decode expert cache hit rate: 37.3% (179 hits / 480 lookups)
strata serve: resident RAM: 63.28 GiB of experts in RAM, 0 exchanged with the VRAM tier, 0 blob reads from the file
safetensors residency metrics: ram_bytes=67948118016 os_locked_bytes=0 cuda_pinned_bytes=67948118016 promotions=0 promoted_payload_bytes=0 expert_file_bytes=0 (cumulative; payload is not a physical PCIe counter)
safetensors ngram metrics: ple io: 2160 rows, 10.0% row-cache hits, 1944 SSD reads (8.3 MB), read p50 951 us p99 3826 us, blocked 90.612 ms total (submit 1.767 ms), cache 1944/1048576 rows, SSD kept awake by 5 reads (slowest 5.2 ms)
strata serve: expert tiers: GPU 179 hits this request; since the start RAM 35181 blobs, files 0 blobs 0.0 MB read
strata serve: prompt 46 tokens = 45 reused + 1 read in 0 ms (49505.0 tok/s), 1 generated in 28 ms (35.3 tok/s), drafts accepted 0 of 0, 1 checkpoints
strata serve: decode expert cache hit rate: 33.1% (159 hits / 480 lookups)
strata serve: resident RAM: 63.28 GiB of experts in RAM, 0 exchanged with the VRAM tier, 0 blob reads from the file
safetensors residency metrics: ram_bytes=67948118016 os_locked_bytes=0 cuda_pinned_bytes=67948118016 promotions=0 promoted_payload_bytes=0 expert_file_bytes=0 (cumulative; payload is not a physical PCIe counter)
safetensors ngram metrics: ple io: 2176 rows, 9.9% row-cache hits, 1960 SSD reads (8.4 MB), read p50 951 us p99 3467 us, blocked 90.971 ms total (submit 1.781 ms), cache 1960/1048576 rows, SSD kept awake by 5 reads (slowest 5.2 ms)
strata serve: expert tiers: GPU 159 hits this request; since the start RAM 35502 blobs, files 0 blobs 0.0 MB read
strata serve: prompt 47 tokens = 46 reused + 1 read in 0 ms (49019.6 tok/s), 1 generated in 28 ms (35.1 tok/s), drafts accepted 0 of 0, 1 checkpoints
strata serve: decode expert cache hit rate: 31.5% (151 hits / 480 lookups)
strata serve: resident RAM: 63.28 GiB of experts in RAM, 0 exchanged with the VRAM tier, 0 blob reads from the file
safetensors residency metrics: ram_bytes=67948118016 os_locked_bytes=0 cuda_pinned_bytes=67948118016 promotions=0 promoted_payload_bytes=0 expert_file_bytes=0 (cumulative; payload is not a physical PCIe counter)
safetensors ngram metrics: ple io: 2192 rows, 10.2% row-cache hits, 1968 SSD reads (8.4 MB), read p50 947 us p99 3467 us, blocked 90.972 ms total (submit 1.794 ms), cache 1968/1048576 rows, SSD kept awake by 5 reads (slowest 5.2 ms)
strata serve: expert tiers: GPU 151 hits this request; since the start RAM 35831 blobs, files 0 blobs 0.0 MB read
strata serve: prompt 48 tokens = 47 reused + 1 read in 0 ms (46082.9 tok/s), 1 generated in 29 ms (34.5 tok/s), drafts accepted 0 of 0, 1 checkpoints
strata serve: decode expert cache hit rate: 31.2% (150 hits / 480 lookups)
strata serve: resident RAM: 63.28 GiB of experts in RAM, 0 exchanged with the VRAM tier, 0 blob reads from the file
safetensors residency metrics: ram_bytes=67948118016 os_locked_bytes=0 cuda_pinned_bytes=67948118016 promotions=0 promoted_payload_bytes=0 expert_file_bytes=0 (cumulative; payload is not a physical PCIe counter)
safetensors ngram metrics: ple io: 2208 rows, 10.1% row-cache hits, 1984 SSD reads (8.5 MB), read p50 947 us p99 3467 us, blocked 91.448 ms total (submit 1.805 ms), cache 1984/1048576 rows, SSD kept awake by 5 reads (slowest 5.2 ms)
strata serve: expert tiers: GPU 150 hits this request; since the start RAM 36161 blobs, files 0 blobs 0.0 MB read
strata serve: prompt 49 tokens = 48 reused + 1 read in 0 ms (45454.5 tok/s), 1 generated in 29 ms (34.7 tok/s), drafts accepted 0 of 0, 1 checkpoints
strata serve: decode expert cache hit rate: 29.2% (140 hits / 480 lookups)
strata serve: resident RAM: 63.28 GiB of experts in RAM, 0 exchanged with the VRAM tier, 0 blob reads from the file
safetensors residency metrics: ram_bytes=67948118016 os_locked_bytes=0 cuda_pinned_bytes=67948118016 promotions=0 promoted_payload_bytes=0 expert_file_bytes=0 (cumulative; payload is not a physical PCIe counter)
safetensors ngram metrics: ple io: 2224 rows, 10.1% row-cache hits, 2000 SSD reads (8.5 MB), read p50 950 us p99 3467 us, blocked 92.186 ms total (submit 1.829 ms), cache 2000/1048576 rows, SSD kept awake by 5 reads (slowest 5.2 ms)
strata serve: expert tiers: GPU 140 hits this request; since the start RAM 36501 blobs, files 0 blobs 0.0 MB read
strata serve: prompt 50 tokens = 49 reused + 1 read in 0 ms (49751.2 tok/s), 1 generated in 29 ms (35.0 tok/s), drafts accepted 0 of 0, 1 checkpoints
strata serve: decode expert cache hit rate: 31.9% (153 hits / 480 lookups)
strata serve: resident RAM: 63.28 GiB of experts in RAM, 0 exchanged with the VRAM tier, 0 blob reads from the file
safetensors residency metrics: ram_bytes=67948118016 os_locked_bytes=0 cuda_pinned_bytes=67948118016 promotions=0 promoted_payload_bytes=0 expert_file_bytes=0 (cumulative; payload is not a physical PCIe counter)
safetensors ngram metrics: ple io: 2240 rows, 10.0% row-cache hits, 2016 SSD reads (8.6 MB), read p50 950 us p99 3467 us, blocked 92.721 ms total (submit 1.849 ms), cache 2016/1048576 rows, SSD kept awake by 5 reads (slowest 5.2 ms)
strata serve: expert tiers: GPU 153 hits this request; since the start RAM 36828 blobs, files 0 blobs 0.0 MB read
strata serve: prompt 51 tokens = 50 reused + 1 read in 0 ms (49751.2 tok/s), 1 generated in 29 ms (34.3 tok/s), drafts accepted 0 of 0, 1 checkpoints
strata serve: decode expert cache hit rate: 33.1% (159 hits / 480 lookups)
strata serve: resident RAM: 63.28 GiB of experts in RAM, 0 exchanged with the VRAM tier, 0 blob reads from the file
safetensors residency metrics: ram_bytes=67948118016 os_locked_bytes=0 cuda_pinned_bytes=67948118016 promotions=0 promoted_payload_bytes=0 expert_file_bytes=0 (cumulative; payload is not a physical PCIe counter)
safetensors ngram metrics: ple io: 2256 rows, 9.9% row-cache hits, 2032 SSD reads (8.7 MB), read p50 950 us p99 3467 us, blocked 93.248 ms total (submit 1.867 ms), cache 2032/1048576 rows, SSD kept awake by 5 reads (slowest 5.2 ms)
strata serve: expert tiers: GPU 159 hits this request; since the start RAM 37149 blobs, files 0 blobs 0.0 MB read
strata serve: prompt 52 tokens = 51 reused + 1 read in 0 ms (51020.4 tok/s), 1 generated in 28 ms (35.2 tok/s), drafts accepted 0 of 0, 1 checkpoints
strata serve: decode expert cache hit rate: 34.0% (163 hits / 480 lookups)
strata serve: resident RAM: 63.28 GiB of experts in RAM, 0 exchanged with the VRAM tier, 0 blob reads from the file
safetensors residency metrics: ram_bytes=67948118016 os_locked_bytes=0 cuda_pinned_bytes=67948118016 promotions=0 promoted_payload_bytes=0 expert_file_bytes=0 (cumulative; payload is not a physical PCIe counter)
safetensors ngram metrics: ple io: 2272 rows, 9.9% row-cache hits, 2048 SSD reads (8.7 MB), read p50 950 us p99 3467 us, blocked 93.813 ms total (submit 1.884 ms), cache 2048/1048576 rows, SSD kept awake by 5 reads (slowest 5.2 ms)
strata serve: expert tiers: GPU 163 hits this request; since the start RAM 37466 blobs, files 0 blobs 0.0 MB read
strata serve: prompt 53 tokens = 52 reused + 1 read in 0 ms (37174.7 tok/s), 1 generated in 29 ms (34.9 tok/s), drafts accepted 0 of 0, 1 checkpoints
strata serve: decode expert cache hit rate: 31.9% (153 hits / 480 lookups)
strata serve: resident RAM: 63.28 GiB of experts in RAM, 0 exchanged with the VRAM tier, 0 blob reads from the file
safetensors residency metrics: ram_bytes=67948118016 os_locked_bytes=0 cuda_pinned_bytes=67948118016 promotions=0 promoted_payload_bytes=0 expert_file_bytes=0 (cumulative; payload is not a physical PCIe counter)
safetensors ngram metrics: ple io: 2288 rows, 9.8% row-cache hits, 2064 SSD reads (8.8 MB), read p50 947 us p99 3363 us, blocked 94.238 ms total (submit 1.909 ms), cache 2064/1048576 rows, SSD kept awake by 5 reads (slowest 5.2 ms)
strata serve: expert tiers: GPU 153 hits this request; since the start RAM 37793 blobs, files 0 blobs 0.0 MB read
strata serve: prompt 54 tokens = 53 reused + 1 read in 0 ms (49505.0 tok/s), 1 generated in 28 ms (35.1 tok/s), drafts accepted 0 of 0, 1 checkpoints
strata serve: decode expert cache hit rate: 31.7% (152 hits / 480 lookups)
strata serve: resident RAM: 63.28 GiB of experts in RAM, 0 exchanged with the VRAM tier, 0 blob reads from the file
safetensors residency metrics: ram_bytes=67948118016 os_locked_bytes=0 cuda_pinned_bytes=67948118016 promotions=0 promoted_payload_bytes=0 expert_file_bytes=0 (cumulative; payload is not a physical PCIe counter)
safetensors ngram metrics: ple io: 2304 rows, 9.7% row-cache hits, 2080 SSD reads (8.9 MB), read p50 946 us p99 3363 us, blocked 94.545 ms total (submit 1.923 ms), cache 2080/1048576 rows, SSD kept awake by 5 reads (slowest 5.2 ms)
strata serve: expert tiers: GPU 152 hits this request; since the start RAM 38121 blobs, files 0 blobs 0.0 MB read
strata serve: prompt 55 tokens = 54 reused + 1 read in 0 ms (51282.1 tok/s), 1 generated in 28 ms (35.6 tok/s), drafts accepted 0 of 0, 1 checkpoints
strata serve: decode expert cache hit rate: 33.3% (160 hits / 480 lookups)
strata serve: resident RAM: 63.28 GiB of experts in RAM, 0 exchanged with the VRAM tier, 0 blob reads from the file
safetensors residency metrics: ram_bytes=67948118016 os_locked_bytes=0 cuda_pinned_bytes=67948118016 promotions=0 promoted_payload_bytes=0 expert_file_bytes=0 (cumulative; payload is not a physical PCIe counter)
safetensors ngram metrics: ple io: 2320 rows, 9.7% row-cache hits, 2096 SSD reads (8.9 MB), read p50 946 us p99 3363 us, blocked 95.184 ms total (submit 1.934 ms), cache 2096/1048576 rows, SSD kept awake by 5 reads (slowest 5.2 ms)
strata serve: expert tiers: GPU 160 hits this request; since the start RAM 38441 blobs, files 0 blobs 0.0 MB read
strata serve: prompt 56 tokens = 55 reused + 1 read in 0 ms (50761.4 tok/s), 1 generated in 29 ms (34.1 tok/s), drafts accepted 0 of 0, 1 checkpoints
strata serve: decode expert cache hit rate: 30.8% (148 hits / 480 lookups)
strata serve: resident RAM: 63.28 GiB of experts in RAM, 0 exchanged with the VRAM tier, 0 blob reads from the file
safetensors residency metrics: ram_bytes=67948118016 os_locked_bytes=0 cuda_pinned_bytes=67948118016 promotions=0 promoted_payload_bytes=0 expert_file_bytes=0 (cumulative; payload is not a physical PCIe counter)
safetensors ngram metrics: ple io: 2336 rows, 9.6% row-cache hits, 2112 SSD reads (9.0 MB), read p50 946 us p99 3363 us, blocked 95.597 ms total (submit 1.946 ms), cache 2112/1048576 rows, SSD kept awake by 5 reads (slowest 5.2 ms)
strata serve: expert tiers: GPU 148 hits this request; since the start RAM 38773 blobs, files 0 blobs 0.0 MB read
strata serve: prompt 57 tokens = 56 reused + 1 read in 0 ms (44843.0 tok/s), 1 generated in 31 ms (32.2 tok/s), drafts accepted 0 of 0, 1 checkpoints
strata serve: decode expert cache hit rate: 28.5% (137 hits / 480 lookups)
strata serve: resident RAM: 63.28 GiB of experts in RAM, 0 exchanged with the VRAM tier, 0 blob reads from the file
safetensors residency metrics: ram_bytes=67948118016 os_locked_bytes=0 cuda_pinned_bytes=67948118016 promotions=0 promoted_payload_bytes=0 expert_file_bytes=0 (cumulative; payload is not a physical PCIe counter)
safetensors ngram metrics: ple io: 2352 rows, 9.5% row-cache hits, 2128 SSD reads (9.1 MB), read p50 944 us p99 3363 us, blocked 95.597 ms total (submit 1.968 ms), cache 2128/1048576 rows, SSD kept awake by 5 reads (slowest 5.2 ms)
strata serve: expert tiers: GPU 137 hits this request; since the start RAM 39116 blobs, files 0 blobs 0.0 MB read
strata serve: prompt 58 tokens = 57 reused + 1 read in 0 ms (44642.9 tok/s), 1 generated in 27 ms (37.7 tok/s), drafts accepted 0 of 0, 1 checkpoints
strata serve: decode expert cache hit rate: 37.1% (178 hits / 480 lookups)
strata serve: resident RAM: 63.28 GiB of experts in RAM, 0 exchanged with the VRAM tier, 0 blob reads from the file
safetensors residency metrics: ram_bytes=67948118016 os_locked_bytes=0 cuda_pinned_bytes=67948118016 promotions=0 promoted_payload_bytes=0 expert_file_bytes=0 (cumulative; payload is not a physical PCIe counter)
safetensors ngram metrics: ple io: 2368 rows, 9.5% row-cache hits, 2144 SSD reads (9.2 MB), read p50 941 us p99 3363 us, blocked 96.024 ms total (submit 1.980 ms), cache 2144/1048576 rows, SSD kept awake by 5 reads (slowest 5.2 ms)
strata serve: expert tiers: GPU 178 hits this request; since the start RAM 39418 blobs, files 0 blobs 0.0 MB read
strata serve: prompt 59 tokens = 58 reused + 1 read in 0 ms (49261.1 tok/s), 1 generated in 25 ms (40.2 tok/s), drafts accepted 0 of 0, 1 checkpoints
strata serve: decode expert cache hit rate: 52.5% (252 hits / 480 lookups)
strata serve: resident RAM: 63.28 GiB of experts in RAM, 0 exchanged with the VRAM tier, 0 blob reads from the file
safetensors residency metrics: ram_bytes=67948118016 os_locked_bytes=0 cuda_pinned_bytes=67948118016 promotions=0 promoted_payload_bytes=0 expert_file_bytes=0 (cumulative; payload is not a physical PCIe counter)
safetensors ngram metrics: ple io: 2384 rows, 9.4% row-cache hits, 2160 SSD reads (9.2 MB), read p50 941 us p99 3353 us, blocked 96.839 ms total (submit 2.000 ms), cache 2160/1048576 rows, SSD kept awake by 5 reads (slowest 5.2 ms)
strata serve: expert tiers: GPU 252 hits this request; since the start RAM 39646 blobs, files 0 blobs 0.0 MB read
strata serve: prompt 60 tokens = 59 reused + 1 read in 0 ms (49751.2 tok/s), 1 generated in 28 ms (36.1 tok/s), drafts accepted 0 of 0, 1 checkpoints
strata serve: decode expert cache hit rate: 40.6% (195 hits / 480 lookups)
strata serve: resident RAM: 63.28 GiB of experts in RAM, 0 exchanged with the VRAM tier, 0 blob reads from the file
safetensors residency metrics: ram_bytes=67948118016 os_locked_bytes=0 cuda_pinned_bytes=67948118016 promotions=0 promoted_payload_bytes=0 expert_file_bytes=0 (cumulative; payload is not a physical PCIe counter)
safetensors ngram metrics: ple io: 2400 rows, 9.3% row-cache hits, 2176 SSD reads (9.3 MB), read p50 939 us p99 3353 us, blocked 97.876 ms total (submit 2.012 ms), cache 2176/1048576 rows, SSD kept awake by 5 reads (slowest 5.2 ms)
strata serve: expert tiers: GPU 195 hits this request; since the start RAM 39931 blobs, files 0 blobs 0.0 MB read
strata serve: prompt 61 tokens = 60 reused + 1 read in 0 ms (48309.2 tok/s), 1 generated in 25 ms (40.4 tok/s), drafts accepted 0 of 0, 1 checkpoints
strata serve: decode expert cache hit rate: 51.2% (246 hits / 480 lookups)
strata serve: resident RAM: 63.28 GiB of experts in RAM, 0 exchanged with the VRAM tier, 0 blob reads from the file
safetensors residency metrics: ram_bytes=67948118016 os_locked_bytes=0 cuda_pinned_bytes=67948118016 promotions=0 promoted_payload_bytes=0 expert_file_bytes=0 (cumulative; payload is not a physical PCIe counter)
safetensors ngram metrics: ple io: 2416 rows, 9.3% row-cache hits, 2192 SSD reads (9.4 MB), read p50 939 us p99 3353 us, blocked 98.630 ms total (submit 2.031 ms), cache 2192/1048576 rows, SSD kept awake by 5 reads (slowest 5.2 ms)
strata serve: expert tiers: GPU 246 hits this request; since the start RAM 40165 blobs, files 0 blobs 0.0 MB read
strata serve: prompt 62 tokens = 61 reused + 1 read in 0 ms (48780.5 tok/s), 1 generated in 28 ms (35.9 tok/s), drafts accepted 0 of 0, 1 checkpoints
strata serve: decode expert cache hit rate: 34.4% (165 hits / 480 lookups)
strata serve: resident RAM: 63.28 GiB of experts in RAM, 0 exchanged with the VRAM tier, 0 blob reads from the file
safetensors residency metrics: ram_bytes=67948118016 os_locked_bytes=0 cuda_pinned_bytes=67948118016 promotions=0 promoted_payload_bytes=0 expert_file_bytes=0 (cumulative; payload is not a physical PCIe counter)
safetensors ngram metrics: ple io: 2432 rows, 9.2% row-cache hits, 2208 SSD reads (9.4 MB), read p50 940 us p99 3353 us, blocked 99.618 ms total (submit 2.046 ms), cache 2208/1048576 rows, SSD kept awake by 5 reads (slowest 5.2 ms)
strata serve: expert tiers: GPU 165 hits this request; since the start RAM 40480 blobs, files 0 blobs 0.0 MB read
strata serve: prompt 63 tokens = 62 reused + 1 read in 0 ms (49261.1 tok/s), 1 generated in 28 ms (35.1 tok/s), drafts accepted 0 of 0, 1 checkpoints
strata serve: decode expert cache hit rate: 35.4% (170 hits / 480 lookups)
strata serve: resident RAM: 63.28 GiB of experts in RAM, 0 exchanged with the VRAM tier, 0 blob reads from the file
safetensors residency metrics: ram_bytes=67948118016 os_locked_bytes=0 cuda_pinned_bytes=67948118016 promotions=0 promoted_payload_bytes=0 expert_file_bytes=0 (cumulative; payload is not a physical PCIe counter)
safetensors ngram metrics: ple io: 2448 rows, 9.2% row-cache hits, 2224 SSD reads (9.5 MB), read p50 939 us p99 3353 us, blocked 100.426 ms total (submit 2.075 ms), cache 2224/1048576 rows, SSD kept awake by 5 reads (slowest 5.2 ms)
strata serve: expert tiers: GPU 170 hits this request; since the start RAM 40790 blobs, files 0 blobs 0.0 MB read
strata serve: prompt 64 tokens = 63 reused + 1 read in 0 ms (50251.3 tok/s), 1 generated in 28 ms (35.2 tok/s), drafts accepted 0 of 0, 1 checkpoints
strata serve: decode expert cache hit rate: 31.5% (151 hits / 480 lookups)
strata serve: resident RAM: 63.28 GiB of experts in RAM, 0 exchanged with the VRAM tier, 0 blob reads from the file
safetensors residency metrics: ram_bytes=67948118016 os_locked_bytes=0 cuda_pinned_bytes=67948118016 promotions=0 promoted_payload_bytes=0 expert_file_bytes=0 (cumulative; payload is not a physical PCIe counter)
safetensors ngram metrics: ple io: 2464 rows, 9.1% row-cache hits, 2240 SSD reads (9.6 MB), read p50 939 us p99 3353 us, blocked 100.848 ms total (submit 2.087 ms), cache 2240/1048576 rows, SSD kept awake by 5 reads (slowest 5.2 ms)
strata serve: expert tiers: GPU 151 hits this request; since the start RAM 41119 blobs, files 0 blobs 0.0 MB read
strata serve: prompt 65 tokens = 64 reused + 1 read in 0 ms (45045.0 tok/s), 1 generated in 28 ms (36.1 tok/s), drafts accepted 0 of 0, 1 checkpoints
strata serve: decode expert cache hit rate: 35.6% (171 hits / 480 lookups)
strata serve: resident RAM: 63.28 GiB of experts in RAM, 0 exchanged with the VRAM tier, 0 blob reads from the file
safetensors residency metrics: ram_bytes=67948118016 os_locked_bytes=0 cuda_pinned_bytes=67948118016 promotions=0 promoted_payload_bytes=0 expert_file_bytes=0 (cumulative; payload is not a physical PCIe counter)
safetensors ngram metrics: ple io: 2480 rows, 9.0% row-cache hits, 2256 SSD reads (9.6 MB), read p50 938 us p99 3335 us, blocked 101.230 ms total (submit 2.107 ms), cache 2256/1048576 rows, SSD kept awake by 5 reads (slowest 5.2 ms)
strata serve: expert tiers: GPU 171 hits this request; since the start RAM 41428 blobs, files 0 blobs 0.0 MB read
strata serve: prompt 66 tokens = 65 reused + 1 read in 0 ms (43859.6 tok/s), 1 generated in 26 ms (39.1 tok/s), drafts accepted 0 of 0, 1 checkpoints
strata serve: decode expert cache hit rate: 41.2% (198 hits / 480 lookups)
strata serve: resident RAM: 63.28 GiB of experts in RAM, 0 exchanged with the VRAM tier, 0 blob reads from the file
safetensors residency metrics: ram_bytes=67948118016 os_locked_bytes=0 cuda_pinned_bytes=67948118016 promotions=0 promoted_payload_bytes=0 expert_file_bytes=0 (cumulative; payload is not a physical PCIe counter)
safetensors ngram metrics: ple io: 2496 rows, 9.3% row-cache hits, 2264 SSD reads (9.7 MB), read p50 934 us p99 3335 us, blocked 101.231 ms total (submit 2.116 ms), cache 2264/1048576 rows, SSD kept awake by 5 reads (slowest 5.2 ms)
strata serve: expert tiers: GPU 198 hits this request; since the start RAM 41710 blobs, files 0 blobs 0.0 MB read
strata serve: prompt 67 tokens = 66 reused + 1 read in 0 ms (46082.9 tok/s), 1 generated in 27 ms (36.7 tok/s), drafts accepted 0 of 0, 1 checkpoints
strata serve: decode expert cache hit rate: 35.0% (168 hits / 480 lookups)
strata serve: resident RAM: 63.28 GiB of experts in RAM, 0 exchanged with the VRAM tier, 0 blob reads from the file
safetensors residency metrics: ram_bytes=67948118016 os_locked_bytes=0 cuda_pinned_bytes=67948118016 promotions=0 promoted_payload_bytes=0 expert_file_bytes=0 (cumulative; payload is not a physical PCIe counter)
safetensors ngram metrics: ple io: 2512 rows, 9.9% row-cache hits, 2264 SSD reads (9.7 MB), read p50 934 us p99 3335 us, blocked 101.231 ms total (submit 2.116 ms), cache 2264/1048576 rows, SSD kept awake by 5 reads (slowest 5.2 ms)
strata serve: expert tiers: GPU 168 hits this request; since the start RAM 42022 blobs, files 0 blobs 0.0 MB read
strata serve: prompt 68 tokens = 67 reused + 1 read in 0 ms (44444.4 tok/s), 1 generated in 28 ms (35.9 tok/s), drafts accepted 0 of 0, 1 checkpoints
strata serve: decode expert cache hit rate: 35.8% (172 hits / 480 lookups)
strata serve: resident RAM: 63.28 GiB of experts in RAM, 0 exchanged with the VRAM tier, 0 blob reads from the file
safetensors residency metrics: ram_bytes=67948118016 os_locked_bytes=0 cuda_pinned_bytes=67948118016 promotions=0 promoted_payload_bytes=0 expert_file_bytes=0 (cumulative; payload is not a physical PCIe counter)
safetensors ngram metrics: ple io: 2528 rows, 10.4% row-cache hits, 2264 SSD reads (9.7 MB), read p50 934 us p99 3335 us, blocked 101.231 ms total (submit 2.116 ms), cache 2264/1048576 rows, SSD kept awake by 6 reads (slowest 5.2 ms)
strata serve: expert tiers: GPU 172 hits this request; since the start RAM 42330 blobs, files 0 blobs 0.0 MB read
strata serve: prompt 69 tokens = 68 reused + 1 read in 0 ms (48076.9 tok/s), 1 generated in 22 ms (44.7 tok/s), drafts accepted 0 of 0, 1 checkpoints
strata serve: decode expert cache hit rate: 58.8% (282 hits / 480 lookups)
strata serve: resident RAM: 63.28 GiB of experts in RAM, 0 exchanged with the VRAM tier, 0 blob reads from the file
safetensors residency metrics: ram_bytes=67948118016 os_locked_bytes=0 cuda_pinned_bytes=67948118016 promotions=0 promoted_payload_bytes=0 expert_file_bytes=0 (cumulative; payload is not a physical PCIe counter)
safetensors ngram metrics: ple io: 2544 rows, 10.4% row-cache hits, 2280 SSD reads (9.7 MB), read p50 934 us p99 3335 us, blocked 102.068 ms total (submit 2.133 ms), cache 2280/1048576 rows, SSD kept awake by 6 reads (slowest 5.2 ms)
strata serve: expert tiers: GPU 282 hits this request; since the start RAM 42528 blobs, files 0 blobs 0.0 MB read
strata serve: prompt 70 tokens = 69 reused + 1 read in 0 ms (51546.4 tok/s), 1 generated in 28 ms (36.1 tok/s), drafts accepted 0 of 0, 1 checkpoints
strata serve: decode expert cache hit rate: 36.2% (174 hits / 480 lookups)
strata serve: resident RAM: 63.28 GiB of experts in RAM, 0 exchanged with the VRAM tier, 0 blob reads from the file
safetensors residency metrics: ram_bytes=67948118016 os_locked_bytes=0 cuda_pinned_bytes=67948118016 promotions=0 promoted_payload_bytes=0 expert_file_bytes=0 (cumulative; payload is not a physical PCIe counter)
safetensors ngram metrics: ple io: 2560 rows, 10.3% row-cache hits, 2296 SSD reads (9.8 MB), read p50 934 us p99 3335 us, blocked 102.615 ms total (submit 2.146 ms), cache 2296/1048576 rows, SSD kept awake by 6 reads (slowest 5.2 ms)
strata serve: expert tiers: GPU 174 hits this request; since the start RAM 42834 blobs, files 0 blobs 0.0 MB read
strata serve: prompt 71 tokens = 70 reused + 1 read in 0 ms (51020.4 tok/s), 1 generated in 29 ms (34.4 tok/s), drafts accepted 0 of 0, 1 checkpoints
strata serve: decode expert cache hit rate: 32.5% (156 hits / 480 lookups)
strata serve: resident RAM: 63.28 GiB of experts in RAM, 0 exchanged with the VRAM tier, 0 blob reads from the file
safetensors residency metrics: ram_bytes=67948118016 os_locked_bytes=0 cuda_pinned_bytes=67948118016 promotions=0 promoted_payload_bytes=0 expert_file_bytes=0 (cumulative; payload is not a physical PCIe counter)
safetensors ngram metrics: ple io: 2576 rows, 10.2% row-cache hits, 2312 SSD reads (9.9 MB), read p50 933 us p99 3335 us, blocked 102.850 ms total (submit 2.159 ms), cache 2312/1048576 rows, SSD kept awake by 6 reads (slowest 5.2 ms)
strata serve: expert tiers: GPU 156 hits this request; since the start RAM 43158 blobs, files 0 blobs 0.0 MB read
strata serve: prompt 72 tokens = 71 reused + 1 read in 0 ms (49505.0 tok/s), 1 generated in 29 ms (34.6 tok/s), drafts accepted 0 of 0, 1 checkpoints
strata serve: decode expert cache hit rate: 35.8% (172 hits / 480 lookups)
strata serve: resident RAM: 63.28 GiB of experts in RAM, 0 exchanged with the VRAM tier, 0 blob reads from the file
safetensors residency metrics: ram_bytes=67948118016 os_locked_bytes=0 cuda_pinned_bytes=67948118016 promotions=0 promoted_payload_bytes=0 expert_file_bytes=0 (cumulative; payload is not a physical PCIe counter)
safetensors ngram metrics: ple io: 2592 rows, 10.2% row-cache hits, 2328 SSD reads (9.9 MB), read p50 933 us p99 3335 us, blocked 103.401 ms total (submit 2.174 ms), cache 2328/1048576 rows, SSD kept awake by 6 reads (slowest 5.2 ms)
strata serve: expert tiers: GPU 172 hits this request; since the start RAM 43466 blobs, files 0 blobs 0.0 MB read
strata serve: prompt 73 tokens = 72 reused + 1 read in 0 ms (49751.2 tok/s), 1 generated in 28 ms (36.3 tok/s), drafts accepted 0 of 0, 1 checkpoints
strata serve: decode expert cache hit rate: 33.3% (160 hits / 480 lookups)
strata serve: resident RAM: 63.28 GiB of experts in RAM, 0 exchanged with the VRAM tier, 0 blob reads from the file
safetensors residency metrics: ram_bytes=67948118016 os_locked_bytes=0 cuda_pinned_bytes=67948118016 promotions=0 promoted_payload_bytes=0 expert_file_bytes=0 (cumulative; payload is not a physical PCIe counter)
safetensors ngram metrics: ple io: 2608 rows, 10.1% row-cache hits, 2344 SSD reads (10.0 MB), read p50 932 us p99 3335 us, blocked 103.933 ms total (submit 2.190 ms), cache 2344/1048576 rows, SSD kept awake by 6 reads (slowest 5.2 ms)
strata serve: expert tiers: GPU 160 hits this request; since the start RAM 43786 blobs, files 0 blobs 0.0 MB read
strata serve: prompt 74 tokens = 73 reused + 1 read in 0 ms (49505.0 tok/s), 1 generated in 28 ms (35.1 tok/s), drafts accepted 0 of 0, 1 checkpoints
strata serve: decode expert cache hit rate: 34.4% (165 hits / 480 lookups)
strata serve: resident RAM: 63.28 GiB of experts in RAM, 0 exchanged with the VRAM tier, 0 blob reads from the file
safetensors residency metrics: ram_bytes=67948118016 os_locked_bytes=0 cuda_pinned_bytes=67948118016 promotions=0 promoted_payload_bytes=0 expert_file_bytes=0 (cumulative; payload is not a physical PCIe counter)
safetensors ngram metrics: ple io: 2624 rows, 10.1% row-cache hits, 2360 SSD reads (10.1 MB), read p50 932 us p99 3280 us, blocked 104.692 ms total (submit 2.204 ms), cache 2360/1048576 rows, SSD kept awake by 6 reads (slowest 5.2 ms)
strata serve: expert tiers: GPU 165 hits this request; since the start RAM 44101 blobs, files 0 blobs 0.0 MB read
strata serve: prompt 75 tokens = 74 reused + 1 read in 0 ms (50000.0 tok/s), 1 generated in 27 ms (37.3 tok/s), drafts accepted 0 of 0, 1 checkpoints
strata serve: decode expert cache hit rate: 40.6% (195 hits / 480 lookups)
strata serve: resident RAM: 63.28 GiB of experts in RAM, 0 exchanged with the VRAM tier, 0 blob reads from the file
safetensors residency metrics: ram_bytes=67948118016 os_locked_bytes=0 cuda_pinned_bytes=67948118016 promotions=0 promoted_payload_bytes=0 expert_file_bytes=0 (cumulative; payload is not a physical PCIe counter)
safetensors ngram metrics: ple io: 2640 rows, 10.0% row-cache hits, 2376 SSD reads (10.1 MB), read p50 931 us p99 3280 us, blocked 105.443 ms total (submit 2.217 ms), cache 2376/1048576 rows, SSD kept awake by 6 reads (slowest 5.2 ms)
strata serve: expert tiers: GPU 195 hits this request; since the start RAM 44386 blobs, files 0 blobs 0.0 MB read
strata serve: prompt 76 tokens = 75 reused + 1 read in 0 ms (50000.0 tok/s), 1 generated in 32 ms (31.0 tok/s), drafts accepted 0 of 0, 1 checkpoints
strata serve: decode expert cache hit rate: 38.1% (183 hits / 480 lookups)
strata serve: resident RAM: 63.28 GiB of experts in RAM, 0 exchanged with the VRAM tier, 0 blob reads from the file
safetensors residency metrics: ram_bytes=67948118016 os_locked_bytes=0 cuda_pinned_bytes=67948118016 promotions=0 promoted_payload_bytes=0 expert_file_bytes=0 (cumulative; payload is not a physical PCIe counter)
safetensors ngram metrics: ple io: 2656 rows, 9.9% row-cache hits, 2392 SSD reads (10.2 MB), read p50 934 us p99 4606 us, blocked 110.466 ms total (submit 2.228 ms), cache 2392/1048576 rows, SSD kept awake by 6 reads (slowest 5.2 ms)
strata serve: expert tiers: GPU 183 hits this request; since the start RAM 44683 blobs, files 0 blobs 0.0 MB read
strata serve: prompt 77 tokens = 76 reused + 1 read in 0 ms (44843.0 tok/s), 1 generated in 34 ms (29.2 tok/s), drafts accepted 0 of 0, 1 checkpoints
strata serve: decode expert cache hit rate: 37.5% (180 hits / 480 lookups)
strata serve: resident RAM: 63.28 GiB of experts in RAM, 0 exchanged with the VRAM tier, 0 blob reads from the file
safetensors residency metrics: ram_bytes=67948118016 os_locked_bytes=0 cuda_pinned_bytes=67948118016 promotions=0 promoted_payload_bytes=0 expert_file_bytes=0 (cumulative; payload is not a physical PCIe counter)
safetensors ngram metrics: ple io: 2672 rows, 9.9% row-cache hits, 2408 SSD reads (10.3 MB), read p50 939 us p99 4987 us, blocked 117.607 ms total (submit 2.240 ms), cache 2408/1048576 rows, SSD kept awake by 6 reads (slowest 5.2 ms)
strata serve: expert tiers: GPU 180 hits this request; since the start RAM 44983 blobs, files 0 blobs 0.0 MB read
strata serve: prompt 78 tokens = 77 reused + 1 read in 0 ms (43103.4 tok/s), 1 generated in 44 ms (22.8 tok/s), drafts accepted 0 of 0, 1 checkpoints
strata serve: decode expert cache hit rate: 29.2% (140 hits / 480 lookups)
strata serve: resident RAM: 63.28 GiB of experts in RAM, 0 exchanged with the VRAM tier, 0 blob reads from the file
safetensors residency metrics: ram_bytes=67948118016 os_locked_bytes=0 cuda_pinned_bytes=67948118016 promotions=0 promoted_payload_bytes=0 expert_file_bytes=0 (cumulative; payload is not a physical PCIe counter)
safetensors ngram metrics: ple io: 2688 rows, 9.8% row-cache hits, 2424 SSD reads (10.4 MB), read p50 944 us p99 5425 us, blocked 132.326 ms total (submit 2.256 ms), cache 2424/1048576 rows, SSD kept awake by 6 reads (slowest 5.2 ms)
strata serve: expert tiers: GPU 140 hits this request; since the start RAM 45323 blobs, files 0 blobs 0.0 MB read
strata serve: prompt 79 tokens = 78 reused + 1 read in 0 ms (6724.9 tok/s), 1 generated in 31 ms (31.8 tok/s), drafts accepted 0 of 0, 1 checkpoints
strata serve: decode expert cache hit rate: 29.4% (141 hits / 480 lookups)
strata serve: resident RAM: 63.28 GiB of experts in RAM, 0 exchanged with the VRAM tier, 0 blob reads from the file
safetensors residency metrics: ram_bytes=67948118016 os_locked_bytes=0 cuda_pinned_bytes=67948118016 promotions=0 promoted_payload_bytes=0 expert_file_bytes=0 (cumulative; payload is not a physical PCIe counter)
safetensors ngram metrics: ple io: 2704 rows, 9.8% row-cache hits, 2440 SSD reads (10.4 MB), read p50 944 us p99 5425 us, blocked 132.944 ms total (submit 2.282 ms), cache 2440/1048576 rows, SSD kept awake by 6 reads (slowest 5.2 ms)
strata serve: expert tiers: GPU 141 hits this request; since the start RAM 45662 blobs, files 0 blobs 0.0 MB read
strata serve: prompt 80 tokens = 79 reused + 1 read in 0 ms (48780.5 tok/s), 1 generated in 29 ms (34.0 tok/s), drafts accepted 0 of 0, 1 checkpoints
strata serve: decode expert cache hit rate: 39.0% (187 hits / 480 lookups)
strata serve: resident RAM: 63.28 GiB of experts in RAM, 0 exchanged with the VRAM tier, 0 blob reads from the file
safetensors residency metrics: ram_bytes=67948118016 os_locked_bytes=0 cuda_pinned_bytes=67948118016 promotions=0 promoted_payload_bytes=0 expert_file_bytes=0 (cumulative; payload is not a physical PCIe counter)
safetensors ngram metrics: ple io: 2720 rows, 9.7% row-cache hits, 2456 SSD reads (10.5 MB), read p50 947 us p99 5383 us, blocked 136.183 ms total (submit 2.300 ms), cache 2456/1048576 rows, SSD kept awake by 6 reads (slowest 5.2 ms)
strata serve: expert tiers: GPU 187 hits this request; since the start RAM 45955 blobs, files 0 blobs 0.0 MB read
strata serve: prompt 81 tokens = 80 reused + 1 read in 0 ms (43859.6 tok/s), 1 generated in 24 ms (41.0 tok/s), drafts accepted 0 of 0, 1 checkpoints
strata serve: decode expert cache hit rate: 60.8% (292 hits / 480 lookups)
strata serve: resident RAM: 63.28 GiB of experts in RAM, 0 exchanged with the VRAM tier, 0 blob reads from the file
safetensors residency metrics: ram_bytes=67948118016 os_locked_bytes=0 cuda_pinned_bytes=67948118016 promotions=0 promoted_payload_bytes=0 expert_file_bytes=0 (cumulative; payload is not a physical PCIe counter)
safetensors ngram metrics: ple io: 2736 rows, 9.6% row-cache hits, 2472 SSD reads (10.6 MB), read p50 953 us p99 5383 us, blocked 138.186 ms total (submit 2.312 ms), cache 2472/1048576 rows, SSD kept awake by 6 reads (slowest 5.2 ms)
strata serve: expert tiers: GPU 292 hits this request; since the start RAM 46143 blobs, files 0 blobs 0.0 MB read
strata serve: prompt 82 tokens = 81 reused + 1 read in 0 ms (49019.6 tok/s), 1 generated in 31 ms (32.0 tok/s), drafts accepted 0 of 0, 1 checkpoints
strata serve: decode expert cache hit rate: 40.2% (193 hits / 480 lookups)
strata serve: resident RAM: 63.28 GiB of experts in RAM, 0 exchanged with the VRAM tier, 0 blob reads from the file
safetensors residency metrics: ram_bytes=67948118016 os_locked_bytes=0 cuda_pinned_bytes=67948118016 promotions=0 promoted_payload_bytes=0 expert_file_bytes=0 (cumulative; payload is not a physical PCIe counter)
safetensors ngram metrics: ple io: 2752 rows, 9.6% row-cache hits, 2488 SSD reads (10.6 MB), read p50 957 us p99 5383 us, blocked 142.423 ms total (submit 2.324 ms), cache 2488/1048576 rows, SSD kept awake by 6 reads (slowest 5.2 ms)
strata serve: expert tiers: GPU 193 hits this request; since the start RAM 46430 blobs, files 0 blobs 0.0 MB read
strata serve: prompt 83 tokens = 82 reused + 1 read in 0 ms (49751.2 tok/s), 1 generated in 29 ms (34.4 tok/s), drafts accepted 0 of 0, 1 checkpoints
strata serve: decode expert cache hit rate: 43.8% (210 hits / 480 lookups)
strata serve: resident RAM: 63.28 GiB of experts in RAM, 0 exchanged with the VRAM tier, 0 blob reads from the file
safetensors residency metrics: ram_bytes=67948118016 os_locked_bytes=0 cuda_pinned_bytes=67948118016 promotions=0 promoted_payload_bytes=0 expert_file_bytes=0 (cumulative; payload is not a physical PCIe counter)
safetensors ngram metrics: ple io: 2768 rows, 9.5% row-cache hits, 2504 SSD reads (10.7 MB), read p50 960 us p99 5383 us, blocked 145.998 ms total (submit 2.335 ms), cache 2504/1048576 rows, SSD kept awake by 6 reads (slowest 5.2 ms)
strata serve: expert tiers: GPU 210 hits this request; since the start RAM 46700 blobs, files 0 blobs 0.0 MB read
strata serve: prompt 84 tokens = 83 reused + 1 read in 0 ms (50000.0 tok/s), 1 generated in 29 ms (34.0 tok/s), drafts accepted 0 of 0, 1 checkpoints
strata serve: decode expert cache hit rate: 42.1% (202 hits / 480 lookups)
strata serve: resident RAM: 63.28 GiB of experts in RAM, 0 exchanged with the VRAM tier, 0 blob reads from the file
safetensors residency metrics: ram_bytes=67948118016 os_locked_bytes=0 cuda_pinned_bytes=67948118016 promotions=0 promoted_payload_bytes=0 expert_file_bytes=0 (cumulative; payload is not a physical PCIe counter)
safetensors ngram metrics: ple io: 2784 rows, 9.5% row-cache hits, 2520 SSD reads (10.8 MB), read p50 962 us p99 5383 us, blocked 148.980 ms total (submit 2.351 ms), cache 2520/1048576 rows, SSD kept awake by 6 reads (slowest 5.2 ms)
strata serve: expert tiers: GPU 202 hits this request; since the start RAM 46978 blobs, files 0 blobs 0.0 MB read
strata serve: prompt 85 tokens = 84 reused + 1 read in 0 ms (51282.1 tok/s), 1 generated in 33 ms (30.7 tok/s), drafts accepted 0 of 0, 1 checkpoints
strata serve: decode expert cache hit rate: 34.8% (167 hits / 480 lookups)
strata serve: resident RAM: 63.28 GiB of experts in RAM, 0 exchanged with the VRAM tier, 0 blob reads from the file
safetensors residency metrics: ram_bytes=67948118016 os_locked_bytes=0 cuda_pinned_bytes=67948118016 promotions=0 promoted_payload_bytes=0 expert_file_bytes=0 (cumulative; payload is not a physical PCIe counter)
safetensors ngram metrics: ple io: 2800 rows, 9.4% row-cache hits, 2536 SSD reads (10.8 MB), read p50 965 us p99 5383 us, blocked 151.813 ms total (submit 2.365 ms), cache 2536/1048576 rows, SSD kept awake by 6 reads (slowest 5.2 ms)
strata serve: expert tiers: GPU 167 hits this request; since the start RAM 47291 blobs, files 0 blobs 0.0 MB read
strata serve: prompt 86 tokens = 85 reused + 1 read in 0 ms (45248.9 tok/s), 1 generated in 32 ms (31.6 tok/s), drafts accepted 0 of 0, 1 checkpoints
strata serve: decode expert cache hit rate: 36.0% (173 hits / 480 lookups)
strata serve: resident RAM: 63.28 GiB of experts in RAM, 0 exchanged with the VRAM tier, 0 blob reads from the file
safetensors residency metrics: ram_bytes=67948118016 os_locked_bytes=0 cuda_pinned_bytes=67948118016 promotions=0 promoted_payload_bytes=0 expert_file_bytes=0 (cumulative; payload is not a physical PCIe counter)
safetensors ngram metrics: ple io: 2816 rows, 9.4% row-cache hits, 2552 SSD reads (10.9 MB), read p50 966 us p99 5354 us, blocked 154.607 ms total (submit 2.377 ms), cache 2552/1048576 rows, SSD kept awake by 6 reads (slowest 5.2 ms)
strata serve: expert tiers: GPU 173 hits this request; since the start RAM 47598 blobs, files 0 blobs 0.0 MB read
strata serve: prompt 87 tokens = 86 reused + 1 read in 0 ms (50505.1 tok/s), 1 generated in 28 ms (35.2 tok/s), drafts accepted 0 of 0, 1 checkpoints
strata serve: decode expert cache hit rate: 38.5% (185 hits / 480 lookups)
strata serve: resident RAM: 63.28 GiB of experts in RAM, 0 exchanged with the VRAM tier, 0 blob reads from the file
safetensors residency metrics: ram_bytes=67948118016 os_locked_bytes=0 cuda_pinned_bytes=67948118016 promotions=0 promoted_payload_bytes=0 expert_file_bytes=0 (cumulative; payload is not a physical PCIe counter)
safetensors ngram metrics: ple io: 2832 rows, 9.3% row-cache hits, 2568 SSD reads (11.0 MB), read p50 966 us p99 5354 us, blocked 155.978 ms total (submit 2.394 ms), cache 2568/1048576 rows, SSD kept awake by 6 reads (slowest 5.2 ms)
strata serve: expert tiers: GPU 185 hits this request; since the start RAM 47893 blobs, files 0 blobs 0.0 MB read
strata serve: prompt 88 tokens = 87 reused + 1 read in 0 ms (46082.9 tok/s), 1 generated in 28 ms (36.0 tok/s), drafts accepted 0 of 0, 1 checkpoints
strata serve: decode expert cache hit rate: 37.1% (178 hits / 480 lookups)
strata serve: resident RAM: 63.28 GiB of experts in RAM, 0 exchanged with the VRAM tier, 0 blob reads from the file
safetensors residency metrics: ram_bytes=67948118016 os_locked_bytes=0 cuda_pinned_bytes=67948118016 promotions=0 promoted_payload_bytes=0 expert_file_bytes=0 (cumulative; payload is not a physical PCIe counter)
safetensors ngram metrics: ple io: 2848 rows, 9.3% row-cache hits, 2584 SSD reads (11.0 MB), read p50 966 us p99 5354 us, blocked 156.452 ms total (submit 2.409 ms), cache 2584/1048576 rows, SSD kept awake by 6 reads (slowest 5.2 ms)
strata serve: expert tiers: GPU 178 hits this request; since the start RAM 48195 blobs, files 0 blobs 0.0 MB read
strata serve: prompt 89 tokens = 88 reused + 1 read in 0 ms (45045.0 tok/s), 1 generated in 29 ms (34.0 tok/s), drafts accepted 0 of 0, 1 checkpoints
strata serve: decode expert cache hit rate: 34.8% (167 hits / 480 lookups)
strata serve: resident RAM: 63.28 GiB of experts in RAM, 0 exchanged with the VRAM tier, 0 blob reads from the file
safetensors residency metrics: ram_bytes=67948118016 os_locked_bytes=0 cuda_pinned_bytes=67948118016 promotions=0 promoted_payload_bytes=0 expert_file_bytes=0 (cumulative; payload is not a physical PCIe counter)
safetensors ngram metrics: ple io: 2864 rows, 9.2% row-cache hits, 2600 SSD reads (11.1 MB), read p50 965 us p99 5354 us, blocked 156.830 ms total (submit 2.421 ms), cache 2600/1048576 rows, SSD kept awake by 6 reads (slowest 5.2 ms)
strata serve: expert tiers: GPU 167 hits this request; since the start RAM 48508 blobs, files 0 blobs 0.0 MB read
strata serve: prompt 90 tokens = 89 reused + 1 read in 0 ms (49261.1 tok/s), 1 generated in 25 ms (39.3 tok/s), drafts accepted 0 of 0, 1 checkpoints
strata serve: decode expert cache hit rate: 47.5% (228 hits / 480 lookups)
strata serve: resident RAM: 63.28 GiB of experts in RAM, 0 exchanged with the VRAM tier, 0 blob reads from the file
safetensors residency metrics: ram_bytes=67948118016 os_locked_bytes=0 cuda_pinned_bytes=67948118016 promotions=0 promoted_payload_bytes=0 expert_file_bytes=0 (cumulative; payload is not a physical PCIe counter)
safetensors ngram metrics: ple io: 2880 rows, 9.2% row-cache hits, 2616 SSD reads (11.2 MB), read p50 965 us p99 5354 us, blocked 157.316 ms total (submit 2.440 ms), cache 2616/1048576 rows, SSD kept awake by 6 reads (slowest 5.2 ms)
strata serve: expert tiers: GPU 228 hits this request; since the start RAM 48760 blobs, files 0 blobs 0.0 MB read
strata serve: prompt 91 tokens = 90 reused + 1 read in 0 ms (52356.0 tok/s), 1 generated in 27 ms (36.6 tok/s), drafts accepted 0 of 0, 1 checkpoints
strata serve: decode expert cache hit rate: 37.7% (181 hits / 480 lookups)
strata serve: resident RAM: 63.28 GiB of experts in RAM, 0 exchanged with the VRAM tier, 0 blob reads from the file
safetensors residency metrics: ram_bytes=67948118016 os_locked_bytes=0 cuda_pinned_bytes=67948118016 promotions=0 promoted_payload_bytes=0 expert_file_bytes=0 (cumulative; payload is not a physical PCIe counter)
safetensors ngram metrics: ple io: 2896 rows, 9.1% row-cache hits, 2632 SSD reads (11.3 MB), read p50 965 us p99 5354 us, blocked 157.717 ms total (submit 2.452 ms), cache 2632/1048576 rows, SSD kept awake by 6 reads (slowest 5.2 ms)
strata serve: expert tiers: GPU 181 hits this request; since the start RAM 49059 blobs, files 0 blobs 0.0 MB read
strata serve: prompt 92 tokens = 91 reused + 1 read in 0 ms (47846.9 tok/s), 1 generated in 29 ms (34.6 tok/s), drafts accepted 0 of 0, 1 checkpoints
strata serve: decode expert cache hit rate: 33.1% (159 hits / 480 lookups)
strata serve: resident RAM: 63.28 GiB of experts in RAM, 0 exchanged with the VRAM tier, 0 blob reads from the file
safetensors residency metrics: ram_bytes=67948118016 os_locked_bytes=0 cuda_pinned_bytes=67948118016 promotions=0 promoted_payload_bytes=0 expert_file_bytes=0 (cumulative; payload is not a physical PCIe counter)
safetensors ngram metrics: ple io: 2912 rows, 9.1% row-cache hits, 2648 SSD reads (11.3 MB), read p50 965 us p99 5354 us, blocked 158.980 ms total (submit 2.464 ms), cache 2648/1048576 rows, SSD kept awake by 6 reads (slowest 5.2 ms)
strata serve: expert tiers: GPU 159 hits this request; since the start RAM 49380 blobs, files 0 blobs 0.0 MB read
strata serve: prompt 93 tokens = 92 reused + 1 read in 0 ms (43668.1 tok/s), 1 generated in 29 ms (34.5 tok/s), drafts accepted 0 of 0, 1 checkpoints
strata serve: decode expert cache hit rate: 36.5% (175 hits / 480 lookups)
strata serve: resident RAM: 63.28 GiB of experts in RAM, 0 exchanged with the VRAM tier, 0 blob reads from the file
safetensors residency metrics: ram_bytes=67948118016 os_locked_bytes=0 cuda_pinned_bytes=67948118016 promotions=0 promoted_payload_bytes=0 expert_file_bytes=0 (cumulative; payload is not a physical PCIe counter)
safetensors ngram metrics: ple io: 2928 rows, 9.0% row-cache hits, 2664 SSD reads (11.4 MB), read p50 963 us p99 5300 us, blocked 159.774 ms total (submit 2.492 ms), cache 2664/1048576 rows, SSD kept awake by 6 reads (slowest 5.2 ms)
strata serve: expert tiers: GPU 175 hits this request; since the start RAM 49685 blobs, files 0 blobs 0.0 MB read
strata serve: prompt 94 tokens = 93 reused + 1 read in 0 ms (45248.9 tok/s), 1 generated in 28 ms (35.2 tok/s), drafts accepted 0 of 0, 1 checkpoints
strata serve: decode expert cache hit rate: 32.5% (156 hits / 480 lookups)
strata serve: resident RAM: 63.28 GiB of experts in RAM, 0 exchanged with the VRAM tier, 0 blob reads from the file
safetensors residency metrics: ram_bytes=67948118016 os_locked_bytes=0 cuda_pinned_bytes=67948118016 promotions=0 promoted_payload_bytes=0 expert_file_bytes=0 (cumulative; payload is not a physical PCIe counter)
safetensors ngram metrics: ple io: 2944 rows, 9.0% row-cache hits, 2680 SSD reads (11.5 MB), read p50 963 us p99 5300 us, blocked 160.437 ms total (submit 2.506 ms), cache 2680/1048576 rows, SSD kept awake by 6 reads (slowest 5.2 ms)
strata serve: expert tiers: GPU 156 hits this request; since the start RAM 50009 blobs, files 0 blobs 0.0 MB read
strata serve: prompt 95 tokens = 94 reused + 1 read in 0 ms (43668.1 tok/s), 1 generated in 26 ms (38.0 tok/s), drafts accepted 0 of 0, 1 checkpoints
strata serve: decode expert cache hit rate: 41.7% (200 hits / 480 lookups)
strata serve: resident RAM: 63.28 GiB of experts in RAM, 0 exchanged with the VRAM tier, 0 blob reads from the file
safetensors residency metrics: ram_bytes=67948118016 os_locked_bytes=0 cuda_pinned_bytes=67948118016 promotions=0 promoted_payload_bytes=0 expert_file_bytes=0 (cumulative; payload is not a physical PCIe counter)
safetensors ngram metrics: ple io: 2960 rows, 8.9% row-cache hits, 2696 SSD reads (11.5 MB), read p50 963 us p99 5300 us, blocked 161.061 ms total (submit 2.531 ms), cache 2696/1048576 rows, SSD kept awake by 6 reads (slowest 5.2 ms)
strata serve: expert tiers: GPU 200 hits this request; since the start RAM 50289 blobs, files 0 blobs 0.0 MB read
strata serve: prompt 96 tokens = 95 reused + 1 read in 0 ms (52910.1 tok/s), 1 generated in 23 ms (43.2 tok/s), drafts accepted 0 of 0, 1 checkpoints
strata serve: decode expert cache hit rate: 60.2% (289 hits / 480 lookups)
strata serve: resident RAM: 63.28 GiB of experts in RAM, 0 exchanged with the VRAM tier, 0 blob reads from the file
safetensors residency metrics: ram_bytes=67948118016 os_locked_bytes=0 cuda_pinned_bytes=67948118016 promotions=0 promoted_payload_bytes=0 expert_file_bytes=0 (cumulative; payload is not a physical PCIe counter)
safetensors ngram metrics: ple io: 2976 rows, 8.9% row-cache hits, 2712 SSD reads (11.6 MB), read p50 961 us p99 5300 us, blocked 161.852 ms total (submit 2.546 ms), cache 2712/1048576 rows, SSD kept awake by 6 reads (slowest 5.2 ms)
strata serve: expert tiers: GPU 289 hits this request; since the start RAM 50480 blobs, files 0 blobs 0.0 MB read
strata serve: prompt 97 tokens = 96 reused + 1 read in 0 ms (49751.2 tok/s), 1 generated in 28 ms (35.9 tok/s), drafts accepted 0 of 0, 1 checkpoints
strata serve: decode expert cache hit rate: 37.3% (179 hits / 480 lookups)
strata serve: resident RAM: 63.28 GiB of experts in RAM, 0 exchanged with the VRAM tier, 0 blob reads from the file
safetensors residency metrics: ram_bytes=67948118016 os_locked_bytes=0 cuda_pinned_bytes=67948118016 promotions=0 promoted_payload_bytes=0 expert_file_bytes=0 (cumulative; payload is not a physical PCIe counter)
safetensors ngram metrics: ple io: 2992 rows, 8.8% row-cache hits, 2728 SSD reads (11.7 MB), read p50 961 us p99 5300 us, blocked 162.367 ms total (submit 2.560 ms), cache 2728/1048576 rows, SSD kept awake by 6 reads (slowest 5.2 ms)
strata serve: expert tiers: GPU 179 hits this request; since the start RAM 50781 blobs, files 0 blobs 0.0 MB read
strata serve: prompt 98 tokens = 97 reused + 1 read in 0 ms (49751.2 tok/s), 1 generated in 28 ms (36.2 tok/s), drafts accepted 0 of 0, 1 checkpoints
strata serve: decode expert cache hit rate: 37.3% (179 hits / 480 lookups)
strata serve: resident RAM: 63.28 GiB of experts in RAM, 0 exchanged with the VRAM tier, 0 blob reads from the file
safetensors residency metrics: ram_bytes=67948118016 os_locked_bytes=0 cuda_pinned_bytes=67948118016 promotions=0 promoted_payload_bytes=0 expert_file_bytes=0 (cumulative; payload is not a physical PCIe counter)
safetensors ngram metrics: ple io: 3008 rows, 8.8% row-cache hits, 2744 SSD reads (11.7 MB), read p50 961 us p99 5300 us, blocked 162.605 ms total (submit 2.571 ms), cache 2744/1048576 rows, SSD kept awake by 6 reads (slowest 5.2 ms)
strata serve: expert tiers: GPU 179 hits this request; since the start RAM 51082 blobs, files 0 blobs 0.0 MB read
strata serve: prompt 99 tokens = 98 reused + 1 read in 0 ms (47846.9 tok/s), 1 generated in 29 ms (34.5 tok/s), drafts accepted 0 of 0, 1 checkpoints
strata serve: decode expert cache hit rate: 33.5% (161 hits / 480 lookups)
strata serve: resident RAM: 63.28 GiB of experts in RAM, 0 exchanged with the VRAM tier, 0 blob reads from the file
safetensors residency metrics: ram_bytes=67948118016 os_locked_bytes=0 cuda_pinned_bytes=67948118016 promotions=0 promoted_payload_bytes=0 expert_file_bytes=0 (cumulative; payload is not a physical PCIe counter)
safetensors ngram metrics: ple io: 3024 rows, 8.7% row-cache hits, 2760 SSD reads (11.8 MB), read p50 963 us p99 5266 us, blocked 163.458 ms total (submit 2.594 ms), cache 2760/1048576 rows, SSD kept awake by 6 reads (slowest 5.2 ms)
strata serve: expert tiers: GPU 161 hits this request; since the start RAM 51401 blobs, files 0 blobs 0.0 MB read
strata serve: prompt 100 tokens = 99 reused + 1 read in 0 ms (48309.2 tok/s), 1 generated in 30 ms (33.0 tok/s), drafts accepted 0 of 0, 1 checkpoints
strata serve: decode expert cache hit rate: 28.8% (138 hits / 480 lookups)
strata serve: resident RAM: 63.28 GiB of experts in RAM, 0 exchanged with the VRAM tier, 0 blob reads from the file
safetensors residency metrics: ram_bytes=67948118016 os_locked_bytes=0 cuda_pinned_bytes=67948118016 promotions=0 promoted_payload_bytes=0 expert_file_bytes=0 (cumulative; payload is not a physical PCIe counter)
safetensors ngram metrics: ple io: 3040 rows, 8.7% row-cache hits, 2776 SSD reads (11.9 MB), read p50 965 us p99 5266 us, blocked 164.599 ms total (submit 2.611 ms), cache 2776/1048576 rows, SSD kept awake by 6 reads (slowest 5.2 ms)
strata serve: expert tiers: GPU 138 hits this request; since the start RAM 51743 blobs, files 0 blobs 0.0 MB read
strata serve: prompt 101 tokens = 100 reused + 1 read in 0 ms (8569.0 tok/s), 1 generated in 31 ms (32.2 tok/s), drafts accepted 0 of 0, 1 checkpoints
strata serve: decode expert cache hit rate: 27.9% (134 hits / 480 lookups)
strata serve: resident RAM: 63.28 GiB of experts in RAM, 0 exchanged with the VRAM tier, 0 blob reads from the file
safetensors residency metrics: ram_bytes=67948118016 os_locked_bytes=0 cuda_pinned_bytes=67948118016 promotions=0 promoted_payload_bytes=0 expert_file_bytes=0 (cumulative; payload is not a physical PCIe counter)
safetensors ngram metrics: ple io: 3056 rows, 8.6% row-cache hits, 2792 SSD reads (11.9 MB), read p50 966 us p99 5266 us, blocked 166.364 ms total (submit 2.622 ms), cache 2792/1048576 rows, SSD kept awake by 6 reads (slowest 5.2 ms)
strata serve: expert tiers: GPU 134 hits this request; since the start RAM 52089 blobs, files 0 blobs 0.0 MB read
strata serve: prompt 102 tokens = 101 reused + 1 read in 0 ms (49019.6 tok/s), 1 generated in 26 ms (37.8 tok/s), drafts accepted 0 of 0, 1 checkpoints
strata serve: decode expert cache hit rate: 39.6% (190 hits / 480 lookups)
strata serve: resident RAM: 63.28 GiB of experts in RAM, 0 exchanged with the VRAM tier, 0 blob reads from the file
safetensors residency metrics: ram_bytes=67948118016 os_locked_bytes=0 cuda_pinned_bytes=67948118016 promotions=0 promoted_payload_bytes=0 expert_file_bytes=0 (cumulative; payload is not a physical PCIe counter)
safetensors ngram metrics: ple io: 3072 rows, 8.6% row-cache hits, 2808 SSD reads (12.0 MB), read p50 966 us p99 5266 us, blocked 166.734 ms total (submit 2.643 ms), cache 2808/1048576 rows, SSD kept awake by 6 reads (slowest 5.2 ms)
strata serve: expert tiers: GPU 190 hits this request; since the start RAM 52379 blobs, files 0 blobs 0.0 MB read
strata serve: conversation cache: parked 102 tokens in 50.0 ms; parked=2 bytes=477378776 evictions=0 snapshot_bytes=238846080 reused_kv_bytes=0
strata serve: prompt 25 tokens = 0 reused + 25 read in 488 ms (51.2 tok/s), 1 generated in 29 ms (35.0 tok/s), drafts accepted 0 of 0, 1 checkpoints
strata serve: decode expert cache hit rate: 70.4% (338 hits / 480 lookups)
strata serve: resident RAM: 63.28 GiB of experts in RAM, 0 exchanged with the VRAM tier, 0 blob reads from the file
safetensors residency metrics: ram_bytes=67948118016 os_locked_bytes=0 cuda_pinned_bytes=67948118016 promotions=0 promoted_payload_bytes=0 expert_file_bytes=0 (cumulative; payload is not a physical PCIe counter)
safetensors ngram metrics: ple io: 3472 rows, 12.9% row-cache hits, 3024 SSD reads (12.9 MB), read p50 984 us p99 5193 us, blocked 183.368 ms total (submit 2.810 ms), cache 3024/1048576 rows, SSD kept awake by 8 reads (slowest 6.3 ms)
strata serve: expert tiers: GPU 338 hits this request; since the start RAM 57433 blobs, files 0 blobs 0.0 MB read
strata serve: prompt 26 tokens = 25 reused + 1 read in 0 ms (50761.4 tok/s), 1 generated in 32 ms (30.8 tok/s), drafts accepted 0 of 0, 1 checkpoints
strata serve: decode expert cache hit rate: 44.4% (213 hits / 480 lookups)
strata serve: resident RAM: 63.28 GiB of experts in RAM, 0 exchanged with the VRAM tier, 0 blob reads from the file
safetensors residency metrics: ram_bytes=67948118016 os_locked_bytes=0 cuda_pinned_bytes=67948118016 promotions=0 promoted_payload_bytes=0 expert_file_bytes=0 (cumulative; payload is not a physical PCIe counter)
safetensors ngram metrics: ple io: 3488 rows, 12.8% row-cache hits, 3040 SSD reads (13.0 MB), read p50 989 us p99 5271 us, blocked 187.796 ms total (submit 2.822 ms), cache 3040/1048576 rows, SSD kept awake by 8 reads (slowest 6.3 ms)
strata serve: expert tiers: GPU 213 hits this request; since the start RAM 57700 blobs, files 0 blobs 0.0 MB read
strata serve: prompt 27 tokens = 26 reused + 1 read in 0 ms (47393.4 tok/s), 1 generated in 29 ms (34.8 tok/s), drafts accepted 0 of 0, 1 checkpoints
strata serve: decode expert cache hit rate: 33.1% (159 hits / 480 lookups)
strata serve: resident RAM: 63.28 GiB of experts in RAM, 0 exchanged with the VRAM tier, 0 blob reads from the file
safetensors residency metrics: ram_bytes=67948118016 os_locked_bytes=0 cuda_pinned_bytes=67948118016 promotions=0 promoted_payload_bytes=0 expert_file_bytes=0 (cumulative; payload is not a physical PCIe counter)
safetensors ngram metrics: ple io: 3504 rows, 12.8% row-cache hits, 3056 SSD reads (13.1 MB), read p50 988 us p99 5266 us, blocked 188.258 ms total (submit 2.834 ms), cache 3056/1048576 rows, SSD kept awake by 8 reads (slowest 6.3 ms)
strata serve: expert tiers: GPU 159 hits this request; since the start RAM 58021 blobs, files 0 blobs 0.0 MB read
strata serve: prompt 28 tokens = 27 reused + 1 read in 0 ms (49505.0 tok/s), 1 generated in 29 ms (34.8 tok/s), drafts accepted 0 of 0, 1 checkpoints
strata serve: decode expert cache hit rate: 29.4% (141 hits / 480 lookups)
strata serve: resident RAM: 63.28 GiB of experts in RAM, 0 exchanged with the VRAM tier, 0 blob reads from the file
safetensors residency metrics: ram_bytes=67948118016 os_locked_bytes=0 cuda_pinned_bytes=67948118016 promotions=0 promoted_payload_bytes=0 expert_file_bytes=0 (cumulative; payload is not a physical PCIe counter)
safetensors ngram metrics: ple io: 3520 rows, 12.7% row-cache hits, 3072 SSD reads (13.1 MB), read p50 987 us p99 5266 us, blocked 188.658 ms total (submit 2.848 ms), cache 3072/1048576 rows, SSD kept awake by 8 reads (slowest 6.3 ms)
strata serve: expert tiers: GPU 141 hits this request; since the start RAM 58360 blobs, files 0 blobs 0.0 MB read
strata serve: prompt 29 tokens = 28 reused + 1 read in 0 ms (46948.4 tok/s), 1 generated in 37 ms (26.8 tok/s), drafts accepted 0 of 0, 1 checkpoints
strata serve: decode expert cache hit rate: 26.0% (125 hits / 480 lookups)
strata serve: resident RAM: 63.28 GiB of experts in RAM, 0 exchanged with the VRAM tier, 0 blob reads from the file
safetensors residency metrics: ram_bytes=67948118016 os_locked_bytes=0 cuda_pinned_bytes=67948118016 promotions=0 promoted_payload_bytes=0 expert_file_bytes=0 (cumulative; payload is not a physical PCIe counter)
safetensors ngram metrics: ple io: 3536 rows, 12.7% row-cache hits, 3088 SSD reads (13.2 MB), read p50 987 us p99 5266 us, blocked 189.366 ms total (submit 2.861 ms), cache 3088/1048576 rows, SSD kept awake by 8 reads (slowest 6.3 ms)
strata serve: expert tiers: GPU 125 hits this request; since the start RAM 58715 blobs, files 0 blobs 0.0 MB read
strata serve: prompt 30 tokens = 29 reused + 1 read in 0 ms (50251.3 tok/s), 1 generated in 32 ms (31.7 tok/s), drafts accepted 0 of 0, 1 checkpoints
strata serve: decode expert cache hit rate: 19.6% (94 hits / 480 lookups)
strata serve: resident RAM: 63.28 GiB of experts in RAM, 0 exchanged with the VRAM tier, 0 blob reads from the file
safetensors residency metrics: ram_bytes=67948118016 os_locked_bytes=0 cuda_pinned_bytes=67948118016 promotions=0 promoted_payload_bytes=0 expert_file_bytes=0 (cumulative; payload is not a physical PCIe counter)
safetensors ngram metrics: ple io: 3552 rows, 12.6% row-cache hits, 3104 SSD reads (13.3 MB), read p50 985 us p99 5266 us, blocked 189.741 ms total (submit 2.874 ms), cache 3104/1048576 rows, SSD kept awake by 8 reads (slowest 6.3 ms)
strata serve: expert tiers: GPU 94 hits this request; since the start RAM 59101 blobs, files 0 blobs 0.0 MB read
strata serve: prompt 31 tokens = 30 reused + 1 read in 0 ms (44444.4 tok/s), 1 generated in 30 ms (32.8 tok/s), drafts accepted 0 of 0, 1 checkpoints
strata serve: decode expert cache hit rate: 24.6% (118 hits / 480 lookups)
strata serve: resident RAM: 63.28 GiB of experts in RAM, 0 exchanged with the VRAM tier, 0 blob reads from the file
safetensors residency metrics: ram_bytes=67948118016 os_locked_bytes=0 cuda_pinned_bytes=67948118016 promotions=0 promoted_payload_bytes=0 expert_file_bytes=0 (cumulative; payload is not a physical PCIe counter)
safetensors ngram metrics: ple io: 3568 rows, 12.6% row-cache hits, 3120 SSD reads (13.3 MB), read p50 985 us p99 5266 us, blocked 190.466 ms total (submit 2.891 ms), cache 3120/1048576 rows, SSD kept awake by 8 reads (slowest 6.3 ms)
strata serve: expert tiers: GPU 118 hits this request; since the start RAM 59463 blobs, files 0 blobs 0.0 MB read
strata serve: prompt 32 tokens = 31 reused + 1 read in 0 ms (47393.4 tok/s), 1 generated in 31 ms (32.7 tok/s), drafts accepted 0 of 0, 1 checkpoints
strata serve: decode expert cache hit rate: 23.8% (114 hits / 480 lookups)
strata serve: resident RAM: 63.28 GiB of experts in RAM, 0 exchanged with the VRAM tier, 0 blob reads from the file
safetensors residency metrics: ram_bytes=67948118016 os_locked_bytes=0 cuda_pinned_bytes=67948118016 promotions=0 promoted_payload_bytes=0 expert_file_bytes=0 (cumulative; payload is not a physical PCIe counter)
safetensors ngram metrics: ple io: 3584 rows, 12.5% row-cache hits, 3136 SSD reads (13.4 MB), read p50 984 us p99 5266 us, blocked 190.860 ms total (submit 2.904 ms), cache 3136/1048576 rows, SSD kept awake by 8 reads (slowest 6.3 ms)
strata serve: expert tiers: GPU 114 hits this request; since the start RAM 59829 blobs, files 0 blobs 0.0 MB read
strata serve: prompt 33 tokens = 32 reused + 1 read in 0 ms (49261.1 tok/s), 1 generated in 24 ms (41.1 tok/s), drafts accepted 0 of 0, 1 checkpoints
strata serve: decode expert cache hit rate: 47.7% (229 hits / 480 lookups)
strata serve: resident RAM: 63.28 GiB of experts in RAM, 0 exchanged with the VRAM tier, 0 blob reads from the file
safetensors residency metrics: ram_bytes=67948118016 os_locked_bytes=0 cuda_pinned_bytes=67948118016 promotions=0 promoted_payload_bytes=0 expert_file_bytes=0 (cumulative; payload is not a physical PCIe counter)
safetensors ngram metrics: ple io: 3600 rows, 12.4% row-cache hits, 3152 SSD reads (13.5 MB), read p50 982 us p99 5230 us, blocked 191.021 ms total (submit 2.919 ms), cache 3152/1048576 rows, SSD kept awake by 8 reads (slowest 6.3 ms)
strata serve: expert tiers: GPU 229 hits this request; since the start RAM 60080 blobs, files 0 blobs 0.0 MB read
strata serve: prompt 34 tokens = 33 reused + 1 read in 0 ms (51282.1 tok/s), 1 generated in 31 ms (32.4 tok/s), drafts accepted 0 of 0, 1 checkpoints
strata serve: decode expert cache hit rate: 22.1% (106 hits / 480 lookups)
strata serve: resident RAM: 63.28 GiB of experts in RAM, 0 exchanged with the VRAM tier, 0 blob reads from the file
safetensors residency metrics: ram_bytes=67948118016 os_locked_bytes=0 cuda_pinned_bytes=67948118016 promotions=0 promoted_payload_bytes=0 expert_file_bytes=0 (cumulative; payload is not a physical PCIe counter)
safetensors ngram metrics: ple io: 3616 rows, 12.4% row-cache hits, 3168 SSD reads (13.5 MB), read p50 981 us p99 5230 us, blocked 191.383 ms total (submit 2.931 ms), cache 3168/1048576 rows, SSD kept awake by 8 reads (slowest 6.3 ms)
strata serve: expert tiers: GPU 106 hits this request; since the start RAM 60454 blobs, files 0 blobs 0.0 MB read
strata serve: prompt 35 tokens = 34 reused + 1 read in 0 ms (48076.9 tok/s), 1 generated in 30 ms (32.8 tok/s), drafts accepted 0 of 0, 1 checkpoints
strata serve: decode expert cache hit rate: 24.0% (115 hits / 480 lookups)
strata serve: resident RAM: 63.28 GiB of experts in RAM, 0 exchanged with the VRAM tier, 0 blob reads from the file
safetensors residency metrics: ram_bytes=67948118016 os_locked_bytes=0 cuda_pinned_bytes=67948118016 promotions=0 promoted_payload_bytes=0 expert_file_bytes=0 (cumulative; payload is not a physical PCIe counter)
safetensors ngram metrics: ple io: 3632 rows, 12.3% row-cache hits, 3184 SSD reads (13.6 MB), read p50 980 us p99 5230 us, blocked 191.909 ms total (submit 2.944 ms), cache 3184/1048576 rows, SSD kept awake by 8 reads (slowest 6.3 ms)
strata serve: expert tiers: GPU 115 hits this request; since the start RAM 60819 blobs, files 0 blobs 0.0 MB read
strata serve: prompt 36 tokens = 35 reused + 1 read in 0 ms (47169.8 tok/s), 1 generated in 30 ms (33.9 tok/s), drafts accepted 0 of 0, 1 checkpoints
strata serve: decode expert cache hit rate: 31.2% (150 hits / 480 lookups)
strata serve: resident RAM: 63.28 GiB of experts in RAM, 0 exchanged with the VRAM tier, 0 blob reads from the file
safetensors residency metrics: ram_bytes=67948118016 os_locked_bytes=0 cuda_pinned_bytes=67948118016 promotions=0 promoted_payload_bytes=0 expert_file_bytes=0 (cumulative; payload is not a physical PCIe counter)
safetensors ngram metrics: ple io: 3648 rows, 12.3% row-cache hits, 3200 SSD reads (13.7 MB), read p50 980 us p99 5230 us, blocked 192.463 ms total (submit 2.968 ms), cache 3200/1048576 rows, SSD kept awake by 8 reads (slowest 6.3 ms)
strata serve: expert tiers: GPU 150 hits this request; since the start RAM 61149 blobs, files 0 blobs 0.0 MB read
strata serve: prompt 37 tokens = 36 reused + 1 read in 0 ms (50000.0 tok/s), 1 generated in 31 ms (32.1 tok/s), drafts accepted 0 of 0, 1 checkpoints
strata serve: decode expert cache hit rate: 21.9% (105 hits / 480 lookups)
strata serve: resident RAM: 63.28 GiB of experts in RAM, 0 exchanged with the VRAM tier, 0 blob reads from the file
safetensors residency metrics: ram_bytes=67948118016 os_locked_bytes=0 cuda_pinned_bytes=67948118016 promotions=0 promoted_payload_bytes=0 expert_file_bytes=0 (cumulative; payload is not a physical PCIe counter)
safetensors ngram metrics: ple io: 3664 rows, 12.4% row-cache hits, 3208 SSD reads (13.7 MB), read p50 978 us p99 5230 us, blocked 192.463 ms total (submit 2.980 ms), cache 3208/1048576 rows, SSD kept awake by 8 reads (slowest 6.3 ms)
strata serve: expert tiers: GPU 105 hits this request; since the start RAM 61524 blobs, files 0 blobs 0.0 MB read
strata serve: prompt 38 tokens = 37 reused + 1 read in 0 ms (46511.6 tok/s), 1 generated in 30 ms (33.2 tok/s), drafts accepted 0 of 0, 1 checkpoints
strata serve: decode expert cache hit rate: 28.3% (136 hits / 480 lookups)
strata serve: resident RAM: 63.28 GiB of experts in RAM, 0 exchanged with the VRAM tier, 0 blob reads from the file
safetensors residency metrics: ram_bytes=67948118016 os_locked_bytes=0 cuda_pinned_bytes=67948118016 promotions=0 promoted_payload_bytes=0 expert_file_bytes=0 (cumulative; payload is not a physical PCIe counter)
safetensors ngram metrics: ple io: 3680 rows, 12.4% row-cache hits, 3224 SSD reads (13.8 MB), read p50 978 us p99 5230 us, blocked 192.970 ms total (submit 2.995 ms), cache 3224/1048576 rows, SSD kept awake by 8 reads (slowest 6.3 ms)
strata serve: expert tiers: GPU 136 hits this request; since the start RAM 61868 blobs, files 0 blobs 0.0 MB read
strata serve: prompt 39 tokens = 38 reused + 1 read in 0 ms (48309.2 tok/s), 1 generated in 28 ms (35.7 tok/s), drafts accepted 0 of 0, 1 checkpoints
strata serve: decode expert cache hit rate: 50.0% (240 hits / 480 lookups)
strata serve: resident RAM: 63.28 GiB of experts in RAM, 0 exchanged with the VRAM tier, 0 blob reads from the file
safetensors residency metrics: ram_bytes=67948118016 os_locked_bytes=0 cuda_pinned_bytes=67948118016 promotions=0 promoted_payload_bytes=0 expert_file_bytes=0 (cumulative; payload is not a physical PCIe counter)
safetensors ngram metrics: ple io: 3696 rows, 12.3% row-cache hits, 3240 SSD reads (13.8 MB), read p50 977 us p99 5230 us, blocked 193.801 ms total (submit 3.010 ms), cache 3240/1048576 rows, SSD kept awake by 8 reads (slowest 6.3 ms)
strata serve: expert tiers: GPU 240 hits this request; since the start RAM 62108 blobs, files 0 blobs 0.0 MB read
strata serve: prompt 40 tokens = 39 reused + 1 read in 0 ms (49751.2 tok/s), 1 generated in 31 ms (32.5 tok/s), drafts accepted 0 of 0, 1 checkpoints
strata serve: decode expert cache hit rate: 24.0% (115 hits / 480 lookups)
strata serve: resident RAM: 63.28 GiB of experts in RAM, 0 exchanged with the VRAM tier, 0 blob reads from the file
safetensors residency metrics: ram_bytes=67948118016 os_locked_bytes=0 cuda_pinned_bytes=67948118016 promotions=0 promoted_payload_bytes=0 expert_file_bytes=0 (cumulative; payload is not a physical PCIe counter)
safetensors ngram metrics: ple io: 3712 rows, 12.3% row-cache hits, 3256 SSD reads (13.9 MB), read p50 977 us p99 5193 us, blocked 194.640 ms total (submit 3.022 ms), cache 3256/1048576 rows, SSD kept awake by 8 reads (slowest 6.3 ms)
strata serve: expert tiers: GPU 115 hits this request; since the start RAM 62473 blobs, files 0 blobs 0.0 MB read
strata serve: prompt 41 tokens = 40 reused + 1 read in 0 ms (50251.3 tok/s), 1 generated in 33 ms (30.6 tok/s), drafts accepted 0 of 0, 1 checkpoints
strata serve: decode expert cache hit rate: 17.1% (82 hits / 480 lookups)
strata serve: resident RAM: 63.28 GiB of experts in RAM, 0 exchanged with the VRAM tier, 0 blob reads from the file
safetensors residency metrics: ram_bytes=67948118016 os_locked_bytes=0 cuda_pinned_bytes=67948118016 promotions=0 promoted_payload_bytes=0 expert_file_bytes=0 (cumulative; payload is not a physical PCIe counter)
safetensors ngram metrics: ple io: 3728 rows, 12.2% row-cache hits, 3272 SSD reads (14.0 MB), read p50 976 us p99 5193 us, blocked 195.193 ms total (submit 3.036 ms), cache 3272/1048576 rows, SSD kept awake by 8 reads (slowest 6.3 ms)
strata serve: expert tiers: GPU 82 hits this request; since the start RAM 62871 blobs, files 0 blobs 0.0 MB read
strata serve: prompt 42 tokens = 41 reused + 1 read in 0 ms (47169.8 tok/s), 1 generated in 33 ms (30.0 tok/s), drafts accepted 0 of 0, 1 checkpoints
strata serve: decode expert cache hit rate: 24.2% (116 hits / 480 lookups)
strata serve: resident RAM: 63.28 GiB of experts in RAM, 0 exchanged with the VRAM tier, 0 blob reads from the file
safetensors residency metrics: ram_bytes=67948118016 os_locked_bytes=0 cuda_pinned_bytes=67948118016 promotions=0 promoted_payload_bytes=0 expert_file_bytes=0 (cumulative; payload is not a physical PCIe counter)
safetensors ngram metrics: ple io: 3744 rows, 12.2% row-cache hits, 3288 SSD reads (14.0 MB), read p50 974 us p99 5193 us, blocked 195.193 ms total (submit 3.052 ms), cache 3288/1048576 rows, SSD kept awake by 8 reads (slowest 6.3 ms)
strata serve: expert tiers: GPU 116 hits this request; since the start RAM 63235 blobs, files 0 blobs 0.0 MB read
strata serve: prompt 43 tokens = 42 reused + 1 read in 0 ms (52631.6 tok/s), 1 generated in 30 ms (32.8 tok/s), drafts accepted 0 of 0, 1 checkpoints
strata serve: decode expert cache hit rate: 28.5% (137 hits / 480 lookups)
strata serve: resident RAM: 63.28 GiB of experts in RAM, 0 exchanged with the VRAM tier, 0 blob reads from the file
safetensors residency metrics: ram_bytes=67948118016 os_locked_bytes=0 cuda_pinned_bytes=67948118016 promotions=0 promoted_payload_bytes=0 expert_file_bytes=0 (cumulative; payload is not a physical PCIe counter)
safetensors ngram metrics: ple io: 3760 rows, 12.1% row-cache hits, 3304 SSD reads (14.1 MB), read p50 974 us p99 5193 us, blocked 195.657 ms total (submit 3.070 ms), cache 3304/1048576 rows, SSD kept awake by 8 reads (slowest 6.3 ms)
strata serve: expert tiers: GPU 137 hits this request; since the start RAM 63578 blobs, files 0 blobs 0.0 MB read
strata serve: prompt 44 tokens = 43 reused + 1 read in 0 ms (48076.9 tok/s), 1 generated in 29 ms (34.3 tok/s), drafts accepted 0 of 0, 1 checkpoints
strata serve: decode expert cache hit rate: 34.0% (163 hits / 480 lookups)
strata serve: resident RAM: 63.28 GiB of experts in RAM, 0 exchanged with the VRAM tier, 0 blob reads from the file
safetensors residency metrics: ram_bytes=67948118016 os_locked_bytes=0 cuda_pinned_bytes=67948118016 promotions=0 promoted_payload_bytes=0 expert_file_bytes=0 (cumulative; payload is not a physical PCIe counter)
safetensors ngram metrics: ple io: 3776 rows, 12.1% row-cache hits, 3320 SSD reads (14.2 MB), read p50 973 us p99 5193 us, blocked 196.147 ms total (submit 3.082 ms), cache 3320/1048576 rows, SSD kept awake by 8 reads (slowest 6.3 ms)
strata serve: expert tiers: GPU 163 hits this request; since the start RAM 63895 blobs, files 0 blobs 0.0 MB read
strata serve: prompt 45 tokens = 44 reused + 1 read in 0 ms (47619.0 tok/s), 1 generated in 31 ms (32.4 tok/s), drafts accepted 0 of 0, 1 checkpoints
strata serve: decode expert cache hit rate: 22.3% (107 hits / 480 lookups)
strata serve: resident RAM: 63.28 GiB of experts in RAM, 0 exchanged with the VRAM tier, 0 blob reads from the file
safetensors residency metrics: ram_bytes=67948118016 os_locked_bytes=0 cuda_pinned_bytes=67948118016 promotions=0 promoted_payload_bytes=0 expert_file_bytes=0 (cumulative; payload is not a physical PCIe counter)
safetensors ngram metrics: ple io: 3792 rows, 12.0% row-cache hits, 3336 SSD reads (14.2 MB), read p50 974 us p99 5193 us, blocked 197.047 ms total (submit 3.093 ms), cache 3336/1048576 rows, SSD kept awake by 8 reads (slowest 6.3 ms)
strata serve: expert tiers: GPU 107 hits this request; since the start RAM 64268 blobs, files 0 blobs 0.0 MB read
strata serve: prompt 46 tokens = 45 reused + 1 read in 0 ms (43478.3 tok/s), 1 generated in 32 ms (31.6 tok/s), drafts accepted 0 of 0, 1 checkpoints
strata serve: decode expert cache hit rate: 15.0% (72 hits / 480 lookups)
strata serve: resident RAM: 63.28 GiB of experts in RAM, 0 exchanged with the VRAM tier, 0 blob reads from the file
safetensors residency metrics: ram_bytes=67948118016 os_locked_bytes=0 cuda_pinned_bytes=67948118016 promotions=0 promoted_payload_bytes=0 expert_file_bytes=0 (cumulative; payload is not a physical PCIe counter)
safetensors ngram metrics: ple io: 3808 rows, 12.2% row-cache hits, 3344 SSD reads (14.3 MB), read p50 973 us p99 5193 us, blocked 197.048 ms total (submit 3.105 ms), cache 3344/1048576 rows, SSD kept awake by 8 reads (slowest 6.3 ms)
strata serve: expert tiers: GPU 72 hits this request; since the start RAM 64676 blobs, files 0 blobs 0.0 MB read
strata serve: prompt 47 tokens = 46 reused + 1 read in 0 ms (43103.4 tok/s), 1 generated in 32 ms (31.7 tok/s), drafts accepted 0 of 0, 1 checkpoints
strata serve: decode expert cache hit rate: 20.6% (99 hits / 480 lookups)
strata serve: resident RAM: 63.28 GiB of experts in RAM, 0 exchanged with the VRAM tier, 0 blob reads from the file
safetensors residency metrics: ram_bytes=67948118016 os_locked_bytes=0 cuda_pinned_bytes=67948118016 promotions=0 promoted_payload_bytes=0 expert_file_bytes=0 (cumulative; payload is not a physical PCIe counter)
safetensors ngram metrics: ple io: 3824 rows, 12.1% row-cache hits, 3360 SSD reads (14.3 MB), read p50 973 us p99 5182 us, blocked 197.849 ms total (submit 3.119 ms), cache 3360/1048576 rows, SSD kept awake by 8 reads (slowest 6.3 ms)
strata serve: expert tiers: GPU 99 hits this request; since the start RAM 65057 blobs, files 0 blobs 0.0 MB read
strata serve: prompt 48 tokens = 47 reused + 1 read in 0 ms (46948.4 tok/s), 1 generated in 32 ms (30.9 tok/s), drafts accepted 0 of 0, 1 checkpoints
strata serve: decode expert cache hit rate: 18.8% (90 hits / 480 lookups)
strata serve: resident RAM: 63.28 GiB of experts in RAM, 0 exchanged with the VRAM tier, 0 blob reads from the file
safetensors residency metrics: ram_bytes=67948118016 os_locked_bytes=0 cuda_pinned_bytes=67948118016 promotions=0 promoted_payload_bytes=0 expert_file_bytes=0 (cumulative; payload is not a physical PCIe counter)
safetensors ngram metrics: ple io: 3840 rows, 12.1% row-cache hits, 3376 SSD reads (14.4 MB), read p50 973 us p99 5182 us, blocked 198.143 ms total (submit 3.136 ms), cache 3376/1048576 rows, SSD kept awake by 8 reads (slowest 6.3 ms)
strata serve: expert tiers: GPU 90 hits this request; since the start RAM 65447 blobs, files 0 blobs 0.0 MB read
strata serve: prompt 49 tokens = 48 reused + 1 read in 0 ms (42918.5 tok/s), 1 generated in 33 ms (30.2 tok/s), drafts accepted 0 of 0, 1 checkpoints
strata serve: decode expert cache hit rate: 22.3% (107 hits / 480 lookups)
strata serve: resident RAM: 63.28 GiB of experts in RAM, 0 exchanged with the VRAM tier, 0 blob reads from the file
safetensors residency metrics: ram_bytes=67948118016 os_locked_bytes=0 cuda_pinned_bytes=67948118016 promotions=0 promoted_payload_bytes=0 expert_file_bytes=0 (cumulative; payload is not a physical PCIe counter)
safetensors ngram metrics: ple io: 3856 rows, 12.0% row-cache hits, 3392 SSD reads (14.5 MB), read p50 971 us p99 5182 us, blocked 198.811 ms total (submit 3.150 ms), cache 3392/1048576 rows, SSD kept awake by 8 reads (slowest 6.3 ms)
strata serve: expert tiers: GPU 107 hits this request; since the start RAM 65820 blobs, files 0 blobs 0.0 MB read
strata serve: prompt 50 tokens = 49 reused + 1 read in 0 ms (50000.0 tok/s), 1 generated in 32 ms (30.9 tok/s), drafts accepted 0 of 0, 1 checkpoints
strata serve: decode expert cache hit rate: 23.5% (113 hits / 480 lookups)
strata serve: resident RAM: 63.28 GiB of experts in RAM, 0 exchanged with the VRAM tier, 0 blob reads from the file
safetensors residency metrics: ram_bytes=67948118016 os_locked_bytes=0 cuda_pinned_bytes=67948118016 promotions=0 promoted_payload_bytes=0 expert_file_bytes=0 (cumulative; payload is not a physical PCIe counter)
safetensors ngram metrics: ple io: 3872 rows, 12.0% row-cache hits, 3408 SSD reads (14.5 MB), read p50 970 us p99 5182 us, blocked 199.526 ms total (submit 3.169 ms), cache 3408/1048576 rows, SSD kept awake by 8 reads (slowest 6.3 ms)
strata serve: expert tiers: GPU 113 hits this request; since the start RAM 66187 blobs, files 0 blobs 0.0 MB read
strata serve: prompt 51 tokens = 50 reused + 1 read in 0 ms (49751.2 tok/s), 1 generated in 33 ms (30.5 tok/s), drafts accepted 0 of 0, 1 checkpoints
strata serve: decode expert cache hit rate: 24.6% (118 hits / 480 lookups)
strata serve: resident RAM: 63.28 GiB of experts in RAM, 0 exchanged with the VRAM tier, 0 blob reads from the file
safetensors residency metrics: ram_bytes=67948118016 os_locked_bytes=0 cuda_pinned_bytes=67948118016 promotions=0 promoted_payload_bytes=0 expert_file_bytes=0 (cumulative; payload is not a physical PCIe counter)
safetensors ngram metrics: ple io: 3888 rows, 11.9% row-cache hits, 3424 SSD reads (14.6 MB), read p50 970 us p99 5182 us, blocked 200.230 ms total (submit 3.196 ms), cache 3424/1048576 rows, SSD kept awake by 8 reads (slowest 6.3 ms)
strata serve: expert tiers: GPU 118 hits this request; since the start RAM 66549 blobs, files 0 blobs 0.0 MB read
strata serve: prompt 52 tokens = 51 reused + 1 read in 0 ms (45454.5 tok/s), 1 generated in 38 ms (26.6 tok/s), drafts accepted 0 of 0, 1 checkpoints
strata serve: decode expert cache hit rate: 17.9% (86 hits / 480 lookups)
strata serve: resident RAM: 63.28 GiB of experts in RAM, 0 exchanged with the VRAM tier, 0 blob reads from the file
safetensors residency metrics: ram_bytes=67948118016 os_locked_bytes=0 cuda_pinned_bytes=67948118016 promotions=0 promoted_payload_bytes=0 expert_file_bytes=0 (cumulative; payload is not a physical PCIe counter)
safetensors ngram metrics: ple io: 3904 rows, 11.9% row-cache hits, 3440 SSD reads (14.7 MB), read p50 969 us p99 5182 us, blocked 200.427 ms total (submit 3.211 ms), cache 3440/1048576 rows, SSD kept awake by 8 reads (slowest 6.3 ms)
strata serve: expert tiers: GPU 86 hits this request; since the start RAM 66943 blobs, files 0 blobs 0.0 MB read
strata serve: prompt 53 tokens = 52 reused + 1 read in 0 ms (47169.8 tok/s), 1 generated in 48 ms (20.9 tok/s), drafts accepted 0 of 0, 1 checkpoints
strata serve: decode expert cache hit rate: 12.3% (59 hits / 480 lookups)
strata serve: resident RAM: 63.28 GiB of experts in RAM, 0 exchanged with the VRAM tier, 0 blob reads from the file
safetensors residency metrics: ram_bytes=67948118016 os_locked_bytes=0 cuda_pinned_bytes=67948118016 promotions=0 promoted_payload_bytes=0 expert_file_bytes=0 (cumulative; payload is not a physical PCIe counter)
safetensors ngram metrics: ple io: 3920 rows, 11.8% row-cache hits, 3456 SSD reads (14.7 MB), read p50 967 us p99 5160 us, blocked 200.696 ms total (submit 3.224 ms), cache 3456/1048576 rows, SSD kept awake by 8 reads (slowest 6.3 ms)
strata serve: expert tiers: GPU 59 hits this request; since the start RAM 67364 blobs, files 0 blobs 0.0 MB read
strata serve: prompt 54 tokens = 53 reused + 1 read in 0 ms (18050.5 tok/s), 1 generated in 43 ms (23.5 tok/s), drafts accepted 0 of 0, 1 checkpoints
strata serve: decode expert cache hit rate: 19.2% (92 hits / 480 lookups)
strata serve: resident RAM: 63.28 GiB of experts in RAM, 0 exchanged with the VRAM tier, 0 blob reads from the file
safetensors residency metrics: ram_bytes=67948118016 os_locked_bytes=0 cuda_pinned_bytes=67948118016 promotions=0 promoted_payload_bytes=0 expert_file_bytes=0 (cumulative; payload is not a physical PCIe counter)
safetensors ngram metrics: ple io: 3936 rows, 11.8% row-cache hits, 3472 SSD reads (14.8 MB), read p50 966 us p99 5160 us, blocked 201.300 ms total (submit 3.238 ms), cache 3472/1048576 rows, SSD kept awake by 8 reads (slowest 6.3 ms)
strata serve: expert tiers: GPU 92 hits this request; since the start RAM 67752 blobs, files 0 blobs 0.0 MB read
strata serve: prompt 55 tokens = 54 reused + 1 read in 0 ms (45248.9 tok/s), 1 generated in 37 ms (26.8 tok/s), drafts accepted 0 of 0, 1 checkpoints
strata serve: decode expert cache hit rate: 10.6% (51 hits / 480 lookups)
strata serve: resident RAM: 63.28 GiB of experts in RAM, 0 exchanged with the VRAM tier, 0 blob reads from the file
safetensors residency metrics: ram_bytes=67948118016 os_locked_bytes=0 cuda_pinned_bytes=67948118016 promotions=0 promoted_payload_bytes=0 expert_file_bytes=0 (cumulative; payload is not a physical PCIe counter)
safetensors ngram metrics: ple io: 3952 rows, 11.7% row-cache hits, 3488 SSD reads (14.9 MB), read p50 966 us p99 5160 us, blocked 202.952 ms total (submit 3.253 ms), cache 3488/1048576 rows, SSD kept awake by 8 reads (slowest 6.3 ms)
strata serve: expert tiers: GPU 51 hits this request; since the start RAM 68181 blobs, files 0 blobs 0.0 MB read
strata serve: prompt 56 tokens = 55 reused + 1 read in 0 ms (48780.5 tok/s), 1 generated in 39 ms (25.5 tok/s), drafts accepted 0 of 0, 1 checkpoints
strata serve: decode expert cache hit rate: 18.8% (90 hits / 480 lookups)
strata serve: resident RAM: 63.28 GiB of experts in RAM, 0 exchanged with the VRAM tier, 0 blob reads from the file
safetensors residency metrics: ram_bytes=67948118016 os_locked_bytes=0 cuda_pinned_bytes=67948118016 promotions=0 promoted_payload_bytes=0 expert_file_bytes=0 (cumulative; payload is not a physical PCIe counter)
safetensors ngram metrics: ple io: 3968 rows, 11.7% row-cache hits, 3504 SSD reads (14.9 MB), read p50 970 us p99 5160 us, blocked 208.447 ms total (submit 3.266 ms), cache 3504/1048576 rows, SSD kept awake by 8 reads (slowest 6.3 ms)
strata serve: expert tiers: GPU 90 hits this request; since the start RAM 68571 blobs, files 0 blobs 0.0 MB read
strata serve: prompt 57 tokens = 56 reused + 1 read in 0 ms (35714.3 tok/s), 1 generated in 33 ms (30.3 tok/s), drafts accepted 0 of 0, 1 checkpoints
strata serve: decode expert cache hit rate: 17.1% (82 hits / 480 lookups)
strata serve: resident RAM: 63.28 GiB of experts in RAM, 0 exchanged with the VRAM tier, 0 blob reads from the file
safetensors residency metrics: ram_bytes=67948118016 os_locked_bytes=0 cuda_pinned_bytes=67948118016 promotions=0 promoted_payload_bytes=0 expert_file_bytes=0 (cumulative; payload is not a physical PCIe counter)
safetensors ngram metrics: ple io: 3984 rows, 11.6% row-cache hits, 3520 SSD reads (15.0 MB), read p50 968 us p99 5160 us, blocked 208.855 ms total (submit 3.281 ms), cache 3520/1048576 rows, SSD kept awake by 8 reads (slowest 6.3 ms)
strata serve: expert tiers: GPU 82 hits this request; since the start RAM 68969 blobs, files 0 blobs 0.0 MB read
strata serve: prompt 58 tokens = 57 reused + 1 read in 0 ms (45454.5 tok/s), 1 generated in 31 ms (32.0 tok/s), drafts accepted 0 of 0, 1 checkpoints
strata serve: decode expert cache hit rate: 30.8% (148 hits / 480 lookups)
strata serve: resident RAM: 63.28 GiB of experts in RAM, 0 exchanged with the VRAM tier, 0 blob reads from the file
safetensors residency metrics: ram_bytes=67948118016 os_locked_bytes=0 cuda_pinned_bytes=67948118016 promotions=0 promoted_payload_bytes=0 expert_file_bytes=0 (cumulative; payload is not a physical PCIe counter)
safetensors ngram metrics: ple io: 4000 rows, 11.6% row-cache hits, 3536 SSD reads (15.1 MB), read p50 970 us p99 5160 us, blocked 210.727 ms total (submit 3.294 ms), cache 3536/1048576 rows, SSD kept awake by 8 reads (slowest 6.3 ms)
strata serve: expert tiers: GPU 148 hits this request; since the start RAM 69301 blobs, files 0 blobs 0.0 MB read
strata serve: prompt 59 tokens = 58 reused + 1 read in 0 ms (50251.3 tok/s), 1 generated in 36 ms (27.8 tok/s), drafts accepted 0 of 0, 1 checkpoints
strata serve: decode expert cache hit rate: 12.7% (61 hits / 480 lookups)
strata serve: resident RAM: 63.28 GiB of experts in RAM, 0 exchanged with the VRAM tier, 0 blob reads from the file
safetensors residency metrics: ram_bytes=67948118016 os_locked_bytes=0 cuda_pinned_bytes=67948118016 promotions=0 promoted_payload_bytes=0 expert_file_bytes=0 (cumulative; payload is not a physical PCIe counter)
safetensors ngram metrics: ple io: 4016 rows, 11.6% row-cache hits, 3552 SSD reads (15.1 MB), read p50 967 us p99 5157 us, blocked 211.305 ms total (submit 3.312 ms), cache 3552/1048576 rows, SSD kept awake by 8 reads (slowest 6.3 ms)
strata serve: expert tiers: GPU 61 hits this request; since the start RAM 69720 blobs, files 0 blobs 0.0 MB read
strata serve: prompt 60 tokens = 59 reused + 1 read in 0 ms (44843.0 tok/s), 1 generated in 30 ms (33.0 tok/s), drafts accepted 0 of 0, 1 checkpoints
strata serve: decode expert cache hit rate: 37.3% (179 hits / 480 lookups)
strata serve: resident RAM: 63.28 GiB of experts in RAM, 0 exchanged with the VRAM tier, 0 blob reads from the file
safetensors residency metrics: ram_bytes=67948118016 os_locked_bytes=0 cuda_pinned_bytes=67948118016 promotions=0 promoted_payload_bytes=0 expert_file_bytes=0 (cumulative; payload is not a physical PCIe counter)
safetensors ngram metrics: ple io: 4032 rows, 11.5% row-cache hits, 3568 SSD reads (15.2 MB), read p50 972 us p99 5157 us, blocked 213.499 ms total (submit 3.329 ms), cache 3568/1048576 rows, SSD kept awake by 8 reads (slowest 6.3 ms)
strata serve: expert tiers: GPU 179 hits this request; since the start RAM 70021 blobs, files 0 blobs 0.0 MB read
strata serve: prompt 61 tokens = 60 reused + 1 read in 0 ms (50000.0 tok/s), 1 generated in 377 ms (2.6 tok/s), drafts accepted 0 of 0, 1 checkpoints
strata serve: decode expert cache hit rate: 25.2% (121 hits / 480 lookups)
strata serve: resident RAM: 63.28 GiB of experts in RAM, 0 exchanged with the VRAM tier, 0 blob reads from the file
safetensors residency metrics: ram_bytes=67948118016 os_locked_bytes=0 cuda_pinned_bytes=67948118016 promotions=0 promoted_payload_bytes=0 expert_file_bytes=0 (cumulative; payload is not a physical PCIe counter)
safetensors ngram metrics: ple io: 4048 rows, 11.5% row-cache hits, 3584 SSD reads (15.3 MB), read p50 974 us p99 5557 us, blocked 558.332 ms total (submit 3.345 ms), cache 3584/1048576 rows, SSD kept awake by 9 reads (slowest 6.3 ms)
strata serve: expert tiers: GPU 121 hits this request; since the start RAM 70380 blobs, files 0 blobs 0.0 MB read
strata serve: prompt 62 tokens = 61 reused + 1 read in 0 ms (44843.0 tok/s), 1 generated in 29 ms (34.6 tok/s), drafts accepted 0 of 0, 1 checkpoints
strata serve: decode expert cache hit rate: 50.8% (244 hits / 480 lookups)
strata serve: resident RAM: 63.28 GiB of experts in RAM, 0 exchanged with the VRAM tier, 0 blob reads from the file
safetensors residency metrics: ram_bytes=67948118016 os_locked_bytes=0 cuda_pinned_bytes=67948118016 promotions=0 promoted_payload_bytes=0 expert_file_bytes=0 (cumulative; payload is not a physical PCIe counter)
safetensors ngram metrics: ple io: 4064 rows, 11.4% row-cache hits, 3600 SSD reads (15.4 MB), read p50 975 us p99 5557 us, blocked 559.682 ms total (submit 3.365 ms), cache 3600/1048576 rows, SSD kept awake by 9 reads (slowest 6.3 ms)
strata serve: expert tiers: GPU 244 hits this request; since the start RAM 70616 blobs, files 0 blobs 0.0 MB read
strata serve: prompt 63 tokens = 62 reused + 1 read in 0 ms (43103.4 tok/s), 1 generated in 36 ms (27.7 tok/s), drafts accepted 0 of 0, 1 checkpoints
strata serve: decode expert cache hit rate: 23.5% (113 hits / 480 lookups)
strata serve: resident RAM: 63.28 GiB of experts in RAM, 0 exchanged with the VRAM tier, 0 blob reads from the file
safetensors residency metrics: ram_bytes=67948118016 os_locked_bytes=0 cuda_pinned_bytes=67948118016 promotions=0 promoted_payload_bytes=0 expert_file_bytes=0 (cumulative; payload is not a physical PCIe counter)
safetensors ngram metrics: ple io: 4080 rows, 11.4% row-cache hits, 3616 SSD reads (15.4 MB), read p50 974 us p99 5557 us, blocked 561.847 ms total (submit 3.377 ms), cache 3616/1048576 rows, SSD kept awake by 9 reads (slowest 6.3 ms)
strata serve: expert tiers: GPU 113 hits this request; since the start RAM 70983 blobs, files 0 blobs 0.0 MB read
strata serve: prompt 64 tokens = 63 reused + 1 read in 0 ms (43290.0 tok/s), 1 generated in 41 ms (24.4 tok/s), drafts accepted 0 of 0, 1 checkpoints
strata serve: decode expert cache hit rate: 16.5% (79 hits / 480 lookups)
strata serve: resident RAM: 63.28 GiB of experts in RAM, 0 exchanged with the VRAM tier, 0 blob reads from the file
safetensors residency metrics: ram_bytes=67948118016 os_locked_bytes=0 cuda_pinned_bytes=67948118016 promotions=0 promoted_payload_bytes=0 expert_file_bytes=0 (cumulative; payload is not a physical PCIe counter)
safetensors ngram metrics: ple io: 4096 rows, 11.3% row-cache hits, 3632 SSD reads (15.5 MB), read p50 974 us p99 5557 us, blocked 566.580 ms total (submit 3.399 ms), cache 3632/1048576 rows, SSD kept awake by 9 reads (slowest 6.3 ms)
strata serve: expert tiers: GPU 79 hits this request; since the start RAM 71384 blobs, files 0 blobs 0.0 MB read
strata serve: prompt 65 tokens = 64 reused + 1 read in 0 ms (43859.6 tok/s), 1 generated in 40 ms (25.0 tok/s), drafts accepted 0 of 0, 1 checkpoints
strata serve: decode expert cache hit rate: 13.5% (65 hits / 480 lookups)
strata serve: resident RAM: 63.28 GiB of experts in RAM, 0 exchanged with the VRAM tier, 0 blob reads from the file
safetensors residency metrics: ram_bytes=67948118016 os_locked_bytes=0 cuda_pinned_bytes=67948118016 promotions=0 promoted_payload_bytes=0 expert_file_bytes=0 (cumulative; payload is not a physical PCIe counter)
safetensors ngram metrics: ple io: 4112 rows, 11.5% row-cache hits, 3640 SSD reads (15.5 MB), read p50 976 us p99 5557 us, blocked 568.693 ms total (submit 3.409 ms), cache 3640/1048576 rows, SSD kept awake by 9 reads (slowest 6.3 ms)
strata serve: expert tiers: GPU 65 hits this request; since the start RAM 71799 blobs, files 0 blobs 0.0 MB read
strata serve: prompt 66 tokens = 65 reused + 1 read in 0 ms (44444.4 tok/s), 1 generated in 33 ms (30.5 tok/s), drafts accepted 0 of 0, 1 checkpoints
strata serve: decode expert cache hit rate: 16.0% (77 hits / 480 lookups)
strata serve: resident RAM: 63.28 GiB of experts in RAM, 0 exchanged with the VRAM tier, 0 blob reads from the file
safetensors residency metrics: ram_bytes=67948118016 os_locked_bytes=0 cuda_pinned_bytes=67948118016 promotions=0 promoted_payload_bytes=0 expert_file_bytes=0 (cumulative; payload is not a physical PCIe counter)
safetensors ngram metrics: ple io: 4128 rows, 11.4% row-cache hits, 3656 SSD reads (15.6 MB), read p50 976 us p99 5525 us, blocked 569.364 ms total (submit 3.430 ms), cache 3656/1048576 rows, SSD kept awake by 9 reads (slowest 6.3 ms)
strata serve: expert tiers: GPU 77 hits this request; since the start RAM 72202 blobs, files 0 blobs 0.0 MB read
strata serve: prompt 67 tokens = 66 reused + 1 read in 0 ms (46948.4 tok/s), 1 generated in 32 ms (31.0 tok/s), drafts accepted 0 of 0, 1 checkpoints
strata serve: decode expert cache hit rate: 23.8% (114 hits / 480 lookups)
strata serve: resident RAM: 63.28 GiB of experts in RAM, 0 exchanged with the VRAM tier, 0 blob reads from the file
safetensors residency metrics: ram_bytes=67948118016 os_locked_bytes=0 cuda_pinned_bytes=67948118016 promotions=0 promoted_payload_bytes=0 expert_file_bytes=0 (cumulative; payload is not a physical PCIe counter)
safetensors ngram metrics: ple io: 4144 rows, 11.4% row-cache hits, 3672 SSD reads (15.7 MB), read p50 978 us p99 5525 us, blocked 571.333 ms total (submit 3.443 ms), cache 3672/1048576 rows, SSD kept awake by 9 reads (slowest 6.3 ms)
strata serve: expert tiers: GPU 114 hits this request; since the start RAM 72568 blobs, files 0 blobs 0.0 MB read
strata serve: prompt 68 tokens = 67 reused + 1 read in 0 ms (48780.5 tok/s), 1 generated in 36 ms (28.2 tok/s), drafts accepted 0 of 0, 1 checkpoints
strata serve: decode expert cache hit rate: 15.6% (75 hits / 480 lookups)
strata serve: resident RAM: 63.28 GiB of experts in RAM, 0 exchanged with the VRAM tier, 0 blob reads from the file
safetensors residency metrics: ram_bytes=67948118016 os_locked_bytes=0 cuda_pinned_bytes=67948118016 promotions=0 promoted_payload_bytes=0 expert_file_bytes=0 (cumulative; payload is not a physical PCIe counter)
safetensors ngram metrics: ple io: 4160 rows, 11.3% row-cache hits, 3688 SSD reads (15.7 MB), read p50 980 us p99 5525 us, blocked 574.850 ms total (submit 3.457 ms), cache 3688/1048576 rows, SSD kept awake by 9 reads (slowest 6.3 ms)
strata serve: expert tiers: GPU 75 hits this request; since the start RAM 72973 blobs, files 0 blobs 0.0 MB read
strata serve: prompt 69 tokens = 68 reused + 1 read in 0 ms (44052.9 tok/s), 1 generated in 35 ms (28.7 tok/s), drafts accepted 0 of 0, 1 checkpoints
strata serve: decode expert cache hit rate: 15.8% (76 hits / 480 lookups)
strata serve: resident RAM: 63.28 GiB of experts in RAM, 0 exchanged with the VRAM tier, 0 blob reads from the file
safetensors residency metrics: ram_bytes=67948118016 os_locked_bytes=0 cuda_pinned_bytes=67948118016 promotions=0 promoted_payload_bytes=0 expert_file_bytes=0 (cumulative; payload is not a physical PCIe counter)
safetensors ngram metrics: ple io: 4176 rows, 11.3% row-cache hits, 3704 SSD reads (15.8 MB), read p50 982 us p99 5525 us, blocked 577.803 ms total (submit 3.475 ms), cache 3704/1048576 rows, SSD kept awake by 9 reads (slowest 6.3 ms)
strata serve: expert tiers: GPU 76 hits this request; since the start RAM 73377 blobs, files 0 blobs 0.0 MB read
strata serve: prompt 70 tokens = 69 reused + 1 read in 0 ms (48543.7 tok/s), 1 generated in 31 ms (32.4 tok/s), drafts accepted 0 of 0, 1 checkpoints
strata serve: decode expert cache hit rate: 26.2% (126 hits / 480 lookups)
strata serve: resident RAM: 63.28 GiB of experts in RAM, 0 exchanged with the VRAM tier, 0 blob reads from the file
safetensors residency metrics: ram_bytes=67948118016 os_locked_bytes=0 cuda_pinned_bytes=67948118016 promotions=0 promoted_payload_bytes=0 expert_file_bytes=0 (cumulative; payload is not a physical PCIe counter)
safetensors ngram metrics: ple io: 4192 rows, 11.3% row-cache hits, 3720 SSD reads (15.9 MB), read p50 981 us p99 5525 us, blocked 578.261 ms total (submit 3.494 ms), cache 3720/1048576 rows, SSD kept awake by 9 reads (slowest 6.3 ms)
strata serve: expert tiers: GPU 126 hits this request; since the start RAM 73731 blobs, files 0 blobs 0.0 MB read
strata serve: prompt 71 tokens = 70 reused + 1 read in 0 ms (17271.2 tok/s), 1 generated in 34 ms (29.3 tok/s), drafts accepted 0 of 0, 1 checkpoints
strata serve: decode expert cache hit rate: 26.0% (125 hits / 480 lookups)
strata serve: resident RAM: 63.28 GiB of experts in RAM, 0 exchanged with the VRAM tier, 0 blob reads from the file
safetensors residency metrics: ram_bytes=67948118016 os_locked_bytes=0 cuda_pinned_bytes=67948118016 promotions=0 promoted_payload_bytes=0 expert_file_bytes=0 (cumulative; payload is not a physical PCIe counter)
safetensors ngram metrics: ple io: 4208 rows, 11.2% row-cache hits, 3736 SSD reads (15.9 MB), read p50 982 us p99 5525 us, blocked 581.209 ms total (submit 3.510 ms), cache 3736/1048576 rows, SSD kept awake by 9 reads (slowest 6.3 ms)
strata serve: expert tiers: GPU 125 hits this request; since the start RAM 74086 blobs, files 0 blobs 0.0 MB read
strata serve: prompt 72 tokens = 71 reused + 1 read in 0 ms (43290.0 tok/s), 1 generated in 33 ms (30.7 tok/s), drafts accepted 0 of 0, 1 checkpoints
strata serve: decode expert cache hit rate: 21.7% (104 hits / 480 lookups)
strata serve: resident RAM: 63.28 GiB of experts in RAM, 0 exchanged with the VRAM tier, 0 blob reads from the file
safetensors residency metrics: ram_bytes=67948118016 os_locked_bytes=0 cuda_pinned_bytes=67948118016 promotions=0 promoted_payload_bytes=0 expert_file_bytes=0 (cumulative; payload is not a physical PCIe counter)
safetensors ngram metrics: ple io: 4224 rows, 11.2% row-cache hits, 3752 SSD reads (16.0 MB), read p50 982 us p99 5507 us, blocked 581.776 ms total (submit 3.522 ms), cache 3752/1048576 rows, SSD kept awake by 9 reads (slowest 6.3 ms)
strata serve: expert tiers: GPU 104 hits this request; since the start RAM 74462 blobs, files 0 blobs 0.0 MB read
strata serve: prompt 73 tokens = 72 reused + 1 read in 0 ms (50000.0 tok/s), 1 generated in 32 ms (30.8 tok/s), drafts accepted 0 of 0, 1 checkpoints
strata serve: decode expert cache hit rate: 16.0% (77 hits / 480 lookups)
strata serve: resident RAM: 63.28 GiB of experts in RAM, 0 exchanged with the VRAM tier, 0 blob reads from the file
safetensors residency metrics: ram_bytes=67948118016 os_locked_bytes=0 cuda_pinned_bytes=67948118016 promotions=0 promoted_payload_bytes=0 expert_file_bytes=0 (cumulative; payload is not a physical PCIe counter)
safetensors ngram metrics: ple io: 4240 rows, 11.3% row-cache hits, 3760 SSD reads (16.0 MB), read p50 982 us p99 5507 us, blocked 582.496 ms total (submit 3.534 ms), cache 3760/1048576 rows, SSD kept awake by 9 reads (slowest 6.3 ms)
strata serve: expert tiers: GPU 77 hits this request; since the start RAM 74865 blobs, files 0 blobs 0.0 MB read
strata serve: prompt 74 tokens = 73 reused + 1 read in 0 ms (50251.3 tok/s), 1 generated in 31 ms (32.1 tok/s), drafts accepted 0 of 0, 1 checkpoints
strata serve: decode expert cache hit rate: 23.8% (114 hits / 480 lookups)
strata serve: resident RAM: 63.28 GiB of experts in RAM, 0 exchanged with the VRAM tier, 0 blob reads from the file
safetensors residency metrics: ram_bytes=67948118016 os_locked_bytes=0 cuda_pinned_bytes=67948118016 promotions=0 promoted_payload_bytes=0 expert_file_bytes=0 (cumulative; payload is not a physical PCIe counter)
safetensors ngram metrics: ple io: 4256 rows, 11.3% row-cache hits, 3776 SSD reads (16.1 MB), read p50 984 us p99 5507 us, blocked 583.811 ms total (submit 3.549 ms), cache 3776/1048576 rows, SSD kept awake by 9 reads (slowest 6.3 ms)
strata serve: expert tiers: GPU 114 hits this request; since the start RAM 75231 blobs, files 0 blobs 0.0 MB read
strata serve: prompt 75 tokens = 74 reused + 1 read in 0 ms (45248.9 tok/s), 1 generated in 31 ms (32.0 tok/s), drafts accepted 0 of 0, 1 checkpoints
strata serve: decode expert cache hit rate: 21.0% (101 hits / 480 lookups)
strata serve: resident RAM: 63.28 GiB of experts in RAM, 0 exchanged with the VRAM tier, 0 blob reads from the file
safetensors residency metrics: ram_bytes=67948118016 os_locked_bytes=0 cuda_pinned_bytes=67948118016 promotions=0 promoted_payload_bytes=0 expert_file_bytes=0 (cumulative; payload is not a physical PCIe counter)
safetensors ngram metrics: ple io: 4272 rows, 11.2% row-cache hits, 3792 SSD reads (16.2 MB), read p50 982 us p99 5507 us, blocked 584.144 ms total (submit 3.565 ms), cache 3792/1048576 rows, SSD kept awake by 9 reads (slowest 6.3 ms)
strata serve: expert tiers: GPU 101 hits this request; since the start RAM 75610 blobs, files 0 blobs 0.0 MB read
strata serve: prompt 76 tokens = 75 reused + 1 read in 0 ms (44642.9 tok/s), 1 generated in 32 ms (31.1 tok/s), drafts accepted 0 of 0, 1 checkpoints
strata serve: decode expert cache hit rate: 18.1% (87 hits / 480 lookups)
strata serve: resident RAM: 63.28 GiB of experts in RAM, 0 exchanged with the VRAM tier, 0 blob reads from the file
safetensors residency metrics: ram_bytes=67948118016 os_locked_bytes=0 cuda_pinned_bytes=67948118016 promotions=0 promoted_payload_bytes=0 expert_file_bytes=0 (cumulative; payload is not a physical PCIe counter)
safetensors ngram metrics: ple io: 4288 rows, 11.2% row-cache hits, 3808 SSD reads (16.2 MB), read p50 981 us p99 5507 us, blocked 584.525 ms total (submit 3.577 ms), cache 3808/1048576 rows, SSD kept awake by 9 reads (slowest 6.3 ms)
strata serve: expert tiers: GPU 87 hits this request; since the start RAM 76003 blobs, files 0 blobs 0.0 MB read
strata serve: prompt 77 tokens = 76 reused + 1 read in 0 ms (43478.3 tok/s), 1 generated in 32 ms (31.1 tok/s), drafts accepted 0 of 0, 1 checkpoints
strata serve: decode expert cache hit rate: 18.5% (89 hits / 480 lookups)
strata serve: resident RAM: 63.28 GiB of experts in RAM, 0 exchanged with the VRAM tier, 0 blob reads from the file
safetensors residency metrics: ram_bytes=67948118016 os_locked_bytes=0 cuda_pinned_bytes=67948118016 promotions=0 promoted_payload_bytes=0 expert_file_bytes=0 (cumulative; payload is not a physical PCIe counter)
safetensors ngram metrics: ple io: 4304 rows, 11.2% row-cache hits, 3824 SSD reads (16.3 MB), read p50 981 us p99 5507 us, blocked 585.200 ms total (submit 3.588 ms), cache 3824/1048576 rows, SSD kept awake by 9 reads (slowest 6.3 ms)
strata serve: expert tiers: GPU 89 hits this request; since the start RAM 76394 blobs, files 0 blobs 0.0 MB read
strata serve: prompt 78 tokens = 77 reused + 1 read in 0 ms (46082.9 tok/s), 1 generated in 30 ms (32.9 tok/s), drafts accepted 0 of 0, 1 checkpoints
strata serve: decode expert cache hit rate: 23.5% (113 hits / 480 lookups)
strata serve: resident RAM: 63.28 GiB of experts in RAM, 0 exchanged with the VRAM tier, 0 blob reads from the file
safetensors residency metrics: ram_bytes=67948118016 os_locked_bytes=0 cuda_pinned_bytes=67948118016 promotions=0 promoted_payload_bytes=0 expert_file_bytes=0 (cumulative; payload is not a physical PCIe counter)
safetensors ngram metrics: ple io: 4320 rows, 11.3% row-cache hits, 3832 SSD reads (16.3 MB), read p50 980 us p99 5507 us, blocked 585.201 ms total (submit 3.601 ms), cache 3832/1048576 rows, SSD kept awake by 9 reads (slowest 6.3 ms)
strata serve: expert tiers: GPU 113 hits this request; since the start RAM 76761 blobs, files 0 blobs 0.0 MB read
strata serve: prompt 79 tokens = 78 reused + 1 read in 0 ms (45662.1 tok/s), 1 generated in 30 ms (33.1 tok/s), drafts accepted 0 of 0, 1 checkpoints
strata serve: decode expert cache hit rate: 32.7% (157 hits / 480 lookups)
strata serve: resident RAM: 63.28 GiB of experts in RAM, 0 exchanged with the VRAM tier, 0 blob reads from the file
safetensors residency metrics: ram_bytes=67948118016 os_locked_bytes=0 cuda_pinned_bytes=67948118016 promotions=0 promoted_payload_bytes=0 expert_file_bytes=0 (cumulative; payload is not a physical PCIe counter)
safetensors ngram metrics: ple io: 4336 rows, 11.6% row-cache hits, 3832 SSD reads (16.3 MB), read p50 980 us p99 5507 us, blocked 585.201 ms total (submit 3.601 ms), cache 3832/1048576 rows, SSD kept awake by 9 reads (slowest 6.3 ms)
strata serve: expert tiers: GPU 157 hits this request; since the start RAM 77084 blobs, files 0 blobs 0.0 MB read
strata serve: prompt 80 tokens = 79 reused + 1 read in 0 ms (48076.9 tok/s), 1 generated in 30 ms (33.1 tok/s), drafts accepted 0 of 0, 1 checkpoints
strata serve: decode expert cache hit rate: 23.8% (114 hits / 480 lookups)
strata serve: resident RAM: 63.28 GiB of experts in RAM, 0 exchanged with the VRAM tier, 0 blob reads from the file
safetensors residency metrics: ram_bytes=67948118016 os_locked_bytes=0 cuda_pinned_bytes=67948118016 promotions=0 promoted_payload_bytes=0 expert_file_bytes=0 (cumulative; payload is not a physical PCIe counter)
safetensors ngram metrics: ple io: 4352 rows, 11.9% row-cache hits, 3832 SSD reads (16.3 MB), read p50 980 us p99 5507 us, blocked 585.201 ms total (submit 3.601 ms), cache 3832/1048576 rows, SSD kept awake by 10 reads (slowest 6.3 ms)
strata serve: expert tiers: GPU 114 hits this request; since the start RAM 77450 blobs, files 0 blobs 0.0 MB read
strata serve: prompt 81 tokens = 80 reused + 1 read in 0 ms (50251.3 tok/s), 1 generated in 28 ms (36.3 tok/s), drafts accepted 0 of 0, 1 checkpoints
strata serve: decode expert cache hit rate: 40.4% (194 hits / 480 lookups)
strata serve: resident RAM: 63.28 GiB of experts in RAM, 0 exchanged with the VRAM tier, 0 blob reads from the file
safetensors residency metrics: ram_bytes=67948118016 os_locked_bytes=0 cuda_pinned_bytes=67948118016 promotions=0 promoted_payload_bytes=0 expert_file_bytes=0 (cumulative; payload is not a physical PCIe counter)
safetensors ngram metrics: ple io: 4368 rows, 11.9% row-cache hits, 3848 SSD reads (16.4 MB), read p50 979 us p99 5507 us, blocked 585.717 ms total (submit 3.613 ms), cache 3848/1048576 rows, SSD kept awake by 10 reads (slowest 6.3 ms)
strata serve: expert tiers: GPU 194 hits this request; since the start RAM 77736 blobs, files 0 blobs 0.0 MB read
strata serve: prompt 82 tokens = 81 reused + 1 read in 0 ms (45045.0 tok/s), 1 generated in 34 ms (29.8 tok/s), drafts accepted 0 of 0, 1 checkpoints
strata serve: decode expert cache hit rate: 21.5% (103 hits / 480 lookups)
strata serve: resident RAM: 63.28 GiB of experts in RAM, 0 exchanged with the VRAM tier, 0 blob reads from the file
safetensors residency metrics: ram_bytes=67948118016 os_locked_bytes=0 cuda_pinned_bytes=67948118016 promotions=0 promoted_payload_bytes=0 expert_file_bytes=0 (cumulative; payload is not a physical PCIe counter)
safetensors ngram metrics: ple io: 4384 rows, 12.0% row-cache hits, 3856 SSD reads (16.4 MB), read p50 978 us p99 5453 us, blocked 586.295 ms total (submit 3.624 ms), cache 3856/1048576 rows, SSD kept awake by 10 reads (slowest 6.3 ms)
strata serve: expert tiers: GPU 103 hits this request; since the start RAM 78113 blobs, files 0 blobs 0.0 MB read
strata serve: prompt 83 tokens = 82 reused + 1 read in 0 ms (43290.0 tok/s), 1 generated in 31 ms (32.5 tok/s), drafts accepted 0 of 0, 1 checkpoints
strata serve: decode expert cache hit rate: 25.8% (124 hits / 480 lookups)
strata serve: resident RAM: 63.28 GiB of experts in RAM, 0 exchanged with the VRAM tier, 0 blob reads from the file
safetensors residency metrics: ram_bytes=67948118016 os_locked_bytes=0 cuda_pinned_bytes=67948118016 promotions=0 promoted_payload_bytes=0 expert_file_bytes=0 (cumulative; payload is not a physical PCIe counter)
safetensors ngram metrics: ple io: 4400 rows, 12.0% row-cache hits, 3872 SSD reads (16.5 MB), read p50 978 us p99 5453 us, blocked 586.759 ms total (submit 3.636 ms), cache 3872/1048576 rows, SSD kept awake by 10 reads (slowest 6.3 ms)
strata serve: expert tiers: GPU 124 hits this request; since the start RAM 78469 blobs, files 0 blobs 0.0 MB read
strata serve: prompt 84 tokens = 83 reused + 1 read in 0 ms (23474.2 tok/s), 1 generated in 29 ms (34.7 tok/s), drafts accepted 0 of 0, 1 checkpoints
strata serve: decode expert cache hit rate: 43.3% (208 hits / 480 lookups)
strata serve: resident RAM: 63.28 GiB of experts in RAM, 0 exchanged with the VRAM tier, 0 blob reads from the file
safetensors residency metrics: ram_bytes=67948118016 os_locked_bytes=0 cuda_pinned_bytes=67948118016 promotions=0 promoted_payload_bytes=0 expert_file_bytes=0 (cumulative; payload is not a physical PCIe counter)
safetensors ngram metrics: ple io: 4416 rows, 12.0% row-cache hits, 3888 SSD reads (16.6 MB), read p50 977 us p99 5453 us, blocked 589.994 ms total (submit 3.659 ms), cache 3888/1048576 rows, SSD kept awake by 10 reads (slowest 6.3 ms)
strata serve: expert tiers: GPU 208 hits this request; since the start RAM 78741 blobs, files 0 blobs 0.0 MB read
strata serve: prompt 85 tokens = 84 reused + 1 read in 0 ms (42918.5 tok/s), 1 generated in 34 ms (29.6 tok/s), drafts accepted 0 of 0, 1 checkpoints
strata serve: decode expert cache hit rate: 19.4% (93 hits / 480 lookups)
strata serve: resident RAM: 63.28 GiB of experts in RAM, 0 exchanged with the VRAM tier, 0 blob reads from the file
safetensors residency metrics: ram_bytes=67948118016 os_locked_bytes=0 cuda_pinned_bytes=67948118016 promotions=0 promoted_payload_bytes=0 expert_file_bytes=0 (cumulative; payload is not a physical PCIe counter)
safetensors ngram metrics: ple io: 4432 rows, 12.1% row-cache hits, 3896 SSD reads (16.6 MB), read p50 978 us p99 5453 us, blocked 592.794 ms total (submit 3.671 ms), cache 3896/1048576 rows, SSD kept awake by 10 reads (slowest 6.3 ms)
strata serve: expert tiers: GPU 93 hits this request; since the start RAM 79128 blobs, files 0 blobs 0.0 MB read
strata serve: prompt 86 tokens = 85 reused + 1 read in 0 ms (44444.4 tok/s), 1 generated in 27 ms (36.8 tok/s), drafts accepted 0 of 0, 1 checkpoints
strata serve: decode expert cache hit rate: 36.0% (173 hits / 480 lookups)
strata serve: resident RAM: 63.28 GiB of experts in RAM, 0 exchanged with the VRAM tier, 0 blob reads from the file
safetensors residency metrics: ram_bytes=67948118016 os_locked_bytes=0 cuda_pinned_bytes=67948118016 promotions=0 promoted_payload_bytes=0 expert_file_bytes=0 (cumulative; payload is not a physical PCIe counter)
safetensors ngram metrics: ple io: 4448 rows, 12.4% row-cache hits, 3896 SSD reads (16.6 MB), read p50 978 us p99 5453 us, blocked 592.794 ms total (submit 3.671 ms), cache 3896/1048576 rows, SSD kept awake by 10 reads (slowest 6.3 ms)
strata serve: expert tiers: GPU 173 hits this request; since the start RAM 79435 blobs, files 0 blobs 0.0 MB read
strata serve: prompt 87 tokens = 86 reused + 1 read in 0 ms (45248.9 tok/s), 1 generated in 33 ms (30.0 tok/s), drafts accepted 0 of 0, 1 checkpoints
strata serve: decode expert cache hit rate: 22.7% (109 hits / 480 lookups)
strata serve: resident RAM: 63.28 GiB of experts in RAM, 0 exchanged with the VRAM tier, 0 blob reads from the file
safetensors residency metrics: ram_bytes=67948118016 os_locked_bytes=0 cuda_pinned_bytes=67948118016 promotions=0 promoted_payload_bytes=0 expert_file_bytes=0 (cumulative; payload is not a physical PCIe counter)
safetensors ngram metrics: ple io: 4464 rows, 12.4% row-cache hits, 3912 SSD reads (16.7 MB), read p50 978 us p99 5453 us, blocked 594.059 ms total (submit 3.682 ms), cache 3912/1048576 rows, SSD kept awake by 11 reads (slowest 6.3 ms)
strata serve: expert tiers: GPU 109 hits this request; since the start RAM 79806 blobs, files 0 blobs 0.0 MB read
strata serve: prompt 88 tokens = 87 reused + 1 read in 0 ms (44843.0 tok/s), 1 generated in 31 ms (32.2 tok/s), drafts accepted 0 of 0, 1 checkpoints
strata serve: decode expert cache hit rate: 25.6% (123 hits / 480 lookups)
strata serve: resident RAM: 63.28 GiB of experts in RAM, 0 exchanged with the VRAM tier, 0 blob reads from the file
safetensors residency metrics: ram_bytes=67948118016 os_locked_bytes=0 cuda_pinned_bytes=67948118016 promotions=0 promoted_payload_bytes=0 expert_file_bytes=0 (cumulative; payload is not a physical PCIe counter)
safetensors ngram metrics: ple io: 4480 rows, 12.5% row-cache hits, 3920 SSD reads (16.7 MB), read p50 978 us p99 5453 us, blocked 594.060 ms total (submit 3.705 ms), cache 3920/1048576 rows, SSD kept awake by 11 reads (slowest 6.3 ms)
strata serve: expert tiers: GPU 123 hits this request; since the start RAM 80163 blobs, files 0 blobs 0.0 MB read
strata serve: prompt 89 tokens = 88 reused + 1 read in 0 ms (49751.2 tok/s), 1 generated in 32 ms (31.7 tok/s), drafts accepted 0 of 0, 1 checkpoints
strata serve: decode expert cache hit rate: 17.1% (82 hits / 480 lookups)
strata serve: resident RAM: 63.28 GiB of experts in RAM, 0 exchanged with the VRAM tier, 0 blob reads from the file
safetensors residency metrics: ram_bytes=67948118016 os_locked_bytes=0 cuda_pinned_bytes=67948118016 promotions=0 promoted_payload_bytes=0 expert_file_bytes=0 (cumulative; payload is not a physical PCIe counter)
safetensors ngram metrics: ple io: 4496 rows, 12.6% row-cache hits, 3928 SSD reads (16.7 MB), read p50 976 us p99 5453 us, blocked 594.060 ms total (submit 3.718 ms), cache 3928/1048576 rows, SSD kept awake by 11 reads (slowest 6.3 ms)
strata serve: expert tiers: GPU 82 hits this request; since the start RAM 80561 blobs, files 0 blobs 0.0 MB read
strata serve: prompt 90 tokens = 89 reused + 1 read in 0 ms (50761.4 tok/s), 1 generated in 32 ms (31.7 tok/s), drafts accepted 0 of 0, 1 checkpoints
strata serve: decode expert cache hit rate: 19.4% (93 hits / 480 lookups)
strata serve: resident RAM: 63.28 GiB of experts in RAM, 0 exchanged with the VRAM tier, 0 blob reads from the file
safetensors residency metrics: ram_bytes=67948118016 os_locked_bytes=0 cuda_pinned_bytes=67948118016 promotions=0 promoted_payload_bytes=0 expert_file_bytes=0 (cumulative; payload is not a physical PCIe counter)
safetensors ngram metrics: ple io: 4512 rows, 12.6% row-cache hits, 3944 SSD reads (16.8 MB), read p50 975 us p99 5453 us, blocked 594.526 ms total (submit 3.741 ms), cache 3944/1048576 rows, SSD kept awake by 11 reads (slowest 6.3 ms)
strata serve: expert tiers: GPU 93 hits this request; since the start RAM 80948 blobs, files 0 blobs 0.0 MB read
strata serve: prompt 91 tokens = 90 reused + 1 read in 0 ms (48309.2 tok/s), 1 generated in 33 ms (29.9 tok/s), drafts accepted 0 of 0, 1 checkpoints
strata serve: decode expert cache hit rate: 15.4% (74 hits / 480 lookups)
strata serve: resident RAM: 63.28 GiB of experts in RAM, 0 exchanged with the VRAM tier, 0 blob reads from the file
safetensors residency metrics: ram_bytes=67948118016 os_locked_bytes=0 cuda_pinned_bytes=67948118016 promotions=0 promoted_payload_bytes=0 expert_file_bytes=0 (cumulative; payload is not a physical PCIe counter)
safetensors ngram metrics: ple io: 4528 rows, 12.7% row-cache hits, 3952 SSD reads (16.8 MB), read p50 976 us p99 5425 us, blocked 595.239 ms total (submit 3.752 ms), cache 3952/1048576 rows, SSD kept awake by 11 reads (slowest 6.3 ms)
strata serve: expert tiers: GPU 74 hits this request; since the start RAM 81354 blobs, files 0 blobs 0.0 MB read
strata serve: prompt 92 tokens = 91 reused + 1 read in 0 ms (47619.0 tok/s), 1 generated in 33 ms (30.6 tok/s), drafts accepted 0 of 0, 1 checkpoints
strata serve: decode expert cache hit rate: 15.6% (75 hits / 480 lookups)
strata serve: resident RAM: 63.28 GiB of experts in RAM, 0 exchanged with the VRAM tier, 0 blob reads from the file
safetensors residency metrics: ram_bytes=67948118016 os_locked_bytes=0 cuda_pinned_bytes=67948118016 promotions=0 promoted_payload_bytes=0 expert_file_bytes=0 (cumulative; payload is not a physical PCIe counter)
safetensors ngram metrics: ple io: 4544 rows, 12.7% row-cache hits, 3968 SSD reads (16.9 MB), read p50 976 us p99 5425 us, blocked 595.721 ms total (submit 3.768 ms), cache 3968/1048576 rows, SSD kept awake by 11 reads (slowest 6.3 ms)
strata serve: expert tiers: GPU 75 hits this request; since the start RAM 81759 blobs, files 0 blobs 0.0 MB read
strata serve: prompt 93 tokens = 92 reused + 1 read in 0 ms (48076.9 tok/s), 1 generated in 32 ms (31.6 tok/s), drafts accepted 0 of 0, 1 checkpoints
strata serve: decode expert cache hit rate: 21.0% (101 hits / 480 lookups)
strata serve: resident RAM: 63.28 GiB of experts in RAM, 0 exchanged with the VRAM tier, 0 blob reads from the file
safetensors residency metrics: ram_bytes=67948118016 os_locked_bytes=0 cuda_pinned_bytes=67948118016 promotions=0 promoted_payload_bytes=0 expert_file_bytes=0 (cumulative; payload is not a physical PCIe counter)
safetensors ngram metrics: ple io: 4560 rows, 12.6% row-cache hits, 3984 SSD reads (17.0 MB), read p50 974 us p99 5425 us, blocked 596.114 ms total (submit 3.778 ms), cache 3984/1048576 rows, SSD kept awake by 11 reads (slowest 6.3 ms)
strata serve: expert tiers: GPU 101 hits this request; since the start RAM 82138 blobs, files 0 blobs 0.0 MB read
strata serve: prompt 94 tokens = 93 reused + 1 read in 0 ms (48309.2 tok/s), 1 generated in 30 ms (33.0 tok/s), drafts accepted 0 of 0, 1 checkpoints
strata serve: decode expert cache hit rate: 24.8% (119 hits / 480 lookups)
strata serve: resident RAM: 63.28 GiB of experts in RAM, 0 exchanged with the VRAM tier, 0 blob reads from the file
safetensors residency metrics: ram_bytes=67948118016 os_locked_bytes=0 cuda_pinned_bytes=67948118016 promotions=0 promoted_payload_bytes=0 expert_file_bytes=0 (cumulative; payload is not a physical PCIe counter)
safetensors ngram metrics: ple io: 4576 rows, 12.6% row-cache hits, 4000 SSD reads (17.1 MB), read p50 974 us p99 5425 us, blocked 596.575 ms total (submit 3.792 ms), cache 4000/1048576 rows, SSD kept awake by 11 reads (slowest 6.3 ms)
strata serve: expert tiers: GPU 119 hits this request; since the start RAM 82499 blobs, files 0 blobs 0.0 MB read
strata serve: prompt 95 tokens = 94 reused + 1 read in 0 ms (43478.3 tok/s), 1 generated in 34 ms (29.7 tok/s), drafts accepted 0 of 0, 1 checkpoints
strata serve: decode expert cache hit rate: 17.3% (83 hits / 480 lookups)
strata serve: resident RAM: 63.28 GiB of experts in RAM, 0 exchanged with the VRAM tier, 0 blob reads from the file
safetensors residency metrics: ram_bytes=67948118016 os_locked_bytes=0 cuda_pinned_bytes=67948118016 promotions=0 promoted_payload_bytes=0 expert_file_bytes=0 (cumulative; payload is not a physical PCIe counter)
safetensors ngram metrics: ple io: 4592 rows, 12.5% row-cache hits, 4016 SSD reads (17.1 MB), read p50 974 us p99 5425 us, blocked 597.835 ms total (submit 3.807 ms), cache 4016/1048576 rows, SSD kept awake by 11 reads (slowest 6.3 ms)
strata serve: expert tiers: GPU 83 hits this request; since the start RAM 82896 blobs, files 0 blobs 0.0 MB read
strata serve: prompt 96 tokens = 95 reused + 1 read in 0 ms (47393.4 tok/s), 1 generated in 31 ms (31.8 tok/s), drafts accepted 0 of 0, 1 checkpoints
strata serve: decode expert cache hit rate: 20.8% (100 hits / 480 lookups)
strata serve: resident RAM: 63.28 GiB of experts in RAM, 0 exchanged with the VRAM tier, 0 blob reads from the file
safetensors residency metrics: ram_bytes=67948118016 os_locked_bytes=0 cuda_pinned_bytes=67948118016 promotions=0 promoted_payload_bytes=0 expert_file_bytes=0 (cumulative; payload is not a physical PCIe counter)
safetensors ngram metrics: ple io: 4608 rows, 12.7% row-cache hits, 4024 SSD reads (17.2 MB), read p50 973 us p99 5425 us, blocked 597.835 ms total (submit 3.819 ms), cache 4024/1048576 rows, SSD kept awake by 11 reads (slowest 6.3 ms)
strata serve: expert tiers: GPU 100 hits this request; since the start RAM 83276 blobs, files 0 blobs 0.0 MB read
strata serve: prompt 97 tokens = 96 reused + 1 read in 0 ms (44052.9 tok/s), 1 generated in 34 ms (29.6 tok/s), drafts accepted 0 of 0, 1 checkpoints
strata serve: decode expert cache hit rate: 26.9% (129 hits / 480 lookups)
strata serve: resident RAM: 63.28 GiB of experts in RAM, 0 exchanged with the VRAM tier, 0 blob reads from the file
safetensors residency metrics: ram_bytes=67948118016 os_locked_bytes=0 cuda_pinned_bytes=67948118016 promotions=0 promoted_payload_bytes=0 expert_file_bytes=0 (cumulative; payload is not a physical PCIe counter)
safetensors ngram metrics: ple io: 4624 rows, 12.6% row-cache hits, 4040 SSD reads (17.2 MB), read p50 973 us p99 5425 us, blocked 599.149 ms total (submit 3.841 ms), cache 4040/1048576 rows, SSD kept awake by 11 reads (slowest 6.3 ms)
strata serve: expert tiers: GPU 129 hits this request; since the start RAM 83627 blobs, files 0 blobs 0.0 MB read
strata serve: prompt 98 tokens = 97 reused + 1 read in 0 ms (45871.6 tok/s), 1 generated in 32 ms (31.4 tok/s), drafts accepted 0 of 0, 1 checkpoints
strata serve: decode expert cache hit rate: 25.4% (122 hits / 480 lookups)
strata serve: resident RAM: 63.28 GiB of experts in RAM, 0 exchanged with the VRAM tier, 0 blob reads from the file
safetensors residency metrics: ram_bytes=67948118016 os_locked_bytes=0 cuda_pinned_bytes=67948118016 promotions=0 promoted_payload_bytes=0 expert_file_bytes=0 (cumulative; payload is not a physical PCIe counter)
safetensors ngram metrics: ple io: 4640 rows, 12.8% row-cache hits, 4048 SSD reads (17.3 MB), read p50 973 us p99 5425 us, blocked 599.150 ms total (submit 3.854 ms), cache 4048/1048576 rows, SSD kept awake by 11 reads (slowest 6.3 ms)
strata serve: expert tiers: GPU 122 hits this request; since the start RAM 83985 blobs, files 0 blobs 0.0 MB read
strata serve: prompt 99 tokens = 98 reused + 1 read in 0 ms (44843.0 tok/s), 1 generated in 29 ms (34.5 tok/s), drafts accepted 0 of 0, 1 checkpoints
strata serve: decode expert cache hit rate: 34.2% (164 hits / 480 lookups)
strata serve: resident RAM: 63.28 GiB of experts in RAM, 0 exchanged with the VRAM tier, 0 blob reads from the file
safetensors residency metrics: ram_bytes=67948118016 os_locked_bytes=0 cuda_pinned_bytes=67948118016 promotions=0 promoted_payload_bytes=0 expert_file_bytes=0 (cumulative; payload is not a physical PCIe counter)
safetensors ngram metrics: ple io: 4656 rows, 13.1% row-cache hits, 4048 SSD reads (17.3 MB), read p50 973 us p99 5425 us, blocked 599.150 ms total (submit 3.854 ms), cache 4048/1048576 rows, SSD kept awake by 11 reads (slowest 6.3 ms)
strata serve: expert tiers: GPU 164 hits this request; since the start RAM 84301 blobs, files 0 blobs 0.0 MB read
strata serve: prompt 100 tokens = 99 reused + 1 read in 0 ms (46296.3 tok/s), 1 generated in 30 ms (33.7 tok/s), drafts accepted 0 of 0, 1 checkpoints
strata serve: decode expert cache hit rate: 25.2% (121 hits / 480 lookups)
strata serve: resident RAM: 63.28 GiB of experts in RAM, 0 exchanged with the VRAM tier, 0 blob reads from the file
safetensors residency metrics: ram_bytes=67948118016 os_locked_bytes=0 cuda_pinned_bytes=67948118016 promotions=0 promoted_payload_bytes=0 expert_file_bytes=0 (cumulative; payload is not a physical PCIe counter)
safetensors ngram metrics: ple io: 4672 rows, 13.0% row-cache hits, 4064 SSD reads (17.3 MB), read p50 972 us p99 5422 us, blocked 599.817 ms total (submit 3.867 ms), cache 4064/1048576 rows, SSD kept awake by 12 reads (slowest 6.3 ms)
strata serve: expert tiers: GPU 121 hits this request; since the start RAM 84660 blobs, files 0 blobs 0.0 MB read
strata serve: prompt 101 tokens = 100 reused + 1 read in 0 ms (41666.7 tok/s), 1 generated in 32 ms (31.6 tok/s), drafts accepted 0 of 0, 1 checkpoints
strata serve: decode expert cache hit rate: 20.2% (97 hits / 480 lookups)
strata serve: resident RAM: 63.28 GiB of experts in RAM, 0 exchanged with the VRAM tier, 0 blob reads from the file
safetensors residency metrics: ram_bytes=67948118016 os_locked_bytes=0 cuda_pinned_bytes=67948118016 promotions=0 promoted_payload_bytes=0 expert_file_bytes=0 (cumulative; payload is not a physical PCIe counter)
safetensors ngram metrics: ple io: 4688 rows, 13.0% row-cache hits, 4080 SSD reads (17.4 MB), read p50 971 us p99 5422 us, blocked 600.249 ms total (submit 3.888 ms), cache 4080/1048576 rows, SSD kept awake by 12 reads (slowest 6.3 ms)
strata serve: expert tiers: GPU 97 hits this request; since the start RAM 85043 blobs, files 0 blobs 0.0 MB read
strata serve: prompt 102 tokens = 101 reused + 1 read in 0 ms (19569.5 tok/s), 1 generated in 31 ms (32.1 tok/s), drafts accepted 0 of 0, 1 checkpoints
strata serve: decode expert cache hit rate: 22.7% (109 hits / 480 lookups)
strata serve: resident RAM: 63.28 GiB of experts in RAM, 0 exchanged with the VRAM tier, 0 blob reads from the file
safetensors residency metrics: ram_bytes=67948118016 os_locked_bytes=0 cuda_pinned_bytes=67948118016 promotions=0 promoted_payload_bytes=0 expert_file_bytes=0 (cumulative; payload is not a physical PCIe counter)
safetensors ngram metrics: ple io: 4704 rows, 12.9% row-cache hits, 4096 SSD reads (17.5 MB), read p50 970 us p99 5422 us, blocked 600.842 ms total (submit 3.905 ms), cache 4096/1048576 rows, SSD kept awake by 12 reads (slowest 6.3 ms)
strata serve: expert tiers: GPU 109 hits this request; since the start RAM 85414 blobs, files 0 blobs 0.0 MB read
strata serve: prompt 103 tokens = 102 reused + 1 read in 0 ms (44444.4 tok/s), 1 generated in 31 ms (32.1 tok/s), drafts accepted 0 of 0, 1 checkpoints
strata serve: decode expert cache hit rate: 28.8% (138 hits / 480 lookups)
strata serve: resident RAM: 63.28 GiB of experts in RAM, 0 exchanged with the VRAM tier, 0 blob reads from the file
safetensors residency metrics: ram_bytes=67948118016 os_locked_bytes=0 cuda_pinned_bytes=67948118016 promotions=0 promoted_payload_bytes=0 expert_file_bytes=0 (cumulative; payload is not a physical PCIe counter)
safetensors ngram metrics: ple io: 4720 rows, 12.9% row-cache hits, 4112 SSD reads (17.5 MB), read p50 970 us p99 5422 us, blocked 601.350 ms total (submit 3.931 ms), cache 4112/1048576 rows, SSD kept awake by 12 reads (slowest 6.3 ms)
strata serve: expert tiers: GPU 138 hits this request; since the start RAM 85756 blobs, files 0 blobs 0.0 MB read
strata serve: prompt 104 tokens = 103 reused + 1 read in 0 ms (45871.6 tok/s), 1 generated in 33 ms (30.6 tok/s), drafts accepted 0 of 0, 1 checkpoints
strata serve: decode expert cache hit rate: 24.0% (115 hits / 480 lookups)
strata serve: resident RAM: 63.28 GiB of experts in RAM, 0 exchanged with the VRAM tier, 0 blob reads from the file
safetensors residency metrics: ram_bytes=67948118016 os_locked_bytes=0 cuda_pinned_bytes=67948118016 promotions=0 promoted_payload_bytes=0 expert_file_bytes=0 (cumulative; payload is not a physical PCIe counter)
safetensors ngram metrics: ple io: 4736 rows, 12.8% row-cache hits, 4128 SSD reads (17.6 MB), read p50 969 us p99 5422 us, blocked 602.076 ms total (submit 3.951 ms), cache 4128/1048576 rows, SSD kept awake by 12 reads (slowest 6.3 ms)
strata serve: expert tiers: GPU 115 hits this request; since the start RAM 86121 blobs, files 0 blobs 0.0 MB read
strata serve: prompt 105 tokens = 104 reused + 1 read in 0 ms (46296.3 tok/s), 1 generated in 31 ms (32.3 tok/s), drafts accepted 0 of 0, 1 checkpoints
strata serve: decode expert cache hit rate: 24.8% (119 hits / 480 lookups)
strata serve: resident RAM: 63.28 GiB of experts in RAM, 0 exchanged with the VRAM tier, 0 blob reads from the file
safetensors residency metrics: ram_bytes=67948118016 os_locked_bytes=0 cuda_pinned_bytes=67948118016 promotions=0 promoted_payload_bytes=0 expert_file_bytes=0 (cumulative; payload is not a physical PCIe counter)
safetensors ngram metrics: ple io: 4752 rows, 12.8% row-cache hits, 4144 SSD reads (17.7 MB), read p50 968 us p99 5422 us, blocked 602.780 ms total (submit 3.974 ms), cache 4144/1048576 rows, SSD kept awake by 12 reads (slowest 6.3 ms)
strata serve: expert tiers: GPU 119 hits this request; since the start RAM 86482 blobs, files 0 blobs 0.0 MB read
strata serve: prompt 106 tokens = 105 reused + 1 read in 0 ms (43478.3 tok/s), 1 generated in 30 ms (33.8 tok/s), drafts accepted 0 of 0, 1 checkpoints
strata serve: decode expert cache hit rate: 28.8% (138 hits / 480 lookups)
strata serve: resident RAM: 63.28 GiB of experts in RAM, 0 exchanged with the VRAM tier, 0 blob reads from the file
safetensors residency metrics: ram_bytes=67948118016 os_locked_bytes=0 cuda_pinned_bytes=67948118016 promotions=0 promoted_payload_bytes=0 expert_file_bytes=0 (cumulative; payload is not a physical PCIe counter)
safetensors ngram metrics: ple io: 4768 rows, 12.8% row-cache hits, 4160 SSD reads (17.7 MB), read p50 967 us p99 5383 us, blocked 603.375 ms total (submit 3.985 ms), cache 4160/1048576 rows, SSD kept awake by 12 reads (slowest 6.3 ms)
strata serve: expert tiers: GPU 138 hits this request; since the start RAM 86824 blobs, files 0 blobs 0.0 MB read
strata serve: prompt 107 tokens = 106 reused + 1 read in 0 ms (43859.6 tok/s), 1 generated in 29 ms (33.9 tok/s), drafts accepted 0 of 0, 1 checkpoints
strata serve: decode expert cache hit rate: 32.1% (154 hits / 480 lookups)
strata serve: resident RAM: 63.28 GiB of experts in RAM, 0 exchanged with the VRAM tier, 0 blob reads from the file
safetensors residency metrics: ram_bytes=67948118016 os_locked_bytes=0 cuda_pinned_bytes=67948118016 promotions=0 promoted_payload_bytes=0 expert_file_bytes=0 (cumulative; payload is not a physical PCIe counter)
safetensors ngram metrics: ple io: 4784 rows, 12.7% row-cache hits, 4176 SSD reads (17.8 MB), read p50 966 us p99 5383 us, blocked 604.135 ms total (submit 4.001 ms), cache 4176/1048576 rows, SSD kept awake by 12 reads (slowest 6.3 ms)
strata serve: expert tiers: GPU 154 hits this request; since the start RAM 87150 blobs, files 0 blobs 0.0 MB read
strata serve: prompt 108 tokens = 107 reused + 1 read in 0 ms (46948.4 tok/s), 1 generated in 28 ms (35.1 tok/s), drafts accepted 0 of 0, 1 checkpoints
strata serve: decode expert cache hit rate: 38.1% (183 hits / 480 lookups)
strata serve: resident RAM: 63.28 GiB of experts in RAM, 0 exchanged with the VRAM tier, 0 blob reads from the file
safetensors residency metrics: ram_bytes=67948118016 os_locked_bytes=0 cuda_pinned_bytes=67948118016 promotions=0 promoted_payload_bytes=0 expert_file_bytes=0 (cumulative; payload is not a physical PCIe counter)
safetensors ngram metrics: ple io: 4800 rows, 12.8% row-cache hits, 4184 SSD reads (17.9 MB), read p50 965 us p99 5383 us, blocked 604.264 ms total (submit 4.021 ms), cache 4184/1048576 rows, SSD kept awake by 12 reads (slowest 6.3 ms)
strata serve: expert tiers: GPU 183 hits this request; since the start RAM 87447 blobs, files 0 blobs 0.0 MB read
safetensors: post-residency expert source bytes=0
safetensors: post-residency MTP source bytes=0
