[strata] 2026-10-10 02:25:16 engine started: G:\Strata\Strata-Safetensors\build-native-engine\strata.exe --serve --safetensors D:\迅雷下载\Qwen3.8-flash-next-nvfp4 --max-context 4096 --prefill 256 --spec 2 --suffix-draft 0 --expert-cache 7000 --expert-profile G:\Strata\Strata-Safetensors\data\expert-profile.bin --pcie-frac 1 --pcie-mode dma --no-prefill-borrow --greedy --stats --check-logits --adapt-every 0 --adapt-swaps 0 --prompt-cache 6 --conversation-cache-mib 4096 --conversation-cache-slots 4 --mtp-max-t 1 --spec-min-p 0
strata generate: native pack:  experts (largest blob 2.76 MB), token embedding BF16 in mapped host memory (1212 MiB, 1.7 s)
strata generate: 7016 MiB of weights loaded from  in 9.9 s (1 canonical tensors skipped: served natively)
strata generate: GPU 0: NVIDIA GeForce RTX 5090, compute capability 12.0
strata generate: the SSD is kept awake while rows are read: one page of the table after 100 ms without a read, until 60 s after the last request (STRATA_SSD_KEEPALIVE=0 turns it off)
strata generate: profile G:\Strata\Strata-Safetensors\data\expert-profile.bin: 24576 ranked pairs, built for 24576 slots
strata generate: native BF16 head, 1271398400 bytes, in 1.3 s
safetensors: resident experts 1/48 layers
safetensors: resident experts 2/48 layers
safetensors: resident experts 3/48 layers
safetensors: resident experts 4/48 layers
safetensors: resident experts 5/48 layers
safetensors: resident experts 6/48 layers
safetensors: resident experts 7/48 layers
safetensors: resident experts 8/48 layers
safetensors: resident experts 9/48 layers
safetensors: resident experts 10/48 layers
safetensors: resident experts 11/48 layers
safetensors: resident experts 12/48 layers
safetensors: resident experts 13/48 layers
safetensors: resident experts 14/48 layers
safetensors: resident experts 15/48 layers
safetensors: resident experts 16/48 layers
safetensors: resident experts 17/48 layers
safetensors: resident experts 18/48 layers
safetensors: resident experts 19/48 layers
safetensors: resident experts 20/48 layers
safetensors: resident experts 21/48 layers
safetensors: resident experts 22/48 layers
safetensors: resident experts 23/48 layers
safetensors: resident experts 24/48 layers
safetensors: resident experts 25/48 layers
safetensors: resident experts 26/48 layers
safetensors: resident experts 27/48 layers
safetensors: resident experts 28/48 layers
safetensors: resident experts 29/48 layers
safetensors: resident experts 30/48 layers
safetensors: resident experts 31/48 layers
safetensors: resident experts 32/48 layers
safetensors: resident experts 33/48 layers
safetensors: resident experts 34/48 layers
safetensors: resident experts 35/48 layers
safetensors: resident experts 36/48 layers
safetensors: resident experts 37/48 layers
safetensors: resident experts 38/48 layers
safetensors: resident experts 39/48 layers
safetensors: resident experts 40/48 layers
safetensors: resident experts 41/48 layers
safetensors: resident experts 42/48 layers
safetensors: resident experts 43/48 layers
safetensors: resident experts 44/48 layers
safetensors: resident experts 45/48 layers
safetensors: resident experts 46/48 layers
safetensors: resident experts 47/48 layers
safetensors: resident experts 48/48 layers
safetensors: 63.282 GiB physically page-locked and GPU-mapped via cudaHostAlloc, 0.0 MiB GPU staging
safetensors: all expert weights in locked RAM; expert source reads sealed
strata generate: CPU pool tasks/phase: 48 (automatic), participating threads: 16
strata generate: 15 pool workers on logical processors 2,4,6,8,10,12,14,16,18,20,22,24,26,28,30, the host thread on 0 (draining too) (--host-core first)
strata generate: expert cache 6999 slots, 18.02 GiB of VRAM; policy is
strata generate: the GPU computes the experts in the cache; it rounds differently from the CPU,
                 so a reply can differ slightly from a run without the cache (same quality:
                 bench/results/2026-09-27-cache-parity).
                 PROFILE, ranked by routing frequency, no eviction.
strata generate: the profile fill asks for 0 pairs ahead (STRATA_FILL_AHEAD)
strata generate: pre-filled 6999 of 6999 slots from the profile in 0.8 s (24217 MB/s); slot 0 verified
strata generate: R4 hit path ON - resident experts are computed on the GPU
strata generate: 15 expert-pool workers + the host thread
strata generate: session is up (engine 0.1.41)
strata generate: token graph hit path: 6999 resident experts, decided on the device
strata generate: resident RAM mode: 63.28 GiB of experts in RAM (page-locked), 6999 in the GPU cache; adaptive swaps off
strata serve: the prompt path allocates its own buffers (too few cache slots to borrow)
strata prefill allocation: requested=256 effective=256 capacity=256 workspace_bytes=246946816 free_vram_bytes=2816102400
strata hc: CUDA0: the hyper-connection read runs as staged (the norm per token and stream, the down projection's activations staged ahead by cp.async); checked bit for bit against the plain read on this card (STRATA_HC_SPLIT=1 or 0 for the earlier ones)
strata verify: window up to 2 tokens, 348.8 MiB of device buffers
strata serve: STRATA_ADAPT_FETCH is off (the adaptive tier is off)
strata serve: 2448 MiB of VRAM free with everything loaded
strata verify: capturing the 2-token window (2448 MiB of VRAM free)
strata: the hyper-connection read v4 (programmatic dependent launch)
strata verify: captured the 2-token window (upload no error, sync no error)
strata verify: capturing the 1-token window (2508 MiB of VRAM free)
strata verify: captured the 1-token window (upload no error, sync no error)
strata serve: prompt 23 tokens = 0 reused + 23 read in 652 ms (35.3 tok/s), 1 generated in 31 ms (32.1 tok/s), drafts accepted 0 of 0, 1 checkpoints
strata serve: decode expert cache hit rate: 100.0% (331 hits / 331 lookups); 149 more read by the GPU over PCIe or from another GPU (31.0% of all 480 routed)
strata serve: resident RAM: 63.28 GiB of experts in RAM, 0 exchanged with the VRAM tier, 0 blob reads from the file
safetensors residency metrics: ram_bytes=67948118016 os_locked_bytes=0 cuda_pinned_bytes=67948118016 promotions=0 promoted_payload_bytes=0 expert_file_bytes=0 (cumulative; payload is not a physical PCIe counter)
safetensors ngram metrics: ple io: 368 rows, 0.0% row-cache hits, 368 SSD reads (1.6 MB), read p50 1517 us p99 6267 us, blocked 31.493 ms total (submit 0.184 ms), cache 368/1048576 rows, SSD kept awake by 1 reads (slowest 4.5 ms)
strata serve: expert tiers: GPU 331 hits this request; since the start RAM 11647 blobs, files 0 blobs 0.0 MB read
strata serve: prompt 24 tokens = 23 reused + 1 read in 0 ms (3735.5 tok/s), 1 generated in 22 ms (44.9 tok/s), drafts accepted 0 of 0, 1 checkpoints
strata serve: decode expert cache hit rate: 100.0% (328 hits / 328 lookups); 152 more read by the GPU over PCIe or from another GPU (31.7% of all 480 routed)
strata serve: resident RAM: 63.28 GiB of experts in RAM, 0 exchanged with the VRAM tier, 0 blob reads from the file
safetensors residency metrics: ram_bytes=67948118016 os_locked_bytes=0 cuda_pinned_bytes=67948118016 promotions=0 promoted_payload_bytes=0 expert_file_bytes=0 (cumulative; payload is not a physical PCIe counter)
safetensors ngram metrics: ple io: 384 rows, 0.0% row-cache hits, 384 SSD reads (1.6 MB), read p50 1446 us p99 6267 us, blocked 32.555 ms total (submit 0.204 ms), cache 384/1048576 rows, SSD kept awake by 1 reads (slowest 4.5 ms)
strata serve: expert tiers: GPU 328 hits this request; since the start RAM 11799 blobs, files 0 blobs 0.0 MB read
strata serve: prompt 25 tokens = 24 reused + 1 read in 0 ms (64935.1 tok/s), 1 generated in 28 ms (35.2 tok/s), drafts accepted 0 of 0, 1 checkpoints
strata serve: decode expert cache hit rate: 100.0% (250 hits / 250 lookups); 230 more read by the GPU over PCIe or from another GPU (47.9% of all 480 routed)
strata serve: resident RAM: 63.28 GiB of experts in RAM, 0 exchanged with the VRAM tier, 0 blob reads from the file
safetensors residency metrics: ram_bytes=67948118016 os_locked_bytes=0 cuda_pinned_bytes=67948118016 promotions=0 promoted_payload_bytes=0 expert_file_bytes=0 (cumulative; payload is not a physical PCIe counter)
safetensors ngram metrics: ple io: 400 rows, 0.0% row-cache hits, 400 SSD reads (1.7 MB), read p50 1378 us p99 6267 us, blocked 33.790 ms total (submit 0.216 ms), cache 400/1048576 rows, SSD kept awake by 1 reads (slowest 4.5 ms)
strata serve: expert tiers: GPU 250 hits this request; since the start RAM 12029 blobs, files 0 blobs 0.0 MB read
strata serve: prompt 26 tokens = 25 reused + 1 read in 0 ms (68027.2 tok/s), 1 generated in 29 ms (35.0 tok/s), drafts accepted 0 of 0, 1 checkpoints
strata serve: decode expert cache hit rate: 100.0% (241 hits / 241 lookups); 239 more read by the GPU over PCIe or from another GPU (49.8% of all 480 routed)
strata serve: resident RAM: 63.28 GiB of experts in RAM, 0 exchanged with the VRAM tier, 0 blob reads from the file
safetensors residency metrics: ram_bytes=67948118016 os_locked_bytes=0 cuda_pinned_bytes=67948118016 promotions=0 promoted_payload_bytes=0 expert_file_bytes=0 (cumulative; payload is not a physical PCIe counter)
safetensors ngram metrics: ple io: 416 rows, 1.9% row-cache hits, 408 SSD reads (1.8 MB), read p50 1356 us p99 6267 us, blocked 34.205 ms total (submit 0.226 ms), cache 408/1048576 rows, SSD kept awake by 1 reads (slowest 4.5 ms)
strata serve: expert tiers: GPU 241 hits this request; since the start RAM 12268 blobs, files 0 blobs 0.0 MB read
strata serve: prompt 27 tokens = 26 reused + 1 read in 0 ms (75757.6 tok/s), 1 generated in 26 ms (38.1 tok/s), drafts accepted 0 of 0, 1 checkpoints
strata serve: decode expert cache hit rate: 100.0% (265 hits / 265 lookups); 215 more read by the GPU over PCIe or from another GPU (44.8% of all 480 routed)
strata serve: resident RAM: 63.28 GiB of experts in RAM, 0 exchanged with the VRAM tier, 0 blob reads from the file
safetensors residency metrics: ram_bytes=67948118016 os_locked_bytes=0 cuda_pinned_bytes=67948118016 promotions=0 promoted_payload_bytes=0 expert_file_bytes=0 (cumulative; payload is not a physical PCIe counter)
safetensors ngram metrics: ple io: 432 rows, 5.6% row-cache hits, 408 SSD reads (1.8 MB), read p50 1356 us p99 6267 us, blocked 34.205 ms total (submit 0.226 ms), cache 408/1048576 rows, SSD kept awake by 1 reads (slowest 4.5 ms)
strata serve: expert tiers: GPU 265 hits this request; since the start RAM 12483 blobs, files 0 blobs 0.0 MB read
strata serve: prompt 28 tokens = 27 reused + 1 read in 0 ms (87719.3 tok/s), 1 generated in 23 ms (42.9 tok/s), drafts accepted 0 of 0, 1 checkpoints
strata serve: decode expert cache hit rate: 100.0% (303 hits / 303 lookups); 177 more read by the GPU over PCIe or from another GPU (36.9% of all 480 routed)
strata serve: resident RAM: 63.28 GiB of experts in RAM, 0 exchanged with the VRAM tier, 0 blob reads from the file
safetensors residency metrics: ram_bytes=67948118016 os_locked_bytes=0 cuda_pinned_bytes=67948118016 promotions=0 promoted_payload_bytes=0 expert_file_bytes=0 (cumulative; payload is not a physical PCIe counter)
safetensors ngram metrics: ple io: 448 rows, 8.9% row-cache hits, 408 SSD reads (1.8 MB), read p50 1356 us p99 6267 us, blocked 34.206 ms total (submit 0.226 ms), cache 408/1048576 rows, SSD kept awake by 1 reads (slowest 4.5 ms)
strata serve: expert tiers: GPU 303 hits this request; since the start RAM 12660 blobs, files 0 blobs 0.0 MB read
strata serve: prompt 29 tokens = 28 reused + 1 read in 0 ms (69444.4 tok/s), 1 generated in 23 ms (44.3 tok/s), drafts accepted 0 of 0, 1 checkpoints
strata serve: decode expert cache hit rate: 100.0% (335 hits / 335 lookups); 145 more read by the GPU over PCIe or from another GPU (30.2% of all 480 routed)
strata serve: resident RAM: 63.28 GiB of experts in RAM, 0 exchanged with the VRAM tier, 0 blob reads from the file
safetensors residency metrics: ram_bytes=67948118016 os_locked_bytes=0 cuda_pinned_bytes=67948118016 promotions=0 promoted_payload_bytes=0 expert_file_bytes=0 (cumulative; payload is not a physical PCIe counter)
safetensors ngram metrics: ple io: 464 rows, 8.6% row-cache hits, 424 SSD reads (1.8 MB), read p50 1275 us p99 6267 us, blocked 35.249 ms total (submit 0.237 ms), cache 424/1048576 rows, SSD kept awake by 1 reads (slowest 4.5 ms)
strata serve: expert tiers: GPU 335 hits this request; since the start RAM 12805 blobs, files 0 blobs 0.0 MB read
strata serve: prompt 30 tokens = 29 reused + 1 read in 0 ms (62111.8 tok/s), 1 generated in 26 ms (38.4 tok/s), drafts accepted 0 of 0, 1 checkpoints
strata serve: decode expert cache hit rate: 100.0% (280 hits / 280 lookups); 200 more read by the GPU over PCIe or from another GPU (41.7% of all 480 routed)
strata serve: resident RAM: 63.28 GiB of experts in RAM, 0 exchanged with the VRAM tier, 0 blob reads from the file
safetensors residency metrics: ram_bytes=67948118016 os_locked_bytes=0 cuda_pinned_bytes=67948118016 promotions=0 promoted_payload_bytes=0 expert_file_bytes=0 (cumulative; payload is not a physical PCIe counter)
safetensors ngram metrics: ple io: 480 rows, 8.3% row-cache hits, 440 SSD reads (1.9 MB), read p50 1210 us p99 6267 us, blocked 36.252 ms total (submit 0.248 ms), cache 440/1048576 rows, SSD kept awake by 1 reads (slowest 4.5 ms)
strata serve: expert tiers: GPU 280 hits this request; since the start RAM 13005 blobs, files 0 blobs 0.0 MB read
strata serve: prompt 31 tokens = 30 reused + 1 read in 0 ms (67114.1 tok/s), 1 generated in 26 ms (38.2 tok/s), drafts accepted 0 of 0, 1 checkpoints
strata serve: decode expert cache hit rate: 100.0% (276 hits / 276 lookups); 204 more read by the GPU over PCIe or from another GPU (42.5% of all 480 routed)
strata serve: resident RAM: 63.28 GiB of experts in RAM, 0 exchanged with the VRAM tier, 0 blob reads from the file
safetensors residency metrics: ram_bytes=67948118016 os_locked_bytes=0 cuda_pinned_bytes=67948118016 promotions=0 promoted_payload_bytes=0 expert_file_bytes=0 (cumulative; payload is not a physical PCIe counter)
safetensors ngram metrics: ple io: 496 rows, 8.1% row-cache hits, 456 SSD reads (2.0 MB), read p50 1171 us p99 6203 us, blocked 36.975 ms total (submit 0.261 ms), cache 456/1048576 rows, SSD kept awake by 1 reads (slowest 4.5 ms)
strata serve: expert tiers: GPU 276 hits this request; since the start RAM 13209 blobs, files 0 blobs 0.0 MB read
strata serve: prompt 32 tokens = 31 reused + 1 read in 0 ms (90909.1 tok/s), 1 generated in 24 ms (42.2 tok/s), drafts accepted 0 of 0, 1 checkpoints
strata serve: decode expert cache hit rate: 100.0% (321 hits / 321 lookups); 159 more read by the GPU over PCIe or from another GPU (33.1% of all 480 routed)
strata serve: resident RAM: 63.28 GiB of experts in RAM, 0 exchanged with the VRAM tier, 0 blob reads from the file
safetensors residency metrics: ram_bytes=67948118016 os_locked_bytes=0 cuda_pinned_bytes=67948118016 promotions=0 promoted_payload_bytes=0 expert_file_bytes=0 (cumulative; payload is not a physical PCIe counter)
safetensors ngram metrics: ple io: 512 rows, 7.8% row-cache hits, 472 SSD reads (2.0 MB), read p50 1140 us p99 6203 us, blocked 38.147 ms total (submit 0.271 ms), cache 472/1048576 rows, SSD kept awake by 1 reads (slowest 4.5 ms)
strata serve: expert tiers: GPU 321 hits this request; since the start RAM 13368 blobs, files 0 blobs 0.0 MB read
strata serve: prompt 33 tokens = 32 reused + 1 read in 0 ms (41841.0 tok/s), 1 generated in 27 ms (36.9 tok/s), drafts accepted 0 of 0, 1 checkpoints
strata serve: decode expert cache hit rate: 100.0% (275 hits / 275 lookups); 205 more read by the GPU over PCIe or from another GPU (42.7% of all 480 routed)
strata serve: resident RAM: 63.28 GiB of experts in RAM, 0 exchanged with the VRAM tier, 0 blob reads from the file
safetensors residency metrics: ram_bytes=67948118016 os_locked_bytes=0 cuda_pinned_bytes=67948118016 promotions=0 promoted_payload_bytes=0 expert_file_bytes=0 (cumulative; payload is not a physical PCIe counter)
safetensors ngram metrics: ple io: 528 rows, 7.6% row-cache hits, 488 SSD reads (2.1 MB), read p50 1120 us p99 6203 us, blocked 39.242 ms total (submit 0.281 ms), cache 488/1048576 rows, SSD kept awake by 1 reads (slowest 4.5 ms)
strata serve: expert tiers: GPU 275 hits this request; since the start RAM 13573 blobs, files 0 blobs 0.0 MB read
strata serve: prompt 34 tokens = 33 reused + 1 read in 0 ms (86956.5 tok/s), 1 generated in 29 ms (34.7 tok/s), drafts accepted 0 of 0, 1 checkpoints
strata serve: decode expert cache hit rate: 100.0% (253 hits / 253 lookups); 227 more read by the GPU over PCIe or from another GPU (47.3% of all 480 routed)
strata serve: resident RAM: 63.28 GiB of experts in RAM, 0 exchanged with the VRAM tier, 0 blob reads from the file
safetensors residency metrics: ram_bytes=67948118016 os_locked_bytes=0 cuda_pinned_bytes=67948118016 promotions=0 promoted_payload_bytes=0 expert_file_bytes=0 (cumulative; payload is not a physical PCIe counter)
safetensors ngram metrics: ple io: 544 rows, 7.4% row-cache hits, 504 SSD reads (2.2 MB), read p50 1092 us p99 6203 us, blocked 40.381 ms total (submit 0.291 ms), cache 504/1048576 rows, SSD kept awake by 1 reads (slowest 4.5 ms)
strata serve: expert tiers: GPU 253 hits this request; since the start RAM 13800 blobs, files 0 blobs 0.0 MB read
strata serve: prompt 35 tokens = 34 reused + 1 read in 0 ms (69444.4 tok/s), 1 generated in 29 ms (34.1 tok/s), drafts accepted 0 of 0, 1 checkpoints
strata serve: decode expert cache hit rate: 100.0% (248 hits / 248 lookups); 232 more read by the GPU over PCIe or from another GPU (48.3% of all 480 routed)
strata serve: resident RAM: 63.28 GiB of experts in RAM, 0 exchanged with the VRAM tier, 0 blob reads from the file
safetensors residency metrics: ram_bytes=67948118016 os_locked_bytes=0 cuda_pinned_bytes=67948118016 promotions=0 promoted_payload_bytes=0 expert_file_bytes=0 (cumulative; payload is not a physical PCIe counter)
safetensors ngram metrics: ple io: 560 rows, 7.1% row-cache hits, 520 SSD reads (2.2 MB), read p50 1077 us p99 6203 us, blocked 41.491 ms total (submit 0.306 ms), cache 520/1048576 rows, SSD kept awake by 1 reads (slowest 4.5 ms)
strata serve: expert tiers: GPU 248 hits this request; since the start RAM 14032 blobs, files 0 blobs 0.0 MB read
strata serve: prompt 36 tokens = 35 reused + 1 read in 0 ms (70422.5 tok/s), 1 generated in 26 ms (38.4 tok/s), drafts accepted 0 of 0, 1 checkpoints
strata serve: decode expert cache hit rate: 100.0% (274 hits / 274 lookups); 206 more read by the GPU over PCIe or from another GPU (42.9% of all 480 routed)
strata serve: resident RAM: 63.28 GiB of experts in RAM, 0 exchanged with the VRAM tier, 0 blob reads from the file
safetensors residency metrics: ram_bytes=67948118016 os_locked_bytes=0 cuda_pinned_bytes=67948118016 promotions=0 promoted_payload_bytes=0 expert_file_bytes=0 (cumulative; payload is not a physical PCIe counter)
safetensors ngram metrics: ple io: 576 rows, 6.9% row-cache hits, 536 SSD reads (2.3 MB), read p50 1057 us p99 6203 us, blocked 42.532 ms total (submit 0.321 ms), cache 536/1048576 rows, SSD kept awake by 1 reads (slowest 4.5 ms)
strata serve: expert tiers: GPU 274 hits this request; since the start RAM 14238 blobs, files 0 blobs 0.0 MB read
strata serve: prompt 37 tokens = 36 reused + 1 read in 0 ms (62893.1 tok/s), 1 generated in 23 ms (43.7 tok/s), drafts accepted 0 of 0, 1 checkpoints
strata serve: decode expert cache hit rate: 100.0% (332 hits / 332 lookups); 148 more read by the GPU over PCIe or from another GPU (30.8% of all 480 routed)
strata serve: resident RAM: 63.28 GiB of experts in RAM, 0 exchanged with the VRAM tier, 0 blob reads from the file
safetensors residency metrics: ram_bytes=67948118016 os_locked_bytes=0 cuda_pinned_bytes=67948118016 promotions=0 promoted_payload_bytes=0 expert_file_bytes=0 (cumulative; payload is not a physical PCIe counter)
safetensors ngram metrics: ple io: 592 rows, 6.8% row-cache hits, 552 SSD reads (2.4 MB), read p50 1046 us p99 5556 us, blocked 43.751 ms total (submit 0.332 ms), cache 552/1048576 rows, SSD kept awake by 1 reads (slowest 4.5 ms)
strata serve: expert tiers: GPU 332 hits this request; since the start RAM 14386 blobs, files 0 blobs 0.0 MB read
strata serve: prompt 38 tokens = 37 reused + 1 read in 0 ms (69444.4 tok/s), 1 generated in 20 ms (51.0 tok/s), drafts accepted 0 of 0, 1 checkpoints
strata serve: decode expert cache hit rate: 100.0% (382 hits / 382 lookups); 98 more read by the GPU over PCIe or from another GPU (20.4% of all 480 routed)
strata serve: resident RAM: 63.28 GiB of experts in RAM, 0 exchanged with the VRAM tier, 0 blob reads from the file
safetensors residency metrics: ram_bytes=67948118016 os_locked_bytes=0 cuda_pinned_bytes=67948118016 promotions=0 promoted_payload_bytes=0 expert_file_bytes=0 (cumulative; payload is not a physical PCIe counter)
safetensors ngram metrics: ple io: 608 rows, 6.6% row-cache hits, 568 SSD reads (2.4 MB), read p50 1020 us p99 5556 us, blocked 44.801 ms total (submit 0.340 ms), cache 568/1048576 rows, SSD kept awake by 1 reads (slowest 4.5 ms)
strata serve: expert tiers: GPU 382 hits this request; since the start RAM 14484 blobs, files 0 blobs 0.0 MB read
strata serve: prompt 39 tokens = 38 reused + 1 read in 0 ms (63694.3 tok/s), 1 generated in 22 ms (45.8 tok/s), drafts accepted 0 of 0, 1 checkpoints
strata serve: decode expert cache hit rate: 100.0% (352 hits / 352 lookups); 128 more read by the GPU over PCIe or from another GPU (26.7% of all 480 routed)
strata serve: resident RAM: 63.28 GiB of experts in RAM, 0 exchanged with the VRAM tier, 0 blob reads from the file
safetensors residency metrics: ram_bytes=67948118016 os_locked_bytes=0 cuda_pinned_bytes=67948118016 promotions=0 promoted_payload_bytes=0 expert_file_bytes=0 (cumulative; payload is not a physical PCIe counter)
safetensors ngram metrics: ple io: 624 rows, 6.4% row-cache hits, 584 SSD reads (2.5 MB), read p50 1011 us p99 5556 us, blocked 45.826 ms total (submit 0.352 ms), cache 584/1048576 rows, SSD kept awake by 1 reads (slowest 4.5 ms)
strata serve: expert tiers: GPU 352 hits this request; since the start RAM 14612 blobs, files 0 blobs 0.0 MB read
strata serve: prompt 40 tokens = 39 reused + 1 read in 0 ms (88495.6 tok/s), 1 generated in 23 ms (44.4 tok/s), drafts accepted 0 of 0, 1 checkpoints
strata serve: decode expert cache hit rate: 100.0% (345 hits / 345 lookups); 135 more read by the GPU over PCIe or from another GPU (28.1% of all 480 routed)
strata serve: resident RAM: 63.28 GiB of experts in RAM, 0 exchanged with the VRAM tier, 0 blob reads from the file
safetensors residency metrics: ram_bytes=67948118016 os_locked_bytes=0 cuda_pinned_bytes=67948118016 promotions=0 promoted_payload_bytes=0 expert_file_bytes=0 (cumulative; payload is not a physical PCIe counter)
safetensors ngram metrics: ple io: 640 rows, 6.2% row-cache hits, 600 SSD reads (2.6 MB), read p50 998 us p99 5556 us, blocked 46.973 ms total (submit 0.364 ms), cache 600/1048576 rows, SSD kept awake by 1 reads (slowest 4.5 ms)
strata serve: expert tiers: GPU 345 hits this request; since the start RAM 14747 blobs, files 0 blobs 0.0 MB read
strata serve: prompt 41 tokens = 40 reused + 1 read in 0 ms (62111.8 tok/s), 1 generated in 24 ms (42.0 tok/s), drafts accepted 0 of 0, 1 checkpoints
strata serve: decode expert cache hit rate: 100.0% (315 hits / 315 lookups); 165 more read by the GPU over PCIe or from another GPU (34.4% of all 480 routed)
strata serve: resident RAM: 63.28 GiB of experts in RAM, 0 exchanged with the VRAM tier, 0 blob reads from the file
safetensors residency metrics: ram_bytes=67948118016 os_locked_bytes=0 cuda_pinned_bytes=67948118016 promotions=0 promoted_payload_bytes=0 expert_file_bytes=0 (cumulative; payload is not a physical PCIe counter)
safetensors ngram metrics: ple io: 656 rows, 6.1% row-cache hits, 616 SSD reads (2.6 MB), read p50 991 us p99 5556 us, blocked 48.035 ms total (submit 0.376 ms), cache 616/1048576 rows, SSD kept awake by 1 reads (slowest 4.5 ms)
strata serve: expert tiers: GPU 315 hits this request; since the start RAM 14912 blobs, files 0 blobs 0.0 MB read
strata serve: prompt 42 tokens = 41 reused + 1 read in 0 ms (66666.7 tok/s), 1 generated in 27 ms (37.0 tok/s), drafts accepted 0 of 0, 1 checkpoints
strata serve: decode expert cache hit rate: 100.0% (269 hits / 269 lookups); 211 more read by the GPU over PCIe or from another GPU (44.0% of all 480 routed)
strata serve: resident RAM: 63.28 GiB of experts in RAM, 0 exchanged with the VRAM tier, 0 blob reads from the file
safetensors residency metrics: ram_bytes=67948118016 os_locked_bytes=0 cuda_pinned_bytes=67948118016 promotions=0 promoted_payload_bytes=0 expert_file_bytes=0 (cumulative; payload is not a physical PCIe counter)
safetensors ngram metrics: ple io: 672 rows, 6.0% row-cache hits, 632 SSD reads (2.7 MB), read p50 985 us p99 5556 us, blocked 49.102 ms total (submit 0.398 ms), cache 632/1048576 rows, SSD kept awake by 1 reads (slowest 4.5 ms)
strata serve: expert tiers: GPU 269 hits this request; since the start RAM 15123 blobs, files 0 blobs 0.0 MB read
strata serve: prompt 43 tokens = 42 reused + 1 read in 0 ms (60241.0 tok/s), 1 generated in 27 ms (37.0 tok/s), drafts accepted 0 of 0, 1 checkpoints
strata serve: decode expert cache hit rate: 100.0% (262 hits / 262 lookups); 218 more read by the GPU over PCIe or from another GPU (45.4% of all 480 routed)
strata serve: resident RAM: 63.28 GiB of experts in RAM, 0 exchanged with the VRAM tier, 0 blob reads from the file
safetensors residency metrics: ram_bytes=67948118016 os_locked_bytes=0 cuda_pinned_bytes=67948118016 promotions=0 promoted_payload_bytes=0 expert_file_bytes=0 (cumulative; payload is not a physical PCIe counter)
safetensors ngram metrics: ple io: 688 rows, 5.8% row-cache hits, 648 SSD reads (2.8 MB), read p50 963 us p99 5556 us, blocked 50.153 ms total (submit 0.409 ms), cache 648/1048576 rows, SSD kept awake by 1 reads (slowest 4.5 ms)
strata serve: expert tiers: GPU 262 hits this request; since the start RAM 15341 blobs, files 0 blobs 0.0 MB read
strata serve: prompt 44 tokens = 43 reused + 1 read in 0 ms (71942.4 tok/s), 1 generated in 23 ms (43.0 tok/s), drafts accepted 0 of 0, 1 checkpoints
strata serve: decode expert cache hit rate: 100.0% (320 hits / 320 lookups); 160 more read by the GPU over PCIe or from another GPU (33.3% of all 480 routed)
strata serve: resident RAM: 63.28 GiB of experts in RAM, 0 exchanged with the VRAM tier, 0 blob reads from the file
safetensors residency metrics: ram_bytes=67948118016 os_locked_bytes=0 cuda_pinned_bytes=67948118016 promotions=0 promoted_payload_bytes=0 expert_file_bytes=0 (cumulative; payload is not a physical PCIe counter)
safetensors ngram metrics: ple io: 704 rows, 5.7% row-cache hits, 664 SSD reads (2.8 MB), read p50 956 us p99 5490 us, blocked 51.164 ms total (submit 0.419 ms), cache 664/1048576 rows, SSD kept awake by 1 reads (slowest 4.5 ms)
strata serve: expert tiers: GPU 320 hits this request; since the start RAM 15501 blobs, files 0 blobs 0.0 MB read
strata serve: prompt 45 tokens = 44 reused + 1 read in 0 ms (50000.0 tok/s), 1 generated in 23 ms (43.9 tok/s), drafts accepted 0 of 0, 1 checkpoints
strata serve: decode expert cache hit rate: 100.0% (331 hits / 331 lookups); 149 more read by the GPU over PCIe or from another GPU (31.0% of all 480 routed)
strata serve: resident RAM: 63.28 GiB of experts in RAM, 0 exchanged with the VRAM tier, 0 blob reads from the file
safetensors residency metrics: ram_bytes=67948118016 os_locked_bytes=0 cuda_pinned_bytes=67948118016 promotions=0 promoted_payload_bytes=0 expert_file_bytes=0 (cumulative; payload is not a physical PCIe counter)
safetensors ngram metrics: ple io: 720 rows, 5.6% row-cache hits, 680 SSD reads (2.9 MB), read p50 948 us p99 5490 us, blocked 52.182 ms total (submit 0.428 ms), cache 680/1048576 rows, SSD kept awake by 1 reads (slowest 4.5 ms)
strata serve: expert tiers: GPU 331 hits this request; since the start RAM 15650 blobs, files 0 blobs 0.0 MB read
strata serve: prompt 46 tokens = 45 reused + 1 read in 0 ms (54644.8 tok/s), 1 generated in 23 ms (44.2 tok/s), drafts accepted 0 of 0, 1 checkpoints
strata serve: decode expert cache hit rate: 100.0% (335 hits / 335 lookups); 145 more read by the GPU over PCIe or from another GPU (30.2% of all 480 routed)
strata serve: resident RAM: 63.28 GiB of experts in RAM, 0 exchanged with the VRAM tier, 0 blob reads from the file
safetensors residency metrics: ram_bytes=67948118016 os_locked_bytes=0 cuda_pinned_bytes=67948118016 promotions=0 promoted_payload_bytes=0 expert_file_bytes=0 (cumulative; payload is not a physical PCIe counter)
safetensors ngram metrics: ple io: 736 rows, 5.4% row-cache hits, 696 SSD reads (3.0 MB), read p50 947 us p99 5490 us, blocked 53.062 ms total (submit 0.449 ms), cache 696/1048576 rows, SSD kept awake by 1 reads (slowest 4.5 ms)
strata serve: expert tiers: GPU 335 hits this request; since the start RAM 15795 blobs, files 0 blobs 0.0 MB read
strata serve: prompt 47 tokens = 46 reused + 1 read in 0 ms (58139.5 tok/s), 1 generated in 25 ms (40.8 tok/s), drafts accepted 0 of 0, 1 checkpoints
strata serve: decode expert cache hit rate: 100.0% (308 hits / 308 lookups); 172 more read by the GPU over PCIe or from another GPU (35.8% of all 480 routed)
strata serve: resident RAM: 63.28 GiB of experts in RAM, 0 exchanged with the VRAM tier, 0 blob reads from the file
safetensors residency metrics: ram_bytes=67948118016 os_locked_bytes=0 cuda_pinned_bytes=67948118016 promotions=0 promoted_payload_bytes=0 expert_file_bytes=0 (cumulative; payload is not a physical PCIe counter)
safetensors ngram metrics: ple io: 752 rows, 5.3% row-cache hits, 712 SSD reads (3.0 MB), read p50 945 us p99 5490 us, blocked 54.163 ms total (submit 0.460 ms), cache 712/1048576 rows, SSD kept awake by 1 reads (slowest 4.5 ms)
strata serve: expert tiers: GPU 308 hits this request; since the start RAM 15967 blobs, files 0 blobs 0.0 MB read
strata serve: prompt 48 tokens = 47 reused + 1 read in 0 ms (68493.2 tok/s), 1 generated in 23 ms (43.4 tok/s), drafts accepted 0 of 0, 1 checkpoints
strata serve: decode expert cache hit rate: 100.0% (339 hits / 339 lookups); 141 more read by the GPU over PCIe or from another GPU (29.4% of all 480 routed)
strata serve: resident RAM: 63.28 GiB of experts in RAM, 0 exchanged with the VRAM tier, 0 blob reads from the file
safetensors residency metrics: ram_bytes=67948118016 os_locked_bytes=0 cuda_pinned_bytes=67948118016 promotions=0 promoted_payload_bytes=0 expert_file_bytes=0 (cumulative; payload is not a physical PCIe counter)
safetensors ngram metrics: ple io: 768 rows, 5.2% row-cache hits, 728 SSD reads (3.1 MB), read p50 944 us p99 5490 us, blocked 55.448 ms total (submit 0.469 ms), cache 728/1048576 rows, SSD kept awake by 1 reads (slowest 4.5 ms)
strata serve: expert tiers: GPU 339 hits this request; since the start RAM 16108 blobs, files 0 blobs 0.0 MB read
strata serve: prompt 49 tokens = 48 reused + 1 read in 0 ms (69444.4 tok/s), 1 generated in 23 ms (44.2 tok/s), drafts accepted 0 of 0, 1 checkpoints
strata serve: decode expert cache hit rate: 100.0% (342 hits / 342 lookups); 138 more read by the GPU over PCIe or from another GPU (28.8% of all 480 routed)
strata serve: resident RAM: 63.28 GiB of experts in RAM, 0 exchanged with the VRAM tier, 0 blob reads from the file
safetensors residency metrics: ram_bytes=67948118016 os_locked_bytes=0 cuda_pinned_bytes=67948118016 promotions=0 promoted_payload_bytes=0 expert_file_bytes=0 (cumulative; payload is not a physical PCIe counter)
safetensors ngram metrics: ple io: 784 rows, 5.1% row-cache hits, 744 SSD reads (3.2 MB), read p50 936 us p99 5490 us, blocked 56.584 ms total (submit 0.477 ms), cache 744/1048576 rows, SSD kept awake by 1 reads (slowest 4.5 ms)
strata serve: expert tiers: GPU 342 hits this request; since the start RAM 16246 blobs, files 0 blobs 0.0 MB read
strata serve: prompt 50 tokens = 49 reused + 1 read in 0 ms (51813.5 tok/s), 1 generated in 25 ms (40.8 tok/s), drafts accepted 0 of 0, 1 checkpoints
strata serve: decode expert cache hit rate: 100.0% (311 hits / 311 lookups); 169 more read by the GPU over PCIe or from another GPU (35.2% of all 480 routed)
strata serve: resident RAM: 63.28 GiB of experts in RAM, 0 exchanged with the VRAM tier, 0 blob reads from the file
safetensors residency metrics: ram_bytes=67948118016 os_locked_bytes=0 cuda_pinned_bytes=67948118016 promotions=0 promoted_payload_bytes=0 expert_file_bytes=0 (cumulative; payload is not a physical PCIe counter)
safetensors ngram metrics: ple io: 800 rows, 5.0% row-cache hits, 760 SSD reads (3.2 MB), read p50 928 us p99 5268 us, blocked 57.620 ms total (submit 0.486 ms), cache 760/1048576 rows, SSD kept awake by 1 reads (slowest 4.5 ms)
strata serve: expert tiers: GPU 311 hits this request; since the start RAM 16415 blobs, files 0 blobs 0.0 MB read
strata serve: prompt 51 tokens = 50 reused + 1 read in 0 ms (68027.2 tok/s), 1 generated in 26 ms (38.7 tok/s), drafts accepted 0 of 0, 1 checkpoints
strata serve: decode expert cache hit rate: 100.0% (294 hits / 294 lookups); 186 more read by the GPU over PCIe or from another GPU (38.8% of all 480 routed)
strata serve: resident RAM: 63.28 GiB of experts in RAM, 0 exchanged with the VRAM tier, 0 blob reads from the file
safetensors residency metrics: ram_bytes=67948118016 os_locked_bytes=0 cuda_pinned_bytes=67948118016 promotions=0 promoted_payload_bytes=0 expert_file_bytes=0 (cumulative; payload is not a physical PCIe counter)
safetensors ngram metrics: ple io: 816 rows, 4.9% row-cache hits, 776 SSD reads (3.3 MB), read p50 918 us p99 5268 us, blocked 58.653 ms total (submit 0.495 ms), cache 776/1048576 rows, SSD kept awake by 1 reads (slowest 4.5 ms)
strata serve: expert tiers: GPU 294 hits this request; since the start RAM 16601 blobs, files 0 blobs 0.0 MB read
strata serve: prompt 52 tokens = 51 reused + 1 read in 0 ms (52083.3 tok/s), 1 generated in 29 ms (34.6 tok/s), drafts accepted 0 of 0, 1 checkpoints
strata serve: decode expert cache hit rate: 100.0% (242 hits / 242 lookups); 238 more read by the GPU over PCIe or from another GPU (49.6% of all 480 routed)
strata serve: resident RAM: 63.28 GiB of experts in RAM, 0 exchanged with the VRAM tier, 0 blob reads from the file
safetensors residency metrics: ram_bytes=67948118016 os_locked_bytes=0 cuda_pinned_bytes=67948118016 promotions=0 promoted_payload_bytes=0 expert_file_bytes=0 (cumulative; payload is not a physical PCIe counter)
safetensors ngram metrics: ple io: 832 rows, 4.8% row-cache hits, 792 SSD reads (3.4 MB), read p50 924 us p99 5268 us, blocked 60.143 ms total (submit 0.505 ms), cache 792/1048576 rows, SSD kept awake by 1 reads (slowest 4.5 ms)
strata serve: expert tiers: GPU 242 hits this request; since the start RAM 16839 blobs, files 0 blobs 0.0 MB read
strata serve: prompt 53 tokens = 52 reused + 1 read in 0 ms (58823.5 tok/s), 1 generated in 23 ms (43.0 tok/s), drafts accepted 0 of 0, 1 checkpoints
strata serve: decode expert cache hit rate: 100.0% (328 hits / 328 lookups); 152 more read by the GPU over PCIe or from another GPU (31.7% of all 480 routed)
strata serve: resident RAM: 63.28 GiB of experts in RAM, 0 exchanged with the VRAM tier, 0 blob reads from the file
safetensors residency metrics: ram_bytes=67948118016 os_locked_bytes=0 cuda_pinned_bytes=67948118016 promotions=0 promoted_payload_bytes=0 expert_file_bytes=0 (cumulative; payload is not a physical PCIe counter)
safetensors ngram metrics: ple io: 848 rows, 4.7% row-cache hits, 808 SSD reads (3.4 MB), read p50 918 us p99 5268 us, blocked 61.300 ms total (submit 0.523 ms), cache 808/1048576 rows, SSD kept awake by 1 reads (slowest 4.5 ms)
strata serve: expert tiers: GPU 328 hits this request; since the start RAM 16991 blobs, files 0 blobs 0.0 MB read
strata serve: prompt 54 tokens = 53 reused + 1 read in 0 ms (66225.2 tok/s), 1 generated in 20 ms (50.2 tok/s), drafts accepted 0 of 0, 1 checkpoints
strata serve: decode expert cache hit rate: 100.0% (371 hits / 371 lookups); 109 more read by the GPU over PCIe or from another GPU (22.7% of all 480 routed)
strata serve: resident RAM: 63.28 GiB of experts in RAM, 0 exchanged with the VRAM tier, 0 blob reads from the file
safetensors residency metrics: ram_bytes=67948118016 os_locked_bytes=0 cuda_pinned_bytes=67948118016 promotions=0 promoted_payload_bytes=0 expert_file_bytes=0 (cumulative; payload is not a physical PCIe counter)
safetensors ngram metrics: ple io: 864 rows, 4.6% row-cache hits, 824 SSD reads (3.5 MB), read p50 914 us p99 5268 us, blocked 62.367 ms total (submit 0.531 ms), cache 824/1048576 rows, SSD kept awake by 1 reads (slowest 4.5 ms)
strata serve: expert tiers: GPU 371 hits this request; since the start RAM 17100 blobs, files 0 blobs 0.0 MB read
strata serve: prompt 55 tokens = 54 reused + 1 read in 0 ms (14598.5 tok/s), 1 generated in 22 ms (44.5 tok/s), drafts accepted 0 of 0, 1 checkpoints
strata serve: decode expert cache hit rate: 100.0% (350 hits / 350 lookups); 130 more read by the GPU over PCIe or from another GPU (27.1% of all 480 routed)
strata serve: resident RAM: 63.28 GiB of experts in RAM, 0 exchanged with the VRAM tier, 0 blob reads from the file
safetensors residency metrics: ram_bytes=67948118016 os_locked_bytes=0 cuda_pinned_bytes=67948118016 promotions=0 promoted_payload_bytes=0 expert_file_bytes=0 (cumulative; payload is not a physical PCIe counter)
safetensors ngram metrics: ple io: 880 rows, 4.5% row-cache hits, 840 SSD reads (3.6 MB), read p50 909 us p99 5268 us, blocked 63.482 ms total (submit 0.540 ms), cache 840/1048576 rows, SSD kept awake by 1 reads (slowest 4.5 ms)
strata serve: expert tiers: GPU 350 hits this request; since the start RAM 17230 blobs, files 0 blobs 0.0 MB read
strata serve: prompt 56 tokens = 55 reused + 1 read in 0 ms (70922.0 tok/s), 1 generated in 25 ms (40.5 tok/s), drafts accepted 0 of 0, 1 checkpoints
strata serve: decode expert cache hit rate: 100.0% (305 hits / 305 lookups); 175 more read by the GPU over PCIe or from another GPU (36.5% of all 480 routed)
strata serve: resident RAM: 63.28 GiB of experts in RAM, 0 exchanged with the VRAM tier, 0 blob reads from the file
safetensors residency metrics: ram_bytes=67948118016 os_locked_bytes=0 cuda_pinned_bytes=67948118016 promotions=0 promoted_payload_bytes=0 expert_file_bytes=0 (cumulative; payload is not a physical PCIe counter)
safetensors ngram metrics: ple io: 896 rows, 4.5% row-cache hits, 856 SSD reads (3.6 MB), read p50 905 us p99 5133 us, blocked 64.609 ms total (submit 0.551 ms), cache 856/1048576 rows, SSD kept awake by 1 reads (slowest 4.5 ms)
strata serve: expert tiers: GPU 305 hits this request; since the start RAM 17405 blobs, files 0 blobs 0.0 MB read
strata serve: prompt 57 tokens = 56 reused + 1 read in 0 ms (74626.9 tok/s), 1 generated in 23 ms (42.8 tok/s), drafts accepted 0 of 0, 1 checkpoints
strata serve: decode expert cache hit rate: 100.0% (339 hits / 339 lookups); 141 more read by the GPU over PCIe or from another GPU (29.4% of all 480 routed)
strata serve: resident RAM: 63.28 GiB of experts in RAM, 0 exchanged with the VRAM tier, 0 blob reads from the file
safetensors residency metrics: ram_bytes=67948118016 os_locked_bytes=0 cuda_pinned_bytes=67948118016 promotions=0 promoted_payload_bytes=0 expert_file_bytes=0 (cumulative; payload is not a physical PCIe counter)
safetensors ngram metrics: ple io: 912 rows, 4.4% row-cache hits, 872 SSD reads (3.7 MB), read p50 892 us p99 5133 us, blocked 65.802 ms total (submit 0.562 ms), cache 872/1048576 rows, SSD kept awake by 1 reads (slowest 4.5 ms)
strata serve: expert tiers: GPU 339 hits this request; since the start RAM 17546 blobs, files 0 blobs 0.0 MB read
strata serve: prompt 58 tokens = 57 reused + 1 read in 0 ms (70422.5 tok/s), 1 generated in 26 ms (37.8 tok/s), drafts accepted 0 of 0, 1 checkpoints
strata serve: decode expert cache hit rate: 100.0% (289 hits / 289 lookups); 191 more read by the GPU over PCIe or from another GPU (39.8% of all 480 routed)
strata serve: resident RAM: 63.28 GiB of experts in RAM, 0 exchanged with the VRAM tier, 0 blob reads from the file
safetensors residency metrics: ram_bytes=67948118016 os_locked_bytes=0 cuda_pinned_bytes=67948118016 promotions=0 promoted_payload_bytes=0 expert_file_bytes=0 (cumulative; payload is not a physical PCIe counter)
safetensors ngram metrics: ple io: 928 rows, 4.3% row-cache hits, 888 SSD reads (3.8 MB), read p50 887 us p99 5133 us, blocked 66.848 ms total (submit 0.571 ms), cache 888/1048576 rows, SSD kept awake by 1 reads (slowest 4.5 ms)
strata serve: expert tiers: GPU 289 hits this request; since the start RAM 17737 blobs, files 0 blobs 0.0 MB read
strata serve: prompt 59 tokens = 58 reused + 1 read in 0 ms (68965.5 tok/s), 1 generated in 22 ms (46.4 tok/s), drafts accepted 0 of 0, 1 checkpoints
strata serve: decode expert cache hit rate: 100.0% (351 hits / 351 lookups); 129 more read by the GPU over PCIe or from another GPU (26.9% of all 480 routed)
strata serve: resident RAM: 63.28 GiB of experts in RAM, 0 exchanged with the VRAM tier, 0 blob reads from the file
safetensors residency metrics: ram_bytes=67948118016 os_locked_bytes=0 cuda_pinned_bytes=67948118016 promotions=0 promoted_payload_bytes=0 expert_file_bytes=0 (cumulative; payload is not a physical PCIe counter)
safetensors ngram metrics: ple io: 944 rows, 4.2% row-cache hits, 904 SSD reads (3.8 MB), read p50 884 us p99 5133 us, blocked 67.969 ms total (submit 0.582 ms), cache 904/1048576 rows, SSD kept awake by 1 reads (slowest 4.5 ms)
strata serve: expert tiers: GPU 351 hits this request; since the start RAM 17866 blobs, files 0 blobs 0.0 MB read
strata serve: prompt 60 tokens = 59 reused + 1 read in 0 ms (69444.4 tok/s), 1 generated in 24 ms (42.4 tok/s), drafts accepted 0 of 0, 1 checkpoints
strata serve: decode expert cache hit rate: 100.0% (330 hits / 330 lookups); 150 more read by the GPU over PCIe or from another GPU (31.2% of all 480 routed)
strata serve: resident RAM: 63.28 GiB of experts in RAM, 0 exchanged with the VRAM tier, 0 blob reads from the file
safetensors residency metrics: ram_bytes=67948118016 os_locked_bytes=0 cuda_pinned_bytes=67948118016 promotions=0 promoted_payload_bytes=0 expert_file_bytes=0 (cumulative; payload is not a physical PCIe counter)
safetensors ngram metrics: ple io: 960 rows, 4.2% row-cache hits, 920 SSD reads (3.9 MB), read p50 884 us p99 5133 us, blocked 69.268 ms total (submit 0.591 ms), cache 920/1048576 rows, SSD kept awake by 1 reads (slowest 4.5 ms)
strata serve: expert tiers: GPU 330 hits this request; since the start RAM 18016 blobs, files 0 blobs 0.0 MB read
strata serve: prompt 61 tokens = 60 reused + 1 read in 0 ms (53191.5 tok/s), 1 generated in 26 ms (37.9 tok/s), drafts accepted 0 of 0, 1 checkpoints
strata serve: decode expert cache hit rate: 100.0% (286 hits / 286 lookups); 194 more read by the GPU over PCIe or from another GPU (40.4% of all 480 routed)
strata serve: resident RAM: 63.28 GiB of experts in RAM, 0 exchanged with the VRAM tier, 0 blob reads from the file
safetensors residency metrics: ram_bytes=67948118016 os_locked_bytes=0 cuda_pinned_bytes=67948118016 promotions=0 promoted_payload_bytes=0 expert_file_bytes=0 (cumulative; payload is not a physical PCIe counter)
safetensors ngram metrics: ple io: 976 rows, 4.1% row-cache hits, 936 SSD reads (4.0 MB), read p50 881 us p99 5133 us, blocked 70.388 ms total (submit 0.611 ms), cache 936/1048576 rows, SSD kept awake by 1 reads (slowest 4.5 ms)
strata serve: expert tiers: GPU 286 hits this request; since the start RAM 18210 blobs, files 0 blobs 0.0 MB read
strata serve: prompt 62 tokens = 61 reused + 1 read in 0 ms (67114.1 tok/s), 1 generated in 29 ms (34.4 tok/s), drafts accepted 0 of 0, 1 checkpoints
strata serve: decode expert cache hit rate: 100.0% (242 hits / 242 lookups); 238 more read by the GPU over PCIe or from another GPU (49.6% of all 480 routed)
strata serve: resident RAM: 63.28 GiB of experts in RAM, 0 exchanged with the VRAM tier, 0 blob reads from the file
safetensors residency metrics: ram_bytes=67948118016 os_locked_bytes=0 cuda_pinned_bytes=67948118016 promotions=0 promoted_payload_bytes=0 expert_file_bytes=0 (cumulative; payload is not a physical PCIe counter)
safetensors ngram metrics: ple io: 992 rows, 4.0% row-cache hits, 952 SSD reads (4.0 MB), read p50 880 us p99 5050 us, blocked 71.474 ms total (submit 0.619 ms), cache 952/1048576 rows, SSD kept awake by 1 reads (slowest 4.5 ms)
strata serve: expert tiers: GPU 242 hits this request; since the start RAM 18448 blobs, files 0 blobs 0.0 MB read
strata serve: prompt 63 tokens = 62 reused + 1 read in 0 ms (69930.1 tok/s), 1 generated in 27 ms (36.5 tok/s), drafts accepted 0 of 0, 1 checkpoints
strata serve: decode expert cache hit rate: 100.0% (274 hits / 274 lookups); 206 more read by the GPU over PCIe or from another GPU (42.9% of all 480 routed)
strata serve: resident RAM: 63.28 GiB of experts in RAM, 0 exchanged with the VRAM tier, 0 blob reads from the file
safetensors residency metrics: ram_bytes=67948118016 os_locked_bytes=0 cuda_pinned_bytes=67948118016 promotions=0 promoted_payload_bytes=0 expert_file_bytes=0 (cumulative; payload is not a physical PCIe counter)
safetensors ngram metrics: ple io: 1008 rows, 4.0% row-cache hits, 968 SSD reads (4.1 MB), read p50 880 us p99 5050 us, blocked 72.633 ms total (submit 0.635 ms), cache 968/1048576 rows, SSD kept awake by 1 reads (slowest 4.5 ms)
strata serve: expert tiers: GPU 274 hits this request; since the start RAM 18654 blobs, files 0 blobs 0.0 MB read
strata serve: prompt 64 tokens = 63 reused + 1 read in 0 ms (54945.1 tok/s), 1 generated in 27 ms (37.5 tok/s), drafts accepted 0 of 0, 1 checkpoints
strata serve: decode expert cache hit rate: 100.0% (286 hits / 286 lookups); 194 more read by the GPU over PCIe or from another GPU (40.4% of all 480 routed)
strata serve: resident RAM: 63.28 GiB of experts in RAM, 0 exchanged with the VRAM tier, 0 blob reads from the file
safetensors residency metrics: ram_bytes=67948118016 os_locked_bytes=0 cuda_pinned_bytes=67948118016 promotions=0 promoted_payload_bytes=0 expert_file_bytes=0 (cumulative; payload is not a physical PCIe counter)
safetensors ngram metrics: ple io: 1024 rows, 3.9% row-cache hits, 984 SSD reads (4.2 MB), read p50 879 us p99 5050 us, blocked 73.781 ms total (submit 0.646 ms), cache 984/1048576 rows, SSD kept awake by 1 reads (slowest 4.5 ms)
strata serve: expert tiers: GPU 286 hits this request; since the start RAM 18848 blobs, files 0 blobs 0.0 MB read
strata serve: prompt 65 tokens = 64 reused + 1 read in 0 ms (52631.6 tok/s), 1 generated in 20 ms (50.5 tok/s), drafts accepted 0 of 0, 1 checkpoints
strata serve: decode expert cache hit rate: 100.0% (382 hits / 382 lookups); 98 more read by the GPU over PCIe or from another GPU (20.4% of all 480 routed)
strata serve: resident RAM: 63.28 GiB of experts in RAM, 0 exchanged with the VRAM tier, 0 blob reads from the file
safetensors residency metrics: ram_bytes=67948118016 os_locked_bytes=0 cuda_pinned_bytes=67948118016 promotions=0 promoted_payload_bytes=0 expert_file_bytes=0 (cumulative; payload is not a physical PCIe counter)
safetensors ngram metrics: ple io: 1040 rows, 3.8% row-cache hits, 1000 SSD reads (4.3 MB), read p50 878 us p99 5050 us, blocked 74.952 ms total (submit 0.654 ms), cache 1000/1048576 rows, SSD kept awake by 1 reads (slowest 4.5 ms)
strata serve: expert tiers: GPU 382 hits this request; since the start RAM 18946 blobs, files 0 blobs 0.0 MB read
strata serve: prompt 66 tokens = 65 reused + 1 read in 0 ms (47846.9 tok/s), 1 generated in 24 ms (41.3 tok/s), drafts accepted 0 of 0, 1 checkpoints
strata serve: decode expert cache hit rate: 100.0% (313 hits / 313 lookups); 167 more read by the GPU over PCIe or from another GPU (34.8% of all 480 routed)
strata serve: resident RAM: 63.28 GiB of experts in RAM, 0 exchanged with the VRAM tier, 0 blob reads from the file
safetensors residency metrics: ram_bytes=67948118016 os_locked_bytes=0 cuda_pinned_bytes=67948118016 promotions=0 promoted_payload_bytes=0 expert_file_bytes=0 (cumulative; payload is not a physical PCIe counter)
safetensors ngram metrics: ple io: 1056 rows, 3.8% row-cache hits, 1016 SSD reads (4.3 MB), read p50 878 us p99 5050 us, blocked 76.059 ms total (submit 0.662 ms), cache 1016/1048576 rows, SSD kept awake by 1 reads (slowest 4.5 ms)
strata serve: expert tiers: GPU 313 hits this request; since the start RAM 19113 blobs, files 0 blobs 0.0 MB read
strata serve: prompt 67 tokens = 66 reused + 1 read in 0 ms (47846.9 tok/s), 1 generated in 23 ms (44.4 tok/s), drafts accepted 0 of 0, 1 checkpoints
strata serve: decode expert cache hit rate: 100.0% (344 hits / 344 lookups); 136 more read by the GPU over PCIe or from another GPU (28.3% of all 480 routed)
strata serve: resident RAM: 63.28 GiB of experts in RAM, 0 exchanged with the VRAM tier, 0 blob reads from the file
safetensors residency metrics: ram_bytes=67948118016 os_locked_bytes=0 cuda_pinned_bytes=67948118016 promotions=0 promoted_payload_bytes=0 expert_file_bytes=0 (cumulative; payload is not a physical PCIe counter)
safetensors ngram metrics: ple io: 1072 rows, 3.7% row-cache hits, 1032 SSD reads (4.4 MB), read p50 876 us p99 5050 us, blocked 77.178 ms total (submit 0.674 ms), cache 1032/1048576 rows, SSD kept awake by 1 reads (slowest 4.5 ms)
strata serve: expert tiers: GPU 344 hits this request; since the start RAM 19249 blobs, files 0 blobs 0.0 MB read
strata serve: prompt 68 tokens = 67 reused + 1 read in 0 ms (7886.4 tok/s), 1 generated in 24 ms (41.7 tok/s), drafts accepted 0 of 0, 1 checkpoints
strata serve: decode expert cache hit rate: 100.0% (318 hits / 318 lookups); 162 more read by the GPU over PCIe or from another GPU (33.8% of all 480 routed)
strata serve: resident RAM: 63.28 GiB of experts in RAM, 0 exchanged with the VRAM tier, 0 blob reads from the file
safetensors residency metrics: ram_bytes=67948118016 os_locked_bytes=0 cuda_pinned_bytes=67948118016 promotions=0 promoted_payload_bytes=0 expert_file_bytes=0 (cumulative; payload is not a physical PCIe counter)
safetensors ngram metrics: ple io: 1088 rows, 3.7% row-cache hits, 1048 SSD reads (4.5 MB), read p50 875 us p99 5050 us, blocked 78.335 ms total (submit 0.687 ms), cache 1048/1048576 rows, SSD kept awake by 1 reads (slowest 4.5 ms)
strata serve: expert tiers: GPU 318 hits this request; since the start RAM 19411 blobs, files 0 blobs 0.0 MB read
strata serve: prompt 69 tokens = 68 reused + 1 read in 0 ms (70422.5 tok/s), 1 generated in 25 ms (39.5 tok/s), drafts accepted 0 of 0, 1 checkpoints
strata serve: decode expert cache hit rate: 100.0% (305 hits / 305 lookups); 175 more read by the GPU over PCIe or from another GPU (36.5% of all 480 routed)
strata serve: resident RAM: 63.28 GiB of experts in RAM, 0 exchanged with the VRAM tier, 0 blob reads from the file
safetensors residency metrics: ram_bytes=67948118016 os_locked_bytes=0 cuda_pinned_bytes=67948118016 promotions=0 promoted_payload_bytes=0 expert_file_bytes=0 (cumulative; payload is not a physical PCIe counter)
safetensors ngram metrics: ple io: 1104 rows, 3.6% row-cache hits, 1064 SSD reads (4.5 MB), read p50 870 us p99 4980 us, blocked 79.493 ms total (submit 0.699 ms), cache 1064/1048576 rows, SSD kept awake by 1 reads (slowest 4.5 ms)
strata serve: expert tiers: GPU 305 hits this request; since the start RAM 19586 blobs, files 0 blobs 0.0 MB read
strata serve: prompt 70 tokens = 69 reused + 1 read in 0 ms (70922.0 tok/s), 1 generated in 25 ms (40.1 tok/s), drafts accepted 0 of 0, 1 checkpoints
strata serve: decode expert cache hit rate: 100.0% (302 hits / 302 lookups); 178 more read by the GPU over PCIe or from another GPU (37.1% of all 480 routed)
strata serve: resident RAM: 63.28 GiB of experts in RAM, 0 exchanged with the VRAM tier, 0 blob reads from the file
safetensors residency metrics: ram_bytes=67948118016 os_locked_bytes=0 cuda_pinned_bytes=67948118016 promotions=0 promoted_payload_bytes=0 expert_file_bytes=0 (cumulative; payload is not a physical PCIe counter)
safetensors ngram metrics: ple io: 1120 rows, 3.6% row-cache hits, 1080 SSD reads (4.6 MB), read p50 870 us p99 4980 us, blocked 80.671 ms total (submit 0.712 ms), cache 1080/1048576 rows, SSD kept awake by 1 reads (slowest 4.5 ms)
strata serve: expert tiers: GPU 302 hits this request; since the start RAM 19764 blobs, files 0 blobs 0.0 MB read
strata serve: prompt 71 tokens = 70 reused + 1 read in 0 ms (68027.2 tok/s), 1 generated in 25 ms (40.3 tok/s), drafts accepted 0 of 0, 1 checkpoints
strata serve: decode expert cache hit rate: 100.0% (314 hits / 314 lookups); 166 more read by the GPU over PCIe or from another GPU (34.6% of all 480 routed)
strata serve: resident RAM: 63.28 GiB of experts in RAM, 0 exchanged with the VRAM tier, 0 blob reads from the file
safetensors residency metrics: ram_bytes=67948118016 os_locked_bytes=0 cuda_pinned_bytes=67948118016 promotions=0 promoted_payload_bytes=0 expert_file_bytes=0 (cumulative; payload is not a physical PCIe counter)
safetensors ngram metrics: ple io: 1136 rows, 3.5% row-cache hits, 1096 SSD reads (4.7 MB), read p50 867 us p99 4980 us, blocked 81.800 ms total (submit 0.727 ms), cache 1096/1048576 rows, SSD kept awake by 1 reads (slowest 4.5 ms)
strata serve: expert tiers: GPU 314 hits this request; since the start RAM 19930 blobs, files 0 blobs 0.0 MB read
strata serve: prompt 72 tokens = 71 reused + 1 read in 0 ms (69444.4 tok/s), 1 generated in 25 ms (40.3 tok/s), drafts accepted 0 of 0, 1 checkpoints
strata serve: decode expert cache hit rate: 100.0% (310 hits / 310 lookups); 170 more read by the GPU over PCIe or from another GPU (35.4% of all 480 routed)
strata serve: resident RAM: 63.28 GiB of experts in RAM, 0 exchanged with the VRAM tier, 0 blob reads from the file
safetensors residency metrics: ram_bytes=67948118016 os_locked_bytes=0 cuda_pinned_bytes=67948118016 promotions=0 promoted_payload_bytes=0 expert_file_bytes=0 (cumulative; payload is not a physical PCIe counter)
safetensors ngram metrics: ple io: 1152 rows, 3.5% row-cache hits, 1112 SSD reads (4.8 MB), read p50 861 us p99 4980 us, blocked 82.856 ms total (submit 0.736 ms), cache 1112/1048576 rows, SSD kept awake by 1 reads (slowest 4.5 ms)
strata serve: expert tiers: GPU 310 hits this request; since the start RAM 20100 blobs, files 0 blobs 0.0 MB read
strata serve: prompt 73 tokens = 72 reused + 1 read in 0 ms (65359.5 tok/s), 1 generated in 24 ms (41.2 tok/s), drafts accepted 0 of 0, 1 checkpoints
strata serve: decode expert cache hit rate: 100.0% (312 hits / 312 lookups); 168 more read by the GPU over PCIe or from another GPU (35.0% of all 480 routed)
strata serve: resident RAM: 63.28 GiB of experts in RAM, 0 exchanged with the VRAM tier, 0 blob reads from the file
safetensors residency metrics: ram_bytes=67948118016 os_locked_bytes=0 cuda_pinned_bytes=67948118016 promotions=0 promoted_payload_bytes=0 expert_file_bytes=0 (cumulative; payload is not a physical PCIe counter)
safetensors ngram metrics: ple io: 1168 rows, 3.4% row-cache hits, 1128 SSD reads (4.8 MB), read p50 859 us p99 4980 us, blocked 84.020 ms total (submit 0.745 ms), cache 1128/1048576 rows, SSD kept awake by 1 reads (slowest 4.5 ms)
strata serve: expert tiers: GPU 312 hits this request; since the start RAM 20268 blobs, files 0 blobs 0.0 MB read
strata serve: prompt 74 tokens = 73 reused + 1 read in 0 ms (48543.7 tok/s), 1 generated in 30 ms (33.6 tok/s), drafts accepted 0 of 0, 1 checkpoints
strata serve: decode expert cache hit rate: 100.0% (234 hits / 234 lookups); 246 more read by the GPU over PCIe or from another GPU (51.2% of all 480 routed)
strata serve: resident RAM: 63.28 GiB of experts in RAM, 0 exchanged with the VRAM tier, 0 blob reads from the file
safetensors residency metrics: ram_bytes=67948118016 os_locked_bytes=0 cuda_pinned_bytes=67948118016 promotions=0 promoted_payload_bytes=0 expert_file_bytes=0 (cumulative; payload is not a physical PCIe counter)
safetensors ngram metrics: ple io: 1184 rows, 3.4% row-cache hits, 1144 SSD reads (4.9 MB), read p50 857 us p99 4980 us, blocked 85.073 ms total (submit 0.754 ms), cache 1144/1048576 rows, SSD kept awake by 1 reads (slowest 4.5 ms)
strata serve: expert tiers: GPU 234 hits this request; since the start RAM 20514 blobs, files 0 blobs 0.0 MB read
strata serve: prompt 75 tokens = 74 reused + 1 read in 0 ms (67567.6 tok/s), 1 generated in 28 ms (35.5 tok/s), drafts accepted 0 of 0, 1 checkpoints
strata serve: decode expert cache hit rate: 100.0% (256 hits / 256 lookups); 224 more read by the GPU over PCIe or from another GPU (46.7% of all 480 routed)
strata serve: resident RAM: 63.28 GiB of experts in RAM, 0 exchanged with the VRAM tier, 0 blob reads from the file
safetensors residency metrics: ram_bytes=67948118016 os_locked_bytes=0 cuda_pinned_bytes=67948118016 promotions=0 promoted_payload_bytes=0 expert_file_bytes=0 (cumulative; payload is not a physical PCIe counter)
safetensors ngram metrics: ple io: 1200 rows, 3.3% row-cache hits, 1160 SSD reads (5.0 MB), read p50 853 us p99 4902 us, blocked 86.129 ms total (submit 0.765 ms), cache 1160/1048576 rows, SSD kept awake by 1 reads (slowest 4.5 ms)
strata serve: expert tiers: GPU 256 hits this request; since the start RAM 20738 blobs, files 0 blobs 0.0 MB read
strata serve: prompt 76 tokens = 75 reused + 1 read in 0 ms (51020.4 tok/s), 1 generated in 26 ms (38.3 tok/s), drafts accepted 0 of 0, 1 checkpoints
strata serve: decode expert cache hit rate: 100.0% (285 hits / 285 lookups); 195 more read by the GPU over PCIe or from another GPU (40.6% of all 480 routed)
strata serve: resident RAM: 63.28 GiB of experts in RAM, 0 exchanged with the VRAM tier, 0 blob reads from the file
safetensors residency metrics: ram_bytes=67948118016 os_locked_bytes=0 cuda_pinned_bytes=67948118016 promotions=0 promoted_payload_bytes=0 expert_file_bytes=0 (cumulative; payload is not a physical PCIe counter)
safetensors ngram metrics: ple io: 1216 rows, 3.3% row-cache hits, 1176 SSD reads (5.0 MB), read p50 849 us p99 4902 us, blocked 87.202 ms total (submit 0.772 ms), cache 1176/1048576 rows, SSD kept awake by 1 reads (slowest 4.5 ms)
strata serve: expert tiers: GPU 285 hits this request; since the start RAM 20933 blobs, files 0 blobs 0.0 MB read
strata serve: prompt 77 tokens = 76 reused + 1 read in 0 ms (62111.8 tok/s), 1 generated in 24 ms (41.7 tok/s), drafts accepted 0 of 0, 1 checkpoints
strata serve: decode expert cache hit rate: 100.0% (322 hits / 322 lookups); 158 more read by the GPU over PCIe or from another GPU (32.9% of all 480 routed)
strata serve: resident RAM: 63.28 GiB of experts in RAM, 0 exchanged with the VRAM tier, 0 blob reads from the file
safetensors residency metrics: ram_bytes=67948118016 os_locked_bytes=0 cuda_pinned_bytes=67948118016 promotions=0 promoted_payload_bytes=0 expert_file_bytes=0 (cumulative; payload is not a physical PCIe counter)
safetensors ngram metrics: ple io: 1232 rows, 3.2% row-cache hits, 1192 SSD reads (5.1 MB), read p50 848 us p99 4902 us, blocked 88.273 ms total (submit 0.781 ms), cache 1192/1048576 rows, SSD kept awake by 1 reads (slowest 4.5 ms)
strata serve: expert tiers: GPU 322 hits this request; since the start RAM 21091 blobs, files 0 blobs 0.0 MB read
strata serve: prompt 78 tokens = 77 reused + 1 read in 0 ms (64935.1 tok/s), 1 generated in 22 ms (45.5 tok/s), drafts accepted 0 of 0, 1 checkpoints
strata serve: decode expert cache hit rate: 100.0% (345 hits / 345 lookups); 135 more read by the GPU over PCIe or from another GPU (28.1% of all 480 routed)
strata serve: resident RAM: 63.28 GiB of experts in RAM, 0 exchanged with the VRAM tier, 0 blob reads from the file
safetensors residency metrics: ram_bytes=67948118016 os_locked_bytes=0 cuda_pinned_bytes=67948118016 promotions=0 promoted_payload_bytes=0 expert_file_bytes=0 (cumulative; payload is not a physical PCIe counter)
safetensors ngram metrics: ple io: 1248 rows, 3.2% row-cache hits, 1208 SSD reads (5.2 MB), read p50 846 us p99 4902 us, blocked 89.338 ms total (submit 0.791 ms), cache 1208/1048576 rows, SSD kept awake by 1 reads (slowest 4.5 ms)
strata serve: expert tiers: GPU 345 hits this request; since the start RAM 21226 blobs, files 0 blobs 0.0 MB read
strata serve: prompt 79 tokens = 78 reused + 1 read in 0 ms (84033.6 tok/s), 1 generated in 24 ms (41.5 tok/s), drafts accepted 0 of 0, 1 checkpoints
strata serve: decode expert cache hit rate: 100.0% (311 hits / 311 lookups); 169 more read by the GPU over PCIe or from another GPU (35.2% of all 480 routed)
strata serve: resident RAM: 63.28 GiB of experts in RAM, 0 exchanged with the VRAM tier, 0 blob reads from the file
safetensors residency metrics: ram_bytes=67948118016 os_locked_bytes=0 cuda_pinned_bytes=67948118016 promotions=0 promoted_payload_bytes=0 expert_file_bytes=0 (cumulative; payload is not a physical PCIe counter)
safetensors ngram metrics: ple io: 1264 rows, 3.2% row-cache hits, 1224 SSD reads (5.2 MB), read p50 844 us p99 4902 us, blocked 90.354 ms total (submit 0.800 ms), cache 1224/1048576 rows, SSD kept awake by 1 reads (slowest 4.5 ms)
strata serve: expert tiers: GPU 311 hits this request; since the start RAM 21395 blobs, files 0 blobs 0.0 MB read
strata serve: prompt 80 tokens = 79 reused + 1 read in 0 ms (64516.1 tok/s), 1 generated in 25 ms (40.4 tok/s), drafts accepted 0 of 0, 1 checkpoints
strata serve: decode expert cache hit rate: 100.0% (299 hits / 299 lookups); 181 more read by the GPU over PCIe or from another GPU (37.7% of all 480 routed)
strata serve: resident RAM: 63.28 GiB of experts in RAM, 0 exchanged with the VRAM tier, 0 blob reads from the file
safetensors residency metrics: ram_bytes=67948118016 os_locked_bytes=0 cuda_pinned_bytes=67948118016 promotions=0 promoted_payload_bytes=0 expert_file_bytes=0 (cumulative; payload is not a physical PCIe counter)
safetensors ngram metrics: ple io: 1280 rows, 3.1% row-cache hits, 1240 SSD reads (5.3 MB), read p50 844 us p99 4902 us, blocked 91.300 ms total (submit 0.813 ms), cache 1240/1048576 rows, SSD kept awake by 1 reads (slowest 4.5 ms)
strata serve: expert tiers: GPU 299 hits this request; since the start RAM 21576 blobs, files 0 blobs 0.0 MB read
strata serve: prompt 81 tokens = 80 reused + 1 read in 0 ms (84745.8 tok/s), 1 generated in 23 ms (44.0 tok/s), drafts accepted 0 of 0, 1 checkpoints
strata serve: decode expert cache hit rate: 100.0% (332 hits / 332 lookups); 148 more read by the GPU over PCIe or from another GPU (30.8% of all 480 routed)
strata serve: resident RAM: 63.28 GiB of experts in RAM, 0 exchanged with the VRAM tier, 0 blob reads from the file
safetensors residency metrics: ram_bytes=67948118016 os_locked_bytes=0 cuda_pinned_bytes=67948118016 promotions=0 promoted_payload_bytes=0 expert_file_bytes=0 (cumulative; payload is not a physical PCIe counter)
safetensors ngram metrics: ple io: 1296 rows, 3.1% row-cache hits, 1256 SSD reads (5.4 MB), read p50 843 us p99 4828 us, blocked 92.356 ms total (submit 0.824 ms), cache 1256/1048576 rows, SSD kept awake by 1 reads (slowest 4.5 ms)
strata serve: expert tiers: GPU 332 hits this request; since the start RAM 21724 blobs, files 0 blobs 0.0 MB read
strata serve: prompt 82 tokens = 81 reused + 1 read in 0 ms (63291.1 tok/s), 1 generated in 21 ms (47.4 tok/s), drafts accepted 0 of 0, 1 checkpoints
strata serve: decode expert cache hit rate: 100.0% (365 hits / 365 lookups); 115 more read by the GPU over PCIe or from another GPU (24.0% of all 480 routed)
strata serve: resident RAM: 63.28 GiB of experts in RAM, 0 exchanged with the VRAM tier, 0 blob reads from the file
safetensors residency metrics: ram_bytes=67948118016 os_locked_bytes=0 cuda_pinned_bytes=67948118016 promotions=0 promoted_payload_bytes=0 expert_file_bytes=0 (cumulative; payload is not a physical PCIe counter)
safetensors ngram metrics: ple io: 1312 rows, 3.0% row-cache hits, 1272 SSD reads (5.4 MB), read p50 841 us p99 4828 us, blocked 93.327 ms total (submit 0.832 ms), cache 1272/1048576 rows, SSD kept awake by 1 reads (slowest 4.5 ms)
strata serve: expert tiers: GPU 365 hits this request; since the start RAM 21839 blobs, files 0 blobs 0.0 MB read
strata serve: prompt 83 tokens = 82 reused + 1 read in 0 ms (88495.6 tok/s), 1 generated in 23 ms (44.0 tok/s), drafts accepted 0 of 0, 1 checkpoints
strata serve: decode expert cache hit rate: 100.0% (337 hits / 337 lookups); 143 more read by the GPU over PCIe or from another GPU (29.8% of all 480 routed)
strata serve: resident RAM: 63.28 GiB of experts in RAM, 0 exchanged with the VRAM tier, 0 blob reads from the file
safetensors residency metrics: ram_bytes=67948118016 os_locked_bytes=0 cuda_pinned_bytes=67948118016 promotions=0 promoted_payload_bytes=0 expert_file_bytes=0 (cumulative; payload is not a physical PCIe counter)
safetensors ngram metrics: ple io: 1328 rows, 3.0% row-cache hits, 1288 SSD reads (5.5 MB), read p50 836 us p99 4828 us, blocked 94.418 ms total (submit 0.845 ms), cache 1288/1048576 rows, SSD kept awake by 1 reads (slowest 4.5 ms)
strata serve: expert tiers: GPU 337 hits this request; since the start RAM 21982 blobs, files 0 blobs 0.0 MB read
strata serve: prompt 84 tokens = 83 reused + 1 read in 0 ms (62893.1 tok/s), 1 generated in 26 ms (38.7 tok/s), drafts accepted 0 of 0, 1 checkpoints
strata serve: decode expert cache hit rate: 100.0% (325 hits / 325 lookups); 155 more read by the GPU over PCIe or from another GPU (32.3% of all 480 routed)
strata serve: resident RAM: 63.28 GiB of experts in RAM, 0 exchanged with the VRAM tier, 0 blob reads from the file
safetensors residency metrics: ram_bytes=67948118016 os_locked_bytes=0 cuda_pinned_bytes=67948118016 promotions=0 promoted_payload_bytes=0 expert_file_bytes=0 (cumulative; payload is not a physical PCIe counter)
safetensors ngram metrics: ple io: 1344 rows, 3.0% row-cache hits, 1304 SSD reads (5.6 MB), read p50 834 us p99 4828 us, blocked 97.902 ms total (submit 0.856 ms), cache 1304/1048576 rows, SSD kept awake by 1 reads (slowest 4.5 ms)
strata serve: expert tiers: GPU 325 hits this request; since the start RAM 22137 blobs, files 0 blobs 0.0 MB read
strata serve: prompt 85 tokens = 84 reused + 1 read in 0 ms (75757.6 tok/s), 1 generated in 25 ms (40.7 tok/s), drafts accepted 0 of 0, 1 checkpoints
strata serve: decode expert cache hit rate: 100.0% (307 hits / 307 lookups); 173 more read by the GPU over PCIe or from another GPU (36.0% of all 480 routed)
strata serve: resident RAM: 63.28 GiB of experts in RAM, 0 exchanged with the VRAM tier, 0 blob reads from the file
safetensors residency metrics: ram_bytes=67948118016 os_locked_bytes=0 cuda_pinned_bytes=67948118016 promotions=0 promoted_payload_bytes=0 expert_file_bytes=0 (cumulative; payload is not a physical PCIe counter)
safetensors ngram metrics: ple io: 1360 rows, 2.9% row-cache hits, 1320 SSD reads (5.6 MB), read p50 832 us p99 4828 us, blocked 99.044 ms total (submit 0.868 ms), cache 1320/1048576 rows, SSD kept awake by 1 reads (slowest 4.5 ms)
strata serve: expert tiers: GPU 307 hits this request; since the start RAM 22310 blobs, files 0 blobs 0.0 MB read
strata serve: prompt 86 tokens = 85 reused + 1 read in 0 ms (63291.1 tok/s), 1 generated in 21 ms (48.2 tok/s), drafts accepted 0 of 0, 1 checkpoints
strata serve: decode expert cache hit rate: 100.0% (355 hits / 355 lookups); 125 more read by the GPU over PCIe or from another GPU (26.0% of all 480 routed)
strata serve: resident RAM: 63.28 GiB of experts in RAM, 0 exchanged with the VRAM tier, 0 blob reads from the file
safetensors residency metrics: ram_bytes=67948118016 os_locked_bytes=0 cuda_pinned_bytes=67948118016 promotions=0 promoted_payload_bytes=0 expert_file_bytes=0 (cumulative; payload is not a physical PCIe counter)
safetensors ngram metrics: ple io: 1376 rows, 2.9% row-cache hits, 1336 SSD reads (5.7 MB), read p50 830 us p99 4828 us, blocked 100.076 ms total (submit 0.880 ms), cache 1336/1048576 rows, SSD kept awake by 1 reads (slowest 4.5 ms)
strata serve: expert tiers: GPU 355 hits this request; since the start RAM 22435 blobs, files 0 blobs 0.0 MB read
strata serve: prompt 87 tokens = 86 reused + 1 read in 0 ms (85470.1 tok/s), 1 generated in 24 ms (41.3 tok/s), drafts accepted 0 of 0, 1 checkpoints
strata serve: decode expert cache hit rate: 100.0% (309 hits / 309 lookups); 171 more read by the GPU over PCIe or from another GPU (35.6% of all 480 routed)
strata serve: resident RAM: 63.28 GiB of experts in RAM, 0 exchanged with the VRAM tier, 0 blob reads from the file
safetensors residency metrics: ram_bytes=67948118016 os_locked_bytes=0 cuda_pinned_bytes=67948118016 promotions=0 promoted_payload_bytes=0 expert_file_bytes=0 (cumulative; payload is not a physical PCIe counter)
safetensors ngram metrics: ple io: 1392 rows, 2.9% row-cache hits, 1352 SSD reads (5.8 MB), read p50 828 us p99 4748 us, blocked 101.149 ms total (submit 0.891 ms), cache 1352/1048576 rows, SSD kept awake by 1 reads (slowest 4.5 ms)
strata serve: expert tiers: GPU 309 hits this request; since the start RAM 22606 blobs, files 0 blobs 0.0 MB read
strata serve: prompt 88 tokens = 87 reused + 1 read in 0 ms (82644.6 tok/s), 1 generated in 27 ms (37.2 tok/s), drafts accepted 0 of 0, 1 checkpoints
strata serve: decode expert cache hit rate: 100.0% (265 hits / 265 lookups); 215 more read by the GPU over PCIe or from another GPU (44.8% of all 480 routed)
strata serve: resident RAM: 63.28 GiB of experts in RAM, 0 exchanged with the VRAM tier, 0 blob reads from the file
safetensors residency metrics: ram_bytes=67948118016 os_locked_bytes=0 cuda_pinned_bytes=67948118016 promotions=0 promoted_payload_bytes=0 expert_file_bytes=0 (cumulative; payload is not a physical PCIe counter)
safetensors ngram metrics: ple io: 1408 rows, 2.8% row-cache hits, 1368 SSD reads (5.8 MB), read p50 828 us p99 4748 us, blocked 102.280 ms total (submit 0.904 ms), cache 1368/1048576 rows, SSD kept awake by 1 reads (slowest 4.5 ms)
strata serve: expert tiers: GPU 265 hits this request; since the start RAM 22821 blobs, files 0 blobs 0.0 MB read
strata serve: prompt 89 tokens = 88 reused + 1 read in 0 ms (70922.0 tok/s), 1 generated in 28 ms (36.2 tok/s), drafts accepted 0 of 0, 1 checkpoints
strata serve: decode expert cache hit rate: 100.0% (259 hits / 259 lookups); 221 more read by the GPU over PCIe or from another GPU (46.0% of all 480 routed)
strata serve: resident RAM: 63.28 GiB of experts in RAM, 0 exchanged with the VRAM tier, 0 blob reads from the file
safetensors residency metrics: ram_bytes=67948118016 os_locked_bytes=0 cuda_pinned_bytes=67948118016 promotions=0 promoted_payload_bytes=0 expert_file_bytes=0 (cumulative; payload is not a physical PCIe counter)
safetensors ngram metrics: ple io: 1424 rows, 2.8% row-cache hits, 1384 SSD reads (5.9 MB), read p50 825 us p99 4748 us, blocked 103.441 ms total (submit 0.912 ms), cache 1384/1048576 rows, SSD kept awake by 1 reads (slowest 4.5 ms)
strata serve: expert tiers: GPU 259 hits this request; since the start RAM 23042 blobs, files 0 blobs 0.0 MB read
strata serve: prompt 90 tokens = 89 reused + 1 read in 0 ms (61349.7 tok/s), 1 generated in 23 ms (42.9 tok/s), drafts accepted 0 of 0, 1 checkpoints
strata serve: decode expert cache hit rate: 100.0% (317 hits / 317 lookups); 163 more read by the GPU over PCIe or from another GPU (34.0% of all 480 routed)
strata serve: resident RAM: 63.28 GiB of experts in RAM, 0 exchanged with the VRAM tier, 0 blob reads from the file
safetensors residency metrics: ram_bytes=67948118016 os_locked_bytes=0 cuda_pinned_bytes=67948118016 promotions=0 promoted_payload_bytes=0 expert_file_bytes=0 (cumulative; payload is not a physical PCIe counter)
safetensors ngram metrics: ple io: 1440 rows, 2.8% row-cache hits, 1400 SSD reads (6.0 MB), read p50 824 us p99 4748 us, blocked 104.485 ms total (submit 0.921 ms), cache 1400/1048576 rows, SSD kept awake by 1 reads (slowest 4.5 ms)
strata serve: expert tiers: GPU 317 hits this request; since the start RAM 23205 blobs, files 0 blobs 0.0 MB read
strata serve: conversation cache: parked 90 tokens in 48.9 ms; parked=1 bytes=238532696 evictions=0 snapshot_bytes=238532696 reused_kv_bytes=0
strata serve: prompt 21 tokens = 0 reused + 21 read in 1095 ms (19.2 tok/s), 1 generated in 25 ms (40.6 tok/s), drafts accepted 0 of 0, 1 checkpoints
strata serve: decode expert cache hit rate: 100.0% (297 hits / 297 lookups); 183 more read by the GPU over PCIe or from another GPU (38.1% of all 480 routed)
strata serve: resident RAM: 63.28 GiB of experts in RAM, 0 exchanged with the VRAM tier, 0 blob reads from the file
safetensors residency metrics: ram_bytes=67948118016 os_locked_bytes=0 cuda_pinned_bytes=67948118016 promotions=0 promoted_payload_bytes=0 expert_file_bytes=0 (cumulative; payload is not a physical PCIe counter)
safetensors ngram metrics: ple io: 1776 rows, 11.7% row-cache hits, 1568 SSD reads (6.7 MB), read p50 888 us p99 532442 us, blocked 671.905 ms total (submit 1.005 ms), cache 1568/1048576 rows, SSD kept awake by 5 reads (slowest 4.5 ms)
strata serve: expert tiers: GPU 297 hits this request; since the start RAM 28042 blobs, files 0 blobs 0.0 MB read
strata serve: prompt 22 tokens = 21 reused + 1 read in 0 ms (43668.1 tok/s), 1 generated in 34 ms (29.5 tok/s), drafts accepted 0 of 0, 1 checkpoints
strata serve: decode expert cache hit rate: 100.0% (186 hits / 186 lookups); 294 more read by the GPU over PCIe or from another GPU (61.2% of all 480 routed)
strata serve: resident RAM: 63.28 GiB of experts in RAM, 0 exchanged with the VRAM tier, 0 blob reads from the file
safetensors residency metrics: ram_bytes=67948118016 os_locked_bytes=0 cuda_pinned_bytes=67948118016 promotions=0 promoted_payload_bytes=0 expert_file_bytes=0 (cumulative; payload is not a physical PCIe counter)
safetensors ngram metrics: ple io: 1792 rows, 11.6% row-cache hits, 1584 SSD reads (6.8 MB), read p50 890 us p99 532442 us, blocked 674.215 ms total (submit 1.039 ms), cache 1584/1048576 rows, SSD kept awake by 5 reads (slowest 4.5 ms)
strata serve: expert tiers: GPU 186 hits this request; since the start RAM 28336 blobs, files 0 blobs 0.0 MB read
strata serve: prompt 23 tokens = 22 reused + 1 read in 0 ms (84033.6 tok/s), 1 generated in 41 ms (24.5 tok/s), drafts accepted 0 of 0, 1 checkpoints
strata serve: decode expert cache hit rate: 100.0% (212 hits / 212 lookups); 268 more read by the GPU over PCIe or from another GPU (55.8% of all 480 routed)
strata serve: resident RAM: 63.28 GiB of experts in RAM, 0 exchanged with the VRAM tier, 0 blob reads from the file
safetensors residency metrics: ram_bytes=67948118016 os_locked_bytes=0 cuda_pinned_bytes=67948118016 promotions=0 promoted_payload_bytes=0 expert_file_bytes=0 (cumulative; payload is not a physical PCIe counter)
safetensors ngram metrics: ple io: 1808 rows, 11.9% row-cache hits, 1592 SSD reads (6.8 MB), read p50 887 us p99 532442 us, blocked 675.247 ms total (submit 1.052 ms), cache 1592/1048576 rows, SSD kept awake by 5 reads (slowest 4.5 ms)
strata serve: expert tiers: GPU 212 hits this request; since the start RAM 28604 blobs, files 0 blobs 0.0 MB read
strata serve: prompt 24 tokens = 23 reused + 1 read in 0 ms (71942.4 tok/s), 1 generated in 30 ms (32.8 tok/s), drafts accepted 0 of 0, 1 checkpoints
strata serve: decode expert cache hit rate: 100.0% (215 hits / 215 lookups); 265 more read by the GPU over PCIe or from another GPU (55.2% of all 480 routed)
strata serve: resident RAM: 63.28 GiB of experts in RAM, 0 exchanged with the VRAM tier, 0 blob reads from the file
safetensors residency metrics: ram_bytes=67948118016 os_locked_bytes=0 cuda_pinned_bytes=67948118016 promotions=0 promoted_payload_bytes=0 expert_file_bytes=0 (cumulative; payload is not a physical PCIe counter)
safetensors ngram metrics: ple io: 1824 rows, 11.8% row-cache hits, 1608 SSD reads (6.9 MB), read p50 886 us p99 532442 us, blocked 676.288 ms total (submit 1.063 ms), cache 1608/1048576 rows, SSD kept awake by 5 reads (slowest 4.5 ms)
strata serve: expert tiers: GPU 215 hits this request; since the start RAM 28869 blobs, files 0 blobs 0.0 MB read
strata serve: prompt 25 tokens = 24 reused + 1 read in 0 ms (85470.1 tok/s), 1 generated in 32 ms (30.8 tok/s), drafts accepted 0 of 0, 1 checkpoints
strata serve: decode expert cache hit rate: 100.0% (187 hits / 187 lookups); 293 more read by the GPU over PCIe or from another GPU (61.0% of all 480 routed)
strata serve: resident RAM: 63.28 GiB of experts in RAM, 0 exchanged with the VRAM tier, 0 blob reads from the file
safetensors residency metrics: ram_bytes=67948118016 os_locked_bytes=0 cuda_pinned_bytes=67948118016 promotions=0 promoted_payload_bytes=0 expert_file_bytes=0 (cumulative; payload is not a physical PCIe counter)
safetensors ngram metrics: ple io: 1840 rows, 11.7% row-cache hits, 1624 SSD reads (6.9 MB), read p50 885 us p99 532442 us, blocked 677.425 ms total (submit 1.077 ms), cache 1624/1048576 rows, SSD kept awake by 5 reads (slowest 4.5 ms)
strata serve: expert tiers: GPU 187 hits this request; since the start RAM 29162 blobs, files 0 blobs 0.0 MB read
strata serve: prompt 26 tokens = 25 reused + 1 read in 0 ms (89285.7 tok/s), 1 generated in 36 ms (27.7 tok/s), drafts accepted 0 of 0, 1 checkpoints
strata serve: decode expert cache hit rate: 100.0% (170 hits / 170 lookups); 310 more read by the GPU over PCIe or from another GPU (64.6% of all 480 routed)
strata serve: resident RAM: 63.28 GiB of experts in RAM, 0 exchanged with the VRAM tier, 0 blob reads from the file
safetensors residency metrics: ram_bytes=67948118016 os_locked_bytes=0 cuda_pinned_bytes=67948118016 promotions=0 promoted_payload_bytes=0 expert_file_bytes=0 (cumulative; payload is not a physical PCIe counter)
safetensors ngram metrics: ple io: 1856 rows, 11.6% row-cache hits, 1640 SSD reads (7.0 MB), read p50 887 us p99 532442 us, blocked 680.513 ms total (submit 1.089 ms), cache 1640/1048576 rows, SSD kept awake by 5 reads (slowest 4.5 ms)
strata serve: expert tiers: GPU 170 hits this request; since the start RAM 29472 blobs, files 0 blobs 0.0 MB read
strata serve: prompt 27 tokens = 26 reused + 1 read in 0 ms (68965.5 tok/s), 1 generated in 27 ms (36.5 tok/s), drafts accepted 0 of 0, 1 checkpoints
strata serve: decode expert cache hit rate: 100.0% (303 hits / 303 lookups); 177 more read by the GPU over PCIe or from another GPU (36.9% of all 480 routed)
strata serve: resident RAM: 63.28 GiB of experts in RAM, 0 exchanged with the VRAM tier, 0 blob reads from the file
safetensors residency metrics: ram_bytes=67948118016 os_locked_bytes=0 cuda_pinned_bytes=67948118016 promotions=0 promoted_payload_bytes=0 expert_file_bytes=0 (cumulative; payload is not a physical PCIe counter)
safetensors ngram metrics: ple io: 1872 rows, 11.5% row-cache hits, 1656 SSD reads (7.1 MB), read p50 885 us p99 532387 us, blocked 684.204 ms total (submit 1.102 ms), cache 1656/1048576 rows, SSD kept awake by 5 reads (slowest 4.5 ms)
strata serve: expert tiers: GPU 303 hits this request; since the start RAM 29649 blobs, files 0 blobs 0.0 MB read
strata serve: prompt 28 tokens = 27 reused + 1 read in 0 ms (89285.7 tok/s), 1 generated in 34 ms (29.8 tok/s), drafts accepted 0 of 0, 1 checkpoints
strata serve: decode expert cache hit rate: 100.0% (198 hits / 198 lookups); 282 more read by the GPU over PCIe or from another GPU (58.8% of all 480 routed)
strata serve: resident RAM: 63.28 GiB of experts in RAM, 0 exchanged with the VRAM tier, 0 blob reads from the file
safetensors residency metrics: ram_bytes=67948118016 os_locked_bytes=0 cuda_pinned_bytes=67948118016 promotions=0 promoted_payload_bytes=0 expert_file_bytes=0 (cumulative; payload is not a physical PCIe counter)
safetensors ngram metrics: ple io: 1888 rows, 11.4% row-cache hits, 1672 SSD reads (7.1 MB), read p50 886 us p99 532387 us, blocked 686.727 ms total (submit 1.116 ms), cache 1672/1048576 rows, SSD kept awake by 5 reads (slowest 4.5 ms)
strata serve: expert tiers: GPU 198 hits this request; since the start RAM 29931 blobs, files 0 blobs 0.0 MB read
strata serve: prompt 29 tokens = 28 reused + 1 read in 0 ms (81967.2 tok/s), 1 generated in 36 ms (27.9 tok/s), drafts accepted 0 of 0, 1 checkpoints
strata serve: decode expert cache hit rate: 100.0% (164 hits / 164 lookups); 316 more read by the GPU over PCIe or from another GPU (65.8% of all 480 routed)
strata serve: resident RAM: 63.28 GiB of experts in RAM, 0 exchanged with the VRAM tier, 0 blob reads from the file
safetensors residency metrics: ram_bytes=67948118016 os_locked_bytes=0 cuda_pinned_bytes=67948118016 promotions=0 promoted_payload_bytes=0 expert_file_bytes=0 (cumulative; payload is not a physical PCIe counter)
safetensors ngram metrics: ple io: 1904 rows, 11.3% row-cache hits, 1688 SSD reads (7.2 MB), read p50 890 us p99 532387 us, blocked 689.575 ms total (submit 1.126 ms), cache 1688/1048576 rows, SSD kept awake by 5 reads (slowest 4.5 ms)
strata serve: expert tiers: GPU 164 hits this request; since the start RAM 30247 blobs, files 0 blobs 0.0 MB read
strata serve: prompt 30 tokens = 29 reused + 1 read in 0 ms (88495.6 tok/s), 1 generated in 35 ms (28.7 tok/s), drafts accepted 0 of 0, 1 checkpoints
strata serve: decode expert cache hit rate: 100.0% (153 hits / 153 lookups); 327 more read by the GPU over PCIe or from another GPU (68.1% of all 480 routed)
strata serve: resident RAM: 63.28 GiB of experts in RAM, 0 exchanged with the VRAM tier, 0 blob reads from the file
safetensors residency metrics: ram_bytes=67948118016 os_locked_bytes=0 cuda_pinned_bytes=67948118016 promotions=0 promoted_payload_bytes=0 expert_file_bytes=0 (cumulative; payload is not a physical PCIe counter)
safetensors ngram metrics: ple io: 1920 rows, 11.2% row-cache hits, 1704 SSD reads (7.3 MB), read p50 888 us p99 532387 us, blocked 690.576 ms total (submit 1.137 ms), cache 1704/1048576 rows, SSD kept awake by 5 reads (slowest 4.5 ms)
strata serve: expert tiers: GPU 153 hits this request; since the start RAM 30574 blobs, files 0 blobs 0.0 MB read
strata serve: prompt 31 tokens = 30 reused + 1 read in 0 ms (81300.8 tok/s), 1 generated in 39 ms (25.7 tok/s), drafts accepted 0 of 0, 1 checkpoints
strata serve: decode expert cache hit rate: 100.0% (114 hits / 114 lookups); 366 more read by the GPU over PCIe or from another GPU (76.2% of all 480 routed)
strata serve: resident RAM: 63.28 GiB of experts in RAM, 0 exchanged with the VRAM tier, 0 blob reads from the file
safetensors residency metrics: ram_bytes=67948118016 os_locked_bytes=0 cuda_pinned_bytes=67948118016 promotions=0 promoted_payload_bytes=0 expert_file_bytes=0 (cumulative; payload is not a physical PCIe counter)
safetensors ngram metrics: ple io: 1936 rows, 11.2% row-cache hits, 1720 SSD reads (7.3 MB), read p50 890 us p99 532387 us, blocked 692.419 ms total (submit 1.152 ms), cache 1720/1048576 rows, SSD kept awake by 5 reads (slowest 4.5 ms)
strata serve: expert tiers: GPU 114 hits this request; since the start RAM 30940 blobs, files 0 blobs 0.0 MB read
strata serve: prompt 32 tokens = 31 reused + 1 read in 0 ms (86206.9 tok/s), 1 generated in 35 ms (28.6 tok/s), drafts accepted 0 of 0, 1 checkpoints
strata serve: decode expert cache hit rate: 100.0% (161 hits / 161 lookups); 319 more read by the GPU over PCIe or from another GPU (66.5% of all 480 routed)
strata serve: resident RAM: 63.28 GiB of experts in RAM, 0 exchanged with the VRAM tier, 0 blob reads from the file
safetensors residency metrics: ram_bytes=67948118016 os_locked_bytes=0 cuda_pinned_bytes=67948118016 promotions=0 promoted_payload_bytes=0 expert_file_bytes=0 (cumulative; payload is not a physical PCIe counter)
safetensors ngram metrics: ple io: 1952 rows, 11.1% row-cache hits, 1736 SSD reads (7.4 MB), read p50 894 us p99 532387 us, blocked 694.150 ms total (submit 1.165 ms), cache 1736/1048576 rows, SSD kept awake by 5 reads (slowest 4.5 ms)
strata serve: expert tiers: GPU 161 hits this request; since the start RAM 31259 blobs, files 0 blobs 0.0 MB read
strata serve: prompt 33 tokens = 32 reused + 1 read in 0 ms (72992.7 tok/s), 1 generated in 35 ms (28.5 tok/s), drafts accepted 0 of 0, 1 checkpoints
strata serve: decode expert cache hit rate: 100.0% (152 hits / 152 lookups); 328 more read by the GPU over PCIe or from another GPU (68.3% of all 480 routed)
strata serve: resident RAM: 63.28 GiB of experts in RAM, 0 exchanged with the VRAM tier, 0 blob reads from the file
safetensors residency metrics: ram_bytes=67948118016 os_locked_bytes=0 cuda_pinned_bytes=67948118016 promotions=0 promoted_payload_bytes=0 expert_file_bytes=0 (cumulative; payload is not a physical PCIe counter)
safetensors ngram metrics: ple io: 1968 rows, 11.0% row-cache hits, 1752 SSD reads (7.5 MB), read p50 891 us p99 531647 us, blocked 695.138 ms total (submit 1.175 ms), cache 1752/1048576 rows, SSD kept awake by 5 reads (slowest 4.5 ms)
strata serve: expert tiers: GPU 152 hits this request; since the start RAM 31587 blobs, files 0 blobs 0.0 MB read
strata serve: prompt 34 tokens = 33 reused + 1 read in 0 ms (68493.2 tok/s), 1 generated in 34 ms (29.8 tok/s), drafts accepted 0 of 0, 1 checkpoints
strata serve: decode expert cache hit rate: 100.0% (171 hits / 171 lookups); 309 more read by the GPU over PCIe or from another GPU (64.4% of all 480 routed)
strata serve: resident RAM: 63.28 GiB of experts in RAM, 0 exchanged with the VRAM tier, 0 blob reads from the file
safetensors residency metrics: ram_bytes=67948118016 os_locked_bytes=0 cuda_pinned_bytes=67948118016 promotions=0 promoted_payload_bytes=0 expert_file_bytes=0 (cumulative; payload is not a physical PCIe counter)
safetensors ngram metrics: ple io: 1984 rows, 10.9% row-cache hits, 1768 SSD reads (7.5 MB), read p50 888 us p99 531647 us, blocked 696.198 ms total (submit 1.188 ms), cache 1768/1048576 rows, SSD kept awake by 5 reads (slowest 4.5 ms)
strata serve: expert tiers: GPU 171 hits this request; since the start RAM 31896 blobs, files 0 blobs 0.0 MB read
strata serve: prompt 35 tokens = 34 reused + 1 read in 0 ms (66666.7 tok/s), 1 generated in 35 ms (28.5 tok/s), drafts accepted 0 of 0, 1 checkpoints
strata serve: decode expert cache hit rate: 100.0% (156 hits / 156 lookups); 324 more read by the GPU over PCIe or from another GPU (67.5% of all 480 routed)
strata serve: resident RAM: 63.28 GiB of experts in RAM, 0 exchanged with the VRAM tier, 0 blob reads from the file
safetensors residency metrics: ram_bytes=67948118016 os_locked_bytes=0 cuda_pinned_bytes=67948118016 promotions=0 promoted_payload_bytes=0 expert_file_bytes=0 (cumulative; payload is not a physical PCIe counter)
safetensors ngram metrics: ple io: 2000 rows, 10.8% row-cache hits, 1784 SSD reads (7.6 MB), read p50 887 us p99 531647 us, blocked 697.265 ms total (submit 1.199 ms), cache 1784/1048576 rows, SSD kept awake by 5 reads (slowest 4.5 ms)
strata serve: expert tiers: GPU 156 hits this request; since the start RAM 32220 blobs, files 0 blobs 0.0 MB read
strata serve: prompt 36 tokens = 35 reused + 1 read in 0 ms (90090.1 tok/s), 1 generated in 30 ms (33.0 tok/s), drafts accepted 0 of 0, 1 checkpoints
strata serve: decode expert cache hit rate: 100.0% (224 hits / 224 lookups); 256 more read by the GPU over PCIe or from another GPU (53.3% of all 480 routed)
strata serve: resident RAM: 63.28 GiB of experts in RAM, 0 exchanged with the VRAM tier, 0 blob reads from the file
safetensors residency metrics: ram_bytes=67948118016 os_locked_bytes=0 cuda_pinned_bytes=67948118016 promotions=0 promoted_payload_bytes=0 expert_file_bytes=0 (cumulative; payload is not a physical PCIe counter)
safetensors ngram metrics: ple io: 2016 rows, 10.7% row-cache hits, 1800 SSD reads (7.7 MB), read p50 886 us p99 531647 us, blocked 698.447 ms total (submit 1.209 ms), cache 1800/1048576 rows, SSD kept awake by 5 reads (slowest 4.5 ms)
strata serve: expert tiers: GPU 224 hits this request; since the start RAM 32476 blobs, files 0 blobs 0.0 MB read
strata serve: prompt 37 tokens = 36 reused + 1 read in 0 ms (90090.1 tok/s), 1 generated in 36 ms (27.7 tok/s), drafts accepted 0 of 0, 1 checkpoints
strata serve: decode expert cache hit rate: 100.0% (141 hits / 141 lookups); 339 more read by the GPU over PCIe or from another GPU (70.6% of all 480 routed)
strata serve: resident RAM: 63.28 GiB of experts in RAM, 0 exchanged with the VRAM tier, 0 blob reads from the file
safetensors residency metrics: ram_bytes=67948118016 os_locked_bytes=0 cuda_pinned_bytes=67948118016 promotions=0 promoted_payload_bytes=0 expert_file_bytes=0 (cumulative; payload is not a physical PCIe counter)
safetensors ngram metrics: ple io: 2032 rows, 10.6% row-cache hits, 1816 SSD reads (7.7 MB), read p50 885 us p99 531647 us, blocked 699.677 ms total (submit 1.220 ms), cache 1816/1048576 rows, SSD kept awake by 5 reads (slowest 4.5 ms)
strata serve: expert tiers: GPU 141 hits this request; since the start RAM 32815 blobs, files 0 blobs 0.0 MB read
strata serve: prompt 38 tokens = 37 reused + 1 read in 0 ms (88495.6 tok/s), 1 generated in 32 ms (31.7 tok/s), drafts accepted 0 of 0, 1 checkpoints
strata serve: decode expert cache hit rate: 100.0% (198 hits / 198 lookups); 282 more read by the GPU over PCIe or from another GPU (58.8% of all 480 routed)
strata serve: resident RAM: 63.28 GiB of experts in RAM, 0 exchanged with the VRAM tier, 0 blob reads from the file
safetensors residency metrics: ram_bytes=67948118016 os_locked_bytes=0 cuda_pinned_bytes=67948118016 promotions=0 promoted_payload_bytes=0 expert_file_bytes=0 (cumulative; payload is not a physical PCIe counter)
safetensors ngram metrics: ple io: 2048 rows, 10.5% row-cache hits, 1832 SSD reads (7.8 MB), read p50 884 us p99 531647 us, blocked 700.712 ms total (submit 1.229 ms), cache 1832/1048576 rows, SSD kept awake by 5 reads (slowest 4.5 ms)
strata serve: expert tiers: GPU 198 hits this request; since the start RAM 33097 blobs, files 0 blobs 0.0 MB read
strata serve: prompt 39 tokens = 38 reused + 1 read in 0 ms (86206.9 tok/s), 1 generated in 33 ms (30.4 tok/s), drafts accepted 0 of 0, 1 checkpoints
strata serve: decode expert cache hit rate: 100.0% (190 hits / 190 lookups); 290 more read by the GPU over PCIe or from another GPU (60.4% of all 480 routed)
strata serve: resident RAM: 63.28 GiB of experts in RAM, 0 exchanged with the VRAM tier, 0 blob reads from the file
safetensors residency metrics: ram_bytes=67948118016 os_locked_bytes=0 cuda_pinned_bytes=67948118016 promotions=0 promoted_payload_bytes=0 expert_file_bytes=0 (cumulative; payload is not a physical PCIe counter)
safetensors ngram metrics: ple io: 2064 rows, 10.5% row-cache hits, 1848 SSD reads (7.9 MB), read p50 884 us p99 531647 us, blocked 701.866 ms total (submit 1.241 ms), cache 1848/1048576 rows, SSD kept awake by 5 reads (slowest 4.5 ms)
strata serve: expert tiers: GPU 190 hits this request; since the start RAM 33387 blobs, files 0 blobs 0.0 MB read
strata serve: prompt 40 tokens = 39 reused + 1 read in 0 ms (91743.1 tok/s), 1 generated in 35 ms (28.7 tok/s), drafts accepted 0 of 0, 1 checkpoints
strata serve: decode expert cache hit rate: 100.0% (171 hits / 171 lookups); 309 more read by the GPU over PCIe or from another GPU (64.4% of all 480 routed)
strata serve: resident RAM: 63.28 GiB of experts in RAM, 0 exchanged with the VRAM tier, 0 blob reads from the file
safetensors residency metrics: ram_bytes=67948118016 os_locked_bytes=0 cuda_pinned_bytes=67948118016 promotions=0 promoted_payload_bytes=0 expert_file_bytes=0 (cumulative; payload is not a physical PCIe counter)
safetensors ngram metrics: ple io: 2080 rows, 10.4% row-cache hits, 1864 SSD reads (8.0 MB), read p50 881 us p99 531310 us, blocked 704.230 ms total (submit 1.251 ms), cache 1864/1048576 rows, SSD kept awake by 5 reads (slowest 4.5 ms)
strata serve: expert tiers: GPU 171 hits this request; since the start RAM 33696 blobs, files 0 blobs 0.0 MB read
strata serve: prompt 41 tokens = 40 reused + 1 read in 0 ms (7042.3 tok/s), 1 generated in 35 ms (28.6 tok/s), drafts accepted 0 of 0, 1 checkpoints
strata serve: decode expert cache hit rate: 100.0% (151 hits / 151 lookups); 329 more read by the GPU over PCIe or from another GPU (68.5% of all 480 routed)
strata serve: resident RAM: 63.28 GiB of experts in RAM, 0 exchanged with the VRAM tier, 0 blob reads from the file
safetensors residency metrics: ram_bytes=67948118016 os_locked_bytes=0 cuda_pinned_bytes=67948118016 promotions=0 promoted_payload_bytes=0 expert_file_bytes=0 (cumulative; payload is not a physical PCIe counter)
safetensors ngram metrics: ple io: 2096 rows, 10.3% row-cache hits, 1880 SSD reads (8.0 MB), read p50 880 us p99 531310 us, blocked 705.417 ms total (submit 1.267 ms), cache 1880/1048576 rows, SSD kept awake by 5 reads (slowest 4.5 ms)
strata serve: expert tiers: GPU 151 hits this request; since the start RAM 34025 blobs, files 0 blobs 0.0 MB read
strata serve: prompt 42 tokens = 41 reused + 1 read in 0 ms (87719.3 tok/s), 1 generated in 36 ms (28.0 tok/s), drafts accepted 0 of 0, 1 checkpoints
strata serve: decode expert cache hit rate: 100.0% (146 hits / 146 lookups); 334 more read by the GPU over PCIe or from another GPU (69.6% of all 480 routed)
strata serve: resident RAM: 63.28 GiB of experts in RAM, 0 exchanged with the VRAM tier, 0 blob reads from the file
safetensors residency metrics: ram_bytes=67948118016 os_locked_bytes=0 cuda_pinned_bytes=67948118016 promotions=0 promoted_payload_bytes=0 expert_file_bytes=0 (cumulative; payload is not a physical PCIe counter)
safetensors ngram metrics: ple io: 2112 rows, 10.2% row-cache hits, 1896 SSD reads (8.1 MB), read p50 880 us p99 531310 us, blocked 706.600 ms total (submit 1.276 ms), cache 1896/1048576 rows, SSD kept awake by 5 reads (slowest 4.5 ms)
strata serve: expert tiers: GPU 146 hits this request; since the start RAM 34359 blobs, files 0 blobs 0.0 MB read
strata serve: prompt 43 tokens = 42 reused + 1 read in 0 ms (87719.3 tok/s), 1 generated in 36 ms (28.2 tok/s), drafts accepted 0 of 0, 1 checkpoints
strata serve: decode expert cache hit rate: 100.0% (144 hits / 144 lookups); 336 more read by the GPU over PCIe or from another GPU (70.0% of all 480 routed)
strata serve: resident RAM: 63.28 GiB of experts in RAM, 0 exchanged with the VRAM tier, 0 blob reads from the file
safetensors residency metrics: ram_bytes=67948118016 os_locked_bytes=0 cuda_pinned_bytes=67948118016 promotions=0 promoted_payload_bytes=0 expert_file_bytes=0 (cumulative; payload is not a physical PCIe counter)
safetensors ngram metrics: ple io: 2128 rows, 10.2% row-cache hits, 1912 SSD reads (8.2 MB), read p50 880 us p99 531310 us, blocked 707.848 ms total (submit 1.289 ms), cache 1912/1048576 rows, SSD kept awake by 5 reads (slowest 4.5 ms)
strata serve: expert tiers: GPU 144 hits this request; since the start RAM 34695 blobs, files 0 blobs 0.0 MB read
strata serve: prompt 44 tokens = 43 reused + 1 read in 0 ms (70422.5 tok/s), 1 generated in 25 ms (39.3 tok/s), drafts accepted 0 of 0, 1 checkpoints
strata serve: decode expert cache hit rate: 100.0% (295 hits / 295 lookups); 185 more read by the GPU over PCIe or from another GPU (38.5% of all 480 routed)
strata serve: resident RAM: 63.28 GiB of experts in RAM, 0 exchanged with the VRAM tier, 0 blob reads from the file
safetensors residency metrics: ram_bytes=67948118016 os_locked_bytes=0 cuda_pinned_bytes=67948118016 promotions=0 promoted_payload_bytes=0 expert_file_bytes=0 (cumulative; payload is not a physical PCIe counter)
safetensors ngram metrics: ple io: 2144 rows, 10.1% row-cache hits, 1928 SSD reads (8.2 MB), read p50 878 us p99 531310 us, blocked 709.023 ms total (submit 1.297 ms), cache 1928/1048576 rows, SSD kept awake by 5 reads (slowest 4.5 ms)
strata serve: expert tiers: GPU 295 hits this request; since the start RAM 34880 blobs, files 0 blobs 0.0 MB read
strata serve: prompt 45 tokens = 44 reused + 1 read in 0 ms (72463.8 tok/s), 1 generated in 33 ms (29.9 tok/s), drafts accepted 0 of 0, 1 checkpoints
strata serve: decode expert cache hit rate: 100.0% (179 hits / 179 lookups); 301 more read by the GPU over PCIe or from another GPU (62.7% of all 480 routed)
strata serve: resident RAM: 63.28 GiB of experts in RAM, 0 exchanged with the VRAM tier, 0 blob reads from the file
safetensors residency metrics: ram_bytes=67948118016 os_locked_bytes=0 cuda_pinned_bytes=67948118016 promotions=0 promoted_payload_bytes=0 expert_file_bytes=0 (cumulative; payload is not a physical PCIe counter)
safetensors ngram metrics: ple io: 2160 rows, 10.0% row-cache hits, 1944 SSD reads (8.3 MB), read p50 878 us p99 531310 us, blocked 710.119 ms total (submit 1.307 ms), cache 1944/1048576 rows, SSD kept awake by 5 reads (slowest 4.5 ms)
strata serve: expert tiers: GPU 179 hits this request; since the start RAM 35181 blobs, files 0 blobs 0.0 MB read
strata serve: prompt 46 tokens = 45 reused + 1 read in 0 ms (91743.1 tok/s), 1 generated in 34 ms (29.1 tok/s), drafts accepted 0 of 0, 1 checkpoints
strata serve: decode expert cache hit rate: 100.0% (159 hits / 159 lookups); 321 more read by the GPU over PCIe or from another GPU (66.9% of all 480 routed)
strata serve: resident RAM: 63.28 GiB of experts in RAM, 0 exchanged with the VRAM tier, 0 blob reads from the file
safetensors residency metrics: ram_bytes=67948118016 os_locked_bytes=0 cuda_pinned_bytes=67948118016 promotions=0 promoted_payload_bytes=0 expert_file_bytes=0 (cumulative; payload is not a physical PCIe counter)
safetensors ngram metrics: ple io: 2176 rows, 9.9% row-cache hits, 1960 SSD reads (8.4 MB), read p50 877 us p99 530424 us, blocked 711.222 ms total (submit 1.315 ms), cache 1960/1048576 rows, SSD kept awake by 5 reads (slowest 4.5 ms)
strata serve: expert tiers: GPU 159 hits this request; since the start RAM 35502 blobs, files 0 blobs 0.0 MB read
strata serve: prompt 47 tokens = 46 reused + 1 read in 0 ms (93457.9 tok/s), 1 generated in 34 ms (29.1 tok/s), drafts accepted 0 of 0, 1 checkpoints
strata serve: decode expert cache hit rate: 100.0% (151 hits / 151 lookups); 329 more read by the GPU over PCIe or from another GPU (68.5% of all 480 routed)
strata serve: resident RAM: 63.28 GiB of experts in RAM, 0 exchanged with the VRAM tier, 0 blob reads from the file
safetensors residency metrics: ram_bytes=67948118016 os_locked_bytes=0 cuda_pinned_bytes=67948118016 promotions=0 promoted_payload_bytes=0 expert_file_bytes=0 (cumulative; payload is not a physical PCIe counter)
safetensors ngram metrics: ple io: 2192 rows, 10.2% row-cache hits, 1968 SSD reads (8.4 MB), read p50 876 us p99 530424 us, blocked 711.741 ms total (submit 1.325 ms), cache 1968/1048576 rows, SSD kept awake by 5 reads (slowest 4.5 ms)
strata serve: expert tiers: GPU 151 hits this request; since the start RAM 35831 blobs, files 0 blobs 0.0 MB read
strata serve: prompt 48 tokens = 47 reused + 1 read in 0 ms (94339.6 tok/s), 1 generated in 36 ms (27.7 tok/s), drafts accepted 0 of 0, 1 checkpoints
strata serve: decode expert cache hit rate: 100.0% (150 hits / 150 lookups); 330 more read by the GPU over PCIe or from another GPU (68.8% of all 480 routed)
strata serve: resident RAM: 63.28 GiB of experts in RAM, 0 exchanged with the VRAM tier, 0 blob reads from the file
safetensors residency metrics: ram_bytes=67948118016 os_locked_bytes=0 cuda_pinned_bytes=67948118016 promotions=0 promoted_payload_bytes=0 expert_file_bytes=0 (cumulative; payload is not a physical PCIe counter)
safetensors ngram metrics: ple io: 2208 rows, 10.1% row-cache hits, 1984 SSD reads (8.5 MB), read p50 877 us p99 530424 us, blocked 713.755 ms total (submit 1.349 ms), cache 1984/1048576 rows, SSD kept awake by 5 reads (slowest 4.5 ms)
strata serve: expert tiers: GPU 150 hits this request; since the start RAM 36161 blobs, files 0 blobs 0.0 MB read
strata serve: prompt 49 tokens = 48 reused + 1 read in 0 ms (71942.4 tok/s), 1 generated in 36 ms (27.9 tok/s), drafts accepted 0 of 0, 1 checkpoints
strata serve: decode expert cache hit rate: 100.0% (140 hits / 140 lookups); 340 more read by the GPU over PCIe or from another GPU (70.8% of all 480 routed)
strata serve: resident RAM: 63.28 GiB of experts in RAM, 0 exchanged with the VRAM tier, 0 blob reads from the file
safetensors residency metrics: ram_bytes=67948118016 os_locked_bytes=0 cuda_pinned_bytes=67948118016 promotions=0 promoted_payload_bytes=0 expert_file_bytes=0 (cumulative; payload is not a physical PCIe counter)
safetensors ngram metrics: ple io: 2224 rows, 10.1% row-cache hits, 2000 SSD reads (8.5 MB), read p50 876 us p99 530424 us, blocked 714.819 ms total (submit 1.358 ms), cache 2000/1048576 rows, SSD kept awake by 5 reads (slowest 4.5 ms)
strata serve: expert tiers: GPU 140 hits this request; since the start RAM 36501 blobs, files 0 blobs 0.0 MB read
strata serve: prompt 50 tokens = 49 reused + 1 read in 0 ms (62500.0 tok/s), 1 generated in 35 ms (28.8 tok/s), drafts accepted 0 of 0, 1 checkpoints
strata serve: decode expert cache hit rate: 100.0% (153 hits / 153 lookups); 327 more read by the GPU over PCIe or from another GPU (68.1% of all 480 routed)
strata serve: resident RAM: 63.28 GiB of experts in RAM, 0 exchanged with the VRAM tier, 0 blob reads from the file
safetensors residency metrics: ram_bytes=67948118016 os_locked_bytes=0 cuda_pinned_bytes=67948118016 promotions=0 promoted_payload_bytes=0 expert_file_bytes=0 (cumulative; payload is not a physical PCIe counter)
safetensors ngram metrics: ple io: 2240 rows, 10.0% row-cache hits, 2016 SSD reads (8.6 MB), read p50 872 us p99 530424 us, blocked 715.872 ms total (submit 1.367 ms), cache 2016/1048576 rows, SSD kept awake by 5 reads (slowest 4.5 ms)
strata serve: expert tiers: GPU 153 hits this request; since the start RAM 36828 blobs, files 0 blobs 0.0 MB read
strata serve: prompt 51 tokens = 50 reused + 1 read in 0 ms (62500.0 tok/s), 1 generated in 35 ms (28.4 tok/s), drafts accepted 0 of 0, 1 checkpoints
strata serve: decode expert cache hit rate: 100.0% (159 hits / 159 lookups); 321 more read by the GPU over PCIe or from another GPU (66.9% of all 480 routed)
strata serve: resident RAM: 63.28 GiB of experts in RAM, 0 exchanged with the VRAM tier, 0 blob reads from the file
safetensors residency metrics: ram_bytes=67948118016 os_locked_bytes=0 cuda_pinned_bytes=67948118016 promotions=0 promoted_payload_bytes=0 expert_file_bytes=0 (cumulative; payload is not a physical PCIe counter)
safetensors ngram metrics: ple io: 2256 rows, 9.9% row-cache hits, 2032 SSD reads (8.7 MB), read p50 871 us p99 530424 us, blocked 717.002 ms total (submit 1.389 ms), cache 2032/1048576 rows, SSD kept awake by 5 reads (slowest 4.5 ms)
strata serve: expert tiers: GPU 159 hits this request; since the start RAM 37149 blobs, files 0 blobs 0.0 MB read
strata serve: prompt 52 tokens = 51 reused + 1 read in 0 ms (62500.0 tok/s), 1 generated in 35 ms (28.7 tok/s), drafts accepted 0 of 0, 1 checkpoints
strata serve: decode expert cache hit rate: 100.0% (163 hits / 163 lookups); 317 more read by the GPU over PCIe or from another GPU (66.0% of all 480 routed)
strata serve: resident RAM: 63.28 GiB of experts in RAM, 0 exchanged with the VRAM tier, 0 blob reads from the file
safetensors residency metrics: ram_bytes=67948118016 os_locked_bytes=0 cuda_pinned_bytes=67948118016 promotions=0 promoted_payload_bytes=0 expert_file_bytes=0 (cumulative; payload is not a physical PCIe counter)
safetensors ngram metrics: ple io: 2272 rows, 9.9% row-cache hits, 2048 SSD reads (8.7 MB), read p50 871 us p99 530424 us, blocked 718.103 ms total (submit 1.404 ms), cache 2048/1048576 rows, SSD kept awake by 5 reads (slowest 4.5 ms)
strata serve: expert tiers: GPU 163 hits this request; since the start RAM 37466 blobs, files 0 blobs 0.0 MB read
strata serve: prompt 53 tokens = 52 reused + 1 read in 0 ms (64102.6 tok/s), 1 generated in 36 ms (28.0 tok/s), drafts accepted 0 of 0, 1 checkpoints
strata serve: decode expert cache hit rate: 100.0% (153 hits / 153 lookups); 327 more read by the GPU over PCIe or from another GPU (68.1% of all 480 routed)
strata serve: resident RAM: 63.28 GiB of experts in RAM, 0 exchanged with the VRAM tier, 0 blob reads from the file
safetensors residency metrics: ram_bytes=67948118016 os_locked_bytes=0 cuda_pinned_bytes=67948118016 promotions=0 promoted_payload_bytes=0 expert_file_bytes=0 (cumulative; payload is not a physical PCIe counter)
safetensors ngram metrics: ple io: 2288 rows, 9.8% row-cache hits, 2064 SSD reads (8.8 MB), read p50 870 us p99 530354 us, blocked 719.835 ms total (submit 1.437 ms), cache 2064/1048576 rows, SSD kept awake by 5 reads (slowest 4.5 ms)
strata serve: expert tiers: GPU 153 hits this request; since the start RAM 37793 blobs, files 0 blobs 0.0 MB read
strata serve: prompt 54 tokens = 53 reused + 1 read in 0 ms (74074.1 tok/s), 1 generated in 35 ms (28.6 tok/s), drafts accepted 0 of 0, 1 checkpoints
strata serve: decode expert cache hit rate: 100.0% (152 hits / 152 lookups); 328 more read by the GPU over PCIe or from another GPU (68.3% of all 480 routed)
strata serve: resident RAM: 63.28 GiB of experts in RAM, 0 exchanged with the VRAM tier, 0 blob reads from the file
safetensors residency metrics: ram_bytes=67948118016 os_locked_bytes=0 cuda_pinned_bytes=67948118016 promotions=0 promoted_payload_bytes=0 expert_file_bytes=0 (cumulative; payload is not a physical PCIe counter)
safetensors ngram metrics: ple io: 2304 rows, 9.7% row-cache hits, 2080 SSD reads (8.9 MB), read p50 870 us p99 530354 us, blocked 720.961 ms total (submit 1.447 ms), cache 2080/1048576 rows, SSD kept awake by 5 reads (slowest 4.5 ms)
strata serve: expert tiers: GPU 152 hits this request; since the start RAM 38121 blobs, files 0 blobs 0.0 MB read
strata serve: prompt 55 tokens = 54 reused + 1 read in 0 ms (86206.9 tok/s), 1 generated in 34 ms (29.2 tok/s), drafts accepted 0 of 0, 1 checkpoints
strata serve: decode expert cache hit rate: 100.0% (160 hits / 160 lookups); 320 more read by the GPU over PCIe or from another GPU (66.7% of all 480 routed)
strata serve: resident RAM: 63.28 GiB of experts in RAM, 0 exchanged with the VRAM tier, 0 blob reads from the file
safetensors residency metrics: ram_bytes=67948118016 os_locked_bytes=0 cuda_pinned_bytes=67948118016 promotions=0 promoted_payload_bytes=0 expert_file_bytes=0 (cumulative; payload is not a physical PCIe counter)
safetensors ngram metrics: ple io: 2320 rows, 9.7% row-cache hits, 2096 SSD reads (8.9 MB), read p50 870 us p99 530354 us, blocked 722.201 ms total (submit 1.457 ms), cache 2096/1048576 rows, SSD kept awake by 5 reads (slowest 4.5 ms)
strata serve: expert tiers: GPU 160 hits this request; since the start RAM 38441 blobs, files 0 blobs 0.0 MB read
strata serve: prompt 56 tokens = 55 reused + 1 read in 0 ms (75757.6 tok/s), 1 generated in 35 ms (28.3 tok/s), drafts accepted 0 of 0, 1 checkpoints
strata serve: decode expert cache hit rate: 100.0% (148 hits / 148 lookups); 332 more read by the GPU over PCIe or from another GPU (69.2% of all 480 routed)
strata serve: resident RAM: 63.28 GiB of experts in RAM, 0 exchanged with the VRAM tier, 0 blob reads from the file
safetensors residency metrics: ram_bytes=67948118016 os_locked_bytes=0 cuda_pinned_bytes=67948118016 promotions=0 promoted_payload_bytes=0 expert_file_bytes=0 (cumulative; payload is not a physical PCIe counter)
safetensors ngram metrics: ple io: 2336 rows, 9.6% row-cache hits, 2112 SSD reads (9.0 MB), read p50 867 us p99 530354 us, blocked 723.411 ms total (submit 1.485 ms), cache 2112/1048576 rows, SSD kept awake by 5 reads (slowest 4.5 ms)
strata serve: expert tiers: GPU 148 hits this request; since the start RAM 38773 blobs, files 0 blobs 0.0 MB read
strata serve: prompt 57 tokens = 56 reused + 1 read in 0 ms (64102.6 tok/s), 1 generated in 37 ms (26.9 tok/s), drafts accepted 0 of 0, 1 checkpoints
strata serve: decode expert cache hit rate: 100.0% (137 hits / 137 lookups); 343 more read by the GPU over PCIe or from another GPU (71.5% of all 480 routed)
strata serve: resident RAM: 63.28 GiB of experts in RAM, 0 exchanged with the VRAM tier, 0 blob reads from the file
safetensors residency metrics: ram_bytes=67948118016 os_locked_bytes=0 cuda_pinned_bytes=67948118016 promotions=0 promoted_payload_bytes=0 expert_file_bytes=0 (cumulative; payload is not a physical PCIe counter)
safetensors ngram metrics: ple io: 2352 rows, 9.5% row-cache hits, 2128 SSD reads (9.1 MB), read p50 867 us p99 530354 us, blocked 725.193 ms total (submit 1.496 ms), cache 2128/1048576 rows, SSD kept awake by 5 reads (slowest 4.5 ms)
strata serve: expert tiers: GPU 137 hits this request; since the start RAM 39116 blobs, files 0 blobs 0.0 MB read
strata serve: prompt 58 tokens = 57 reused + 1 read in 0 ms (74626.9 tok/s), 1 generated in 33 ms (30.1 tok/s), drafts accepted 0 of 0, 1 checkpoints
strata serve: decode expert cache hit rate: 100.0% (178 hits / 178 lookups); 302 more read by the GPU over PCIe or from another GPU (62.9% of all 480 routed)
strata serve: resident RAM: 63.28 GiB of experts in RAM, 0 exchanged with the VRAM tier, 0 blob reads from the file
safetensors residency metrics: ram_bytes=67948118016 os_locked_bytes=0 cuda_pinned_bytes=67948118016 promotions=0 promoted_payload_bytes=0 expert_file_bytes=0 (cumulative; payload is not a physical PCIe counter)
safetensors ngram metrics: ple io: 2368 rows, 9.5% row-cache hits, 2144 SSD reads (9.2 MB), read p50 864 us p99 530354 us, blocked 726.287 ms total (submit 1.508 ms), cache 2144/1048576 rows, SSD kept awake by 5 reads (slowest 4.5 ms)
strata serve: expert tiers: GPU 178 hits this request; since the start RAM 39418 blobs, files 0 blobs 0.0 MB read
strata serve: prompt 59 tokens = 58 reused + 1 read in 0 ms (90090.1 tok/s), 1 generated in 29 ms (35.0 tok/s), drafts accepted 0 of 0, 1 checkpoints
strata serve: decode expert cache hit rate: 100.0% (252 hits / 252 lookups); 228 more read by the GPU over PCIe or from another GPU (47.5% of all 480 routed)
strata serve: resident RAM: 63.28 GiB of experts in RAM, 0 exchanged with the VRAM tier, 0 blob reads from the file
safetensors residency metrics: ram_bytes=67948118016 os_locked_bytes=0 cuda_pinned_bytes=67948118016 promotions=0 promoted_payload_bytes=0 expert_file_bytes=0 (cumulative; payload is not a physical PCIe counter)
safetensors ngram metrics: ple io: 2384 rows, 9.4% row-cache hits, 2160 SSD reads (9.2 MB), read p50 863 us p99 530258 us, blocked 727.474 ms total (submit 1.516 ms), cache 2160/1048576 rows, SSD kept awake by 5 reads (slowest 4.5 ms)
strata serve: expert tiers: GPU 252 hits this request; since the start RAM 39646 blobs, files 0 blobs 0.0 MB read
strata serve: prompt 60 tokens = 59 reused + 1 read in 0 ms (93457.9 tok/s), 1 generated in 33 ms (30.7 tok/s), drafts accepted 0 of 0, 1 checkpoints
strata serve: decode expert cache hit rate: 100.0% (195 hits / 195 lookups); 285 more read by the GPU over PCIe or from another GPU (59.4% of all 480 routed)
strata serve: resident RAM: 63.28 GiB of experts in RAM, 0 exchanged with the VRAM tier, 0 blob reads from the file
safetensors residency metrics: ram_bytes=67948118016 os_locked_bytes=0 cuda_pinned_bytes=67948118016 promotions=0 promoted_payload_bytes=0 expert_file_bytes=0 (cumulative; payload is not a physical PCIe counter)
safetensors ngram metrics: ple io: 2400 rows, 9.3% row-cache hits, 2176 SSD reads (9.3 MB), read p50 863 us p99 530258 us, blocked 728.629 ms total (submit 1.525 ms), cache 2176/1048576 rows, SSD kept awake by 5 reads (slowest 4.5 ms)
strata serve: expert tiers: GPU 195 hits this request; since the start RAM 39931 blobs, files 0 blobs 0.0 MB read
strata serve: prompt 61 tokens = 60 reused + 1 read in 0 ms (85470.1 tok/s), 1 generated in 29 ms (34.7 tok/s), drafts accepted 0 of 0, 1 checkpoints
strata serve: decode expert cache hit rate: 100.0% (246 hits / 246 lookups); 234 more read by the GPU over PCIe or from another GPU (48.8% of all 480 routed)
strata serve: resident RAM: 63.28 GiB of experts in RAM, 0 exchanged with the VRAM tier, 0 blob reads from the file
safetensors residency metrics: ram_bytes=67948118016 os_locked_bytes=0 cuda_pinned_bytes=67948118016 promotions=0 promoted_payload_bytes=0 expert_file_bytes=0 (cumulative; payload is not a physical PCIe counter)
safetensors ngram metrics: ple io: 2416 rows, 9.3% row-cache hits, 2192 SSD reads (9.4 MB), read p50 861 us p99 530258 us, blocked 729.658 ms total (submit 1.538 ms), cache 2192/1048576 rows, SSD kept awake by 5 reads (slowest 4.5 ms)
strata serve: expert tiers: GPU 246 hits this request; since the start RAM 40165 blobs, files 0 blobs 0.0 MB read
strata serve: prompt 62 tokens = 61 reused + 1 read in 0 ms (90090.1 tok/s), 1 generated in 34 ms (29.0 tok/s), drafts accepted 0 of 0, 1 checkpoints
strata serve: decode expert cache hit rate: 100.0% (165 hits / 165 lookups); 315 more read by the GPU over PCIe or from another GPU (65.6% of all 480 routed)
strata serve: resident RAM: 63.28 GiB of experts in RAM, 0 exchanged with the VRAM tier, 0 blob reads from the file
safetensors residency metrics: ram_bytes=67948118016 os_locked_bytes=0 cuda_pinned_bytes=67948118016 promotions=0 promoted_payload_bytes=0 expert_file_bytes=0 (cumulative; payload is not a physical PCIe counter)
safetensors ngram metrics: ple io: 2432 rows, 9.2% row-cache hits, 2208 SSD reads (9.4 MB), read p50 859 us p99 530258 us, blocked 730.758 ms total (submit 1.548 ms), cache 2208/1048576 rows, SSD kept awake by 5 reads (slowest 4.5 ms)
strata serve: expert tiers: GPU 165 hits this request; since the start RAM 40480 blobs, files 0 blobs 0.0 MB read
strata serve: prompt 63 tokens = 62 reused + 1 read in 0 ms (74626.9 tok/s), 1 generated in 34 ms (29.6 tok/s), drafts accepted 0 of 0, 1 checkpoints
strata serve: decode expert cache hit rate: 100.0% (170 hits / 170 lookups); 310 more read by the GPU over PCIe or from another GPU (64.6% of all 480 routed)
strata serve: resident RAM: 63.28 GiB of experts in RAM, 0 exchanged with the VRAM tier, 0 blob reads from the file
safetensors residency metrics: ram_bytes=67948118016 os_locked_bytes=0 cuda_pinned_bytes=67948118016 promotions=0 promoted_payload_bytes=0 expert_file_bytes=0 (cumulative; payload is not a physical PCIe counter)
safetensors ngram metrics: ple io: 2448 rows, 9.2% row-cache hits, 2224 SSD reads (9.5 MB), read p50 858 us p99 530258 us, blocked 731.871 ms total (submit 1.561 ms), cache 2224/1048576 rows, SSD kept awake by 5 reads (slowest 4.5 ms)
strata serve: expert tiers: GPU 170 hits this request; since the start RAM 40790 blobs, files 0 blobs 0.0 MB read
strata serve: prompt 64 tokens = 63 reused + 1 read in 0 ms (90090.1 tok/s), 1 generated in 35 ms (28.5 tok/s), drafts accepted 0 of 0, 1 checkpoints
strata serve: decode expert cache hit rate: 100.0% (151 hits / 151 lookups); 329 more read by the GPU over PCIe or from another GPU (68.5% of all 480 routed)
strata serve: resident RAM: 63.28 GiB of experts in RAM, 0 exchanged with the VRAM tier, 0 blob reads from the file
safetensors residency metrics: ram_bytes=67948118016 os_locked_bytes=0 cuda_pinned_bytes=67948118016 promotions=0 promoted_payload_bytes=0 expert_file_bytes=0 (cumulative; payload is not a physical PCIe counter)
safetensors ngram metrics: ple io: 2464 rows, 9.1% row-cache hits, 2240 SSD reads (9.6 MB), read p50 858 us p99 530258 us, blocked 733.075 ms total (submit 1.570 ms), cache 2240/1048576 rows, SSD kept awake by 5 reads (slowest 4.5 ms)
strata serve: expert tiers: GPU 151 hits this request; since the start RAM 41119 blobs, files 0 blobs 0.0 MB read
strata serve: prompt 65 tokens = 64 reused + 1 read in 0 ms (88495.6 tok/s), 1 generated in 34 ms (29.5 tok/s), drafts accepted 0 of 0, 1 checkpoints
strata serve: decode expert cache hit rate: 100.0% (171 hits / 171 lookups); 309 more read by the GPU over PCIe or from another GPU (64.4% of all 480 routed)
strata serve: resident RAM: 63.28 GiB of experts in RAM, 0 exchanged with the VRAM tier, 0 blob reads from the file
safetensors residency metrics: ram_bytes=67948118016 os_locked_bytes=0 cuda_pinned_bytes=67948118016 promotions=0 promoted_payload_bytes=0 expert_file_bytes=0 (cumulative; payload is not a physical PCIe counter)
safetensors ngram metrics: ple io: 2480 rows, 9.0% row-cache hits, 2256 SSD reads (9.6 MB), read p50 857 us p99 530045 us, blocked 734.146 ms total (submit 1.581 ms), cache 2256/1048576 rows, SSD kept awake by 5 reads (slowest 4.5 ms)
strata serve: expert tiers: GPU 171 hits this request; since the start RAM 41428 blobs, files 0 blobs 0.0 MB read
strata serve: prompt 66 tokens = 65 reused + 1 read in 0 ms (89285.7 tok/s), 1 generated in 31 ms (32.0 tok/s), drafts accepted 0 of 0, 1 checkpoints
strata serve: decode expert cache hit rate: 100.0% (198 hits / 198 lookups); 282 more read by the GPU over PCIe or from another GPU (58.8% of all 480 routed)
strata serve: resident RAM: 63.28 GiB of experts in RAM, 0 exchanged with the VRAM tier, 0 blob reads from the file
safetensors residency metrics: ram_bytes=67948118016 os_locked_bytes=0 cuda_pinned_bytes=67948118016 promotions=0 promoted_payload_bytes=0 expert_file_bytes=0 (cumulative; payload is not a physical PCIe counter)
safetensors ngram metrics: ple io: 2496 rows, 9.3% row-cache hits, 2264 SSD reads (9.7 MB), read p50 853 us p99 530045 us, blocked 734.613 ms total (submit 1.590 ms), cache 2264/1048576 rows, SSD kept awake by 5 reads (slowest 4.5 ms)
strata serve: expert tiers: GPU 198 hits this request; since the start RAM 41710 blobs, files 0 blobs 0.0 MB read
strata serve: prompt 67 tokens = 66 reused + 1 read in 0 ms (83333.3 tok/s), 1 generated in 34 ms (29.7 tok/s), drafts accepted 0 of 0, 1 checkpoints
strata serve: decode expert cache hit rate: 100.0% (168 hits / 168 lookups); 312 more read by the GPU over PCIe or from another GPU (65.0% of all 480 routed)
strata serve: resident RAM: 63.28 GiB of experts in RAM, 0 exchanged with the VRAM tier, 0 blob reads from the file
safetensors residency metrics: ram_bytes=67948118016 os_locked_bytes=0 cuda_pinned_bytes=67948118016 promotions=0 promoted_payload_bytes=0 expert_file_bytes=0 (cumulative; payload is not a physical PCIe counter)
safetensors ngram metrics: ple io: 2512 rows, 9.9% row-cache hits, 2264 SSD reads (9.7 MB), read p50 853 us p99 530045 us, blocked 734.614 ms total (submit 1.590 ms), cache 2264/1048576 rows, SSD kept awake by 5 reads (slowest 4.5 ms)
strata serve: expert tiers: GPU 168 hits this request; since the start RAM 42022 blobs, files 0 blobs 0.0 MB read
strata serve: prompt 68 tokens = 67 reused + 1 read in 0 ms (85470.1 tok/s), 1 generated in 33 ms (30.2 tok/s), drafts accepted 0 of 0, 1 checkpoints
strata serve: decode expert cache hit rate: 100.0% (172 hits / 172 lookups); 308 more read by the GPU over PCIe or from another GPU (64.2% of all 480 routed)
strata serve: resident RAM: 63.28 GiB of experts in RAM, 0 exchanged with the VRAM tier, 0 blob reads from the file
safetensors residency metrics: ram_bytes=67948118016 os_locked_bytes=0 cuda_pinned_bytes=67948118016 promotions=0 promoted_payload_bytes=0 expert_file_bytes=0 (cumulative; payload is not a physical PCIe counter)
safetensors ngram metrics: ple io: 2528 rows, 10.4% row-cache hits, 2264 SSD reads (9.7 MB), read p50 853 us p99 530045 us, blocked 734.614 ms total (submit 1.590 ms), cache 2264/1048576 rows, SSD kept awake by 6 reads (slowest 4.5 ms)
strata serve: expert tiers: GPU 172 hits this request; since the start RAM 42330 blobs, files 0 blobs 0.0 MB read
strata serve: prompt 69 tokens = 68 reused + 1 read in 0 ms (80645.2 tok/s), 1 generated in 26 ms (37.8 tok/s), drafts accepted 0 of 0, 1 checkpoints
strata serve: decode expert cache hit rate: 100.0% (282 hits / 282 lookups); 198 more read by the GPU over PCIe or from another GPU (41.2% of all 480 routed)
strata serve: resident RAM: 63.28 GiB of experts in RAM, 0 exchanged with the VRAM tier, 0 blob reads from the file
safetensors residency metrics: ram_bytes=67948118016 os_locked_bytes=0 cuda_pinned_bytes=67948118016 promotions=0 promoted_payload_bytes=0 expert_file_bytes=0 (cumulative; payload is not a physical PCIe counter)
safetensors ngram metrics: ple io: 2544 rows, 10.4% row-cache hits, 2280 SSD reads (9.7 MB), read p50 851 us p99 530045 us, blocked 735.701 ms total (submit 1.601 ms), cache 2280/1048576 rows, SSD kept awake by 6 reads (slowest 4.5 ms)
strata serve: expert tiers: GPU 282 hits this request; since the start RAM 42528 blobs, files 0 blobs 0.0 MB read
strata serve: prompt 70 tokens = 69 reused + 1 read in 0 ms (71942.4 tok/s), 1 generated in 34 ms (29.8 tok/s), drafts accepted 0 of 0, 1 checkpoints
strata serve: decode expert cache hit rate: 100.0% (174 hits / 174 lookups); 306 more read by the GPU over PCIe or from another GPU (63.8% of all 480 routed)
strata serve: resident RAM: 63.28 GiB of experts in RAM, 0 exchanged with the VRAM tier, 0 blob reads from the file
safetensors residency metrics: ram_bytes=67948118016 os_locked_bytes=0 cuda_pinned_bytes=67948118016 promotions=0 promoted_payload_bytes=0 expert_file_bytes=0 (cumulative; payload is not a physical PCIe counter)
safetensors ngram metrics: ple io: 2560 rows, 10.3% row-cache hits, 2296 SSD reads (9.8 MB), read p50 850 us p99 530045 us, blocked 736.798 ms total (submit 1.618 ms), cache 2296/1048576 rows, SSD kept awake by 6 reads (slowest 4.5 ms)
strata serve: expert tiers: GPU 174 hits this request; since the start RAM 42834 blobs, files 0 blobs 0.0 MB read
strata serve: prompt 71 tokens = 70 reused + 1 read in 0 ms (75188.0 tok/s), 1 generated in 35 ms (28.3 tok/s), drafts accepted 0 of 0, 1 checkpoints
strata serve: decode expert cache hit rate: 100.0% (156 hits / 156 lookups); 324 more read by the GPU over PCIe or from another GPU (67.5% of all 480 routed)
strata serve: resident RAM: 63.28 GiB of experts in RAM, 0 exchanged with the VRAM tier, 0 blob reads from the file
safetensors residency metrics: ram_bytes=67948118016 os_locked_bytes=0 cuda_pinned_bytes=67948118016 promotions=0 promoted_payload_bytes=0 expert_file_bytes=0 (cumulative; payload is not a physical PCIe counter)
safetensors ngram metrics: ple io: 2576 rows, 10.2% row-cache hits, 2312 SSD reads (9.9 MB), read p50 849 us p99 530045 us, blocked 737.788 ms total (submit 1.634 ms), cache 2312/1048576 rows, SSD kept awake by 6 reads (slowest 4.5 ms)
strata serve: expert tiers: GPU 156 hits this request; since the start RAM 43158 blobs, files 0 blobs 0.0 MB read
strata serve: prompt 72 tokens = 71 reused + 1 read in 0 ms (64516.1 tok/s), 1 generated in 34 ms (29.4 tok/s), drafts accepted 0 of 0, 1 checkpoints
strata serve: decode expert cache hit rate: 100.0% (172 hits / 172 lookups); 308 more read by the GPU over PCIe or from another GPU (64.2% of all 480 routed)
strata serve: resident RAM: 63.28 GiB of experts in RAM, 0 exchanged with the VRAM tier, 0 blob reads from the file
safetensors residency metrics: ram_bytes=67948118016 os_locked_bytes=0 cuda_pinned_bytes=67948118016 promotions=0 promoted_payload_bytes=0 expert_file_bytes=0 (cumulative; payload is not a physical PCIe counter)
safetensors ngram metrics: ple io: 2592 rows, 10.2% row-cache hits, 2328 SSD reads (9.9 MB), read p50 849 us p99 530045 us, blocked 739.018 ms total (submit 1.645 ms), cache 2328/1048576 rows, SSD kept awake by 6 reads (slowest 4.5 ms)
strata serve: expert tiers: GPU 172 hits this request; since the start RAM 43466 blobs, files 0 blobs 0.0 MB read
strata serve: prompt 73 tokens = 72 reused + 1 read in 0 ms (71428.6 tok/s), 1 generated in 35 ms (28.6 tok/s), drafts accepted 0 of 0, 1 checkpoints
strata serve: decode expert cache hit rate: 100.0% (160 hits / 160 lookups); 320 more read by the GPU over PCIe or from another GPU (66.7% of all 480 routed)
strata serve: resident RAM: 63.28 GiB of experts in RAM, 0 exchanged with the VRAM tier, 0 blob reads from the file
safetensors residency metrics: ram_bytes=67948118016 os_locked_bytes=0 cuda_pinned_bytes=67948118016 promotions=0 promoted_payload_bytes=0 expert_file_bytes=0 (cumulative; payload is not a physical PCIe counter)
safetensors ngram metrics: ple io: 2608 rows, 10.1% row-cache hits, 2344 SSD reads (10.0 MB), read p50 849 us p99 530045 us, blocked 740.186 ms total (submit 1.660 ms), cache 2344/1048576 rows, SSD kept awake by 6 reads (slowest 4.5 ms)
strata serve: expert tiers: GPU 160 hits this request; since the start RAM 43786 blobs, files 0 blobs 0.0 MB read
strata serve: prompt 74 tokens = 73 reused + 1 read in 0 ms (16835.0 tok/s), 1 generated in 34 ms (29.2 tok/s), drafts accepted 0 of 0, 1 checkpoints
strata serve: decode expert cache hit rate: 100.0% (165 hits / 165 lookups); 315 more read by the GPU over PCIe or from another GPU (65.6% of all 480 routed)
strata serve: resident RAM: 63.28 GiB of experts in RAM, 0 exchanged with the VRAM tier, 0 blob reads from the file
safetensors residency metrics: ram_bytes=67948118016 os_locked_bytes=0 cuda_pinned_bytes=67948118016 promotions=0 promoted_payload_bytes=0 expert_file_bytes=0 (cumulative; payload is not a physical PCIe counter)
safetensors ngram metrics: ple io: 2624 rows, 10.1% row-cache hits, 2360 SSD reads (10.1 MB), read p50 849 us p99 529541 us, blocked 741.226 ms total (submit 1.675 ms), cache 2360/1048576 rows, SSD kept awake by 6 reads (slowest 4.5 ms)
strata serve: expert tiers: GPU 165 hits this request; since the start RAM 44101 blobs, files 0 blobs 0.0 MB read
strata serve: prompt 75 tokens = 74 reused + 1 read in 0 ms (86206.9 tok/s), 1 generated in 33 ms (30.4 tok/s), drafts accepted 0 of 0, 1 checkpoints
strata serve: decode expert cache hit rate: 100.0% (195 hits / 195 lookups); 285 more read by the GPU over PCIe or from another GPU (59.4% of all 480 routed)
strata serve: resident RAM: 63.28 GiB of experts in RAM, 0 exchanged with the VRAM tier, 0 blob reads from the file
safetensors residency metrics: ram_bytes=67948118016 os_locked_bytes=0 cuda_pinned_bytes=67948118016 promotions=0 promoted_payload_bytes=0 expert_file_bytes=0 (cumulative; payload is not a physical PCIe counter)
safetensors ngram metrics: ple io: 2640 rows, 10.0% row-cache hits, 2376 SSD reads (10.1 MB), read p50 848 us p99 529541 us, blocked 742.380 ms total (submit 1.690 ms), cache 2376/1048576 rows, SSD kept awake by 6 reads (slowest 4.5 ms)
strata serve: expert tiers: GPU 195 hits this request; since the start RAM 44386 blobs, files 0 blobs 0.0 MB read
strata serve: prompt 76 tokens = 75 reused + 1 read in 0 ms (91743.1 tok/s), 1 generated in 33 ms (30.3 tok/s), drafts accepted 0 of 0, 1 checkpoints
strata serve: decode expert cache hit rate: 100.0% (183 hits / 183 lookups); 297 more read by the GPU over PCIe or from another GPU (61.9% of all 480 routed)
strata serve: resident RAM: 63.28 GiB of experts in RAM, 0 exchanged with the VRAM tier, 0 blob reads from the file
safetensors residency metrics: ram_bytes=67948118016 os_locked_bytes=0 cuda_pinned_bytes=67948118016 promotions=0 promoted_payload_bytes=0 expert_file_bytes=0 (cumulative; payload is not a physical PCIe counter)
safetensors ngram metrics: ple io: 2656 rows, 9.9% row-cache hits, 2392 SSD reads (10.2 MB), read p50 848 us p99 529541 us, blocked 743.499 ms total (submit 1.699 ms), cache 2392/1048576 rows, SSD kept awake by 6 reads (slowest 4.5 ms)
strata serve: expert tiers: GPU 183 hits this request; since the start RAM 44683 blobs, files 0 blobs 0.0 MB read
strata serve: prompt 77 tokens = 76 reused + 1 read in 0 ms (86206.9 tok/s), 1 generated in 33 ms (29.9 tok/s), drafts accepted 0 of 0, 1 checkpoints
strata serve: decode expert cache hit rate: 100.0% (180 hits / 180 lookups); 300 more read by the GPU over PCIe or from another GPU (62.5% of all 480 routed)
strata serve: resident RAM: 63.28 GiB of experts in RAM, 0 exchanged with the VRAM tier, 0 blob reads from the file
safetensors residency metrics: ram_bytes=67948118016 os_locked_bytes=0 cuda_pinned_bytes=67948118016 promotions=0 promoted_payload_bytes=0 expert_file_bytes=0 (cumulative; payload is not a physical PCIe counter)
safetensors ngram metrics: ple io: 2672 rows, 9.9% row-cache hits, 2408 SSD reads (10.3 MB), read p50 848 us p99 529541 us, blocked 744.692 ms total (submit 1.716 ms), cache 2408/1048576 rows, SSD kept awake by 6 reads (slowest 4.5 ms)
strata serve: expert tiers: GPU 180 hits this request; since the start RAM 44983 blobs, files 0 blobs 0.0 MB read
strata serve: prompt 78 tokens = 77 reused + 1 read in 0 ms (70922.0 tok/s), 1 generated in 36 ms (27.9 tok/s), drafts accepted 0 of 0, 1 checkpoints
strata serve: decode expert cache hit rate: 100.0% (140 hits / 140 lookups); 340 more read by the GPU over PCIe or from another GPU (70.8% of all 480 routed)
strata serve: resident RAM: 63.28 GiB of experts in RAM, 0 exchanged with the VRAM tier, 0 blob reads from the file
safetensors residency metrics: ram_bytes=67948118016 os_locked_bytes=0 cuda_pinned_bytes=67948118016 promotions=0 promoted_payload_bytes=0 expert_file_bytes=0 (cumulative; payload is not a physical PCIe counter)
safetensors ngram metrics: ple io: 2688 rows, 9.8% row-cache hits, 2424 SSD reads (10.4 MB), read p50 848 us p99 529541 us, blocked 745.918 ms total (submit 1.726 ms), cache 2424/1048576 rows, SSD kept awake by 6 reads (slowest 4.5 ms)
strata serve: expert tiers: GPU 140 hits this request; since the start RAM 45323 blobs, files 0 blobs 0.0 MB read
strata serve: prompt 79 tokens = 78 reused + 1 read in 0 ms (65359.5 tok/s), 1 generated in 36 ms (27.9 tok/s), drafts accepted 0 of 0, 1 checkpoints
strata serve: decode expert cache hit rate: 100.0% (141 hits / 141 lookups); 339 more read by the GPU over PCIe or from another GPU (70.6% of all 480 routed)
strata serve: resident RAM: 63.28 GiB of experts in RAM, 0 exchanged with the VRAM tier, 0 blob reads from the file
safetensors residency metrics: ram_bytes=67948118016 os_locked_bytes=0 cuda_pinned_bytes=67948118016 promotions=0 promoted_payload_bytes=0 expert_file_bytes=0 (cumulative; payload is not a physical PCIe counter)
safetensors ngram metrics: ple io: 2704 rows, 9.8% row-cache hits, 2440 SSD reads (10.4 MB), read p50 848 us p99 529541 us, blocked 747.014 ms total (submit 1.736 ms), cache 2440/1048576 rows, SSD kept awake by 6 reads (slowest 4.5 ms)
strata serve: expert tiers: GPU 141 hits this request; since the start RAM 45662 blobs, files 0 blobs 0.0 MB read
strata serve: prompt 80 tokens = 79 reused + 1 read in 0 ms (86956.5 tok/s), 1 generated in 33 ms (30.7 tok/s), drafts accepted 0 of 0, 1 checkpoints
strata serve: decode expert cache hit rate: 100.0% (187 hits / 187 lookups); 293 more read by the GPU over PCIe or from another GPU (61.0% of all 480 routed)
strata serve: resident RAM: 63.28 GiB of experts in RAM, 0 exchanged with the VRAM tier, 0 blob reads from the file
safetensors residency metrics: ram_bytes=67948118016 os_locked_bytes=0 cuda_pinned_bytes=67948118016 promotions=0 promoted_payload_bytes=0 expert_file_bytes=0 (cumulative; payload is not a physical PCIe counter)
safetensors ngram metrics: ple io: 2720 rows, 9.7% row-cache hits, 2456 SSD reads (10.5 MB), read p50 847 us p99 529160 us, blocked 748.178 ms total (submit 1.748 ms), cache 2456/1048576 rows, SSD kept awake by 6 reads (slowest 4.5 ms)
strata serve: expert tiers: GPU 187 hits this request; since the start RAM 45955 blobs, files 0 blobs 0.0 MB read
strata serve: prompt 81 tokens = 80 reused + 1 read in 0 ms (61728.4 tok/s), 1 generated in 26 ms (38.9 tok/s), drafts accepted 0 of 0, 1 checkpoints
strata serve: decode expert cache hit rate: 100.0% (292 hits / 292 lookups); 188 more read by the GPU over PCIe or from another GPU (39.2% of all 480 routed)
strata serve: resident RAM: 63.28 GiB of experts in RAM, 0 exchanged with the VRAM tier, 0 blob reads from the file
safetensors residency metrics: ram_bytes=67948118016 os_locked_bytes=0 cuda_pinned_bytes=67948118016 promotions=0 promoted_payload_bytes=0 expert_file_bytes=0 (cumulative; payload is not a physical PCIe counter)
safetensors ngram metrics: ple io: 2736 rows, 9.6% row-cache hits, 2472 SSD reads (10.6 MB), read p50 846 us p99 529160 us, blocked 749.320 ms total (submit 1.757 ms), cache 2472/1048576 rows, SSD kept awake by 6 reads (slowest 4.5 ms)
strata serve: expert tiers: GPU 292 hits this request; since the start RAM 46143 blobs, files 0 blobs 0.0 MB read
strata serve: prompt 82 tokens = 81 reused + 1 read in 0 ms (89285.7 tok/s), 1 generated in 32 ms (30.8 tok/s), drafts accepted 0 of 0, 1 checkpoints
strata serve: decode expert cache hit rate: 100.0% (193 hits / 193 lookups); 287 more read by the GPU over PCIe or from another GPU (59.8% of all 480 routed)
strata serve: resident RAM: 63.28 GiB of experts in RAM, 0 exchanged with the VRAM tier, 0 blob reads from the file
safetensors residency metrics: ram_bytes=67948118016 os_locked_bytes=0 cuda_pinned_bytes=67948118016 promotions=0 promoted_payload_bytes=0 expert_file_bytes=0 (cumulative; payload is not a physical PCIe counter)
safetensors ngram metrics: ple io: 2752 rows, 9.6% row-cache hits, 2488 SSD reads (10.6 MB), read p50 845 us p99 529160 us, blocked 750.528 ms total (submit 1.769 ms), cache 2488/1048576 rows, SSD kept awake by 6 reads (slowest 4.5 ms)
strata serve: expert tiers: GPU 193 hits this request; since the start RAM 46430 blobs, files 0 blobs 0.0 MB read
strata serve: prompt 83 tokens = 82 reused + 1 read in 0 ms (90909.1 tok/s), 1 generated in 32 ms (31.5 tok/s), drafts accepted 0 of 0, 1 checkpoints
strata serve: decode expert cache hit rate: 100.0% (210 hits / 210 lookups); 270 more read by the GPU over PCIe or from another GPU (56.2% of all 480 routed)
strata serve: resident RAM: 63.28 GiB of experts in RAM, 0 exchanged with the VRAM tier, 0 blob reads from the file
safetensors residency metrics: ram_bytes=67948118016 os_locked_bytes=0 cuda_pinned_bytes=67948118016 promotions=0 promoted_payload_bytes=0 expert_file_bytes=0 (cumulative; payload is not a physical PCIe counter)
safetensors ngram metrics: ple io: 2768 rows, 9.5% row-cache hits, 2504 SSD reads (10.7 MB), read p50 845 us p99 529160 us, blocked 751.698 ms total (submit 1.783 ms), cache 2504/1048576 rows, SSD kept awake by 6 reads (slowest 4.5 ms)
strata serve: expert tiers: GPU 210 hits this request; since the start RAM 46700 blobs, files 0 blobs 0.0 MB read
strata serve: prompt 84 tokens = 83 reused + 1 read in 0 ms (64516.1 tok/s), 1 generated in 32 ms (31.4 tok/s), drafts accepted 0 of 0, 1 checkpoints
strata serve: decode expert cache hit rate: 100.0% (202 hits / 202 lookups); 278 more read by the GPU over PCIe or from another GPU (57.9% of all 480 routed)
strata serve: resident RAM: 63.28 GiB of experts in RAM, 0 exchanged with the VRAM tier, 0 blob reads from the file
safetensors residency metrics: ram_bytes=67948118016 os_locked_bytes=0 cuda_pinned_bytes=67948118016 promotions=0 promoted_payload_bytes=0 expert_file_bytes=0 (cumulative; payload is not a physical PCIe counter)
safetensors ngram metrics: ple io: 2784 rows, 9.5% row-cache hits, 2520 SSD reads (10.8 MB), read p50 845 us p99 529160 us, blocked 752.841 ms total (submit 1.792 ms), cache 2520/1048576 rows, SSD kept awake by 6 reads (slowest 4.5 ms)
strata serve: expert tiers: GPU 202 hits this request; since the start RAM 46978 blobs, files 0 blobs 0.0 MB read
strata serve: prompt 85 tokens = 84 reused + 1 read in 0 ms (90090.1 tok/s), 1 generated in 34 ms (29.1 tok/s), drafts accepted 0 of 0, 1 checkpoints
strata serve: decode expert cache hit rate: 100.0% (167 hits / 167 lookups); 313 more read by the GPU over PCIe or from another GPU (65.2% of all 480 routed)
strata serve: resident RAM: 63.28 GiB of experts in RAM, 0 exchanged with the VRAM tier, 0 blob reads from the file
safetensors residency metrics: ram_bytes=67948118016 os_locked_bytes=0 cuda_pinned_bytes=67948118016 promotions=0 promoted_payload_bytes=0 expert_file_bytes=0 (cumulative; payload is not a physical PCIe counter)
safetensors ngram metrics: ple io: 2800 rows, 9.4% row-cache hits, 2536 SSD reads (10.8 MB), read p50 845 us p99 529160 us, blocked 754.042 ms total (submit 1.803 ms), cache 2536/1048576 rows, SSD kept awake by 6 reads (slowest 4.5 ms)
strata serve: expert tiers: GPU 167 hits this request; since the start RAM 47291 blobs, files 0 blobs 0.0 MB read
strata serve: prompt 86 tokens = 85 reused + 1 read in 0 ms (64935.1 tok/s), 1 generated in 34 ms (29.7 tok/s), drafts accepted 0 of 0, 1 checkpoints
strata serve: decode expert cache hit rate: 100.0% (173 hits / 173 lookups); 307 more read by the GPU over PCIe or from another GPU (64.0% of all 480 routed)
strata serve: resident RAM: 63.28 GiB of experts in RAM, 0 exchanged with the VRAM tier, 0 blob reads from the file
safetensors residency metrics: ram_bytes=67948118016 os_locked_bytes=0 cuda_pinned_bytes=67948118016 promotions=0 promoted_payload_bytes=0 expert_file_bytes=0 (cumulative; payload is not a physical PCIe counter)
safetensors ngram metrics: ple io: 2816 rows, 9.4% row-cache hits, 2552 SSD reads (10.9 MB), read p50 845 us p99 527718 us, blocked 755.287 ms total (submit 1.815 ms), cache 2552/1048576 rows, SSD kept awake by 6 reads (slowest 4.5 ms)
strata serve: expert tiers: GPU 173 hits this request; since the start RAM 47598 blobs, files 0 blobs 0.0 MB read
strata serve: prompt 87 tokens = 86 reused + 1 read in 0 ms (90909.1 tok/s), 1 generated in 33 ms (30.4 tok/s), drafts accepted 0 of 0, 1 checkpoints
strata serve: decode expert cache hit rate: 100.0% (185 hits / 185 lookups); 295 more read by the GPU over PCIe or from another GPU (61.5% of all 480 routed)
strata serve: resident RAM: 63.28 GiB of experts in RAM, 0 exchanged with the VRAM tier, 0 blob reads from the file
safetensors residency metrics: ram_bytes=67948118016 os_locked_bytes=0 cuda_pinned_bytes=67948118016 promotions=0 promoted_payload_bytes=0 expert_file_bytes=0 (cumulative; payload is not a physical PCIe counter)
safetensors ngram metrics: ple io: 2832 rows, 9.3% row-cache hits, 2568 SSD reads (11.0 MB), read p50 844 us p99 527718 us, blocked 756.444 ms total (submit 1.823 ms), cache 2568/1048576 rows, SSD kept awake by 6 reads (slowest 4.5 ms)
strata serve: expert tiers: GPU 185 hits this request; since the start RAM 47893 blobs, files 0 blobs 0.0 MB read
strata serve: prompt 88 tokens = 87 reused + 1 read in 0 ms (93457.9 tok/s), 1 generated in 33 ms (30.0 tok/s), drafts accepted 0 of 0, 1 checkpoints
strata serve: decode expert cache hit rate: 100.0% (178 hits / 178 lookups); 302 more read by the GPU over PCIe or from another GPU (62.9% of all 480 routed)
strata serve: resident RAM: 63.28 GiB of experts in RAM, 0 exchanged with the VRAM tier, 0 blob reads from the file
safetensors residency metrics: ram_bytes=67948118016 os_locked_bytes=0 cuda_pinned_bytes=67948118016 promotions=0 promoted_payload_bytes=0 expert_file_bytes=0 (cumulative; payload is not a physical PCIe counter)
safetensors ngram metrics: ple io: 2848 rows, 9.3% row-cache hits, 2584 SSD reads (11.0 MB), read p50 843 us p99 527718 us, blocked 757.476 ms total (submit 1.832 ms), cache 2584/1048576 rows, SSD kept awake by 6 reads (slowest 4.5 ms)
strata serve: expert tiers: GPU 178 hits this request; since the start RAM 48195 blobs, files 0 blobs 0.0 MB read
strata serve: prompt 89 tokens = 88 reused + 1 read in 0 ms (73529.4 tok/s), 1 generated in 35 ms (29.0 tok/s), drafts accepted 0 of 0, 1 checkpoints
strata serve: decode expert cache hit rate: 100.0% (167 hits / 167 lookups); 313 more read by the GPU over PCIe or from another GPU (65.2% of all 480 routed)
strata serve: resident RAM: 63.28 GiB of experts in RAM, 0 exchanged with the VRAM tier, 0 blob reads from the file
safetensors residency metrics: ram_bytes=67948118016 os_locked_bytes=0 cuda_pinned_bytes=67948118016 promotions=0 promoted_payload_bytes=0 expert_file_bytes=0 (cumulative; payload is not a physical PCIe counter)
safetensors ngram metrics: ple io: 2864 rows, 9.2% row-cache hits, 2600 SSD reads (11.1 MB), read p50 844 us p99 527718 us, blocked 758.822 ms total (submit 1.841 ms), cache 2600/1048576 rows, SSD kept awake by 6 reads (slowest 4.5 ms)
strata serve: expert tiers: GPU 167 hits this request; since the start RAM 48508 blobs, files 0 blobs 0.0 MB read
strata serve: prompt 90 tokens = 89 reused + 1 read in 0 ms (64102.6 tok/s), 1 generated in 30 ms (33.3 tok/s), drafts accepted 0 of 0, 1 checkpoints
strata serve: decode expert cache hit rate: 100.0% (228 hits / 228 lookups); 252 more read by the GPU over PCIe or from another GPU (52.5% of all 480 routed)
strata serve: resident RAM: 63.28 GiB of experts in RAM, 0 exchanged with the VRAM tier, 0 blob reads from the file
safetensors residency metrics: ram_bytes=67948118016 os_locked_bytes=0 cuda_pinned_bytes=67948118016 promotions=0 promoted_payload_bytes=0 expert_file_bytes=0 (cumulative; payload is not a physical PCIe counter)
safetensors ngram metrics: ple io: 2880 rows, 9.2% row-cache hits, 2616 SSD reads (11.2 MB), read p50 843 us p99 527718 us, blocked 759.941 ms total (submit 1.855 ms), cache 2616/1048576 rows, SSD kept awake by 6 reads (slowest 4.5 ms)
strata serve: expert tiers: GPU 228 hits this request; since the start RAM 48760 blobs, files 0 blobs 0.0 MB read
strata serve: prompt 91 tokens = 90 reused + 1 read in 0 ms (81300.8 tok/s), 1 generated in 34 ms (29.7 tok/s), drafts accepted 0 of 0, 1 checkpoints
strata serve: decode expert cache hit rate: 100.0% (181 hits / 181 lookups); 299 more read by the GPU over PCIe or from another GPU (62.3% of all 480 routed)
strata serve: resident RAM: 63.28 GiB of experts in RAM, 0 exchanged with the VRAM tier, 0 blob reads from the file
safetensors residency metrics: ram_bytes=67948118016 os_locked_bytes=0 cuda_pinned_bytes=67948118016 promotions=0 promoted_payload_bytes=0 expert_file_bytes=0 (cumulative; payload is not a physical PCIe counter)
safetensors ngram metrics: ple io: 2896 rows, 9.1% row-cache hits, 2632 SSD reads (11.3 MB), read p50 843 us p99 527718 us, blocked 761.006 ms total (submit 1.868 ms), cache 2632/1048576 rows, SSD kept awake by 6 reads (slowest 4.5 ms)
strata serve: expert tiers: GPU 181 hits this request; since the start RAM 49059 blobs, files 0 blobs 0.0 MB read
strata serve: prompt 92 tokens = 91 reused + 1 read in 0 ms (18975.3 tok/s), 1 generated in 35 ms (28.2 tok/s), drafts accepted 0 of 0, 1 checkpoints
strata serve: decode expert cache hit rate: 100.0% (159 hits / 159 lookups); 321 more read by the GPU over PCIe or from another GPU (66.9% of all 480 routed)
strata serve: resident RAM: 63.28 GiB of experts in RAM, 0 exchanged with the VRAM tier, 0 blob reads from the file
safetensors residency metrics: ram_bytes=67948118016 os_locked_bytes=0 cuda_pinned_bytes=67948118016 promotions=0 promoted_payload_bytes=0 expert_file_bytes=0 (cumulative; payload is not a physical PCIe counter)
safetensors ngram metrics: ple io: 2912 rows, 9.1% row-cache hits, 2648 SSD reads (11.3 MB), read p50 841 us p99 527718 us, blocked 762.119 ms total (submit 1.884 ms), cache 2648/1048576 rows, SSD kept awake by 6 reads (slowest 4.5 ms)
strata serve: expert tiers: GPU 159 hits this request; since the start RAM 49380 blobs, files 0 blobs 0.0 MB read
strata serve: prompt 93 tokens = 92 reused + 1 read in 0 ms (83333.3 tok/s), 1 generated in 34 ms (29.2 tok/s), drafts accepted 0 of 0, 1 checkpoints
strata serve: decode expert cache hit rate: 100.0% (175 hits / 175 lookups); 305 more read by the GPU over PCIe or from another GPU (63.5% of all 480 routed)
strata serve: resident RAM: 63.28 GiB of experts in RAM, 0 exchanged with the VRAM tier, 0 blob reads from the file
safetensors residency metrics: ram_bytes=67948118016 os_locked_bytes=0 cuda_pinned_bytes=67948118016 promotions=0 promoted_payload_bytes=0 expert_file_bytes=0 (cumulative; payload is not a physical PCIe counter)
safetensors ngram metrics: ple io: 2928 rows, 9.0% row-cache hits, 2664 SSD reads (11.4 MB), read p50 841 us p99 525680 us, blocked 763.294 ms total (submit 1.897 ms), cache 2664/1048576 rows, SSD kept awake by 6 reads (slowest 4.5 ms)
strata serve: expert tiers: GPU 175 hits this request; since the start RAM 49685 blobs, files 0 blobs 0.0 MB read
strata serve: prompt 94 tokens = 93 reused + 1 read in 0 ms (87719.3 tok/s), 1 generated in 35 ms (28.3 tok/s), drafts accepted 0 of 0, 1 checkpoints
strata serve: decode expert cache hit rate: 100.0% (156 hits / 156 lookups); 324 more read by the GPU over PCIe or from another GPU (67.5% of all 480 routed)
strata serve: resident RAM: 63.28 GiB of experts in RAM, 0 exchanged with the VRAM tier, 0 blob reads from the file
safetensors residency metrics: ram_bytes=67948118016 os_locked_bytes=0 cuda_pinned_bytes=67948118016 promotions=0 promoted_payload_bytes=0 expert_file_bytes=0 (cumulative; payload is not a physical PCIe counter)
safetensors ngram metrics: ple io: 2944 rows, 9.0% row-cache hits, 2680 SSD reads (11.5 MB), read p50 841 us p99 525680 us, blocked 764.537 ms total (submit 1.914 ms), cache 2680/1048576 rows, SSD kept awake by 6 reads (slowest 4.5 ms)
strata serve: expert tiers: GPU 156 hits this request; since the start RAM 50009 blobs, files 0 blobs 0.0 MB read
strata serve: prompt 95 tokens = 94 reused + 1 read in 0 ms (62893.1 tok/s), 1 generated in 32 ms (31.5 tok/s), drafts accepted 0 of 0, 1 checkpoints
strata serve: decode expert cache hit rate: 100.0% (200 hits / 200 lookups); 280 more read by the GPU over PCIe or from another GPU (58.3% of all 480 routed)
strata serve: resident RAM: 63.28 GiB of experts in RAM, 0 exchanged with the VRAM tier, 0 blob reads from the file
safetensors residency metrics: ram_bytes=67948118016 os_locked_bytes=0 cuda_pinned_bytes=67948118016 promotions=0 promoted_payload_bytes=0 expert_file_bytes=0 (cumulative; payload is not a physical PCIe counter)
safetensors ngram metrics: ple io: 2960 rows, 8.9% row-cache hits, 2696 SSD reads (11.5 MB), read p50 841 us p99 525680 us, blocked 765.898 ms total (submit 1.964 ms), cache 2696/1048576 rows, SSD kept awake by 6 reads (slowest 4.5 ms)
strata serve: expert tiers: GPU 200 hits this request; since the start RAM 50289 blobs, files 0 blobs 0.0 MB read
strata serve: prompt 96 tokens = 95 reused + 1 read in 0 ms (83333.3 tok/s), 1 generated in 26 ms (39.2 tok/s), drafts accepted 0 of 0, 1 checkpoints
strata serve: decode expert cache hit rate: 100.0% (289 hits / 289 lookups); 191 more read by the GPU over PCIe or from another GPU (39.8% of all 480 routed)
strata serve: resident RAM: 63.28 GiB of experts in RAM, 0 exchanged with the VRAM tier, 0 blob reads from the file
safetensors residency metrics: ram_bytes=67948118016 os_locked_bytes=0 cuda_pinned_bytes=67948118016 promotions=0 promoted_payload_bytes=0 expert_file_bytes=0 (cumulative; payload is not a physical PCIe counter)
safetensors ngram metrics: ple io: 2976 rows, 8.9% row-cache hits, 2712 SSD reads (11.6 MB), read p50 841 us p99 525680 us, blocked 767.098 ms total (submit 1.981 ms), cache 2712/1048576 rows, SSD kept awake by 6 reads (slowest 4.5 ms)
strata serve: expert tiers: GPU 289 hits this request; since the start RAM 50480 blobs, files 0 blobs 0.0 MB read
strata serve: prompt 97 tokens = 96 reused + 1 read in 0 ms (71428.6 tok/s), 1 generated in 33 ms (30.3 tok/s), drafts accepted 0 of 0, 1 checkpoints
strata serve: decode expert cache hit rate: 100.0% (179 hits / 179 lookups); 301 more read by the GPU over PCIe or from another GPU (62.7% of all 480 routed)
strata serve: resident RAM: 63.28 GiB of experts in RAM, 0 exchanged with the VRAM tier, 0 blob reads from the file
safetensors residency metrics: ram_bytes=67948118016 os_locked_bytes=0 cuda_pinned_bytes=67948118016 promotions=0 promoted_payload_bytes=0 expert_file_bytes=0 (cumulative; payload is not a physical PCIe counter)
safetensors ngram metrics: ple io: 2992 rows, 8.8% row-cache hits, 2728 SSD reads (11.7 MB), read p50 841 us p99 525680 us, blocked 768.044 ms total (submit 1.991 ms), cache 2728/1048576 rows, SSD kept awake by 6 reads (slowest 4.5 ms)
strata serve: expert tiers: GPU 179 hits this request; since the start RAM 50781 blobs, files 0 blobs 0.0 MB read
strata serve: prompt 98 tokens = 97 reused + 1 read in 0 ms (68965.5 tok/s), 1 generated in 33 ms (30.7 tok/s), drafts accepted 0 of 0, 1 checkpoints
strata serve: decode expert cache hit rate: 100.0% (179 hits / 179 lookups); 301 more read by the GPU over PCIe or from another GPU (62.7% of all 480 routed)
strata serve: resident RAM: 63.28 GiB of experts in RAM, 0 exchanged with the VRAM tier, 0 blob reads from the file
safetensors residency metrics: ram_bytes=67948118016 os_locked_bytes=0 cuda_pinned_bytes=67948118016 promotions=0 promoted_payload_bytes=0 expert_file_bytes=0 (cumulative; payload is not a physical PCIe counter)
safetensors ngram metrics: ple io: 3008 rows, 8.8% row-cache hits, 2744 SSD reads (11.7 MB), read p50 840 us p99 525680 us, blocked 769.130 ms total (submit 2.001 ms), cache 2744/1048576 rows, SSD kept awake by 6 reads (slowest 4.5 ms)
strata serve: expert tiers: GPU 179 hits this request; since the start RAM 51082 blobs, files 0 blobs 0.0 MB read
strata serve: prompt 99 tokens = 98 reused + 1 read in 0 ms (61728.4 tok/s), 1 generated in 34 ms (29.1 tok/s), drafts accepted 0 of 0, 1 checkpoints
strata serve: decode expert cache hit rate: 100.0% (161 hits / 161 lookups); 319 more read by the GPU over PCIe or from another GPU (66.5% of all 480 routed)
strata serve: resident RAM: 63.28 GiB of experts in RAM, 0 exchanged with the VRAM tier, 0 blob reads from the file
safetensors residency metrics: ram_bytes=67948118016 os_locked_bytes=0 cuda_pinned_bytes=67948118016 promotions=0 promoted_payload_bytes=0 expert_file_bytes=0 (cumulative; payload is not a physical PCIe counter)
safetensors ngram metrics: ple io: 3024 rows, 8.7% row-cache hits, 2760 SSD reads (11.8 MB), read p50 839 us p99 523512 us, blocked 770.206 ms total (submit 2.010 ms), cache 2760/1048576 rows, SSD kept awake by 6 reads (slowest 4.5 ms)
strata serve: expert tiers: GPU 161 hits this request; since the start RAM 51401 blobs, files 0 blobs 0.0 MB read
strata serve: prompt 100 tokens = 99 reused + 1 read in 0 ms (90909.1 tok/s), 1 generated in 36 ms (27.7 tok/s), drafts accepted 0 of 0, 1 checkpoints
strata serve: decode expert cache hit rate: 100.0% (138 hits / 138 lookups); 342 more read by the GPU over PCIe or from another GPU (71.2% of all 480 routed)
strata serve: resident RAM: 63.28 GiB of experts in RAM, 0 exchanged with the VRAM tier, 0 blob reads from the file
safetensors residency metrics: ram_bytes=67948118016 os_locked_bytes=0 cuda_pinned_bytes=67948118016 promotions=0 promoted_payload_bytes=0 expert_file_bytes=0 (cumulative; payload is not a physical PCIe counter)
safetensors ngram metrics: ple io: 3040 rows, 8.7% row-cache hits, 2776 SSD reads (11.9 MB), read p50 839 us p99 523512 us, blocked 771.330 ms total (submit 2.024 ms), cache 2776/1048576 rows, SSD kept awake by 6 reads (slowest 4.5 ms)
strata serve: expert tiers: GPU 138 hits this request; since the start RAM 51743 blobs, files 0 blobs 0.0 MB read
strata serve: prompt 101 tokens = 100 reused + 1 read in 0 ms (86956.5 tok/s), 1 generated in 37 ms (27.2 tok/s), drafts accepted 0 of 0, 1 checkpoints
strata serve: decode expert cache hit rate: 100.0% (134 hits / 134 lookups); 346 more read by the GPU over PCIe or from another GPU (72.1% of all 480 routed)
strata serve: resident RAM: 63.28 GiB of experts in RAM, 0 exchanged with the VRAM tier, 0 blob reads from the file
safetensors residency metrics: ram_bytes=67948118016 os_locked_bytes=0 cuda_pinned_bytes=67948118016 promotions=0 promoted_payload_bytes=0 expert_file_bytes=0 (cumulative; payload is not a physical PCIe counter)
safetensors ngram metrics: ple io: 3056 rows, 8.6% row-cache hits, 2792 SSD reads (11.9 MB), read p50 838 us p99 523512 us, blocked 772.439 ms total (submit 2.036 ms), cache 2792/1048576 rows, SSD kept awake by 6 reads (slowest 4.5 ms)
strata serve: expert tiers: GPU 134 hits this request; since the start RAM 52089 blobs, files 0 blobs 0.0 MB read
strata serve: prompt 102 tokens = 101 reused + 1 read in 0 ms (60241.0 tok/s), 1 generated in 33 ms (30.5 tok/s), drafts accepted 0 of 0, 1 checkpoints
strata serve: decode expert cache hit rate: 100.0% (190 hits / 190 lookups); 290 more read by the GPU over PCIe or from another GPU (60.4% of all 480 routed)
strata serve: resident RAM: 63.28 GiB of experts in RAM, 0 exchanged with the VRAM tier, 0 blob reads from the file
safetensors residency metrics: ram_bytes=67948118016 os_locked_bytes=0 cuda_pinned_bytes=67948118016 promotions=0 promoted_payload_bytes=0 expert_file_bytes=0 (cumulative; payload is not a physical PCIe counter)
safetensors ngram metrics: ple io: 3072 rows, 8.6% row-cache hits, 2808 SSD reads (12.0 MB), read p50 838 us p99 523512 us, blocked 773.535 ms total (submit 2.052 ms), cache 2808/1048576 rows, SSD kept awake by 6 reads (slowest 4.5 ms)
strata serve: expert tiers: GPU 190 hits this request; since the start RAM 52379 blobs, files 0 blobs 0.0 MB read
strata serve: conversation cache: parked 102 tokens in 49.0 ms; parked=2 bytes=477378776 evictions=0 snapshot_bytes=238846080 reused_kv_bytes=0
strata serve: prompt 25 tokens = 0 reused + 25 read in 584 ms (42.8 tok/s), 1 generated in 22 ms (44.8 tok/s), drafts accepted 0 of 0, 1 checkpoints
strata serve: decode expert cache hit rate: 100.0% (338 hits / 338 lookups); 142 more read by the GPU over PCIe or from another GPU (29.6% of all 480 routed)
strata serve: resident RAM: 63.28 GiB of experts in RAM, 0 exchanged with the VRAM tier, 0 blob reads from the file
safetensors residency metrics: ram_bytes=67948118016 os_locked_bytes=0 cuda_pinned_bytes=67948118016 promotions=0 promoted_payload_bytes=0 expert_file_bytes=0 (cumulative; payload is not a physical PCIe counter)
safetensors ngram metrics: ple io: 3472 rows, 12.9% row-cache hits, 3024 SSD reads (12.9 MB), read p50 849 us p99 508012 us, blocked 786.560 ms total (submit 2.156 ms), cache 3024/1048576 rows, SSD kept awake by 8 reads (slowest 4.5 ms)
strata serve: expert tiers: GPU 338 hits this request; since the start RAM 57433 blobs, files 0 blobs 0.0 MB read
strata serve: prompt 26 tokens = 25 reused + 1 read in 0 ms (71428.6 tok/s), 1 generated in 31 ms (32.0 tok/s), drafts accepted 0 of 0, 1 checkpoints
strata serve: decode expert cache hit rate: 100.0% (213 hits / 213 lookups); 267 more read by the GPU over PCIe or from another GPU (55.6% of all 480 routed)
strata serve: resident RAM: 63.28 GiB of experts in RAM, 0 exchanged with the VRAM tier, 0 blob reads from the file
safetensors residency metrics: ram_bytes=67948118016 os_locked_bytes=0 cuda_pinned_bytes=67948118016 promotions=0 promoted_payload_bytes=0 expert_file_bytes=0 (cumulative; payload is not a physical PCIe counter)
safetensors ngram metrics: ple io: 3488 rows, 12.8% row-cache hits, 3040 SSD reads (13.0 MB), read p50 849 us p99 508012 us, blocked 787.658 ms total (submit 2.172 ms), cache 3040/1048576 rows, SSD kept awake by 8 reads (slowest 4.5 ms)
strata serve: expert tiers: GPU 213 hits this request; since the start RAM 57700 blobs, files 0 blobs 0.0 MB read
strata serve: prompt 27 tokens = 26 reused + 1 read in 0 ms (60975.6 tok/s), 1 generated in 35 ms (28.7 tok/s), drafts accepted 0 of 0, 1 checkpoints
strata serve: decode expert cache hit rate: 100.0% (159 hits / 159 lookups); 321 more read by the GPU over PCIe or from another GPU (66.9% of all 480 routed)
strata serve: resident RAM: 63.28 GiB of experts in RAM, 0 exchanged with the VRAM tier, 0 blob reads from the file
safetensors residency metrics: ram_bytes=67948118016 os_locked_bytes=0 cuda_pinned_bytes=67948118016 promotions=0 promoted_payload_bytes=0 expert_file_bytes=0 (cumulative; payload is not a physical PCIe counter)
safetensors ngram metrics: ple io: 3504 rows, 12.8% row-cache hits, 3056 SSD reads (13.1 MB), read p50 849 us p99 466234 us, blocked 788.851 ms total (submit 2.183 ms), cache 3056/1048576 rows, SSD kept awake by 8 reads (slowest 4.5 ms)
strata serve: expert tiers: GPU 159 hits this request; since the start RAM 58021 blobs, files 0 blobs 0.0 MB read
strata serve: prompt 28 tokens = 27 reused + 1 read in 0 ms (50251.3 tok/s), 1 generated in 36 ms (27.8 tok/s), drafts accepted 0 of 0, 1 checkpoints
strata serve: decode expert cache hit rate: 100.0% (141 hits / 141 lookups); 339 more read by the GPU over PCIe or from another GPU (70.6% of all 480 routed)
strata serve: resident RAM: 63.28 GiB of experts in RAM, 0 exchanged with the VRAM tier, 0 blob reads from the file
safetensors residency metrics: ram_bytes=67948118016 os_locked_bytes=0 cuda_pinned_bytes=67948118016 promotions=0 promoted_payload_bytes=0 expert_file_bytes=0 (cumulative; payload is not a physical PCIe counter)
safetensors ngram metrics: ple io: 3520 rows, 12.7% row-cache hits, 3072 SSD reads (13.1 MB), read p50 849 us p99 466234 us, blocked 789.851 ms total (submit 2.197 ms), cache 3072/1048576 rows, SSD kept awake by 8 reads (slowest 4.5 ms)
strata serve: expert tiers: GPU 141 hits this request; since the start RAM 58360 blobs, files 0 blobs 0.0 MB read
strata serve: prompt 29 tokens = 28 reused + 1 read in 0 ms (61349.7 tok/s), 1 generated in 38 ms (26.1 tok/s), drafts accepted 0 of 0, 1 checkpoints
strata serve: decode expert cache hit rate: 100.0% (125 hits / 125 lookups); 355 more read by the GPU over PCIe or from another GPU (74.0% of all 480 routed)
strata serve: resident RAM: 63.28 GiB of experts in RAM, 0 exchanged with the VRAM tier, 0 blob reads from the file
safetensors residency metrics: ram_bytes=67948118016 os_locked_bytes=0 cuda_pinned_bytes=67948118016 promotions=0 promoted_payload_bytes=0 expert_file_bytes=0 (cumulative; payload is not a physical PCIe counter)
safetensors ngram metrics: ple io: 3536 rows, 12.7% row-cache hits, 3088 SSD reads (13.2 MB), read p50 849 us p99 466234 us, blocked 791.094 ms total (submit 2.209 ms), cache 3088/1048576 rows, SSD kept awake by 8 reads (slowest 4.5 ms)
strata serve: expert tiers: GPU 125 hits this request; since the start RAM 58715 blobs, files 0 blobs 0.0 MB read
strata serve: prompt 30 tokens = 29 reused + 1 read in 0 ms (78740.2 tok/s), 1 generated in 38 ms (26.0 tok/s), drafts accepted 0 of 0, 1 checkpoints
strata serve: decode expert cache hit rate: 100.0% (94 hits / 94 lookups); 386 more read by the GPU over PCIe or from another GPU (80.4% of all 480 routed)
strata serve: resident RAM: 63.28 GiB of experts in RAM, 0 exchanged with the VRAM tier, 0 blob reads from the file
safetensors residency metrics: ram_bytes=67948118016 os_locked_bytes=0 cuda_pinned_bytes=67948118016 promotions=0 promoted_payload_bytes=0 expert_file_bytes=0 (cumulative; payload is not a physical PCIe counter)
safetensors ngram metrics: ple io: 3552 rows, 12.6% row-cache hits, 3104 SSD reads (13.3 MB), read p50 848 us p99 466234 us, blocked 792.135 ms total (submit 2.221 ms), cache 3104/1048576 rows, SSD kept awake by 8 reads (slowest 4.5 ms)
strata serve: expert tiers: GPU 94 hits this request; since the start RAM 59101 blobs, files 0 blobs 0.0 MB read
strata serve: prompt 31 tokens = 30 reused + 1 read in 0 ms (62500.0 tok/s), 1 generated in 37 ms (26.7 tok/s), drafts accepted 0 of 0, 1 checkpoints
strata serve: decode expert cache hit rate: 100.0% (118 hits / 118 lookups); 362 more read by the GPU over PCIe or from another GPU (75.4% of all 480 routed)
strata serve: resident RAM: 63.28 GiB of experts in RAM, 0 exchanged with the VRAM tier, 0 blob reads from the file
safetensors residency metrics: ram_bytes=67948118016 os_locked_bytes=0 cuda_pinned_bytes=67948118016 promotions=0 promoted_payload_bytes=0 expert_file_bytes=0 (cumulative; payload is not a physical PCIe counter)
safetensors ngram metrics: ple io: 3568 rows, 12.6% row-cache hits, 3120 SSD reads (13.3 MB), read p50 848 us p99 466234 us, blocked 793.171 ms total (submit 2.232 ms), cache 3120/1048576 rows, SSD kept awake by 8 reads (slowest 4.5 ms)
strata serve: expert tiers: GPU 118 hits this request; since the start RAM 59463 blobs, files 0 blobs 0.0 MB read
strata serve: prompt 32 tokens = 31 reused + 1 read in 0 ms (64516.1 tok/s), 1 generated in 38 ms (26.6 tok/s), drafts accepted 0 of 0, 1 checkpoints
strata serve: decode expert cache hit rate: 100.0% (114 hits / 114 lookups); 366 more read by the GPU over PCIe or from another GPU (76.2% of all 480 routed)
strata serve: resident RAM: 63.28 GiB of experts in RAM, 0 exchanged with the VRAM tier, 0 blob reads from the file
safetensors residency metrics: ram_bytes=67948118016 os_locked_bytes=0 cuda_pinned_bytes=67948118016 promotions=0 promoted_payload_bytes=0 expert_file_bytes=0 (cumulative; payload is not a physical PCIe counter)
safetensors ngram metrics: ple io: 3584 rows, 12.5% row-cache hits, 3136 SSD reads (13.4 MB), read p50 848 us p99 466234 us, blocked 794.332 ms total (submit 2.246 ms), cache 3136/1048576 rows, SSD kept awake by 8 reads (slowest 4.5 ms)
strata serve: expert tiers: GPU 114 hits this request; since the start RAM 59829 blobs, files 0 blobs 0.0 MB read
strata serve: prompt 33 tokens = 32 reused + 1 read in 0 ms (64102.6 tok/s), 1 generated in 30 ms (33.6 tok/s), drafts accepted 0 of 0, 1 checkpoints
strata serve: decode expert cache hit rate: 100.0% (229 hits / 229 lookups); 251 more read by the GPU over PCIe or from another GPU (52.3% of all 480 routed)
strata serve: resident RAM: 63.28 GiB of experts in RAM, 0 exchanged with the VRAM tier, 0 blob reads from the file
safetensors residency metrics: ram_bytes=67948118016 os_locked_bytes=0 cuda_pinned_bytes=67948118016 promotions=0 promoted_payload_bytes=0 expert_file_bytes=0 (cumulative; payload is not a physical PCIe counter)
safetensors ngram metrics: ple io: 3600 rows, 12.4% row-cache hits, 3152 SSD reads (13.5 MB), read p50 848 us p99 13038 us, blocked 795.456 ms total (submit 2.257 ms), cache 3152/1048576 rows, SSD kept awake by 8 reads (slowest 4.5 ms)
strata serve: expert tiers: GPU 229 hits this request; since the start RAM 60080 blobs, files 0 blobs 0.0 MB read
strata serve: prompt 34 tokens = 33 reused + 1 read in 0 ms (64102.6 tok/s), 1 generated in 39 ms (25.9 tok/s), drafts accepted 0 of 0, 1 checkpoints
strata serve: decode expert cache hit rate: 100.0% (106 hits / 106 lookups); 374 more read by the GPU over PCIe or from another GPU (77.9% of all 480 routed)
strata serve: resident RAM: 63.28 GiB of experts in RAM, 0 exchanged with the VRAM tier, 0 blob reads from the file
safetensors residency metrics: ram_bytes=67948118016 os_locked_bytes=0 cuda_pinned_bytes=67948118016 promotions=0 promoted_payload_bytes=0 expert_file_bytes=0 (cumulative; payload is not a physical PCIe counter)
safetensors ngram metrics: ple io: 3616 rows, 12.4% row-cache hits, 3168 SSD reads (13.5 MB), read p50 847 us p99 13038 us, blocked 796.549 ms total (submit 2.270 ms), cache 3168/1048576 rows, SSD kept awake by 8 reads (slowest 4.5 ms)
strata serve: expert tiers: GPU 106 hits this request; since the start RAM 60454 blobs, files 0 blobs 0.0 MB read
strata serve: prompt 35 tokens = 34 reused + 1 read in 0 ms (82644.6 tok/s), 1 generated in 37 ms (26.7 tok/s), drafts accepted 0 of 0, 1 checkpoints
strata serve: decode expert cache hit rate: 100.0% (115 hits / 115 lookups); 365 more read by the GPU over PCIe or from another GPU (76.0% of all 480 routed)
strata serve: resident RAM: 63.28 GiB of experts in RAM, 0 exchanged with the VRAM tier, 0 blob reads from the file
safetensors residency metrics: ram_bytes=67948118016 os_locked_bytes=0 cuda_pinned_bytes=67948118016 promotions=0 promoted_payload_bytes=0 expert_file_bytes=0 (cumulative; payload is not a physical PCIe counter)
safetensors ngram metrics: ple io: 3632 rows, 12.3% row-cache hits, 3184 SSD reads (13.6 MB), read p50 847 us p99 13038 us, blocked 797.698 ms total (submit 2.280 ms), cache 3184/1048576 rows, SSD kept awake by 8 reads (slowest 4.5 ms)
strata serve: expert tiers: GPU 115 hits this request; since the start RAM 60819 blobs, files 0 blobs 0.0 MB read
strata serve: prompt 36 tokens = 35 reused + 1 read in 0 ms (85470.1 tok/s), 1 generated in 35 ms (28.5 tok/s), drafts accepted 0 of 0, 1 checkpoints
strata serve: decode expert cache hit rate: 100.0% (150 hits / 150 lookups); 330 more read by the GPU over PCIe or from another GPU (68.8% of all 480 routed)
strata serve: resident RAM: 63.28 GiB of experts in RAM, 0 exchanged with the VRAM tier, 0 blob reads from the file
safetensors residency metrics: ram_bytes=67948118016 os_locked_bytes=0 cuda_pinned_bytes=67948118016 promotions=0 promoted_payload_bytes=0 expert_file_bytes=0 (cumulative; payload is not a physical PCIe counter)
safetensors ngram metrics: ple io: 3648 rows, 12.3% row-cache hits, 3200 SSD reads (13.7 MB), read p50 845 us p99 13038 us, blocked 798.754 ms total (submit 2.290 ms), cache 3200/1048576 rows, SSD kept awake by 8 reads (slowest 4.5 ms)
strata serve: expert tiers: GPU 150 hits this request; since the start RAM 61149 blobs, files 0 blobs 0.0 MB read
strata serve: prompt 37 tokens = 36 reused + 1 read in 0 ms (89285.7 tok/s), 1 generated in 38 ms (26.7 tok/s), drafts accepted 0 of 0, 1 checkpoints
strata serve: decode expert cache hit rate: 100.0% (105 hits / 105 lookups); 375 more read by the GPU over PCIe or from another GPU (78.1% of all 480 routed)
strata serve: resident RAM: 63.28 GiB of experts in RAM, 0 exchanged with the VRAM tier, 0 blob reads from the file
safetensors residency metrics: ram_bytes=67948118016 os_locked_bytes=0 cuda_pinned_bytes=67948118016 promotions=0 promoted_payload_bytes=0 expert_file_bytes=0 (cumulative; payload is not a physical PCIe counter)
safetensors ngram metrics: ple io: 3664 rows, 12.4% row-cache hits, 3208 SSD reads (13.7 MB), read p50 844 us p99 13038 us, blocked 799.300 ms total (submit 2.298 ms), cache 3208/1048576 rows, SSD kept awake by 8 reads (slowest 4.5 ms)
strata serve: expert tiers: GPU 105 hits this request; since the start RAM 61524 blobs, files 0 blobs 0.0 MB read
strata serve: prompt 38 tokens = 37 reused + 1 read in 0 ms (62893.1 tok/s), 1 generated in 36 ms (27.5 tok/s), drafts accepted 0 of 0, 1 checkpoints
strata serve: decode expert cache hit rate: 100.0% (136 hits / 136 lookups); 344 more read by the GPU over PCIe or from another GPU (71.7% of all 480 routed)
strata serve: resident RAM: 63.28 GiB of experts in RAM, 0 exchanged with the VRAM tier, 0 blob reads from the file
safetensors residency metrics: ram_bytes=67948118016 os_locked_bytes=0 cuda_pinned_bytes=67948118016 promotions=0 promoted_payload_bytes=0 expert_file_bytes=0 (cumulative; payload is not a physical PCIe counter)
safetensors ngram metrics: ple io: 3680 rows, 12.4% row-cache hits, 3224 SSD reads (13.8 MB), read p50 843 us p99 13038 us, blocked 800.249 ms total (submit 2.308 ms), cache 3224/1048576 rows, SSD kept awake by 8 reads (slowest 4.5 ms)
strata serve: expert tiers: GPU 136 hits this request; since the start RAM 61868 blobs, files 0 blobs 0.0 MB read
strata serve: prompt 39 tokens = 38 reused + 1 read in 0 ms (64516.1 tok/s), 1 generated in 29 ms (34.5 tok/s), drafts accepted 0 of 0, 1 checkpoints
strata serve: decode expert cache hit rate: 100.0% (240 hits / 240 lookups); 240 more read by the GPU over PCIe or from another GPU (50.0% of all 480 routed)
strata serve: resident RAM: 63.28 GiB of experts in RAM, 0 exchanged with the VRAM tier, 0 blob reads from the file
safetensors residency metrics: ram_bytes=67948118016 os_locked_bytes=0 cuda_pinned_bytes=67948118016 promotions=0 promoted_payload_bytes=0 expert_file_bytes=0 (cumulative; payload is not a physical PCIe counter)
safetensors ngram metrics: ple io: 3696 rows, 12.3% row-cache hits, 3240 SSD reads (13.8 MB), read p50 842 us p99 13038 us, blocked 801.341 ms total (submit 2.320 ms), cache 3240/1048576 rows, SSD kept awake by 8 reads (slowest 4.5 ms)
strata serve: expert tiers: GPU 240 hits this request; since the start RAM 62108 blobs, files 0 blobs 0.0 MB read
strata serve: prompt 40 tokens = 39 reused + 1 read in 0 ms (90909.1 tok/s), 1 generated in 38 ms (26.4 tok/s), drafts accepted 0 of 0, 1 checkpoints
strata serve: decode expert cache hit rate: 100.0% (115 hits / 115 lookups); 365 more read by the GPU over PCIe or from another GPU (76.0% of all 480 routed)
strata serve: resident RAM: 63.28 GiB of experts in RAM, 0 exchanged with the VRAM tier, 0 blob reads from the file
safetensors residency metrics: ram_bytes=67948118016 os_locked_bytes=0 cuda_pinned_bytes=67948118016 promotions=0 promoted_payload_bytes=0 expert_file_bytes=0 (cumulative; payload is not a physical PCIe counter)
safetensors ngram metrics: ple io: 3712 rows, 12.3% row-cache hits, 3256 SSD reads (13.9 MB), read p50 841 us p99 12612 us, blocked 802.475 ms total (submit 2.329 ms), cache 3256/1048576 rows, SSD kept awake by 8 reads (slowest 4.5 ms)
strata serve: expert tiers: GPU 115 hits this request; since the start RAM 62473 blobs, files 0 blobs 0.0 MB read
strata serve: prompt 41 tokens = 40 reused + 1 read in 0 ms (63694.3 tok/s), 1 generated in 40 ms (25.1 tok/s), drafts accepted 0 of 0, 1 checkpoints
strata serve: decode expert cache hit rate: 100.0% (82 hits / 82 lookups); 398 more read by the GPU over PCIe or from another GPU (82.9% of all 480 routed)
strata serve: resident RAM: 63.28 GiB of experts in RAM, 0 exchanged with the VRAM tier, 0 blob reads from the file
safetensors residency metrics: ram_bytes=67948118016 os_locked_bytes=0 cuda_pinned_bytes=67948118016 promotions=0 promoted_payload_bytes=0 expert_file_bytes=0 (cumulative; payload is not a physical PCIe counter)
safetensors ngram metrics: ple io: 3728 rows, 12.2% row-cache hits, 3272 SSD reads (14.0 MB), read p50 841 us p99 12612 us, blocked 803.540 ms total (submit 2.339 ms), cache 3272/1048576 rows, SSD kept awake by 8 reads (slowest 4.5 ms)
strata serve: expert tiers: GPU 82 hits this request; since the start RAM 62871 blobs, files 0 blobs 0.0 MB read
strata serve: prompt 42 tokens = 41 reused + 1 read in 0 ms (68027.2 tok/s), 1 generated in 39 ms (25.6 tok/s), drafts accepted 0 of 0, 1 checkpoints
strata serve: decode expert cache hit rate: 100.0% (116 hits / 116 lookups); 364 more read by the GPU over PCIe or from another GPU (75.8% of all 480 routed)
strata serve: resident RAM: 63.28 GiB of experts in RAM, 0 exchanged with the VRAM tier, 0 blob reads from the file
safetensors residency metrics: ram_bytes=67948118016 os_locked_bytes=0 cuda_pinned_bytes=67948118016 promotions=0 promoted_payload_bytes=0 expert_file_bytes=0 (cumulative; payload is not a physical PCIe counter)
safetensors ngram metrics: ple io: 3744 rows, 12.2% row-cache hits, 3288 SSD reads (14.0 MB), read p50 840 us p99 12612 us, blocked 804.610 ms total (submit 2.358 ms), cache 3288/1048576 rows, SSD kept awake by 8 reads (slowest 4.5 ms)
strata serve: expert tiers: GPU 116 hits this request; since the start RAM 63235 blobs, files 0 blobs 0.0 MB read
strata serve: prompt 43 tokens = 42 reused + 1 read in 0 ms (60975.6 tok/s), 1 generated in 36 ms (27.5 tok/s), drafts accepted 0 of 0, 1 checkpoints
strata serve: decode expert cache hit rate: 100.0% (137 hits / 137 lookups); 343 more read by the GPU over PCIe or from another GPU (71.5% of all 480 routed)
strata serve: resident RAM: 63.28 GiB of experts in RAM, 0 exchanged with the VRAM tier, 0 blob reads from the file
safetensors residency metrics: ram_bytes=67948118016 os_locked_bytes=0 cuda_pinned_bytes=67948118016 promotions=0 promoted_payload_bytes=0 expert_file_bytes=0 (cumulative; payload is not a physical PCIe counter)
safetensors ngram metrics: ple io: 3760 rows, 12.1% row-cache hits, 3304 SSD reads (14.1 MB), read p50 840 us p99 12612 us, blocked 805.742 ms total (submit 2.374 ms), cache 3304/1048576 rows, SSD kept awake by 8 reads (slowest 4.5 ms)
strata serve: expert tiers: GPU 137 hits this request; since the start RAM 63578 blobs, files 0 blobs 0.0 MB read
strata serve: prompt 44 tokens = 43 reused + 1 read in 0 ms (86206.9 tok/s), 1 generated in 34 ms (29.1 tok/s), drafts accepted 0 of 0, 1 checkpoints
strata serve: decode expert cache hit rate: 100.0% (163 hits / 163 lookups); 317 more read by the GPU over PCIe or from another GPU (66.0% of all 480 routed)
strata serve: resident RAM: 63.28 GiB of experts in RAM, 0 exchanged with the VRAM tier, 0 blob reads from the file
safetensors residency metrics: ram_bytes=67948118016 os_locked_bytes=0 cuda_pinned_bytes=67948118016 promotions=0 promoted_payload_bytes=0 expert_file_bytes=0 (cumulative; payload is not a physical PCIe counter)
safetensors ngram metrics: ple io: 3776 rows, 12.1% row-cache hits, 3320 SSD reads (14.2 MB), read p50 839 us p99 12612 us, blocked 806.904 ms total (submit 2.393 ms), cache 3320/1048576 rows, SSD kept awake by 8 reads (slowest 4.5 ms)
strata serve: expert tiers: GPU 163 hits this request; since the start RAM 63895 blobs, files 0 blobs 0.0 MB read
strata serve: prompt 45 tokens = 44 reused + 1 read in 0 ms (84033.6 tok/s), 1 generated in 38 ms (26.2 tok/s), drafts accepted 0 of 0, 1 checkpoints
strata serve: decode expert cache hit rate: 100.0% (107 hits / 107 lookups); 373 more read by the GPU over PCIe or from another GPU (77.7% of all 480 routed)
strata serve: resident RAM: 63.28 GiB of experts in RAM, 0 exchanged with the VRAM tier, 0 blob reads from the file
safetensors residency metrics: ram_bytes=67948118016 os_locked_bytes=0 cuda_pinned_bytes=67948118016 promotions=0 promoted_payload_bytes=0 expert_file_bytes=0 (cumulative; payload is not a physical PCIe counter)
safetensors ngram metrics: ple io: 3792 rows, 12.0% row-cache hits, 3336 SSD reads (14.2 MB), read p50 839 us p99 12612 us, blocked 808.020 ms total (submit 2.403 ms), cache 3336/1048576 rows, SSD kept awake by 8 reads (slowest 4.5 ms)
strata serve: expert tiers: GPU 107 hits this request; since the start RAM 64268 blobs, files 0 blobs 0.0 MB read
strata serve: prompt 46 tokens = 45 reused + 1 read in 0 ms (70422.5 tok/s), 1 generated in 40 ms (24.8 tok/s), drafts accepted 0 of 0, 1 checkpoints
strata serve: decode expert cache hit rate: 100.0% (72 hits / 72 lookups); 408 more read by the GPU over PCIe or from another GPU (85.0% of all 480 routed)
strata serve: resident RAM: 63.28 GiB of experts in RAM, 0 exchanged with the VRAM tier, 0 blob reads from the file
safetensors residency metrics: ram_bytes=67948118016 os_locked_bytes=0 cuda_pinned_bytes=67948118016 promotions=0 promoted_payload_bytes=0 expert_file_bytes=0 (cumulative; payload is not a physical PCIe counter)
safetensors ngram metrics: ple io: 3808 rows, 12.2% row-cache hits, 3344 SSD reads (14.3 MB), read p50 837 us p99 12612 us, blocked 808.563 ms total (submit 2.411 ms), cache 3344/1048576 rows, SSD kept awake by 8 reads (slowest 4.5 ms)
strata serve: expert tiers: GPU 72 hits this request; since the start RAM 64676 blobs, files 0 blobs 0.0 MB read
strata serve: prompt 47 tokens = 46 reused + 1 read in 0 ms (84745.8 tok/s), 1 generated in 40 ms (25.3 tok/s), drafts accepted 0 of 0, 1 checkpoints
strata serve: decode expert cache hit rate: 100.0% (99 hits / 99 lookups); 381 more read by the GPU over PCIe or from another GPU (79.4% of all 480 routed)
strata serve: resident RAM: 63.28 GiB of experts in RAM, 0 exchanged with the VRAM tier, 0 blob reads from the file
safetensors residency metrics: ram_bytes=67948118016 os_locked_bytes=0 cuda_pinned_bytes=67948118016 promotions=0 promoted_payload_bytes=0 expert_file_bytes=0 (cumulative; payload is not a physical PCIe counter)
safetensors ngram metrics: ple io: 3824 rows, 12.1% row-cache hits, 3360 SSD reads (14.3 MB), read p50 837 us p99 10509 us, blocked 809.921 ms total (submit 2.430 ms), cache 3360/1048576 rows, SSD kept awake by 8 reads (slowest 4.5 ms)
strata serve: expert tiers: GPU 99 hits this request; since the start RAM 65057 blobs, files 0 blobs 0.0 MB read
strata serve: prompt 48 tokens = 47 reused + 1 read in 0 ms (71942.4 tok/s), 1 generated in 39 ms (25.5 tok/s), drafts accepted 0 of 0, 1 checkpoints
strata serve: decode expert cache hit rate: 100.0% (90 hits / 90 lookups); 390 more read by the GPU over PCIe or from another GPU (81.2% of all 480 routed)
strata serve: resident RAM: 63.28 GiB of experts in RAM, 0 exchanged with the VRAM tier, 0 blob reads from the file
safetensors residency metrics: ram_bytes=67948118016 os_locked_bytes=0 cuda_pinned_bytes=67948118016 promotions=0 promoted_payload_bytes=0 expert_file_bytes=0 (cumulative; payload is not a physical PCIe counter)
safetensors ngram metrics: ple io: 3840 rows, 12.1% row-cache hits, 3376 SSD reads (14.4 MB), read p50 837 us p99 10509 us, blocked 810.977 ms total (submit 2.440 ms), cache 3376/1048576 rows, SSD kept awake by 8 reads (slowest 4.5 ms)
strata serve: expert tiers: GPU 90 hits this request; since the start RAM 65447 blobs, files 0 blobs 0.0 MB read
strata serve: prompt 49 tokens = 48 reused + 1 read in 0 ms (20964.4 tok/s), 1 generated in 39 ms (25.9 tok/s), drafts accepted 0 of 0, 1 checkpoints
strata serve: decode expert cache hit rate: 100.0% (107 hits / 107 lookups); 373 more read by the GPU over PCIe or from another GPU (77.7% of all 480 routed)
strata serve: resident RAM: 63.28 GiB of experts in RAM, 0 exchanged with the VRAM tier, 0 blob reads from the file
safetensors residency metrics: ram_bytes=67948118016 os_locked_bytes=0 cuda_pinned_bytes=67948118016 promotions=0 promoted_payload_bytes=0 expert_file_bytes=0 (cumulative; payload is not a physical PCIe counter)
safetensors ngram metrics: ple io: 3856 rows, 12.0% row-cache hits, 3392 SSD reads (14.5 MB), read p50 837 us p99 10509 us, blocked 812.118 ms total (submit 2.448 ms), cache 3392/1048576 rows, SSD kept awake by 8 reads (slowest 4.5 ms)
strata serve: expert tiers: GPU 107 hits this request; since the start RAM 65820 blobs, files 0 blobs 0.0 MB read
strata serve: prompt 50 tokens = 49 reused + 1 read in 0 ms (67567.6 tok/s), 1 generated in 38 ms (26.5 tok/s), drafts accepted 0 of 0, 1 checkpoints
strata serve: decode expert cache hit rate: 100.0% (113 hits / 113 lookups); 367 more read by the GPU over PCIe or from another GPU (76.5% of all 480 routed)
strata serve: resident RAM: 63.28 GiB of experts in RAM, 0 exchanged with the VRAM tier, 0 blob reads from the file
safetensors residency metrics: ram_bytes=67948118016 os_locked_bytes=0 cuda_pinned_bytes=67948118016 promotions=0 promoted_payload_bytes=0 expert_file_bytes=0 (cumulative; payload is not a physical PCIe counter)
safetensors ngram metrics: ple io: 3872 rows, 12.0% row-cache hits, 3408 SSD reads (14.5 MB), read p50 836 us p99 10509 us, blocked 813.238 ms total (submit 2.460 ms), cache 3408/1048576 rows, SSD kept awake by 8 reads (slowest 4.5 ms)
strata serve: expert tiers: GPU 113 hits this request; since the start RAM 66187 blobs, files 0 blobs 0.0 MB read
strata serve: prompt 51 tokens = 50 reused + 1 read in 0 ms (62893.1 tok/s), 1 generated in 37 ms (26.7 tok/s), drafts accepted 0 of 0, 1 checkpoints
strata serve: decode expert cache hit rate: 100.0% (118 hits / 118 lookups); 362 more read by the GPU over PCIe or from another GPU (75.4% of all 480 routed)
strata serve: resident RAM: 63.28 GiB of experts in RAM, 0 exchanged with the VRAM tier, 0 blob reads from the file
safetensors residency metrics: ram_bytes=67948118016 os_locked_bytes=0 cuda_pinned_bytes=67948118016 promotions=0 promoted_payload_bytes=0 expert_file_bytes=0 (cumulative; payload is not a physical PCIe counter)
safetensors ngram metrics: ple io: 3888 rows, 11.9% row-cache hits, 3424 SSD reads (14.6 MB), read p50 834 us p99 10509 us, blocked 814.259 ms total (submit 2.470 ms), cache 3424/1048576 rows, SSD kept awake by 8 reads (slowest 4.5 ms)
strata serve: expert tiers: GPU 118 hits this request; since the start RAM 66549 blobs, files 0 blobs 0.0 MB read
strata serve: prompt 52 tokens = 51 reused + 1 read in 0 ms (88495.6 tok/s), 1 generated in 39 ms (25.5 tok/s), drafts accepted 0 of 0, 1 checkpoints
strata serve: decode expert cache hit rate: 100.0% (86 hits / 86 lookups); 394 more read by the GPU over PCIe or from another GPU (82.1% of all 480 routed)
strata serve: resident RAM: 63.28 GiB of experts in RAM, 0 exchanged with the VRAM tier, 0 blob reads from the file
safetensors residency metrics: ram_bytes=67948118016 os_locked_bytes=0 cuda_pinned_bytes=67948118016 promotions=0 promoted_payload_bytes=0 expert_file_bytes=0 (cumulative; payload is not a physical PCIe counter)
safetensors ngram metrics: ple io: 3904 rows, 11.9% row-cache hits, 3440 SSD reads (14.7 MB), read p50 834 us p99 10509 us, blocked 815.348 ms total (submit 2.479 ms), cache 3440/1048576 rows, SSD kept awake by 8 reads (slowest 4.5 ms)
strata serve: expert tiers: GPU 86 hits this request; since the start RAM 66943 blobs, files 0 blobs 0.0 MB read
strata serve: prompt 53 tokens = 52 reused + 1 read in 0 ms (64102.6 tok/s), 1 generated in 41 ms (24.1 tok/s), drafts accepted 0 of 0, 1 checkpoints
strata serve: decode expert cache hit rate: 100.0% (59 hits / 59 lookups); 421 more read by the GPU over PCIe or from another GPU (87.7% of all 480 routed)
strata serve: resident RAM: 63.28 GiB of experts in RAM, 0 exchanged with the VRAM tier, 0 blob reads from the file
safetensors residency metrics: ram_bytes=67948118016 os_locked_bytes=0 cuda_pinned_bytes=67948118016 promotions=0 promoted_payload_bytes=0 expert_file_bytes=0 (cumulative; payload is not a physical PCIe counter)
safetensors ngram metrics: ple io: 3920 rows, 11.8% row-cache hits, 3456 SSD reads (14.7 MB), read p50 832 us p99 10057 us, blocked 816.367 ms total (submit 2.489 ms), cache 3456/1048576 rows, SSD kept awake by 8 reads (slowest 4.5 ms)
strata serve: expert tiers: GPU 59 hits this request; since the start RAM 67364 blobs, files 0 blobs 0.0 MB read
strata serve: prompt 54 tokens = 53 reused + 1 read in 0 ms (70922.0 tok/s), 1 generated in 39 ms (25.4 tok/s), drafts accepted 0 of 0, 1 checkpoints
strata serve: decode expert cache hit rate: 100.0% (92 hits / 92 lookups); 388 more read by the GPU over PCIe or from another GPU (80.8% of all 480 routed)
strata serve: resident RAM: 63.28 GiB of experts in RAM, 0 exchanged with the VRAM tier, 0 blob reads from the file
safetensors residency metrics: ram_bytes=67948118016 os_locked_bytes=0 cuda_pinned_bytes=67948118016 promotions=0 promoted_payload_bytes=0 expert_file_bytes=0 (cumulative; payload is not a physical PCIe counter)
safetensors ngram metrics: ple io: 3936 rows, 11.8% row-cache hits, 3472 SSD reads (14.8 MB), read p50 832 us p99 10057 us, blocked 817.439 ms total (submit 2.499 ms), cache 3472/1048576 rows, SSD kept awake by 8 reads (slowest 4.5 ms)
strata serve: expert tiers: GPU 92 hits this request; since the start RAM 67752 blobs, files 0 blobs 0.0 MB read
strata serve: prompt 55 tokens = 54 reused + 1 read in 0 ms (91743.1 tok/s), 1 generated in 43 ms (23.5 tok/s), drafts accepted 0 of 0, 1 checkpoints
strata serve: decode expert cache hit rate: 100.0% (51 hits / 51 lookups); 429 more read by the GPU over PCIe or from another GPU (89.4% of all 480 routed)
strata serve: resident RAM: 63.28 GiB of experts in RAM, 0 exchanged with the VRAM tier, 0 blob reads from the file
safetensors residency metrics: ram_bytes=67948118016 os_locked_bytes=0 cuda_pinned_bytes=67948118016 promotions=0 promoted_payload_bytes=0 expert_file_bytes=0 (cumulative; payload is not a physical PCIe counter)
safetensors ngram metrics: ple io: 3952 rows, 11.7% row-cache hits, 3488 SSD reads (14.9 MB), read p50 831 us p99 10057 us, blocked 818.612 ms total (submit 2.508 ms), cache 3488/1048576 rows, SSD kept awake by 8 reads (slowest 4.5 ms)
strata serve: expert tiers: GPU 51 hits this request; since the start RAM 68181 blobs, files 0 blobs 0.0 MB read
strata serve: prompt 56 tokens = 55 reused + 1 read in 0 ms (63291.1 tok/s), 1 generated in 40 ms (25.0 tok/s), drafts accepted 0 of 0, 1 checkpoints
strata serve: decode expert cache hit rate: 100.0% (90 hits / 90 lookups); 390 more read by the GPU over PCIe or from another GPU (81.2% of all 480 routed)
strata serve: resident RAM: 63.28 GiB of experts in RAM, 0 exchanged with the VRAM tier, 0 blob reads from the file
safetensors residency metrics: ram_bytes=67948118016 os_locked_bytes=0 cuda_pinned_bytes=67948118016 promotions=0 promoted_payload_bytes=0 expert_file_bytes=0 (cumulative; payload is not a physical PCIe counter)
safetensors ngram metrics: ple io: 3968 rows, 11.7% row-cache hits, 3504 SSD reads (14.9 MB), read p50 830 us p99 10057 us, blocked 819.747 ms total (submit 2.527 ms), cache 3504/1048576 rows, SSD kept awake by 8 reads (slowest 4.5 ms)
strata serve: expert tiers: GPU 90 hits this request; since the start RAM 68571 blobs, files 0 blobs 0.0 MB read
strata serve: prompt 57 tokens = 56 reused + 1 read in 0 ms (90090.1 tok/s), 1 generated in 40 ms (24.7 tok/s), drafts accepted 0 of 0, 1 checkpoints
strata serve: decode expert cache hit rate: 100.0% (82 hits / 82 lookups); 398 more read by the GPU over PCIe or from another GPU (82.9% of all 480 routed)
strata serve: resident RAM: 63.28 GiB of experts in RAM, 0 exchanged with the VRAM tier, 0 blob reads from the file
safetensors residency metrics: ram_bytes=67948118016 os_locked_bytes=0 cuda_pinned_bytes=67948118016 promotions=0 promoted_payload_bytes=0 expert_file_bytes=0 (cumulative; payload is not a physical PCIe counter)
safetensors ngram metrics: ple io: 3984 rows, 11.6% row-cache hits, 3520 SSD reads (15.0 MB), read p50 830 us p99 10057 us, blocked 820.852 ms total (submit 2.544 ms), cache 3520/1048576 rows, SSD kept awake by 8 reads (slowest 4.5 ms)
strata serve: expert tiers: GPU 82 hits this request; since the start RAM 68969 blobs, files 0 blobs 0.0 MB read
strata serve: prompt 58 tokens = 57 reused + 1 read in 0 ms (23923.4 tok/s), 1 generated in 36 ms (28.2 tok/s), drafts accepted 0 of 0, 1 checkpoints
strata serve: decode expert cache hit rate: 100.0% (148 hits / 148 lookups); 332 more read by the GPU over PCIe or from another GPU (69.2% of all 480 routed)
strata serve: resident RAM: 63.28 GiB of experts in RAM, 0 exchanged with the VRAM tier, 0 blob reads from the file
safetensors residency metrics: ram_bytes=67948118016 os_locked_bytes=0 cuda_pinned_bytes=67948118016 promotions=0 promoted_payload_bytes=0 expert_file_bytes=0 (cumulative; payload is not a physical PCIe counter)
safetensors ngram metrics: ple io: 4000 rows, 11.6% row-cache hits, 3536 SSD reads (15.1 MB), read p50 830 us p99 10057 us, blocked 821.826 ms total (submit 2.556 ms), cache 3536/1048576 rows, SSD kept awake by 8 reads (slowest 4.5 ms)
strata serve: expert tiers: GPU 148 hits this request; since the start RAM 69301 blobs, files 0 blobs 0.0 MB read
strata serve: prompt 59 tokens = 58 reused + 1 read in 0 ms (88495.6 tok/s), 1 generated in 42 ms (24.0 tok/s), drafts accepted 0 of 0, 1 checkpoints
strata serve: decode expert cache hit rate: 100.0% (61 hits / 61 lookups); 419 more read by the GPU over PCIe or from another GPU (87.3% of all 480 routed)
strata serve: resident RAM: 63.28 GiB of experts in RAM, 0 exchanged with the VRAM tier, 0 blob reads from the file
safetensors residency metrics: ram_bytes=67948118016 os_locked_bytes=0 cuda_pinned_bytes=67948118016 promotions=0 promoted_payload_bytes=0 expert_file_bytes=0 (cumulative; payload is not a physical PCIe counter)
safetensors ngram metrics: ple io: 4016 rows, 11.6% row-cache hits, 3552 SSD reads (15.1 MB), read p50 829 us p99 9964 us, blocked 823.020 ms total (submit 2.570 ms), cache 3552/1048576 rows, SSD kept awake by 8 reads (slowest 4.5 ms)
strata serve: expert tiers: GPU 61 hits this request; since the start RAM 69720 blobs, files 0 blobs 0.0 MB read
strata serve: prompt 60 tokens = 59 reused + 1 read in 0 ms (71942.4 tok/s), 1 generated in 33 ms (29.9 tok/s), drafts accepted 0 of 0, 1 checkpoints
strata serve: decode expert cache hit rate: 100.0% (179 hits / 179 lookups); 301 more read by the GPU over PCIe or from another GPU (62.7% of all 480 routed)
strata serve: resident RAM: 63.28 GiB of experts in RAM, 0 exchanged with the VRAM tier, 0 blob reads from the file
safetensors residency metrics: ram_bytes=67948118016 os_locked_bytes=0 cuda_pinned_bytes=67948118016 promotions=0 promoted_payload_bytes=0 expert_file_bytes=0 (cumulative; payload is not a physical PCIe counter)
safetensors ngram metrics: ple io: 4032 rows, 11.5% row-cache hits, 3568 SSD reads (15.2 MB), read p50 829 us p99 9964 us, blocked 824.067 ms total (submit 2.580 ms), cache 3568/1048576 rows, SSD kept awake by 8 reads (slowest 4.5 ms)
strata serve: expert tiers: GPU 179 hits this request; since the start RAM 70021 blobs, files 0 blobs 0.0 MB read
strata serve: prompt 61 tokens = 60 reused + 1 read in 0 ms (85470.1 tok/s), 1 generated in 38 ms (26.4 tok/s), drafts accepted 0 of 0, 1 checkpoints
strata serve: decode expert cache hit rate: 100.0% (121 hits / 121 lookups); 359 more read by the GPU over PCIe or from another GPU (74.8% of all 480 routed)
strata serve: resident RAM: 63.28 GiB of experts in RAM, 0 exchanged with the VRAM tier, 0 blob reads from the file
safetensors residency metrics: ram_bytes=67948118016 os_locked_bytes=0 cuda_pinned_bytes=67948118016 promotions=0 promoted_payload_bytes=0 expert_file_bytes=0 (cumulative; payload is not a physical PCIe counter)
safetensors ngram metrics: ple io: 4048 rows, 11.5% row-cache hits, 3584 SSD reads (15.3 MB), read p50 828 us p99 9964 us, blocked 825.117 ms total (submit 2.591 ms), cache 3584/1048576 rows, SSD kept awake by 8 reads (slowest 4.5 ms)
strata serve: expert tiers: GPU 121 hits this request; since the start RAM 70380 blobs, files 0 blobs 0.0 MB read
strata serve: prompt 62 tokens = 61 reused + 1 read in 0 ms (64102.6 tok/s), 1 generated in 29 ms (34.1 tok/s), drafts accepted 0 of 0, 1 checkpoints
strata serve: decode expert cache hit rate: 100.0% (244 hits / 244 lookups); 236 more read by the GPU over PCIe or from another GPU (49.2% of all 480 routed)
strata serve: resident RAM: 63.28 GiB of experts in RAM, 0 exchanged with the VRAM tier, 0 blob reads from the file
safetensors residency metrics: ram_bytes=67948118016 os_locked_bytes=0 cuda_pinned_bytes=67948118016 promotions=0 promoted_payload_bytes=0 expert_file_bytes=0 (cumulative; payload is not a physical PCIe counter)
safetensors ngram metrics: ple io: 4064 rows, 11.4% row-cache hits, 3600 SSD reads (15.4 MB), read p50 826 us p99 9964 us, blocked 826.238 ms total (submit 2.599 ms), cache 3600/1048576 rows, SSD kept awake by 8 reads (slowest 4.5 ms)
strata serve: expert tiers: GPU 244 hits this request; since the start RAM 70616 blobs, files 0 blobs 0.0 MB read
strata serve: prompt 63 tokens = 62 reused + 1 read in 0 ms (66225.2 tok/s), 1 generated in 38 ms (26.0 tok/s), drafts accepted 0 of 0, 1 checkpoints
strata serve: decode expert cache hit rate: 100.0% (113 hits / 113 lookups); 367 more read by the GPU over PCIe or from another GPU (76.5% of all 480 routed)
strata serve: resident RAM: 63.28 GiB of experts in RAM, 0 exchanged with the VRAM tier, 0 blob reads from the file
safetensors residency metrics: ram_bytes=67948118016 os_locked_bytes=0 cuda_pinned_bytes=67948118016 promotions=0 promoted_payload_bytes=0 expert_file_bytes=0 (cumulative; payload is not a physical PCIe counter)
safetensors ngram metrics: ple io: 4080 rows, 11.4% row-cache hits, 3616 SSD reads (15.4 MB), read p50 826 us p99 9964 us, blocked 827.364 ms total (submit 2.620 ms), cache 3616/1048576 rows, SSD kept awake by 8 reads (slowest 4.5 ms)
strata serve: expert tiers: GPU 113 hits this request; since the start RAM 70983 blobs, files 0 blobs 0.0 MB read
strata serve: prompt 64 tokens = 63 reused + 1 read in 0 ms (64935.1 tok/s), 1 generated in 40 ms (24.7 tok/s), drafts accepted 0 of 0, 1 checkpoints
strata serve: decode expert cache hit rate: 100.0% (79 hits / 79 lookups); 401 more read by the GPU over PCIe or from another GPU (83.5% of all 480 routed)
strata serve: resident RAM: 63.28 GiB of experts in RAM, 0 exchanged with the VRAM tier, 0 blob reads from the file
safetensors residency metrics: ram_bytes=67948118016 os_locked_bytes=0 cuda_pinned_bytes=67948118016 promotions=0 promoted_payload_bytes=0 expert_file_bytes=0 (cumulative; payload is not a physical PCIe counter)
safetensors ngram metrics: ple io: 4096 rows, 11.3% row-cache hits, 3632 SSD reads (15.5 MB), read p50 825 us p99 9964 us, blocked 828.456 ms total (submit 2.630 ms), cache 3632/1048576 rows, SSD kept awake by 8 reads (slowest 4.5 ms)
strata serve: expert tiers: GPU 79 hits this request; since the start RAM 71384 blobs, files 0 blobs 0.0 MB read
strata serve: prompt 65 tokens = 64 reused + 1 read in 0 ms (90909.1 tok/s), 1 generated in 41 ms (24.4 tok/s), drafts accepted 0 of 0, 1 checkpoints
strata serve: decode expert cache hit rate: 100.0% (65 hits / 65 lookups); 415 more read by the GPU over PCIe or from another GPU (86.5% of all 480 routed)
strata serve: resident RAM: 63.28 GiB of experts in RAM, 0 exchanged with the VRAM tier, 0 blob reads from the file
safetensors residency metrics: ram_bytes=67948118016 os_locked_bytes=0 cuda_pinned_bytes=67948118016 promotions=0 promoted_payload_bytes=0 expert_file_bytes=0 (cumulative; payload is not a physical PCIe counter)
safetensors ngram metrics: ple io: 4112 rows, 11.5% row-cache hits, 3640 SSD reads (15.5 MB), read p50 824 us p99 9964 us, blocked 828.922 ms total (submit 2.645 ms), cache 3640/1048576 rows, SSD kept awake by 8 reads (slowest 4.5 ms)
strata serve: expert tiers: GPU 65 hits this request; since the start RAM 71799 blobs, files 0 blobs 0.0 MB read
strata serve: prompt 66 tokens = 65 reused + 1 read in 0 ms (86956.5 tok/s), 1 generated in 41 ms (24.4 tok/s), drafts accepted 0 of 0, 1 checkpoints
strata serve: decode expert cache hit rate: 100.0% (77 hits / 77 lookups); 403 more read by the GPU over PCIe or from another GPU (84.0% of all 480 routed)
strata serve: resident RAM: 63.28 GiB of experts in RAM, 0 exchanged with the VRAM tier, 0 blob reads from the file
safetensors residency metrics: ram_bytes=67948118016 os_locked_bytes=0 cuda_pinned_bytes=67948118016 promotions=0 promoted_payload_bytes=0 expert_file_bytes=0 (cumulative; payload is not a physical PCIe counter)
safetensors ngram metrics: ple io: 4128 rows, 11.4% row-cache hits, 3656 SSD reads (15.6 MB), read p50 824 us p99 9332 us, blocked 830.125 ms total (submit 2.660 ms), cache 3656/1048576 rows, SSD kept awake by 8 reads (slowest 4.5 ms)
strata serve: expert tiers: GPU 77 hits this request; since the start RAM 72202 blobs, files 0 blobs 0.0 MB read
strata serve: prompt 67 tokens = 66 reused + 1 read in 0 ms (77519.4 tok/s), 1 generated in 38 ms (26.2 tok/s), drafts accepted 0 of 0, 1 checkpoints
strata serve: decode expert cache hit rate: 100.0% (114 hits / 114 lookups); 366 more read by the GPU over PCIe or from another GPU (76.2% of all 480 routed)
strata serve: resident RAM: 63.28 GiB of experts in RAM, 0 exchanged with the VRAM tier, 0 blob reads from the file
safetensors residency metrics: ram_bytes=67948118016 os_locked_bytes=0 cuda_pinned_bytes=67948118016 promotions=0 promoted_payload_bytes=0 expert_file_bytes=0 (cumulative; payload is not a physical PCIe counter)
safetensors ngram metrics: ple io: 4144 rows, 11.4% row-cache hits, 3672 SSD reads (15.7 MB), read p50 824 us p99 9332 us, blocked 831.225 ms total (submit 2.673 ms), cache 3672/1048576 rows, SSD kept awake by 8 reads (slowest 4.5 ms)
strata serve: expert tiers: GPU 114 hits this request; since the start RAM 72568 blobs, files 0 blobs 0.0 MB read
strata serve: prompt 68 tokens = 67 reused + 1 read in 0 ms (86206.9 tok/s), 1 generated in 41 ms (24.3 tok/s), drafts accepted 0 of 0, 1 checkpoints
strata serve: decode expert cache hit rate: 100.0% (75 hits / 75 lookups); 405 more read by the GPU over PCIe or from another GPU (84.4% of all 480 routed)
strata serve: resident RAM: 63.28 GiB of experts in RAM, 0 exchanged with the VRAM tier, 0 blob reads from the file
safetensors residency metrics: ram_bytes=67948118016 os_locked_bytes=0 cuda_pinned_bytes=67948118016 promotions=0 promoted_payload_bytes=0 expert_file_bytes=0 (cumulative; payload is not a physical PCIe counter)
safetensors ngram metrics: ple io: 4160 rows, 11.3% row-cache hits, 3688 SSD reads (15.7 MB), read p50 825 us p99 9332 us, blocked 832.782 ms total (submit 2.684 ms), cache 3688/1048576 rows, SSD kept awake by 8 reads (slowest 4.5 ms)
strata serve: expert tiers: GPU 75 hits this request; since the start RAM 72973 blobs, files 0 blobs 0.0 MB read
strata serve: prompt 69 tokens = 68 reused + 1 read in 0 ms (89285.7 tok/s), 1 generated in 41 ms (24.4 tok/s), drafts accepted 0 of 0, 1 checkpoints
strata serve: decode expert cache hit rate: 100.0% (76 hits / 76 lookups); 404 more read by the GPU over PCIe or from another GPU (84.2% of all 480 routed)
strata serve: resident RAM: 63.28 GiB of experts in RAM, 0 exchanged with the VRAM tier, 0 blob reads from the file
safetensors residency metrics: ram_bytes=67948118016 os_locked_bytes=0 cuda_pinned_bytes=67948118016 promotions=0 promoted_payload_bytes=0 expert_file_bytes=0 (cumulative; payload is not a physical PCIe counter)
safetensors ngram metrics: ple io: 4176 rows, 11.3% row-cache hits, 3704 SSD reads (15.8 MB), read p50 824 us p99 9332 us, blocked 833.921 ms total (submit 2.699 ms), cache 3704/1048576 rows, SSD kept awake by 8 reads (slowest 4.5 ms)
strata serve: expert tiers: GPU 76 hits this request; since the start RAM 73377 blobs, files 0 blobs 0.0 MB read
strata serve: prompt 70 tokens = 69 reused + 1 read in 0 ms (70922.0 tok/s), 1 generated in 37 ms (27.1 tok/s), drafts accepted 0 of 0, 1 checkpoints
strata serve: decode expert cache hit rate: 100.0% (126 hits / 126 lookups); 354 more read by the GPU over PCIe or from another GPU (73.8% of all 480 routed)
strata serve: resident RAM: 63.28 GiB of experts in RAM, 0 exchanged with the VRAM tier, 0 blob reads from the file
safetensors residency metrics: ram_bytes=67948118016 os_locked_bytes=0 cuda_pinned_bytes=67948118016 promotions=0 promoted_payload_bytes=0 expert_file_bytes=0 (cumulative; payload is not a physical PCIe counter)
safetensors ngram metrics: ple io: 4192 rows, 11.3% row-cache hits, 3720 SSD reads (15.9 MB), read p50 824 us p99 9332 us, blocked 835.036 ms total (submit 2.710 ms), cache 3720/1048576 rows, SSD kept awake by 8 reads (slowest 4.5 ms)
strata serve: expert tiers: GPU 126 hits this request; since the start RAM 73731 blobs, files 0 blobs 0.0 MB read
strata serve: prompt 71 tokens = 70 reused + 1 read in 0 ms (89285.7 tok/s), 1 generated in 37 ms (27.1 tok/s), drafts accepted 0 of 0, 1 checkpoints
strata serve: decode expert cache hit rate: 100.0% (125 hits / 125 lookups); 355 more read by the GPU over PCIe or from another GPU (74.0% of all 480 routed)
strata serve: resident RAM: 63.28 GiB of experts in RAM, 0 exchanged with the VRAM tier, 0 blob reads from the file
safetensors residency metrics: ram_bytes=67948118016 os_locked_bytes=0 cuda_pinned_bytes=67948118016 promotions=0 promoted_payload_bytes=0 expert_file_bytes=0 (cumulative; payload is not a physical PCIe counter)
safetensors ngram metrics: ple io: 4208 rows, 11.2% row-cache hits, 3736 SSD reads (15.9 MB), read p50 823 us p99 9332 us, blocked 836.179 ms total (submit 2.722 ms), cache 3736/1048576 rows, SSD kept awake by 8 reads (slowest 4.5 ms)
strata serve: expert tiers: GPU 125 hits this request; since the start RAM 74086 blobs, files 0 blobs 0.0 MB read
strata serve: prompt 72 tokens = 71 reused + 1 read in 0 ms (87719.3 tok/s), 1 generated in 39 ms (25.9 tok/s), drafts accepted 0 of 0, 1 checkpoints
strata serve: decode expert cache hit rate: 100.0% (104 hits / 104 lookups); 376 more read by the GPU over PCIe or from another GPU (78.3% of all 480 routed)
strata serve: resident RAM: 63.28 GiB of experts in RAM, 0 exchanged with the VRAM tier, 0 blob reads from the file
safetensors residency metrics: ram_bytes=67948118016 os_locked_bytes=0 cuda_pinned_bytes=67948118016 promotions=0 promoted_payload_bytes=0 expert_file_bytes=0 (cumulative; payload is not a physical PCIe counter)
safetensors ngram metrics: ple io: 4224 rows, 11.2% row-cache hits, 3752 SSD reads (16.0 MB), read p50 822 us p99 9236 us, blocked 837.261 ms total (submit 2.731 ms), cache 3752/1048576 rows, SSD kept awake by 8 reads (slowest 4.5 ms)
strata serve: expert tiers: GPU 104 hits this request; since the start RAM 74462 blobs, files 0 blobs 0.0 MB read
strata serve: prompt 73 tokens = 72 reused + 1 read in 0 ms (71428.6 tok/s), 1 generated in 40 ms (24.9 tok/s), drafts accepted 0 of 0, 1 checkpoints
strata serve: decode expert cache hit rate: 100.0% (77 hits / 77 lookups); 403 more read by the GPU over PCIe or from another GPU (84.0% of all 480 routed)
strata serve: resident RAM: 63.28 GiB of experts in RAM, 0 exchanged with the VRAM tier, 0 blob reads from the file
safetensors residency metrics: ram_bytes=67948118016 os_locked_bytes=0 cuda_pinned_bytes=67948118016 promotions=0 promoted_payload_bytes=0 expert_file_bytes=0 (cumulative; payload is not a physical PCIe counter)
safetensors ngram metrics: ple io: 4240 rows, 11.3% row-cache hits, 3760 SSD reads (16.0 MB), read p50 822 us p99 9236 us, blocked 837.763 ms total (submit 2.746 ms), cache 3760/1048576 rows, SSD kept awake by 8 reads (slowest 4.5 ms)
strata serve: expert tiers: GPU 77 hits this request; since the start RAM 74865 blobs, files 0 blobs 0.0 MB read
strata serve: prompt 74 tokens = 73 reused + 1 read in 0 ms (87719.3 tok/s), 1 generated in 37 ms (26.9 tok/s), drafts accepted 0 of 0, 1 checkpoints
strata serve: decode expert cache hit rate: 100.0% (114 hits / 114 lookups); 366 more read by the GPU over PCIe or from another GPU (76.2% of all 480 routed)
strata serve: resident RAM: 63.28 GiB of experts in RAM, 0 exchanged with the VRAM tier, 0 blob reads from the file
safetensors residency metrics: ram_bytes=67948118016 os_locked_bytes=0 cuda_pinned_bytes=67948118016 promotions=0 promoted_payload_bytes=0 expert_file_bytes=0 (cumulative; payload is not a physical PCIe counter)
safetensors ngram metrics: ple io: 4256 rows, 11.3% row-cache hits, 3776 SSD reads (16.1 MB), read p50 821 us p99 9236 us, blocked 838.832 ms total (submit 2.756 ms), cache 3776/1048576 rows, SSD kept awake by 8 reads (slowest 4.5 ms)
strata serve: expert tiers: GPU 114 hits this request; since the start RAM 75231 blobs, files 0 blobs 0.0 MB read
strata serve: prompt 75 tokens = 74 reused + 1 read in 0 ms (65359.5 tok/s), 1 generated in 39 ms (25.3 tok/s), drafts accepted 0 of 0, 1 checkpoints
strata serve: decode expert cache hit rate: 100.0% (101 hits / 101 lookups); 379 more read by the GPU over PCIe or from another GPU (79.0% of all 480 routed)
strata serve: resident RAM: 63.28 GiB of experts in RAM, 0 exchanged with the VRAM tier, 0 blob reads from the file
safetensors residency metrics: ram_bytes=67948118016 os_locked_bytes=0 cuda_pinned_bytes=67948118016 promotions=0 promoted_payload_bytes=0 expert_file_bytes=0 (cumulative; payload is not a physical PCIe counter)
safetensors ngram metrics: ple io: 4272 rows, 11.2% row-cache hits, 3792 SSD reads (16.2 MB), read p50 822 us p99 9236 us, blocked 840.085 ms total (submit 2.766 ms), cache 3792/1048576 rows, SSD kept awake by 8 reads (slowest 4.5 ms)
strata serve: expert tiers: GPU 101 hits this request; since the start RAM 75610 blobs, files 0 blobs 0.0 MB read
strata serve: prompt 76 tokens = 75 reused + 1 read in 0 ms (64102.6 tok/s), 1 generated in 40 ms (24.9 tok/s), drafts accepted 0 of 0, 1 checkpoints
strata serve: decode expert cache hit rate: 100.0% (87 hits / 87 lookups); 393 more read by the GPU over PCIe or from another GPU (81.9% of all 480 routed)
strata serve: resident RAM: 63.28 GiB of experts in RAM, 0 exchanged with the VRAM tier, 0 blob reads from the file
safetensors residency metrics: ram_bytes=67948118016 os_locked_bytes=0 cuda_pinned_bytes=67948118016 promotions=0 promoted_payload_bytes=0 expert_file_bytes=0 (cumulative; payload is not a physical PCIe counter)
safetensors ngram metrics: ple io: 4288 rows, 11.2% row-cache hits, 3808 SSD reads (16.2 MB), read p50 821 us p99 9236 us, blocked 841.226 ms total (submit 2.782 ms), cache 3808/1048576 rows, SSD kept awake by 8 reads (slowest 4.5 ms)
strata serve: expert tiers: GPU 87 hits this request; since the start RAM 76003 blobs, files 0 blobs 0.0 MB read
strata serve: prompt 77 tokens = 76 reused + 1 read in 0 ms (63694.3 tok/s), 1 generated in 40 ms (25.0 tok/s), drafts accepted 0 of 0, 1 checkpoints
strata serve: decode expert cache hit rate: 100.0% (89 hits / 89 lookups); 391 more read by the GPU over PCIe or from another GPU (81.5% of all 480 routed)
strata serve: resident RAM: 63.28 GiB of experts in RAM, 0 exchanged with the VRAM tier, 0 blob reads from the file
safetensors residency metrics: ram_bytes=67948118016 os_locked_bytes=0 cuda_pinned_bytes=67948118016 promotions=0 promoted_payload_bytes=0 expert_file_bytes=0 (cumulative; payload is not a physical PCIe counter)
safetensors ngram metrics: ple io: 4304 rows, 11.2% row-cache hits, 3824 SSD reads (16.3 MB), read p50 821 us p99 9236 us, blocked 842.469 ms total (submit 2.790 ms), cache 3824/1048576 rows, SSD kept awake by 8 reads (slowest 4.5 ms)
strata serve: expert tiers: GPU 89 hits this request; since the start RAM 76394 blobs, files 0 blobs 0.0 MB read
strata serve: prompt 78 tokens = 77 reused + 1 read in 0 ms (63694.3 tok/s), 1 generated in 38 ms (26.2 tok/s), drafts accepted 0 of 0, 1 checkpoints
strata serve: decode expert cache hit rate: 100.0% (113 hits / 113 lookups); 367 more read by the GPU over PCIe or from another GPU (76.5% of all 480 routed)
strata serve: resident RAM: 63.28 GiB of experts in RAM, 0 exchanged with the VRAM tier, 0 blob reads from the file
safetensors residency metrics: ram_bytes=67948118016 os_locked_bytes=0 cuda_pinned_bytes=67948118016 promotions=0 promoted_payload_bytes=0 expert_file_bytes=0 (cumulative; payload is not a physical PCIe counter)
safetensors ngram metrics: ple io: 4320 rows, 11.3% row-cache hits, 3832 SSD reads (16.3 MB), read p50 821 us p99 9236 us, blocked 842.962 ms total (submit 2.799 ms), cache 3832/1048576 rows, SSD kept awake by 8 reads (slowest 4.5 ms)
strata serve: expert tiers: GPU 113 hits this request; since the start RAM 76761 blobs, files 0 blobs 0.0 MB read
strata serve: prompt 79 tokens = 78 reused + 1 read in 0 ms (62893.1 tok/s), 1 generated in 34 ms (29.0 tok/s), drafts accepted 0 of 0, 1 checkpoints
strata serve: decode expert cache hit rate: 100.0% (157 hits / 157 lookups); 323 more read by the GPU over PCIe or from another GPU (67.3% of all 480 routed)
strata serve: resident RAM: 63.28 GiB of experts in RAM, 0 exchanged with the VRAM tier, 0 blob reads from the file
safetensors residency metrics: ram_bytes=67948118016 os_locked_bytes=0 cuda_pinned_bytes=67948118016 promotions=0 promoted_payload_bytes=0 expert_file_bytes=0 (cumulative; payload is not a physical PCIe counter)
safetensors ngram metrics: ple io: 4336 rows, 11.6% row-cache hits, 3832 SSD reads (16.3 MB), read p50 821 us p99 9236 us, blocked 842.962 ms total (submit 2.799 ms), cache 3832/1048576 rows, SSD kept awake by 8 reads (slowest 4.5 ms)
strata serve: expert tiers: GPU 157 hits this request; since the start RAM 77084 blobs, files 0 blobs 0.0 MB read
strata serve: prompt 80 tokens = 79 reused + 1 read in 0 ms (85470.1 tok/s), 1 generated in 37 ms (26.9 tok/s), drafts accepted 0 of 0, 1 checkpoints
strata serve: decode expert cache hit rate: 100.0% (114 hits / 114 lookups); 366 more read by the GPU over PCIe or from another GPU (76.2% of all 480 routed)
strata serve: resident RAM: 63.28 GiB of experts in RAM, 0 exchanged with the VRAM tier, 0 blob reads from the file
safetensors residency metrics: ram_bytes=67948118016 os_locked_bytes=0 cuda_pinned_bytes=67948118016 promotions=0 promoted_payload_bytes=0 expert_file_bytes=0 (cumulative; payload is not a physical PCIe counter)
safetensors ngram metrics: ple io: 4352 rows, 11.9% row-cache hits, 3832 SSD reads (16.3 MB), read p50 821 us p99 9236 us, blocked 842.962 ms total (submit 2.799 ms), cache 3832/1048576 rows, SSD kept awake by 9 reads (slowest 4.5 ms)
strata serve: expert tiers: GPU 114 hits this request; since the start RAM 77450 blobs, files 0 blobs 0.0 MB read
strata serve: prompt 81 tokens = 80 reused + 1 read in 0 ms (64102.6 tok/s), 1 generated in 32 ms (30.8 tok/s), drafts accepted 0 of 0, 1 checkpoints
strata serve: decode expert cache hit rate: 100.0% (194 hits / 194 lookups); 286 more read by the GPU over PCIe or from another GPU (59.6% of all 480 routed)
strata serve: resident RAM: 63.28 GiB of experts in RAM, 0 exchanged with the VRAM tier, 0 blob reads from the file
safetensors residency metrics: ram_bytes=67948118016 os_locked_bytes=0 cuda_pinned_bytes=67948118016 promotions=0 promoted_payload_bytes=0 expert_file_bytes=0 (cumulative; payload is not a physical PCIe counter)
safetensors ngram metrics: ple io: 4368 rows, 11.9% row-cache hits, 3848 SSD reads (16.4 MB), read p50 820 us p99 9236 us, blocked 844.193 ms total (submit 2.811 ms), cache 3848/1048576 rows, SSD kept awake by 9 reads (slowest 4.5 ms)
strata serve: expert tiers: GPU 194 hits this request; since the start RAM 77736 blobs, files 0 blobs 0.0 MB read
strata serve: prompt 82 tokens = 81 reused + 1 read in 0 ms (71942.4 tok/s), 1 generated in 38 ms (26.5 tok/s), drafts accepted 0 of 0, 1 checkpoints
strata serve: decode expert cache hit rate: 100.0% (103 hits / 103 lookups); 377 more read by the GPU over PCIe or from another GPU (78.5% of all 480 routed)
strata serve: resident RAM: 63.28 GiB of experts in RAM, 0 exchanged with the VRAM tier, 0 blob reads from the file
safetensors residency metrics: ram_bytes=67948118016 os_locked_bytes=0 cuda_pinned_bytes=67948118016 promotions=0 promoted_payload_bytes=0 expert_file_bytes=0 (cumulative; payload is not a physical PCIe counter)
safetensors ngram metrics: ple io: 4384 rows, 12.0% row-cache hits, 3856 SSD reads (16.4 MB), read p50 820 us p99 8906 us, blocked 844.647 ms total (submit 2.819 ms), cache 3856/1048576 rows, SSD kept awake by 9 reads (slowest 4.5 ms)
strata serve: expert tiers: GPU 103 hits this request; since the start RAM 78113 blobs, files 0 blobs 0.0 MB read
strata serve: prompt 83 tokens = 82 reused + 1 read in 0 ms (7299.3 tok/s), 1 generated in 37 ms (27.0 tok/s), drafts accepted 0 of 0, 1 checkpoints
strata serve: decode expert cache hit rate: 100.0% (124 hits / 124 lookups); 356 more read by the GPU over PCIe or from another GPU (74.2% of all 480 routed)
strata serve: resident RAM: 63.28 GiB of experts in RAM, 0 exchanged with the VRAM tier, 0 blob reads from the file
safetensors residency metrics: ram_bytes=67948118016 os_locked_bytes=0 cuda_pinned_bytes=67948118016 promotions=0 promoted_payload_bytes=0 expert_file_bytes=0 (cumulative; payload is not a physical PCIe counter)
safetensors ngram metrics: ple io: 4400 rows, 12.0% row-cache hits, 3872 SSD reads (16.5 MB), read p50 820 us p99 8906 us, blocked 845.824 ms total (submit 2.841 ms), cache 3872/1048576 rows, SSD kept awake by 9 reads (slowest 4.5 ms)
strata serve: expert tiers: GPU 124 hits this request; since the start RAM 78469 blobs, files 0 blobs 0.0 MB read
strata serve: prompt 84 tokens = 83 reused + 1 read in 0 ms (92592.6 tok/s), 1 generated in 31 ms (32.1 tok/s), drafts accepted 0 of 0, 1 checkpoints
strata serve: decode expert cache hit rate: 100.0% (208 hits / 208 lookups); 272 more read by the GPU over PCIe or from another GPU (56.7% of all 480 routed)
strata serve: resident RAM: 63.28 GiB of experts in RAM, 0 exchanged with the VRAM tier, 0 blob reads from the file
safetensors residency metrics: ram_bytes=67948118016 os_locked_bytes=0 cuda_pinned_bytes=67948118016 promotions=0 promoted_payload_bytes=0 expert_file_bytes=0 (cumulative; payload is not a physical PCIe counter)
safetensors ngram metrics: ple io: 4416 rows, 12.0% row-cache hits, 3888 SSD reads (16.6 MB), read p50 820 us p99 8906 us, blocked 847.014 ms total (submit 2.852 ms), cache 3888/1048576 rows, SSD kept awake by 9 reads (slowest 4.5 ms)
strata serve: expert tiers: GPU 208 hits this request; since the start RAM 78741 blobs, files 0 blobs 0.0 MB read
strata serve: prompt 85 tokens = 84 reused + 1 read in 0 ms (62111.8 tok/s), 1 generated in 39 ms (25.6 tok/s), drafts accepted 0 of 0, 1 checkpoints
strata serve: decode expert cache hit rate: 100.0% (93 hits / 93 lookups); 387 more read by the GPU over PCIe or from another GPU (80.6% of all 480 routed)
strata serve: resident RAM: 63.28 GiB of experts in RAM, 0 exchanged with the VRAM tier, 0 blob reads from the file
safetensors residency metrics: ram_bytes=67948118016 os_locked_bytes=0 cuda_pinned_bytes=67948118016 promotions=0 promoted_payload_bytes=0 expert_file_bytes=0 (cumulative; payload is not a physical PCIe counter)
safetensors ngram metrics: ple io: 4432 rows, 12.1% row-cache hits, 3896 SSD reads (16.6 MB), read p50 819 us p99 8906 us, blocked 847.528 ms total (submit 2.862 ms), cache 3896/1048576 rows, SSD kept awake by 9 reads (slowest 4.5 ms)
strata serve: expert tiers: GPU 93 hits this request; since the start RAM 79128 blobs, files 0 blobs 0.0 MB read
strata serve: prompt 86 tokens = 85 reused + 1 read in 0 ms (74626.9 tok/s), 1 generated in 34 ms (29.8 tok/s), drafts accepted 0 of 0, 1 checkpoints
strata serve: decode expert cache hit rate: 100.0% (173 hits / 173 lookups); 307 more read by the GPU over PCIe or from another GPU (64.0% of all 480 routed)
strata serve: resident RAM: 63.28 GiB of experts in RAM, 0 exchanged with the VRAM tier, 0 blob reads from the file
safetensors residency metrics: ram_bytes=67948118016 os_locked_bytes=0 cuda_pinned_bytes=67948118016 promotions=0 promoted_payload_bytes=0 expert_file_bytes=0 (cumulative; payload is not a physical PCIe counter)
safetensors ngram metrics: ple io: 4448 rows, 12.4% row-cache hits, 3896 SSD reads (16.6 MB), read p50 819 us p99 8906 us, blocked 847.529 ms total (submit 2.862 ms), cache 3896/1048576 rows, SSD kept awake by 9 reads (slowest 4.5 ms)
strata serve: expert tiers: GPU 173 hits this request; since the start RAM 79435 blobs, files 0 blobs 0.0 MB read
strata serve: prompt 87 tokens = 86 reused + 1 read in 0 ms (85470.1 tok/s), 1 generated in 38 ms (26.1 tok/s), drafts accepted 0 of 0, 1 checkpoints
strata serve: decode expert cache hit rate: 100.0% (109 hits / 109 lookups); 371 more read by the GPU over PCIe or from another GPU (77.3% of all 480 routed)
strata serve: resident RAM: 63.28 GiB of experts in RAM, 0 exchanged with the VRAM tier, 0 blob reads from the file
safetensors residency metrics: ram_bytes=67948118016 os_locked_bytes=0 cuda_pinned_bytes=67948118016 promotions=0 promoted_payload_bytes=0 expert_file_bytes=0 (cumulative; payload is not a physical PCIe counter)
safetensors ngram metrics: ple io: 4464 rows, 12.4% row-cache hits, 3912 SSD reads (16.7 MB), read p50 819 us p99 8906 us, blocked 848.719 ms total (submit 2.876 ms), cache 3912/1048576 rows, SSD kept awake by 9 reads (slowest 4.5 ms)
strata serve: expert tiers: GPU 109 hits this request; since the start RAM 79806 blobs, files 0 blobs 0.0 MB read
strata serve: prompt 88 tokens = 87 reused + 1 read in 0 ms (64102.6 tok/s), 1 generated in 37 ms (26.9 tok/s), drafts accepted 0 of 0, 1 checkpoints
strata serve: decode expert cache hit rate: 100.0% (123 hits / 123 lookups); 357 more read by the GPU over PCIe or from another GPU (74.4% of all 480 routed)
strata serve: resident RAM: 63.28 GiB of experts in RAM, 0 exchanged with the VRAM tier, 0 blob reads from the file
safetensors residency metrics: ram_bytes=67948118016 os_locked_bytes=0 cuda_pinned_bytes=67948118016 promotions=0 promoted_payload_bytes=0 expert_file_bytes=0 (cumulative; payload is not a physical PCIe counter)
safetensors ngram metrics: ple io: 4480 rows, 12.5% row-cache hits, 3920 SSD reads (16.7 MB), read p50 817 us p99 8906 us, blocked 849.186 ms total (submit 2.884 ms), cache 3920/1048576 rows, SSD kept awake by 9 reads (slowest 4.5 ms)
strata serve: expert tiers: GPU 123 hits this request; since the start RAM 80163 blobs, files 0 blobs 0.0 MB read
strata serve: prompt 89 tokens = 88 reused + 1 read in 0 ms (65359.5 tok/s), 1 generated in 40 ms (25.1 tok/s), drafts accepted 0 of 0, 1 checkpoints
strata serve: decode expert cache hit rate: 100.0% (82 hits / 82 lookups); 398 more read by the GPU over PCIe or from another GPU (82.9% of all 480 routed)
strata serve: resident RAM: 63.28 GiB of experts in RAM, 0 exchanged with the VRAM tier, 0 blob reads from the file
safetensors residency metrics: ram_bytes=67948118016 os_locked_bytes=0 cuda_pinned_bytes=67948118016 promotions=0 promoted_payload_bytes=0 expert_file_bytes=0 (cumulative; payload is not a physical PCIe counter)
safetensors ngram metrics: ple io: 4496 rows, 12.6% row-cache hits, 3928 SSD reads (16.7 MB), read p50 817 us p99 8906 us, blocked 849.626 ms total (submit 2.893 ms), cache 3928/1048576 rows, SSD kept awake by 9 reads (slowest 4.5 ms)
strata serve: expert tiers: GPU 82 hits this request; since the start RAM 80561 blobs, files 0 blobs 0.0 MB read
strata serve: prompt 90 tokens = 89 reused + 1 read in 0 ms (78740.2 tok/s), 1 generated in 40 ms (25.0 tok/s), drafts accepted 0 of 0, 1 checkpoints
strata serve: decode expert cache hit rate: 100.0% (93 hits / 93 lookups); 387 more read by the GPU over PCIe or from another GPU (80.6% of all 480 routed)
strata serve: resident RAM: 63.28 GiB of experts in RAM, 0 exchanged with the VRAM tier, 0 blob reads from the file
safetensors residency metrics: ram_bytes=67948118016 os_locked_bytes=0 cuda_pinned_bytes=67948118016 promotions=0 promoted_payload_bytes=0 expert_file_bytes=0 (cumulative; payload is not a physical PCIe counter)
safetensors ngram metrics: ple io: 4512 rows, 12.6% row-cache hits, 3944 SSD reads (16.8 MB), read p50 817 us p99 8906 us, blocked 851.155 ms total (submit 2.909 ms), cache 3944/1048576 rows, SSD kept awake by 9 reads (slowest 4.5 ms)
strata serve: expert tiers: GPU 93 hits this request; since the start RAM 80948 blobs, files 0 blobs 0.0 MB read
strata serve: prompt 91 tokens = 90 reused + 1 read in 0 ms (62500.0 tok/s), 1 generated in 41 ms (24.7 tok/s), drafts accepted 0 of 0, 1 checkpoints
strata serve: decode expert cache hit rate: 100.0% (74 hits / 74 lookups); 406 more read by the GPU over PCIe or from another GPU (84.6% of all 480 routed)
strata serve: resident RAM: 63.28 GiB of experts in RAM, 0 exchanged with the VRAM tier, 0 blob reads from the file
safetensors residency metrics: ram_bytes=67948118016 os_locked_bytes=0 cuda_pinned_bytes=67948118016 promotions=0 promoted_payload_bytes=0 expert_file_bytes=0 (cumulative; payload is not a physical PCIe counter)
safetensors ngram metrics: ple io: 4528 rows, 12.7% row-cache hits, 3952 SSD reads (16.8 MB), read p50 817 us p99 7463 us, blocked 851.687 ms total (submit 2.921 ms), cache 3952/1048576 rows, SSD kept awake by 9 reads (slowest 4.5 ms)
strata serve: expert tiers: GPU 74 hits this request; since the start RAM 81354 blobs, files 0 blobs 0.0 MB read
strata serve: prompt 92 tokens = 91 reused + 1 read in 0 ms (65359.5 tok/s), 1 generated in 41 ms (24.5 tok/s), drafts accepted 0 of 0, 1 checkpoints
strata serve: decode expert cache hit rate: 100.0% (75 hits / 75 lookups); 405 more read by the GPU over PCIe or from another GPU (84.4% of all 480 routed)
strata serve: resident RAM: 63.28 GiB of experts in RAM, 0 exchanged with the VRAM tier, 0 blob reads from the file
safetensors residency metrics: ram_bytes=67948118016 os_locked_bytes=0 cuda_pinned_bytes=67948118016 promotions=0 promoted_payload_bytes=0 expert_file_bytes=0 (cumulative; payload is not a physical PCIe counter)
safetensors ngram metrics: ple io: 4544 rows, 12.7% row-cache hits, 3968 SSD reads (16.9 MB), read p50 816 us p99 7463 us, blocked 852.792 ms total (submit 2.934 ms), cache 3968/1048576 rows, SSD kept awake by 9 reads (slowest 4.5 ms)
strata serve: expert tiers: GPU 75 hits this request; since the start RAM 81759 blobs, files 0 blobs 0.0 MB read
strata serve: prompt 93 tokens = 92 reused + 1 read in 0 ms (62500.0 tok/s), 1 generated in 39 ms (25.7 tok/s), drafts accepted 0 of 0, 1 checkpoints
strata serve: decode expert cache hit rate: 100.0% (101 hits / 101 lookups); 379 more read by the GPU over PCIe or from another GPU (79.0% of all 480 routed)
strata serve: resident RAM: 63.28 GiB of experts in RAM, 0 exchanged with the VRAM tier, 0 blob reads from the file
safetensors residency metrics: ram_bytes=67948118016 os_locked_bytes=0 cuda_pinned_bytes=67948118016 promotions=0 promoted_payload_bytes=0 expert_file_bytes=0 (cumulative; payload is not a physical PCIe counter)
safetensors ngram metrics: ple io: 4560 rows, 12.6% row-cache hits, 3984 SSD reads (17.0 MB), read p50 816 us p99 7463 us, blocked 853.946 ms total (submit 2.950 ms), cache 3984/1048576 rows, SSD kept awake by 9 reads (slowest 4.5 ms)
strata serve: expert tiers: GPU 101 hits this request; since the start RAM 82138 blobs, files 0 blobs 0.0 MB read
strata serve: prompt 94 tokens = 93 reused + 1 read in 0 ms (62500.0 tok/s), 1 generated in 38 ms (26.3 tok/s), drafts accepted 0 of 0, 1 checkpoints
strata serve: decode expert cache hit rate: 100.0% (119 hits / 119 lookups); 361 more read by the GPU over PCIe or from another GPU (75.2% of all 480 routed)
strata serve: resident RAM: 63.28 GiB of experts in RAM, 0 exchanged with the VRAM tier, 0 blob reads from the file
safetensors residency metrics: ram_bytes=67948118016 os_locked_bytes=0 cuda_pinned_bytes=67948118016 promotions=0 promoted_payload_bytes=0 expert_file_bytes=0 (cumulative; payload is not a physical PCIe counter)
safetensors ngram metrics: ple io: 4576 rows, 12.6% row-cache hits, 4000 SSD reads (17.1 MB), read p50 815 us p99 7463 us, blocked 855.050 ms total (submit 2.962 ms), cache 4000/1048576 rows, SSD kept awake by 9 reads (slowest 4.5 ms)
strata serve: expert tiers: GPU 119 hits this request; since the start RAM 82499 blobs, files 0 blobs 0.0 MB read
strata serve: prompt 95 tokens = 94 reused + 1 read in 0 ms (62893.1 tok/s), 1 generated in 40 ms (24.9 tok/s), drafts accepted 0 of 0, 1 checkpoints
strata serve: decode expert cache hit rate: 100.0% (83 hits / 83 lookups); 397 more read by the GPU over PCIe or from another GPU (82.7% of all 480 routed)
strata serve: resident RAM: 63.28 GiB of experts in RAM, 0 exchanged with the VRAM tier, 0 blob reads from the file
safetensors residency metrics: ram_bytes=67948118016 os_locked_bytes=0 cuda_pinned_bytes=67948118016 promotions=0 promoted_payload_bytes=0 expert_file_bytes=0 (cumulative; payload is not a physical PCIe counter)
safetensors ngram metrics: ple io: 4592 rows, 12.5% row-cache hits, 4016 SSD reads (17.1 MB), read p50 815 us p99 7463 us, blocked 856.180 ms total (submit 2.972 ms), cache 4016/1048576 rows, SSD kept awake by 9 reads (slowest 4.5 ms)
strata serve: expert tiers: GPU 83 hits this request; since the start RAM 82896 blobs, files 0 blobs 0.0 MB read
strata serve: prompt 96 tokens = 95 reused + 1 read in 0 ms (72992.7 tok/s), 1 generated in 39 ms (25.6 tok/s), drafts accepted 0 of 0, 1 checkpoints
strata serve: decode expert cache hit rate: 100.0% (100 hits / 100 lookups); 380 more read by the GPU over PCIe or from another GPU (79.2% of all 480 routed)
strata serve: resident RAM: 63.28 GiB of experts in RAM, 0 exchanged with the VRAM tier, 0 blob reads from the file
safetensors residency metrics: ram_bytes=67948118016 os_locked_bytes=0 cuda_pinned_bytes=67948118016 promotions=0 promoted_payload_bytes=0 expert_file_bytes=0 (cumulative; payload is not a physical PCIe counter)
safetensors ngram metrics: ple io: 4608 rows, 12.7% row-cache hits, 4024 SSD reads (17.2 MB), read p50 814 us p99 7463 us, blocked 856.649 ms total (submit 2.980 ms), cache 4024/1048576 rows, SSD kept awake by 9 reads (slowest 4.5 ms)
strata serve: expert tiers: GPU 100 hits this request; since the start RAM 83276 blobs, files 0 blobs 0.0 MB read
strata serve: prompt 97 tokens = 96 reused + 1 read in 0 ms (83333.3 tok/s), 1 generated in 37 ms (27.2 tok/s), drafts accepted 0 of 0, 1 checkpoints
strata serve: decode expert cache hit rate: 100.0% (129 hits / 129 lookups); 351 more read by the GPU over PCIe or from another GPU (73.1% of all 480 routed)
strata serve: resident RAM: 63.28 GiB of experts in RAM, 0 exchanged with the VRAM tier, 0 blob reads from the file
safetensors residency metrics: ram_bytes=67948118016 os_locked_bytes=0 cuda_pinned_bytes=67948118016 promotions=0 promoted_payload_bytes=0 expert_file_bytes=0 (cumulative; payload is not a physical PCIe counter)
safetensors ngram metrics: ple io: 4624 rows, 12.6% row-cache hits, 4040 SSD reads (17.2 MB), read p50 813 us p99 7463 us, blocked 857.617 ms total (submit 2.991 ms), cache 4040/1048576 rows, SSD kept awake by 9 reads (slowest 4.5 ms)
strata serve: expert tiers: GPU 129 hits this request; since the start RAM 83627 blobs, files 0 blobs 0.0 MB read
strata serve: prompt 98 tokens = 97 reused + 1 read in 0 ms (90090.1 tok/s), 1 generated in 36 ms (27.5 tok/s), drafts accepted 0 of 0, 1 checkpoints
strata serve: decode expert cache hit rate: 100.0% (122 hits / 122 lookups); 358 more read by the GPU over PCIe or from another GPU (74.6% of all 480 routed)
strata serve: resident RAM: 63.28 GiB of experts in RAM, 0 exchanged with the VRAM tier, 0 blob reads from the file
safetensors residency metrics: ram_bytes=67948118016 os_locked_bytes=0 cuda_pinned_bytes=67948118016 promotions=0 promoted_payload_bytes=0 expert_file_bytes=0 (cumulative; payload is not a physical PCIe counter)
safetensors ngram metrics: ple io: 4640 rows, 12.8% row-cache hits, 4048 SSD reads (17.3 MB), read p50 811 us p99 7463 us, blocked 858.110 ms total (submit 2.999 ms), cache 4048/1048576 rows, SSD kept awake by 9 reads (slowest 4.5 ms)
strata serve: expert tiers: GPU 122 hits this request; since the start RAM 83985 blobs, files 0 blobs 0.0 MB read
strata serve: prompt 99 tokens = 98 reused + 1 read in 0 ms (86956.5 tok/s), 1 generated in 34 ms (29.5 tok/s), drafts accepted 0 of 0, 1 checkpoints
strata serve: decode expert cache hit rate: 100.0% (164 hits / 164 lookups); 316 more read by the GPU over PCIe or from another GPU (65.8% of all 480 routed)
strata serve: resident RAM: 63.28 GiB of experts in RAM, 0 exchanged with the VRAM tier, 0 blob reads from the file
safetensors residency metrics: ram_bytes=67948118016 os_locked_bytes=0 cuda_pinned_bytes=67948118016 promotions=0 promoted_payload_bytes=0 expert_file_bytes=0 (cumulative; payload is not a physical PCIe counter)
safetensors ngram metrics: ple io: 4656 rows, 13.1% row-cache hits, 4048 SSD reads (17.3 MB), read p50 811 us p99 7463 us, blocked 858.110 ms total (submit 2.999 ms), cache 4048/1048576 rows, SSD kept awake by 9 reads (slowest 4.5 ms)
strata serve: expert tiers: GPU 164 hits this request; since the start RAM 84301 blobs, files 0 blobs 0.0 MB read
strata serve: prompt 100 tokens = 99 reused + 1 read in 0 ms (82644.6 tok/s), 1 generated in 38 ms (26.7 tok/s), drafts accepted 0 of 0, 1 checkpoints
strata serve: decode expert cache hit rate: 100.0% (121 hits / 121 lookups); 359 more read by the GPU over PCIe or from another GPU (74.8% of all 480 routed)
strata serve: resident RAM: 63.28 GiB of experts in RAM, 0 exchanged with the VRAM tier, 0 blob reads from the file
safetensors residency metrics: ram_bytes=67948118016 os_locked_bytes=0 cuda_pinned_bytes=67948118016 promotions=0 promoted_payload_bytes=0 expert_file_bytes=0 (cumulative; payload is not a physical PCIe counter)
safetensors ngram metrics: ple io: 4672 rows, 13.0% row-cache hits, 4064 SSD reads (17.3 MB), read p50 810 us p99 7402 us, blocked 859.245 ms total (submit 3.031 ms), cache 4064/1048576 rows, SSD kept awake by 9 reads (slowest 4.5 ms)
strata serve: expert tiers: GPU 121 hits this request; since the start RAM 84660 blobs, files 0 blobs 0.0 MB read
strata serve: prompt 101 tokens = 100 reused + 1 read in 0 ms (62893.1 tok/s), 1 generated in 40 ms (25.2 tok/s), drafts accepted 0 of 0, 1 checkpoints
strata serve: decode expert cache hit rate: 100.0% (97 hits / 97 lookups); 383 more read by the GPU over PCIe or from another GPU (79.8% of all 480 routed)
strata serve: resident RAM: 63.28 GiB of experts in RAM, 0 exchanged with the VRAM tier, 0 blob reads from the file
safetensors residency metrics: ram_bytes=67948118016 os_locked_bytes=0 cuda_pinned_bytes=67948118016 promotions=0 promoted_payload_bytes=0 expert_file_bytes=0 (cumulative; payload is not a physical PCIe counter)
safetensors ngram metrics: ple io: 4688 rows, 13.0% row-cache hits, 4080 SSD reads (17.4 MB), read p50 810 us p99 7402 us, blocked 860.514 ms total (submit 3.049 ms), cache 4080/1048576 rows, SSD kept awake by 9 reads (slowest 4.5 ms)
strata serve: expert tiers: GPU 97 hits this request; since the start RAM 85043 blobs, files 0 blobs 0.0 MB read
strata serve: prompt 102 tokens = 101 reused + 1 read in 0 ms (18348.6 tok/s), 1 generated in 38 ms (26.0 tok/s), drafts accepted 0 of 0, 1 checkpoints
strata serve: decode expert cache hit rate: 100.0% (109 hits / 109 lookups); 371 more read by the GPU over PCIe or from another GPU (77.3% of all 480 routed)
strata serve: resident RAM: 63.28 GiB of experts in RAM, 0 exchanged with the VRAM tier, 0 blob reads from the file
safetensors residency metrics: ram_bytes=67948118016 os_locked_bytes=0 cuda_pinned_bytes=67948118016 promotions=0 promoted_payload_bytes=0 expert_file_bytes=0 (cumulative; payload is not a physical PCIe counter)
safetensors ngram metrics: ple io: 4704 rows, 12.9% row-cache hits, 4096 SSD reads (17.5 MB), read p50 810 us p99 7402 us, blocked 861.586 ms total (submit 3.062 ms), cache 4096/1048576 rows, SSD kept awake by 9 reads (slowest 4.5 ms)
strata serve: expert tiers: GPU 109 hits this request; since the start RAM 85414 blobs, files 0 blobs 0.0 MB read
strata serve: prompt 103 tokens = 102 reused + 1 read in 0 ms (60606.1 tok/s), 1 generated in 37 ms (27.3 tok/s), drafts accepted 0 of 0, 1 checkpoints
strata serve: decode expert cache hit rate: 100.0% (138 hits / 138 lookups); 342 more read by the GPU over PCIe or from another GPU (71.2% of all 480 routed)
strata serve: resident RAM: 63.28 GiB of experts in RAM, 0 exchanged with the VRAM tier, 0 blob reads from the file
safetensors residency metrics: ram_bytes=67948118016 os_locked_bytes=0 cuda_pinned_bytes=67948118016 promotions=0 promoted_payload_bytes=0 expert_file_bytes=0 (cumulative; payload is not a physical PCIe counter)
safetensors ngram metrics: ple io: 4720 rows, 12.9% row-cache hits, 4112 SSD reads (17.5 MB), read p50 810 us p99 7402 us, blocked 862.627 ms total (submit 3.073 ms), cache 4112/1048576 rows, SSD kept awake by 9 reads (slowest 4.5 ms)
strata serve: expert tiers: GPU 138 hits this request; since the start RAM 85756 blobs, files 0 blobs 0.0 MB read
strata serve: prompt 104 tokens = 103 reused + 1 read in 0 ms (82644.6 tok/s), 1 generated in 37 ms (26.8 tok/s), drafts accepted 0 of 0, 1 checkpoints
strata serve: decode expert cache hit rate: 100.0% (115 hits / 115 lookups); 365 more read by the GPU over PCIe or from another GPU (76.0% of all 480 routed)
strata serve: resident RAM: 63.28 GiB of experts in RAM, 0 exchanged with the VRAM tier, 0 blob reads from the file
safetensors residency metrics: ram_bytes=67948118016 os_locked_bytes=0 cuda_pinned_bytes=67948118016 promotions=0 promoted_payload_bytes=0 expert_file_bytes=0 (cumulative; payload is not a physical PCIe counter)
safetensors ngram metrics: ple io: 4736 rows, 12.8% row-cache hits, 4128 SSD reads (17.6 MB), read p50 809 us p99 7402 us, blocked 863.705 ms total (submit 3.082 ms), cache 4128/1048576 rows, SSD kept awake by 9 reads (slowest 4.5 ms)
strata serve: expert tiers: GPU 115 hits this request; since the start RAM 86121 blobs, files 0 blobs 0.0 MB read
strata serve: prompt 105 tokens = 104 reused + 1 read in 0 ms (80645.2 tok/s), 1 generated in 38 ms (26.7 tok/s), drafts accepted 0 of 0, 1 checkpoints
strata serve: decode expert cache hit rate: 100.0% (119 hits / 119 lookups); 361 more read by the GPU over PCIe or from another GPU (75.2% of all 480 routed)
strata serve: resident RAM: 63.28 GiB of experts in RAM, 0 exchanged with the VRAM tier, 0 blob reads from the file
safetensors residency metrics: ram_bytes=67948118016 os_locked_bytes=0 cuda_pinned_bytes=67948118016 promotions=0 promoted_payload_bytes=0 expert_file_bytes=0 (cumulative; payload is not a physical PCIe counter)
safetensors ngram metrics: ple io: 4752 rows, 12.8% row-cache hits, 4144 SSD reads (17.7 MB), read p50 809 us p99 7402 us, blocked 864.899 ms total (submit 3.090 ms), cache 4144/1048576 rows, SSD kept awake by 9 reads (slowest 4.5 ms)
strata serve: expert tiers: GPU 119 hits this request; since the start RAM 86482 blobs, files 0 blobs 0.0 MB read
strata serve: prompt 106 tokens = 105 reused + 1 read in 0 ms (42735.0 tok/s), 1 generated in 36 ms (27.5 tok/s), drafts accepted 0 of 0, 1 checkpoints
strata serve: decode expert cache hit rate: 100.0% (138 hits / 138 lookups); 342 more read by the GPU over PCIe or from another GPU (71.2% of all 480 routed)
strata serve: resident RAM: 63.28 GiB of experts in RAM, 0 exchanged with the VRAM tier, 0 blob reads from the file
safetensors residency metrics: ram_bytes=67948118016 os_locked_bytes=0 cuda_pinned_bytes=67948118016 promotions=0 promoted_payload_bytes=0 expert_file_bytes=0 (cumulative; payload is not a physical PCIe counter)
safetensors ngram metrics: ple io: 4768 rows, 12.8% row-cache hits, 4160 SSD reads (17.7 MB), read p50 809 us p99 7319 us, blocked 865.909 ms total (submit 3.100 ms), cache 4160/1048576 rows, SSD kept awake by 9 reads (slowest 4.5 ms)
strata serve: expert tiers: GPU 138 hits this request; since the start RAM 86824 blobs, files 0 blobs 0.0 MB read
strata serve: prompt 107 tokens = 106 reused + 1 read in 0 ms (70422.5 tok/s), 1 generated in 35 ms (28.5 tok/s), drafts accepted 0 of 0, 1 checkpoints
strata serve: decode expert cache hit rate: 100.0% (154 hits / 154 lookups); 326 more read by the GPU over PCIe or from another GPU (67.9% of all 480 routed)
strata serve: resident RAM: 63.28 GiB of experts in RAM, 0 exchanged with the VRAM tier, 0 blob reads from the file
safetensors residency metrics: ram_bytes=67948118016 os_locked_bytes=0 cuda_pinned_bytes=67948118016 promotions=0 promoted_payload_bytes=0 expert_file_bytes=0 (cumulative; payload is not a physical PCIe counter)
safetensors ngram metrics: ple io: 4784 rows, 12.7% row-cache hits, 4176 SSD reads (17.8 MB), read p50 809 us p99 7319 us, blocked 867.126 ms total (submit 3.111 ms), cache 4176/1048576 rows, SSD kept awake by 9 reads (slowest 4.5 ms)
strata serve: expert tiers: GPU 154 hits this request; since the start RAM 87150 blobs, files 0 blobs 0.0 MB read
strata serve: prompt 108 tokens = 107 reused + 1 read in 0 ms (69444.4 tok/s), 1 generated in 33 ms (30.3 tok/s), drafts accepted 0 of 0, 1 checkpoints
strata serve: decode expert cache hit rate: 100.0% (183 hits / 183 lookups); 297 more read by the GPU over PCIe or from another GPU (61.9% of all 480 routed)
strata serve: resident RAM: 63.28 GiB of experts in RAM, 0 exchanged with the VRAM tier, 0 blob reads from the file
safetensors residency metrics: ram_bytes=67948118016 os_locked_bytes=0 cuda_pinned_bytes=67948118016 promotions=0 promoted_payload_bytes=0 expert_file_bytes=0 (cumulative; payload is not a physical PCIe counter)
safetensors ngram metrics: ple io: 4800 rows, 12.8% row-cache hits, 4184 SSD reads (17.9 MB), read p50 808 us p99 7319 us, blocked 867.734 ms total (submit 3.121 ms), cache 4184/1048576 rows, SSD kept awake by 9 reads (slowest 4.5 ms)
strata serve: expert tiers: GPU 183 hits this request; since the start RAM 87447 blobs, files 0 blobs 0.0 MB read
safetensors: post-residency expert source bytes=0
safetensors: post-residency MTP source bytes=0
