[strata] 2026-10-10 22:58:19 engine started: G:\Strata\Strata-Safetensors\build-native-engine\strata-efficiency17.exe --serve --model D:\迅雷下载\Qwen3.8-flash-next-nvfp4 --max-context 262144 --prefill 6144 --expert-cache auto --vram-reserve-mib 1024 --spec 3 --suffix-draft 0 --pcie-frac 0.25 --pcie-mode kernel --kv int8 --no-prefill-borrow --adapt-every 4 --adapt-swaps 96 --conversation-cache-mib 4096 --conversation-cache-slots 4 --prompt-cache 6 --stats --check-logits --expert-profile G:\Strata\Strata-Safetensors\data\expert-profile.bin --mtp native --mtp-max-t 1 --spec-min-p 0 --pool-tasks 40 --vision
strata generate: native pack:  experts (largest blob 2.76 MB), token embedding BF16 in mapped host memory (1212 MiB, 2.3 s)
strata generate: 7016 MiB of weights loaded from  in 14.6 s (1 canonical tensors skipped: served natively)
strata generate: GPU 0: NVIDIA GeForce RTX 5090, compute capability 12.0
strata generate: the SSD is kept awake while rows are read: one page of the table after 100 ms without a read, until 60 s after the last request (STRATA_SSD_KEEPALIVE=0 turns it off)
strata generate: profile G:\Strata\Strata-Safetensors\data\expert-profile.bin: 24576 ranked pairs, built for 24576 slots
safetensors MTP: 29 dense tensors, 512 original FP8 experts; 2573.1 MiB, no requantization
strata mtp: original safetensors draft, 2620 MiB total VRAM, startup 3.70 s
strata generate: native BF16 head, 1271398400 bytes, in 1.5 s
safetensors: allocating 63.282 GiB expert RAM (CUDA pinned); startup batch=64 workers=4
safetensors: expert RAM allocated and locked in 5.10 s
safetensors: resident experts 1/48 layers (elapsed 6.02 s, read 0.81 s, pack 0.07 s)
safetensors: resident experts 2/48 layers (elapsed 7.00 s, read 1.73 s, pack 0.14 s)
safetensors: resident experts 3/48 layers (elapsed 7.63 s, read 2.29 s, pack 0.20 s)
safetensors: resident experts 4/48 layers (elapsed 8.30 s, read 2.89 s, pack 0.27 s)
safetensors: resident experts 5/48 layers (elapsed 9.30 s, read 3.83 s, pack 0.33 s)
safetensors: resident experts 6/48 layers (elapsed 10.32 s, read 4.79 s, pack 0.40 s)
safetensors: resident experts 7/48 layers (elapsed 11.22 s, read 5.62 s, pack 0.46 s)
safetensors: resident experts 8/48 layers (elapsed 12.27 s, read 6.60 s, pack 0.52 s)
safetensors: resident experts 9/48 layers (elapsed 12.85 s, read 7.12 s, pack 0.59 s)
safetensors: resident experts 10/48 layers (elapsed 14.20 s, read 8.41 s, pack 0.65 s)
safetensors: resident experts 11/48 layers (elapsed 14.75 s, read 8.89 s, pack 0.71 s)
safetensors: resident experts 12/48 layers (elapsed 15.23 s, read 9.31 s, pack 0.78 s)
safetensors: resident experts 13/48 layers (elapsed 15.71 s, read 9.72 s, pack 0.84 s)
safetensors: resident experts 14/48 layers (elapsed 16.18 s, read 10.12 s, pack 0.91 s)
safetensors: resident experts 15/48 layers (elapsed 16.63 s, read 10.51 s, pack 0.97 s)
safetensors: resident experts 16/48 layers (elapsed 17.10 s, read 10.91 s, pack 1.03 s)
safetensors: resident experts 17/48 layers (elapsed 17.58 s, read 11.33 s, pack 1.10 s)
safetensors: resident experts 18/48 layers (elapsed 18.05 s, read 11.74 s, pack 1.16 s)
safetensors: resident experts 19/48 layers (elapsed 18.78 s, read 12.40 s, pack 1.23 s)
safetensors: resident experts 20/48 layers (elapsed 19.46 s, read 13.02 s, pack 1.29 s)
safetensors: resident experts 21/48 layers (elapsed 20.44 s, read 13.93 s, pack 1.35 s)
safetensors: resident experts 22/48 layers (elapsed 21.43 s, read 14.86 s, pack 1.42 s)
safetensors: resident experts 23/48 layers (elapsed 22.27 s, read 15.64 s, pack 1.48 s)
safetensors: resident experts 24/48 layers (elapsed 23.60 s, read 16.90 s, pack 1.55 s)
safetensors: resident experts 25/48 layers (elapsed 24.40 s, read 17.64 s, pack 1.61 s)
safetensors: resident experts 26/48 layers (elapsed 25.19 s, read 18.36 s, pack 1.68 s)
safetensors: resident experts 27/48 layers (elapsed 25.89 s, read 18.99 s, pack 1.74 s)
safetensors: resident experts 28/48 layers (elapsed 26.77 s, read 19.81 s, pack 1.80 s)
safetensors: resident experts 29/48 layers (elapsed 27.83 s, read 20.81 s, pack 1.87 s)
safetensors: resident experts 30/48 layers (elapsed 28.41 s, read 21.32 s, pack 1.93 s)
safetensors: resident experts 31/48 layers (elapsed 29.11 s, read 21.95 s, pack 2.00 s)
safetensors: resident experts 32/48 layers (elapsed 29.88 s, read 22.66 s, pack 2.06 s)
safetensors: resident experts 33/48 layers (elapsed 30.58 s, read 23.30 s, pack 2.12 s)
safetensors: resident experts 34/48 layers (elapsed 31.48 s, read 24.13 s, pack 2.19 s)
safetensors: resident experts 35/48 layers (elapsed 32.67 s, read 25.25 s, pack 2.25 s)
safetensors: resident experts 36/48 layers (elapsed 33.59 s, read 26.10 s, pack 2.32 s)
safetensors: resident experts 37/48 layers (elapsed 34.24 s, read 26.69 s, pack 2.38 s)
safetensors: resident experts 38/48 layers (elapsed 34.88 s, read 27.26 s, pack 2.44 s)
safetensors: resident experts 39/48 layers (elapsed 36.10 s, read 28.42 s, pack 2.51 s)
safetensors: resident experts 40/48 layers (elapsed 36.74 s, read 29.00 s, pack 2.57 s)
safetensors: resident experts 41/48 layers (elapsed 37.65 s, read 29.84 s, pack 2.64 s)
safetensors: resident experts 42/48 layers (elapsed 39.33 s, read 31.45 s, pack 2.70 s)
safetensors: resident experts 43/48 layers (elapsed 40.52 s, read 32.58 s, pack 2.77 s)
safetensors: resident experts 44/48 layers (elapsed 41.61 s, read 33.61 s, pack 2.83 s)
safetensors: resident experts 45/48 layers (elapsed 42.79 s, read 34.72 s, pack 2.90 s)
safetensors: resident experts 46/48 layers (elapsed 44.18 s, read 36.05 s, pack 2.96 s)
safetensors: resident experts 47/48 layers (elapsed 45.41 s, read 37.21 s, pack 3.02 s)
safetensors: resident experts 48/48 layers (elapsed 46.89 s, read 38.63 s, pack 3.09 s)
safetensors: 63.282 GiB physically page-locked and GPU-mapped via cudaHostAlloc, 0.0 MiB GPU staging
safetensors: startup weight handles closed; all resident payload reads sealed
safetensors: expert startup complete: 46.89 s, batch=64 workers=4 scratch_peak_mib=168.75 read_s=38.63 pack_s=3.09 source_read_calls=29980
safetensors: all expert weights in locked RAM; expert source reads sealed
strata generate: CPU pool tasks/phase: 40 (capped by rows), participating threads: 16
strata generate: 15 pool workers on logical processors 2,4,6,8,10,12,14,16,18,20,22,24,26,28,30, the host thread on 0 (draining too) (--host-core first)
strata prefill allocation: requested=6144 effective=6144 capacity=6144 workspace_bytes=3746007808 free_vram_bytes=15589179392
safetensors: prefill-first: 6144 rows allocated and touched before expert cache sizing; 512 MiB startup headroom held; experts use the remaining budget
strata generate: expert cache auto: 14.52 GiB free, 1024 MiB reserved (+2 MiB for the draft head) -> 5224 slots
strata generate: only 0 MiB free once the slots are written (reserve 1024 MiB); shrinking the expert cache
safetensors: written-cache budget also keeps 3 MiB for the late MTP head
strata generate: only 348 MiB free once the slots are written (reserve 1024 MiB); shrinking the expert cache
safetensors: written-cache budget also keeps 3 MiB for the late MTP head
strata generate: expert cache 4527 slots, 11.66 GiB of VRAM; policy is
strata generate: native NVFP4 CPU/GPU FP32 canonical arithmetic enabled
                 (32-lane reduction and double exp rounded to float).
                 PROFILE, ranked by routing frequency, no eviction.
strata generate: the profile fill asks for 0 pairs ahead (STRATA_FILL_AHEAD)
strata generate: pre-filled 4527 of 4527 slots from the profile in 0.3 s (39982 MB/s); slot 0 verified
strata generate: R4 hit path ON - resident experts are computed on the GPU
strata generate: 15 expert-pool workers + the host thread
strata generate: session is up (engine 0.1.41)
strata generate: token graph hit path: 4527 resident experts, decided on the device
strata generate: resident RAM mode: 63.28 GiB of experts in RAM (page-locked), 4527 in the GPU cache; adaptive swaps exchange them with the GPU cache (no file reads)
strata serve: the prompt path allocates its own buffers (dedicated workspace: --no-prefill-borrow)
strata serve prefill selection: configured=6144 selected=6144 auto=0 reduced=0
strata generate: elastic K/V: 16384 of 262144 cells in VRAM (0.25 of 3.35 GiB); the expert cache (4527 slots) gives the K/V room below slot 4527 as the context grows
strata hc: CUDA0: the hyper-connection read runs as staged (the norm per token and stream, the down projection's activations staged ahead by cp.async); checked bit for bit against the plain read on this card (STRATA_HC_SPLIT=1 or 0 for the earlier ones)
strata verify: window up to 3 tokens, 355.1 MiB of device buffers
strata serve: STRATA_ADAPT_FETCH is off (the resident RAM mode)
strata serve: the adaptive tier's evictions reach the device's table before the next window (STRATA_ADAPT_EVICT_SYNC=0: when its copies land)
safetensors: startup MTP weight warm: 2573.1 MiB read on device in 3.7 ms; original weights, KV and sampling state unchanged
safetensors: startup immutable weight warm completed in 15.5 ms using the 512 MiB guard; no forward pass or expert source read
safetensors: prefill-first ready: configured=6144 allocated=6144; startup headroom released; 1244 MiB free
strata serve: 1244 MiB of VRAM free with everything loaded
safetensors: engine ready after 83.25 s from main entry
strata: K/V grown to 32768 cells (0.46 GiB); the expert cache gave 80 slots for it, 0 hotter experts moved to colder ones' slots (4447 of 4527 slots hold experts)
strata serve prefill segment: start=0 end=24597 root=0 turn=1 message=0 pin=0 reread=0
strata ple batch phases: rows=98304 misses=98304 pages=65248 total_ms=203.121 call_lock_ms=0.000 lookup_ms=1.792 plan_ms=5.134 group_wait_ms=188.987 cache_insert_ms=3.423 callback_ms=3.486 reader_drain_ms=0.000
strata ple gather phases: tokens=6144 rows=98304 total_ms=205.856 raw_resize_ms=2.573 host_available_mib=14186
strata ple: chunk 0: read started 0.5 ms into the run, layer 1 reached at 304.3, waited 0.0 ms
strata ple batch phases: rows=98304 misses=67244 pages=60388 total_ms=147.989 call_lock_ms=0.000 lookup_ms=1.959 plan_ms=2.623 group_wait_ms=137.226 cache_insert_ms=2.796 callback_ms=3.224 reader_drain_ms=0.000
strata ple gather phases: tokens=6144 rows=98304 total_ms=148.022 raw_resize_ms=0.005 host_available_mib=14054
strata draft batch: weights=bf16 math=bf16x3 start=0 rows=6144 batch=5760
strata prefill callback: start=0 rows=6144 draft_path=batched draft_ms=14.450 checkpoint_ms=0.002 total_ms=14.476
strata prefill chunk: start=0 rows=6144 main_and_wait_ms=1989.922 callback_ms=23.892 total_ms=2013.815
strata ple: chunk 6144: read started 336.3 ms into the run, layer 1 reached at 2037.7, waited 0.0 ms
strata ple batch phases: rows=98304 misses=70694 pages=64111 total_ms=97.801 call_lock_ms=0.000 lookup_ms=2.089 plan_ms=2.904 group_wait_ms=86.517 cache_insert_ms=2.952 callback_ms=3.164 reader_drain_ms=0.000
strata ple gather phases: tokens=6144 rows=98304 total_ms=97.830 raw_resize_ms=0.004 host_available_mib=14056
strata draft batch: weights=bf16 math=bf16x3 start=6144 rows=6144 batch=5760
strata prefill callback: start=6144 rows=6144 draft_path=batched draft_ms=13.301 checkpoint_ms=0.002 total_ms=13.326
strata prefill chunk: start=6144 rows=6144 main_and_wait_ms=1597.240 callback_ms=13.335 total_ms=1610.575
strata ple: chunk 12288: read started 2037.8 ms into the run, layer 1 reached at 3647.8, waited 0.0 ms
strata ple batch phases: rows=98304 misses=70904 pages=65897 total_ms=104.508 call_lock_ms=0.000 lookup_ms=2.521 plan_ms=2.911 group_wait_ms=92.554 cache_insert_ms=3.180 callback_ms=3.166 reader_drain_ms=0.000
strata ple gather phases: tokens=6144 rows=98304 total_ms=104.541 raw_resize_ms=0.004 host_available_mib=14050
strata draft batch: weights=bf16 math=bf16x3 start=12288 rows=6144 batch=5760
strata prefill callback: start=12288 rows=6144 draft_path=batched draft_ms=13.265 checkpoint_ms=38.062 total_ms=51.351
strata prefill chunk: start=12288 rows=6144 main_and_wait_ms=1402.252 callback_ms=51.366 total_ms=1453.618
strata ple: chunk 18432: read started 3647.9 ms into the run, layer 1 reached at 5101.3, waited 0.0 ms
strata draft batch: weights=bf16 math=bf16x3 start=18432 rows=6144 batch=5760
strata prefill callback: start=18432 rows=6144 draft_path=batched draft_ms=13.203 checkpoint_ms=0.002 total_ms=13.230
strata prefill chunk: start=18432 rows=6144 main_and_wait_ms=1407.902 callback_ms=13.241 total_ms=1421.143
strata ple: chunk 24576: read started 5101.5 ms into the run, layer 1 reached at 6562.8, waited 0.0 ms
strata: the hyper-connection read v4 (programmatic dependent launch)
strata prefill callback: start=24576 rows=21 draft_path=token draft_ms=27.807 checkpoint_ms=0.002 total_ms=27.831
strata prefill chunk: start=24576 rows=21 main_and_wait_ms=293.568 callback_ms=27.840 total_ms=321.408
strata prefill executed: tokens=24597 max_chunk=6144 capacity=6144 start=0
strata serve prefill segment: start=24597 end=24603 root=0 turn=0 message=0 pin=0 reread=0
strata verify: capturing the 3-token window (1182 MiB of VRAM free)
strata verify: captured the 3-token window (upload no error, sync no error)
strata verify: capturing the 1-token window (1178 MiB of VRAM free)
strata verify: captured the 1-token window (upload no error, sync no error)
strata serve: prompt 24604 tokens = 0 reused + 24604 read in 6940 ms (3545.3 tok/s), 1 generated in 27 ms (36.5 tok/s), drafts accepted 0 of 0, 2 checkpoints
strata serve: decode expert cache hit rate: 60.5% (268 hits / 443 lookups); 37 more read by the GPU over PCIe or from another GPU (7.7% of all 480 routed)
strata serve: resident RAM: 63.28 GiB of experts in RAM, 0 exchanged with the VRAM tier, 0 blob reads from the file
safetensors residency metrics: ram_bytes=67948118016 os_locked_bytes=0 cuda_pinned_bytes=67948118016 promotions=0 promoted_payload_bytes=0 expert_file_bytes=0 (cumulative; payload is not a physical PCIe counter)
safetensors ngram metrics: ple io: 393664 rows, 21.9% row-cache hits, 256052 SSD reads (1048.9 MB), read p50 223 us p99 4854 us, blocked 544.334 ms total (submit 0.183 ms), cache 247116/1048576 rows, SSD kept awake by 61 reads (slowest 15.5 ms)
strata serve: expert tiers: GPU 268 hits this request; since the start RAM 89298 blobs, files 0 blobs 0.0 MB read
strata serve: prompt 24605 tokens = 24604 reused + 1 read in 0 ms (17421.6 tok/s), 1 generated in 20 ms (50.1 tok/s), drafts accepted 0 of 0, 2 checkpoints
strata serve: decode expert cache hit rate: 63.2% (283 hits / 448 lookups); 32 more read by the GPU over PCIe or from another GPU (6.7% of all 480 routed)
strata serve: resident RAM: 63.28 GiB of experts in RAM, 0 exchanged with the VRAM tier, 0 blob reads from the file
safetensors residency metrics: ram_bytes=67948118016 os_locked_bytes=0 cuda_pinned_bytes=67948118016 promotions=0 promoted_payload_bytes=0 expert_file_bytes=0 (cumulative; payload is not a physical PCIe counter)
safetensors ngram metrics: ple io: 393680 rows, 21.9% row-cache hits, 256060 SSD reads (1048.9 MB), read p50 223 us p99 4854 us, blocked 545.919 ms total (submit 0.195 ms), cache 247124/1048576 rows, SSD kept awake by 61 reads (slowest 15.5 ms)
strata serve: expert tiers: GPU 283 hits this request; since the start RAM 89495 blobs, files 0 blobs 0.0 MB read
strata serve: prompt 24606 tokens = 24605 reused + 1 read in 0 ms (20202.0 tok/s), 1 generated in 22 ms (44.6 tok/s), drafts accepted 0 of 0, 2 checkpoints
strata serve: decode expert cache hit rate: 46.0% (197 hits / 428 lookups); 52 more read by the GPU over PCIe or from another GPU (10.8% of all 480 routed)
strata serve: resident RAM: 63.28 GiB of experts in RAM, 0 exchanged with the VRAM tier, 0 blob reads from the file
safetensors residency metrics: ram_bytes=67948118016 os_locked_bytes=0 cuda_pinned_bytes=67948118016 promotions=0 promoted_payload_bytes=0 expert_file_bytes=0 (cumulative; payload is not a physical PCIe counter)
safetensors ngram metrics: ple io: 393696 rows, 21.9% row-cache hits, 256076 SSD reads (1049.0 MB), read p50 223 us p99 4854 us, blocked 547.136 ms total (submit 0.209 ms), cache 247140/1048576 rows, SSD kept awake by 61 reads (slowest 15.5 ms)
strata serve: expert tiers: GPU 197 hits this request; since the start RAM 89778 blobs, files 0 blobs 0.0 MB read
strata serve: prompt 24607 tokens = 24606 reused + 1 read in 0 ms (17605.6 tok/s), 1 generated in 23 ms (43.3 tok/s), drafts accepted 0 of 0, 2 checkpoints
strata serve: decode expert cache hit rate: 40.4% (169 hits / 418 lookups); 62 more read by the GPU over PCIe or from another GPU (12.9% of all 480 routed)
strata serve: resident RAM: 63.28 GiB of experts in RAM, 0 exchanged with the VRAM tier, 0 blob reads from the file
safetensors residency metrics: ram_bytes=67948118016 os_locked_bytes=0 cuda_pinned_bytes=67948118016 promotions=0 promoted_payload_bytes=0 expert_file_bytes=0 (cumulative; payload is not a physical PCIe counter)
safetensors ngram metrics: ple io: 393712 rows, 21.9% row-cache hits, 256084 SSD reads (1049.0 MB), read p50 223 us p99 4854 us, blocked 547.137 ms total (submit 0.219 ms), cache 247148/1048576 rows, SSD kept awake by 61 reads (slowest 15.5 ms)
strata serve: expert tiers: GPU 169 hits this request; since the start RAM 90185 blobs, files 0 blobs 0.0 MB read
strata serve: prompt 24608 tokens = 24607 reused + 1 read in 0 ms (6988.1 tok/s), 1 generated in 22 ms (44.7 tok/s), drafts accepted 0 of 0, 2 checkpoints
strata serve: decode expert cache hit rate: 43.1% (182 hits / 422 lookups); 58 more read by the GPU over PCIe or from another GPU (12.1% of all 480 routed)
strata serve: resident RAM: 63.28 GiB of experts in RAM, 0 exchanged with the VRAM tier, 0 blob reads from the file
safetensors residency metrics: ram_bytes=67948118016 os_locked_bytes=0 cuda_pinned_bytes=67948118016 promotions=96 promoted_payload_bytes=265422336 expert_file_bytes=0 (cumulative; payload is not a physical PCIe counter)
safetensors ngram metrics: ple io: 393728 rows, 21.9% row-cache hits, 256084 SSD reads (1049.0 MB), read p50 223 us p99 4854 us, blocked 547.137 ms total (submit 0.219 ms), cache 247148/1048576 rows, SSD kept awake by 61 reads (slowest 15.5 ms)
strata serve: expert tiers: GPU 182 hits this request; since the start RAM 90483 blobs, files 0 blobs 0.0 MB read
strata serve: prompt 24609 tokens = 24608 reused + 1 read in 0 ms (19120.5 tok/s), 1 generated in 19 ms (52.4 tok/s), drafts accepted 0 of 0, 2 checkpoints
strata serve: decode expert cache hit rate: 58.1% (254 hits / 437 lookups); 43 more read by the GPU over PCIe or from another GPU (9.0% of all 480 routed)
strata serve: resident RAM: 63.28 GiB of experts in RAM, 0 exchanged with the VRAM tier, 0 blob reads from the file
safetensors residency metrics: ram_bytes=67948118016 os_locked_bytes=0 cuda_pinned_bytes=67948118016 promotions=96 promoted_payload_bytes=265422336 expert_file_bytes=0 (cumulative; payload is not a physical PCIe counter)
safetensors ngram metrics: ple io: 393744 rows, 21.9% row-cache hits, 256084 SSD reads (1049.0 MB), read p50 223 us p99 4854 us, blocked 547.137 ms total (submit 0.219 ms), cache 247148/1048576 rows, SSD kept awake by 61 reads (slowest 15.5 ms)
strata serve: expert tiers: GPU 254 hits this request; since the start RAM 90709 blobs, files 0 blobs 0.0 MB read
strata serve: prompt 24610 tokens = 24609 reused + 1 read in 0 ms (19723.9 tok/s), 1 generated in 21 ms (48.7 tok/s), drafts accepted 0 of 0, 2 checkpoints
strata serve: decode expert cache hit rate: 57.1% (252 hits / 441 lookups); 39 more read by the GPU over PCIe or from another GPU (8.1% of all 480 routed)
strata serve: resident RAM: 63.28 GiB of experts in RAM, 0 exchanged with the VRAM tier, 0 blob reads from the file
safetensors residency metrics: ram_bytes=67948118016 os_locked_bytes=0 cuda_pinned_bytes=67948118016 promotions=96 promoted_payload_bytes=265422336 expert_file_bytes=0 (cumulative; payload is not a physical PCIe counter)
safetensors ngram metrics: ple io: 393760 rows, 21.9% row-cache hits, 256100 SSD reads (1049.1 MB), read p50 223 us p99 4854 us, blocked 548.435 ms total (submit 0.233 ms), cache 247164/1048576 rows, SSD kept awake by 62 reads (slowest 15.5 ms)
strata serve: expert tiers: GPU 252 hits this request; since the start RAM 90937 blobs, files 0 blobs 0.0 MB read
strata serve: prompt 24611 tokens = 24610 reused + 1 read in 0 ms (20202.0 tok/s), 1 generated in 22 ms (45.8 tok/s), drafts accepted 0 of 0, 2 checkpoints
strata serve: decode expert cache hit rate: 49.3% (212 hits / 430 lookups); 50 more read by the GPU over PCIe or from another GPU (10.4% of all 480 routed)
strata serve: resident RAM: 63.28 GiB of experts in RAM, 0 exchanged with the VRAM tier, 0 blob reads from the file
safetensors residency metrics: ram_bytes=67948118016 os_locked_bytes=0 cuda_pinned_bytes=67948118016 promotions=96 promoted_payload_bytes=265422336 expert_file_bytes=0 (cumulative; payload is not a physical PCIe counter)
safetensors ngram metrics: ple io: 393776 rows, 21.9% row-cache hits, 256116 SSD reads (1049.2 MB), read p50 223 us p99 4854 us, blocked 548.436 ms total (submit 0.248 ms), cache 247180/1048576 rows, SSD kept awake by 62 reads (slowest 15.5 ms)
strata serve: expert tiers: GPU 212 hits this request; since the start RAM 91301 blobs, files 0 blobs 0.0 MB read
strata serve: prompt 24612 tokens = 24611 reused + 1 read in 0 ms (6887.1 tok/s), 1 generated in 24 ms (42.1 tok/s), drafts accepted 0 of 0, 2 checkpoints
strata serve: decode expert cache hit rate: 54.9% (240 hits / 437 lookups); 43 more read by the GPU over PCIe or from another GPU (9.0% of all 480 routed)
strata serve: resident RAM: 63.28 GiB of experts in RAM, 0 exchanged with the VRAM tier, 0 blob reads from the file
safetensors residency metrics: ram_bytes=67948118016 os_locked_bytes=0 cuda_pinned_bytes=67948118016 promotions=192 promoted_payload_bytes=530844672 expert_file_bytes=0 (cumulative; payload is not a physical PCIe counter)
safetensors ngram metrics: ple io: 393792 rows, 21.9% row-cache hits, 256132 SSD reads (1049.2 MB), read p50 223 us p99 4854 us, blocked 552.169 ms total (submit 0.260 ms), cache 247196/1048576 rows, SSD kept awake by 62 reads (slowest 15.5 ms)
strata serve: expert tiers: GPU 240 hits this request; since the start RAM 91541 blobs, files 0 blobs 0.0 MB read
strata serve: prompt 24613 tokens = 24612 reused + 1 read in 0 ms (10142.0 tok/s), 1 generated in 19 ms (52.6 tok/s), drafts accepted 0 of 0, 2 checkpoints
strata serve: decode expert cache hit rate: 64.7% (293 hits / 453 lookups); 27 more read by the GPU over PCIe or from another GPU (5.6% of all 480 routed)
strata serve: resident RAM: 63.28 GiB of experts in RAM, 0 exchanged with the VRAM tier, 0 blob reads from the file
safetensors residency metrics: ram_bytes=67948118016 os_locked_bytes=0 cuda_pinned_bytes=67948118016 promotions=192 promoted_payload_bytes=530844672 expert_file_bytes=0 (cumulative; payload is not a physical PCIe counter)
safetensors ngram metrics: ple io: 393808 rows, 21.9% row-cache hits, 256148 SSD reads (1049.3 MB), read p50 223 us p99 4854 us, blocked 552.169 ms total (submit 0.275 ms), cache 247212/1048576 rows, SSD kept awake by 62 reads (slowest 15.5 ms)
strata serve: expert tiers: GPU 293 hits this request; since the start RAM 91728 blobs, files 0 blobs 0.0 MB read
strata serve: prompt 24614 tokens = 24613 reused + 1 read in 0 ms (19685.0 tok/s), 1 generated in 25 ms (40.4 tok/s), drafts accepted 0 of 0, 2 checkpoints
strata serve: decode expert cache hit rate: 52.2% (229 hits / 439 lookups); 41 more read by the GPU over PCIe or from another GPU (8.5% of all 480 routed)
strata serve: resident RAM: 63.28 GiB of experts in RAM, 0 exchanged with the VRAM tier, 0 blob reads from the file
safetensors residency metrics: ram_bytes=67948118016 os_locked_bytes=0 cuda_pinned_bytes=67948118016 promotions=192 promoted_payload_bytes=530844672 expert_file_bytes=0 (cumulative; payload is not a physical PCIe counter)
safetensors ngram metrics: ple io: 393824 rows, 21.9% row-cache hits, 256164 SSD reads (1049.4 MB), read p50 223 us p99 4859 us, blocked 556.435 ms total (submit 0.288 ms), cache 247228/1048576 rows, SSD kept awake by 62 reads (slowest 15.5 ms)
strata serve: expert tiers: GPU 229 hits this request; since the start RAM 91979 blobs, files 0 blobs 0.0 MB read
strata serve: prompt 24615 tokens = 24614 reused + 1 read in 0 ms (19193.9 tok/s), 1 generated in 21 ms (46.6 tok/s), drafts accepted 0 of 0, 2 checkpoints
strata serve: decode expert cache hit rate: 55.8% (246 hits / 441 lookups); 39 more read by the GPU over PCIe or from another GPU (8.1% of all 480 routed)
strata serve: resident RAM: 63.28 GiB of experts in RAM, 0 exchanged with the VRAM tier, 0 blob reads from the file
safetensors residency metrics: ram_bytes=67948118016 os_locked_bytes=0 cuda_pinned_bytes=67948118016 promotions=192 promoted_payload_bytes=530844672 expert_file_bytes=0 (cumulative; payload is not a physical PCIe counter)
safetensors ngram metrics: ple io: 393840 rows, 21.9% row-cache hits, 256172 SSD reads (1049.4 MB), read p50 223 us p99 4859 us, blocked 556.436 ms total (submit 0.308 ms), cache 247236/1048576 rows, SSD kept awake by 62 reads (slowest 15.5 ms)
strata serve: expert tiers: GPU 246 hits this request; since the start RAM 92309 blobs, files 0 blobs 0.0 MB read
strata serve: prompt 24616 tokens = 24615 reused + 1 read in 0 ms (7017.5 tok/s), 1 generated in 23 ms (44.4 tok/s), drafts accepted 0 of 0, 2 checkpoints
strata serve: decode expert cache hit rate: 60.5% (273 hits / 451 lookups); 29 more read by the GPU over PCIe or from another GPU (6.0% of all 480 routed)
strata serve: resident RAM: 63.28 GiB of experts in RAM, 0 exchanged with the VRAM tier, 0 blob reads from the file
safetensors residency metrics: ram_bytes=67948118016 os_locked_bytes=0 cuda_pinned_bytes=67948118016 promotions=288 promoted_payload_bytes=796267008 expert_file_bytes=0 (cumulative; payload is not a physical PCIe counter)
safetensors ngram metrics: ple io: 393856 rows, 21.9% row-cache hits, 256188 SSD reads (1049.5 MB), read p50 223 us p99 4859 us, blocked 559.662 ms total (submit 0.328 ms), cache 247252/1048576 rows, SSD kept awake by 62 reads (slowest 15.5 ms)
strata serve: expert tiers: GPU 273 hits this request; since the start RAM 92516 blobs, files 0 blobs 0.0 MB read
strata serve: prompt 24617 tokens = 24616 reused + 1 read in 0 ms (20040.1 tok/s), 1 generated in 19 ms (53.7 tok/s), drafts accepted 0 of 0, 2 checkpoints
strata serve: decode expert cache hit rate: 65.9% (297 hits / 451 lookups); 29 more read by the GPU over PCIe or from another GPU (6.0% of all 480 routed)
strata serve: resident RAM: 63.28 GiB of experts in RAM, 0 exchanged with the VRAM tier, 0 blob reads from the file
safetensors residency metrics: ram_bytes=67948118016 os_locked_bytes=0 cuda_pinned_bytes=67948118016 promotions=288 promoted_payload_bytes=796267008 expert_file_bytes=0 (cumulative; payload is not a physical PCIe counter)
safetensors ngram metrics: ple io: 393872 rows, 21.9% row-cache hits, 256204 SSD reads (1049.5 MB), read p50 223 us p99 4859 us, blocked 559.875 ms total (submit 0.343 ms), cache 247268/1048576 rows, SSD kept awake by 62 reads (slowest 15.5 ms)
strata serve: expert tiers: GPU 297 hits this request; since the start RAM 92699 blobs, files 0 blobs 0.0 MB read
strata serve: prompt 24618 tokens = 24617 reused + 1 read in 0 ms (20284.0 tok/s), 1 generated in 23 ms (43.4 tok/s), drafts accepted 0 of 0, 2 checkpoints
strata serve: decode expert cache hit rate: 72.1% (333 hits / 462 lookups); 18 more read by the GPU over PCIe or from another GPU (3.8% of all 480 routed)
strata serve: resident RAM: 63.28 GiB of experts in RAM, 0 exchanged with the VRAM tier, 0 blob reads from the file
safetensors residency metrics: ram_bytes=67948118016 os_locked_bytes=0 cuda_pinned_bytes=67948118016 promotions=288 promoted_payload_bytes=796267008 expert_file_bytes=0 (cumulative; payload is not a physical PCIe counter)
safetensors ngram metrics: ple io: 393888 rows, 21.9% row-cache hits, 256220 SSD reads (1049.6 MB), read p50 223 us p99 4860 us, blocked 564.897 ms total (submit 0.364 ms), cache 247284/1048576 rows, SSD kept awake by 62 reads (slowest 15.5 ms)
strata serve: expert tiers: GPU 333 hits this request; since the start RAM 92846 blobs, files 0 blobs 0.0 MB read
strata serve: prompt 24619 tokens = 24618 reused + 1 read in 0 ms (20161.3 tok/s), 1 generated in 18 ms (55.4 tok/s), drafts accepted 0 of 0, 2 checkpoints
strata serve: decode expert cache hit rate: 76.8% (360 hits / 469 lookups); 11 more read by the GPU over PCIe or from another GPU (2.3% of all 480 routed)
strata serve: resident RAM: 63.28 GiB of experts in RAM, 0 exchanged with the VRAM tier, 0 blob reads from the file
safetensors residency metrics: ram_bytes=67948118016 os_locked_bytes=0 cuda_pinned_bytes=67948118016 promotions=288 promoted_payload_bytes=796267008 expert_file_bytes=0 (cumulative; payload is not a physical PCIe counter)
safetensors ngram metrics: ple io: 393904 rows, 21.9% row-cache hits, 256236 SSD reads (1049.7 MB), read p50 223 us p99 4860 us, blocked 564.897 ms total (submit 0.381 ms), cache 247300/1048576 rows, SSD kept awake by 62 reads (slowest 15.5 ms)
strata serve: expert tiers: GPU 360 hits this request; since the start RAM 93062 blobs, files 0 blobs 0.0 MB read
strata serve: prompt 24620 tokens = 24619 reused + 1 read in 0 ms (6333.1 tok/s), 1 generated in 26 ms (38.1 tok/s), drafts accepted 0 of 0, 2 checkpoints
strata serve: decode expert cache hit rate: 76.1% (354 hits / 465 lookups); 15 more read by the GPU over PCIe or from another GPU (3.1% of all 480 routed)
strata serve: resident RAM: 63.28 GiB of experts in RAM, 0 exchanged with the VRAM tier, 0 blob reads from the file
safetensors residency metrics: ram_bytes=67948118016 os_locked_bytes=0 cuda_pinned_bytes=67948118016 promotions=384 promoted_payload_bytes=1061689344 expert_file_bytes=0 (cumulative; payload is not a physical PCIe counter)
safetensors ngram metrics: ple io: 393920 rows, 21.9% row-cache hits, 256244 SSD reads (1049.7 MB), read p50 223 us p99 4862 us, blocked 573.714 ms total (submit 0.401 ms), cache 247308/1048576 rows, SSD kept awake by 62 reads (slowest 15.5 ms)
strata serve: expert tiers: GPU 354 hits this request; since the start RAM 93188 blobs, files 0 blobs 0.0 MB read
strata serve: prompt 24621 tokens = 24620 reused + 1 read in 0 ms (17699.1 tok/s), 1 generated in 18 ms (54.8 tok/s), drafts accepted 0 of 0, 2 checkpoints
strata serve: decode expert cache hit rate: 76.7% (358 hits / 467 lookups); 13 more read by the GPU over PCIe or from another GPU (2.7% of all 480 routed)
strata serve: resident RAM: 63.28 GiB of experts in RAM, 0 exchanged with the VRAM tier, 0 blob reads from the file
safetensors residency metrics: ram_bytes=67948118016 os_locked_bytes=0 cuda_pinned_bytes=67948118016 promotions=384 promoted_payload_bytes=1061689344 expert_file_bytes=0 (cumulative; payload is not a physical PCIe counter)
safetensors ngram metrics: ple io: 393936 rows, 21.9% row-cache hits, 256260 SSD reads (1049.8 MB), read p50 223 us p99 4862 us, blocked 574.953 ms total (submit 0.423 ms), cache 247324/1048576 rows, SSD kept awake by 62 reads (slowest 15.5 ms)
strata serve: expert tiers: GPU 358 hits this request; since the start RAM 93310 blobs, files 0 blobs 0.0 MB read
strata serve: prompt 24622 tokens = 24621 reused + 1 read in 0 ms (18656.7 tok/s), 1 generated in 21 ms (47.8 tok/s), drafts accepted 0 of 0, 2 checkpoints
strata serve: decode expert cache hit rate: 64.2% (289 hits / 450 lookups); 30 more read by the GPU over PCIe or from another GPU (6.2% of all 480 routed)
strata serve: resident RAM: 63.28 GiB of experts in RAM, 0 exchanged with the VRAM tier, 0 blob reads from the file
safetensors residency metrics: ram_bytes=67948118016 os_locked_bytes=0 cuda_pinned_bytes=67948118016 promotions=384 promoted_payload_bytes=1061689344 expert_file_bytes=0 (cumulative; payload is not a physical PCIe counter)
safetensors ngram metrics: ple io: 393952 rows, 21.9% row-cache hits, 256276 SSD reads (1049.8 MB), read p50 223 us p99 4862 us, blocked 577.629 ms total (submit 0.436 ms), cache 247340/1048576 rows, SSD kept awake by 62 reads (slowest 15.5 ms)
strata serve: expert tiers: GPU 289 hits this request; since the start RAM 93501 blobs, files 0 blobs 0.0 MB read
strata serve: prompt 24623 tokens = 24622 reused + 1 read in 0 ms (19685.0 tok/s), 1 generated in 20 ms (48.8 tok/s), drafts accepted 0 of 0, 2 checkpoints
strata serve: decode expert cache hit rate: 59.0% (262 hits / 444 lookups); 36 more read by the GPU over PCIe or from another GPU (7.5% of all 480 routed)
strata serve: resident RAM: 63.28 GiB of experts in RAM, 0 exchanged with the VRAM tier, 0 blob reads from the file
safetensors residency metrics: ram_bytes=67948118016 os_locked_bytes=0 cuda_pinned_bytes=67948118016 promotions=384 promoted_payload_bytes=1061689344 expert_file_bytes=0 (cumulative; payload is not a physical PCIe counter)
safetensors ngram metrics: ple io: 393968 rows, 21.9% row-cache hits, 256292 SSD reads (1049.9 MB), read p50 223 us p99 4862 us, blocked 577.629 ms total (submit 0.448 ms), cache 247356/1048576 rows, SSD kept awake by 62 reads (slowest 15.5 ms)
strata serve: expert tiers: GPU 262 hits this request; since the start RAM 93815 blobs, files 0 blobs 0.0 MB read
strata serve: prompt 24624 tokens = 24623 reused + 1 read in 0 ms (6920.4 tok/s), 1 generated in 21 ms (47.9 tok/s), drafts accepted 0 of 0, 2 checkpoints
strata serve: decode expert cache hit rate: 61.3% (274 hits / 447 lookups); 33 more read by the GPU over PCIe or from another GPU (6.9% of all 480 routed)
strata serve: resident RAM: 63.28 GiB of experts in RAM, 0 exchanged with the VRAM tier, 0 blob reads from the file
safetensors residency metrics: ram_bytes=67948118016 os_locked_bytes=0 cuda_pinned_bytes=67948118016 promotions=480 promoted_payload_bytes=1327111680 expert_file_bytes=0 (cumulative; payload is not a physical PCIe counter)
safetensors ngram metrics: ple io: 393984 rows, 21.9% row-cache hits, 256308 SSD reads (1050.0 MB), read p50 223 us p99 4862 us, blocked 579.722 ms total (submit 0.461 ms), cache 247372/1048576 rows, SSD kept awake by 62 reads (slowest 15.5 ms)
strata serve: expert tiers: GPU 274 hits this request; since the start RAM 94021 blobs, files 0 blobs 0.0 MB read
strata serve: prompt 24625 tokens = 24624 reused + 1 read in 0 ms (20000.0 tok/s), 1 generated in 17 ms (58.5 tok/s), drafts accepted 0 of 0, 2 checkpoints
strata serve: decode expert cache hit rate: 72.9% (337 hits / 462 lookups); 18 more read by the GPU over PCIe or from another GPU (3.8% of all 480 routed)
strata serve: resident RAM: 63.28 GiB of experts in RAM, 0 exchanged with the VRAM tier, 0 blob reads from the file
safetensors residency metrics: ram_bytes=67948118016 os_locked_bytes=0 cuda_pinned_bytes=67948118016 promotions=480 promoted_payload_bytes=1327111680 expert_file_bytes=0 (cumulative; payload is not a physical PCIe counter)
safetensors ngram metrics: ple io: 394000 rows, 21.9% row-cache hits, 256324 SSD reads (1050.0 MB), read p50 223 us p99 4862 us, blocked 579.722 ms total (submit 0.488 ms), cache 247388/1048576 rows, SSD kept awake by 62 reads (slowest 15.5 ms)
strata serve: expert tiers: GPU 337 hits this request; since the start RAM 94164 blobs, files 0 blobs 0.0 MB read
strata serve: prompt 24626 tokens = 24625 reused + 1 read in 0 ms (20964.4 tok/s), 1 generated in 18 ms (56.0 tok/s), drafts accepted 0 of 0, 2 checkpoints
strata serve: decode expert cache hit rate: 69.1% (316 hits / 457 lookups); 23 more read by the GPU over PCIe or from another GPU (4.8% of all 480 routed)
strata serve: resident RAM: 63.28 GiB of experts in RAM, 0 exchanged with the VRAM tier, 0 blob reads from the file
safetensors residency metrics: ram_bytes=67948118016 os_locked_bytes=0 cuda_pinned_bytes=67948118016 promotions=480 promoted_payload_bytes=1327111680 expert_file_bytes=0 (cumulative; payload is not a physical PCIe counter)
safetensors ngram metrics: ple io: 394016 rows, 21.9% row-cache hits, 256340 SSD reads (1050.1 MB), read p50 223 us p99 4862 us, blocked 579.723 ms total (submit 0.502 ms), cache 247404/1048576 rows, SSD kept awake by 62 reads (slowest 15.5 ms)
strata serve: expert tiers: GPU 316 hits this request; since the start RAM 94328 blobs, files 0 blobs 0.0 MB read
strata serve: prompt 24627 tokens = 24626 reused + 1 read in 0 ms (18797.0 tok/s), 1 generated in 20 ms (50.9 tok/s), drafts accepted 0 of 0, 2 checkpoints
strata serve: decode expert cache hit rate: 67.0% (305 hits / 455 lookups); 25 more read by the GPU over PCIe or from another GPU (5.2% of all 480 routed)
strata serve: resident RAM: 63.28 GiB of experts in RAM, 0 exchanged with the VRAM tier, 0 blob reads from the file
safetensors residency metrics: ram_bytes=67948118016 os_locked_bytes=0 cuda_pinned_bytes=67948118016 promotions=480 promoted_payload_bytes=1327111680 expert_file_bytes=0 (cumulative; payload is not a physical PCIe counter)
safetensors ngram metrics: ple io: 394032 rows, 21.9% row-cache hits, 256348 SSD reads (1050.1 MB), read p50 223 us p99 4862 us, blocked 579.837 ms total (submit 0.512 ms), cache 247412/1048576 rows, SSD kept awake by 62 reads (slowest 15.5 ms)
strata serve: expert tiers: GPU 305 hits this request; since the start RAM 94599 blobs, files 0 blobs 0.0 MB read
strata serve: prompt 24628 tokens = 24627 reused + 1 read in 0 ms (7513.1 tok/s), 1 generated in 16 ms (62.8 tok/s), drafts accepted 0 of 0, 2 checkpoints
strata serve: decode expert cache hit rate: 78.6% (367 hits / 467 lookups); 13 more read by the GPU over PCIe or from another GPU (2.7% of all 480 routed)
strata serve: resident RAM: 63.28 GiB of experts in RAM, 0 exchanged with the VRAM tier, 0 blob reads from the file
safetensors residency metrics: ram_bytes=67948118016 os_locked_bytes=0 cuda_pinned_bytes=67948118016 promotions=576 promoted_payload_bytes=1592534016 expert_file_bytes=0 (cumulative; payload is not a physical PCIe counter)
safetensors ngram metrics: ple io: 394048 rows, 21.9% row-cache hits, 256348 SSD reads (1050.1 MB), read p50 223 us p99 4862 us, blocked 579.837 ms total (submit 0.512 ms), cache 247412/1048576 rows, SSD kept awake by 62 reads (slowest 15.5 ms)
strata serve: expert tiers: GPU 367 hits this request; since the start RAM 94712 blobs, files 0 blobs 0.0 MB read
strata serve: prompt 24629 tokens = 24628 reused + 1 read in 0 ms (22075.1 tok/s), 1 generated in 16 ms (64.0 tok/s), drafts accepted 0 of 0, 2 checkpoints
strata serve: decode expert cache hit rate: 83.8% (398 hits / 475 lookups); 5 more read by the GPU over PCIe or from another GPU (1.0% of all 480 routed)
strata serve: resident RAM: 63.28 GiB of experts in RAM, 0 exchanged with the VRAM tier, 0 blob reads from the file
safetensors residency metrics: ram_bytes=67948118016 os_locked_bytes=0 cuda_pinned_bytes=67948118016 promotions=576 promoted_payload_bytes=1592534016 expert_file_bytes=0 (cumulative; payload is not a physical PCIe counter)
safetensors ngram metrics: ple io: 394064 rows, 21.9% row-cache hits, 256364 SSD reads (1050.2 MB), read p50 223 us p99 4862 us, blocked 579.838 ms total (submit 0.525 ms), cache 247428/1048576 rows, SSD kept awake by 62 reads (slowest 15.5 ms)
strata serve: expert tiers: GPU 398 hits this request; since the start RAM 94794 blobs, files 0 blobs 0.0 MB read
strata serve: prompt 24630 tokens = 24629 reused + 1 read in 0 ms (19960.1 tok/s), 1 generated in 17 ms (59.7 tok/s), drafts accepted 0 of 0, 2 checkpoints
strata serve: decode expert cache hit rate: 73.9% (342 hits / 463 lookups); 17 more read by the GPU over PCIe or from another GPU (3.5% of all 480 routed)
strata serve: resident RAM: 63.28 GiB of experts in RAM, 0 exchanged with the VRAM tier, 0 blob reads from the file
safetensors residency metrics: ram_bytes=67948118016 os_locked_bytes=0 cuda_pinned_bytes=67948118016 promotions=576 promoted_payload_bytes=1592534016 expert_file_bytes=0 (cumulative; payload is not a physical PCIe counter)
safetensors ngram metrics: ple io: 394080 rows, 21.9% row-cache hits, 256380 SSD reads (1050.3 MB), read p50 223 us p99 4862 us, blocked 579.838 ms total (submit 0.543 ms), cache 247444/1048576 rows, SSD kept awake by 62 reads (slowest 15.5 ms)
strata serve: expert tiers: GPU 342 hits this request; since the start RAM 94932 blobs, files 0 blobs 0.0 MB read
strata serve: prompt 24631 tokens = 24630 reused + 1 read in 0 ms (20746.9 tok/s), 1 generated in 20 ms (50.7 tok/s), drafts accepted 0 of 0, 2 checkpoints
strata serve: decode expert cache hit rate: 66.8% (306 hits / 458 lookups); 22 more read by the GPU over PCIe or from another GPU (4.6% of all 480 routed)
strata serve: resident RAM: 63.28 GiB of experts in RAM, 0 exchanged with the VRAM tier, 0 blob reads from the file
safetensors residency metrics: ram_bytes=67948118016 os_locked_bytes=0 cuda_pinned_bytes=67948118016 promotions=576 promoted_payload_bytes=1592534016 expert_file_bytes=0 (cumulative; payload is not a physical PCIe counter)
safetensors ngram metrics: ple io: 394096 rows, 21.9% row-cache hits, 256396 SSD reads (1050.3 MB), read p50 223 us p99 4862 us, blocked 579.839 ms total (submit 0.555 ms), cache 247460/1048576 rows, SSD kept awake by 62 reads (slowest 15.5 ms)
strata serve: expert tiers: GPU 306 hits this request; since the start RAM 95202 blobs, files 0 blobs 0.0 MB read
strata serve: prompt 24632 tokens = 24631 reused + 1 read in 0 ms (7183.9 tok/s), 1 generated in 18 ms (57.0 tok/s), drafts accepted 0 of 0, 2 checkpoints
strata serve: decode expert cache hit rate: 72.4% (335 hits / 463 lookups); 17 more read by the GPU over PCIe or from another GPU (3.5% of all 480 routed)
strata serve: resident RAM: 63.28 GiB of experts in RAM, 0 exchanged with the VRAM tier, 0 blob reads from the file
safetensors residency metrics: ram_bytes=67948118016 os_locked_bytes=0 cuda_pinned_bytes=67948118016 promotions=672 promoted_payload_bytes=1857956352 expert_file_bytes=0 (cumulative; payload is not a physical PCIe counter)
safetensors ngram metrics: ple io: 394112 rows, 21.9% row-cache hits, 256412 SSD reads (1050.4 MB), read p50 223 us p99 4862 us, blocked 579.839 ms total (submit 0.569 ms), cache 247476/1048576 rows, SSD kept awake by 62 reads (slowest 15.5 ms)
strata serve: expert tiers: GPU 335 hits this request; since the start RAM 95347 blobs, files 0 blobs 0.0 MB read
strata serve: prompt 24633 tokens = 24632 reused + 1 read in 0 ms (21505.4 tok/s), 1 generated in 19 ms (53.5 tok/s), drafts accepted 0 of 0, 2 checkpoints
strata serve: decode expert cache hit rate: 66.7% (301 hits / 451 lookups); 29 more read by the GPU over PCIe or from another GPU (6.0% of all 480 routed)
strata serve: resident RAM: 63.28 GiB of experts in RAM, 0 exchanged with the VRAM tier, 0 blob reads from the file
safetensors residency metrics: ram_bytes=67948118016 os_locked_bytes=0 cuda_pinned_bytes=67948118016 promotions=672 promoted_payload_bytes=1857956352 expert_file_bytes=0 (cumulative; payload is not a physical PCIe counter)
safetensors ngram metrics: ple io: 394128 rows, 21.9% row-cache hits, 256428 SSD reads (1050.5 MB), read p50 223 us p99 4862 us, blocked 580.477 ms total (submit 0.584 ms), cache 247492/1048576 rows, SSD kept awake by 62 reads (slowest 15.5 ms)
strata serve: expert tiers: GPU 301 hits this request; since the start RAM 95526 blobs, files 0 blobs 0.0 MB read
strata serve: prompt 24634 tokens = 24633 reused + 1 read in 0 ms (21367.5 tok/s), 1 generated in 17 ms (58.2 tok/s), drafts accepted 0 of 0, 2 checkpoints
strata serve: decode expert cache hit rate: 71.8% (331 hits / 461 lookups); 19 more read by the GPU over PCIe or from another GPU (4.0% of all 480 routed)
strata serve: resident RAM: 63.28 GiB of experts in RAM, 0 exchanged with the VRAM tier, 0 blob reads from the file
safetensors residency metrics: ram_bytes=67948118016 os_locked_bytes=0 cuda_pinned_bytes=67948118016 promotions=672 promoted_payload_bytes=1857956352 expert_file_bytes=0 (cumulative; payload is not a physical PCIe counter)
safetensors ngram metrics: ple io: 394144 rows, 21.9% row-cache hits, 256444 SSD reads (1050.5 MB), read p50 223 us p99 4862 us, blocked 580.477 ms total (submit 0.600 ms), cache 247508/1048576 rows, SSD kept awake by 62 reads (slowest 15.5 ms)
strata serve: expert tiers: GPU 331 hits this request; since the start RAM 95675 blobs, files 0 blobs 0.0 MB read
strata serve: prompt 24635 tokens = 24634 reused + 1 read in 0 ms (19267.8 tok/s), 1 generated in 18 ms (56.7 tok/s), drafts accepted 0 of 0, 2 checkpoints
strata serve: decode expert cache hit rate: 78.1% (364 hits / 466 lookups); 14 more read by the GPU over PCIe or from another GPU (2.9% of all 480 routed)
strata serve: resident RAM: 63.28 GiB of experts in RAM, 0 exchanged with the VRAM tier, 0 blob reads from the file
safetensors residency metrics: ram_bytes=67948118016 os_locked_bytes=0 cuda_pinned_bytes=67948118016 promotions=672 promoted_payload_bytes=1857956352 expert_file_bytes=0 (cumulative; payload is not a physical PCIe counter)
safetensors ngram metrics: ple io: 394160 rows, 21.9% row-cache hits, 256452 SSD reads (1050.6 MB), read p50 223 us p99 4862 us, blocked 580.478 ms total (submit 0.611 ms), cache 247516/1048576 rows, SSD kept awake by 62 reads (slowest 15.5 ms)
strata serve: expert tiers: GPU 364 hits this request; since the start RAM 95887 blobs, files 0 blobs 0.0 MB read
strata serve: prompt 24636 tokens = 24635 reused + 1 read in 0 ms (6493.5 tok/s), 1 generated in 18 ms (54.3 tok/s), drafts accepted 0 of 0, 2 checkpoints
strata serve: decode expert cache hit rate: 69.6% (318 hits / 457 lookups); 23 more read by the GPU over PCIe or from another GPU (4.8% of all 480 routed)
strata serve: resident RAM: 63.28 GiB of experts in RAM, 0 exchanged with the VRAM tier, 0 blob reads from the file
safetensors residency metrics: ram_bytes=67948118016 os_locked_bytes=0 cuda_pinned_bytes=67948118016 promotions=768 promoted_payload_bytes=2123378688 expert_file_bytes=0 (cumulative; payload is not a physical PCIe counter)
safetensors ngram metrics: ple io: 394176 rows, 21.9% row-cache hits, 256468 SSD reads (1050.6 MB), read p50 223 us p99 4862 us, blocked 580.922 ms total (submit 0.622 ms), cache 247532/1048576 rows, SSD kept awake by 62 reads (slowest 15.5 ms)
strata serve: expert tiers: GPU 318 hits this request; since the start RAM 96049 blobs, files 0 blobs 0.0 MB read
strata serve: prompt 24637 tokens = 24636 reused + 1 read in 0 ms (18552.9 tok/s), 1 generated in 20 ms (50.8 tok/s), drafts accepted 0 of 0, 2 checkpoints
strata serve: decode expert cache hit rate: 59.4% (262 hits / 441 lookups); 39 more read by the GPU over PCIe or from another GPU (8.1% of all 480 routed)
strata serve: resident RAM: 63.28 GiB of experts in RAM, 0 exchanged with the VRAM tier, 0 blob reads from the file
safetensors residency metrics: ram_bytes=67948118016 os_locked_bytes=0 cuda_pinned_bytes=67948118016 promotions=768 promoted_payload_bytes=2123378688 expert_file_bytes=0 (cumulative; payload is not a physical PCIe counter)
safetensors ngram metrics: ple io: 394192 rows, 21.9% row-cache hits, 256484 SSD reads (1050.7 MB), read p50 223 us p99 4862 us, blocked 580.923 ms total (submit 0.637 ms), cache 247548/1048576 rows, SSD kept awake by 62 reads (slowest 15.5 ms)
strata serve: expert tiers: GPU 262 hits this request; since the start RAM 96267 blobs, files 0 blobs 0.0 MB read
strata serve: prompt 24638 tokens = 24637 reused + 1 read in 0 ms (18622.0 tok/s), 1 generated in 18 ms (55.4 tok/s), drafts accepted 0 of 0, 2 checkpoints
strata serve: decode expert cache hit rate: 68.1% (309 hits / 454 lookups); 26 more read by the GPU over PCIe or from another GPU (5.4% of all 480 routed)
strata serve: resident RAM: 63.28 GiB of experts in RAM, 0 exchanged with the VRAM tier, 0 blob reads from the file
safetensors residency metrics: ram_bytes=67948118016 os_locked_bytes=0 cuda_pinned_bytes=67948118016 promotions=768 promoted_payload_bytes=2123378688 expert_file_bytes=0 (cumulative; payload is not a physical PCIe counter)
safetensors ngram metrics: ple io: 394208 rows, 21.9% row-cache hits, 256500 SSD reads (1050.8 MB), read p50 223 us p99 4862 us, blocked 580.923 ms total (submit 0.652 ms), cache 247564/1048576 rows, SSD kept awake by 62 reads (slowest 15.5 ms)
strata serve: expert tiers: GPU 309 hits this request; since the start RAM 96438 blobs, files 0 blobs 0.0 MB read
strata serve: prompt 24639 tokens = 24638 reused + 1 read in 0 ms (17301.0 tok/s), 1 generated in 20 ms (50.7 tok/s), drafts accepted 0 of 0, 2 checkpoints
strata serve: decode expert cache hit rate: 67.2% (305 hits / 454 lookups); 26 more read by the GPU over PCIe or from another GPU (5.4% of all 480 routed)
strata serve: resident RAM: 63.28 GiB of experts in RAM, 0 exchanged with the VRAM tier, 0 blob reads from the file
safetensors residency metrics: ram_bytes=67948118016 os_locked_bytes=0 cuda_pinned_bytes=67948118016 promotions=768 promoted_payload_bytes=2123378688 expert_file_bytes=0 (cumulative; payload is not a physical PCIe counter)
safetensors ngram metrics: ple io: 394224 rows, 21.9% row-cache hits, 256516 SSD reads (1050.8 MB), read p50 223 us p99 4862 us, blocked 580.924 ms total (submit 0.665 ms), cache 247580/1048576 rows, SSD kept awake by 62 reads (slowest 15.5 ms)
strata serve: expert tiers: GPU 305 hits this request; since the start RAM 96709 blobs, files 0 blobs 0.0 MB read
strata serve: prompt 24640 tokens = 24639 reused + 1 read in 0 ms (6468.3 tok/s), 1 generated in 17 ms (60.4 tok/s), drafts accepted 0 of 0, 2 checkpoints
strata serve: decode expert cache hit rate: 80.6% (379 hits / 470 lookups); 10 more read by the GPU over PCIe or from another GPU (2.1% of all 480 routed)
strata serve: resident RAM: 63.28 GiB of experts in RAM, 0 exchanged with the VRAM tier, 0 blob reads from the file
safetensors residency metrics: ram_bytes=67948118016 os_locked_bytes=0 cuda_pinned_bytes=67948118016 promotions=864 promoted_payload_bytes=2388801024 expert_file_bytes=0 (cumulative; payload is not a physical PCIe counter)
safetensors ngram metrics: ple io: 394240 rows, 21.9% row-cache hits, 256532 SSD reads (1050.9 MB), read p50 223 us p99 4862 us, blocked 580.924 ms total (submit 0.678 ms), cache 247596/1048576 rows, SSD kept awake by 62 reads (slowest 15.5 ms)
strata serve: expert tiers: GPU 379 hits this request; since the start RAM 96810 blobs, files 0 blobs 0.0 MB read
strata serve: prompt 24641 tokens = 24640 reused + 1 read in 0 ms (20161.3 tok/s), 1 generated in 17 ms (58.1 tok/s), drafts accepted 0 of 0, 2 checkpoints
strata serve: decode expert cache hit rate: 74.8% (344 hits / 460 lookups); 20 more read by the GPU over PCIe or from another GPU (4.2% of all 480 routed)
strata serve: resident RAM: 63.28 GiB of experts in RAM, 0 exchanged with the VRAM tier, 0 blob reads from the file
safetensors residency metrics: ram_bytes=67948118016 os_locked_bytes=0 cuda_pinned_bytes=67948118016 promotions=864 promoted_payload_bytes=2388801024 expert_file_bytes=0 (cumulative; payload is not a physical PCIe counter)
safetensors ngram metrics: ple io: 394256 rows, 21.9% row-cache hits, 256548 SSD reads (1051.0 MB), read p50 223 us p99 4862 us, blocked 581.004 ms total (submit 0.694 ms), cache 247612/1048576 rows, SSD kept awake by 62 reads (slowest 15.5 ms)
strata serve: expert tiers: GPU 344 hits this request; since the start RAM 96946 blobs, files 0 blobs 0.0 MB read
strata serve: prompt 24642 tokens = 24641 reused + 1 read in 0 ms (19193.9 tok/s), 1 generated in 19 ms (53.9 tok/s), drafts accepted 0 of 0, 2 checkpoints
strata serve: decode expert cache hit rate: 64.7% (292 hits / 451 lookups); 29 more read by the GPU over PCIe or from another GPU (6.0% of all 480 routed)
strata serve: resident RAM: 63.28 GiB of experts in RAM, 0 exchanged with the VRAM tier, 0 blob reads from the file
safetensors residency metrics: ram_bytes=67948118016 os_locked_bytes=0 cuda_pinned_bytes=67948118016 promotions=864 promoted_payload_bytes=2388801024 expert_file_bytes=0 (cumulative; payload is not a physical PCIe counter)
safetensors ngram metrics: ple io: 394272 rows, 21.9% row-cache hits, 256556 SSD reads (1051.0 MB), read p50 223 us p99 4862 us, blocked 581.005 ms total (submit 0.706 ms), cache 247620/1048576 rows, SSD kept awake by 62 reads (slowest 15.5 ms)
strata serve: expert tiers: GPU 292 hits this request; since the start RAM 97134 blobs, files 0 blobs 0.0 MB read
strata serve: prompt 24643 tokens = 24642 reused + 1 read in 0 ms (17605.6 tok/s), 1 generated in 21 ms (48.2 tok/s), drafts accepted 0 of 0, 2 checkpoints
strata serve: decode expert cache hit rate: 62.2% (276 hits / 444 lookups); 36 more read by the GPU over PCIe or from another GPU (7.5% of all 480 routed)
strata serve: resident RAM: 63.28 GiB of experts in RAM, 0 exchanged with the VRAM tier, 0 blob reads from the file
safetensors residency metrics: ram_bytes=67948118016 os_locked_bytes=0 cuda_pinned_bytes=67948118016 promotions=864 promoted_payload_bytes=2388801024 expert_file_bytes=0 (cumulative; payload is not a physical PCIe counter)
safetensors ngram metrics: ple io: 394288 rows, 21.9% row-cache hits, 256564 SSD reads (1051.0 MB), read p50 223 us p99 4862 us, blocked 581.005 ms total (submit 0.720 ms), cache 247628/1048576 rows, SSD kept awake by 62 reads (slowest 15.5 ms)
strata serve: expert tiers: GPU 276 hits this request; since the start RAM 97434 blobs, files 0 blobs 0.0 MB read
strata serve: prompt 24644 tokens = 24643 reused + 1 read in 0 ms (6689.0 tok/s), 1 generated in 17 ms (57.8 tok/s), drafts accepted 0 of 0, 2 checkpoints
strata serve: decode expert cache hit rate: 71.3% (328 hits / 460 lookups); 20 more read by the GPU over PCIe or from another GPU (4.2% of all 480 routed)
strata serve: resident RAM: 63.28 GiB of experts in RAM, 0 exchanged with the VRAM tier, 0 blob reads from the file
safetensors residency metrics: ram_bytes=67948118016 os_locked_bytes=0 cuda_pinned_bytes=67948118016 promotions=960 promoted_payload_bytes=2654223360 expert_file_bytes=0 (cumulative; payload is not a physical PCIe counter)
safetensors ngram metrics: ple io: 394304 rows, 21.9% row-cache hits, 256572 SSD reads (1051.1 MB), read p50 223 us p99 4862 us, blocked 581.006 ms total (submit 0.733 ms), cache 247636/1048576 rows, SSD kept awake by 62 reads (slowest 15.5 ms)
strata serve: expert tiers: GPU 328 hits this request; since the start RAM 97586 blobs, files 0 blobs 0.0 MB read
strata serve: prompt 24645 tokens = 24644 reused + 1 read in 0 ms (19723.9 tok/s), 1 generated in 17 ms (59.7 tok/s), drafts accepted 0 of 0, 2 checkpoints
strata serve: decode expert cache hit rate: 77.0% (359 hits / 466 lookups); 14 more read by the GPU over PCIe or from another GPU (2.9% of all 480 routed)
strata serve: resident RAM: 63.28 GiB of experts in RAM, 0 exchanged with the VRAM tier, 0 blob reads from the file
safetensors residency metrics: ram_bytes=67948118016 os_locked_bytes=0 cuda_pinned_bytes=67948118016 promotions=960 promoted_payload_bytes=2654223360 expert_file_bytes=0 (cumulative; payload is not a physical PCIe counter)
safetensors ngram metrics: ple io: 394320 rows, 21.9% row-cache hits, 256588 SSD reads (1051.1 MB), read p50 223 us p99 4862 us, blocked 581.006 ms total (submit 0.746 ms), cache 247652/1048576 rows, SSD kept awake by 62 reads (slowest 15.5 ms)
strata serve: expert tiers: GPU 359 hits this request; since the start RAM 97707 blobs, files 0 blobs 0.0 MB read
strata serve: prompt 24646 tokens = 24645 reused + 1 read in 0 ms (19417.5 tok/s), 1 generated in 16 ms (60.7 tok/s), drafts accepted 0 of 0, 2 checkpoints
strata serve: decode expert cache hit rate: 81.1% (381 hits / 470 lookups); 10 more read by the GPU over PCIe or from another GPU (2.1% of all 480 routed)
strata serve: resident RAM: 63.28 GiB of experts in RAM, 0 exchanged with the VRAM tier, 0 blob reads from the file
safetensors residency metrics: ram_bytes=67948118016 os_locked_bytes=0 cuda_pinned_bytes=67948118016 promotions=960 promoted_payload_bytes=2654223360 expert_file_bytes=0 (cumulative; payload is not a physical PCIe counter)
safetensors ngram metrics: ple io: 394336 rows, 21.9% row-cache hits, 256604 SSD reads (1051.2 MB), read p50 223 us p99 4862 us, blocked 581.653 ms total (submit 0.761 ms), cache 247668/1048576 rows, SSD kept awake by 62 reads (slowest 15.5 ms)
strata serve: expert tiers: GPU 381 hits this request; since the start RAM 97806 blobs, files 0 blobs 0.0 MB read
strata serve: prompt 24647 tokens = 24646 reused + 1 read in 0 ms (17361.1 tok/s), 1 generated in 20 ms (49.4 tok/s), drafts accepted 0 of 0, 2 checkpoints
strata serve: decode expert cache hit rate: 66.4% (299 hits / 450 lookups); 30 more read by the GPU over PCIe or from another GPU (6.2% of all 480 routed)
strata serve: resident RAM: 63.28 GiB of experts in RAM, 0 exchanged with the VRAM tier, 0 blob reads from the file
safetensors residency metrics: ram_bytes=67948118016 os_locked_bytes=0 cuda_pinned_bytes=67948118016 promotions=960 promoted_payload_bytes=2654223360 expert_file_bytes=0 (cumulative; payload is not a physical PCIe counter)
safetensors ngram metrics: ple io: 394352 rows, 21.9% row-cache hits, 256612 SSD reads (1051.3 MB), read p50 223 us p99 4862 us, blocked 582.245 ms total (submit 0.775 ms), cache 247676/1048576 rows, SSD kept awake by 62 reads (slowest 15.5 ms)
strata serve: expert tiers: GPU 299 hits this request; since the start RAM 98083 blobs, files 0 blobs 0.0 MB read
strata serve: prompt 24648 tokens = 24647 reused + 1 read in 0 ms (6930.0 tok/s), 1 generated in 17 ms (60.5 tok/s), drafts accepted 0 of 0, 2 checkpoints
strata serve: decode expert cache hit rate: 78.7% (370 hits / 470 lookups); 10 more read by the GPU over PCIe or from another GPU (2.1% of all 480 routed)
strata serve: resident RAM: 63.28 GiB of experts in RAM, 0 exchanged with the VRAM tier, 0 blob reads from the file
safetensors residency metrics: ram_bytes=67948118016 os_locked_bytes=0 cuda_pinned_bytes=67948118016 promotions=1056 promoted_payload_bytes=2919645696 expert_file_bytes=0 (cumulative; payload is not a physical PCIe counter)
safetensors ngram metrics: ple io: 394368 rows, 21.9% row-cache hits, 256628 SSD reads (1051.3 MB), read p50 223 us p99 4862 us, blocked 582.245 ms total (submit 0.787 ms), cache 247692/1048576 rows, SSD kept awake by 62 reads (slowest 15.5 ms)
strata serve: expert tiers: GPU 370 hits this request; since the start RAM 98193 blobs, files 0 blobs 0.0 MB read
strata serve: prompt 24649 tokens = 24648 reused + 1 read in 0 ms (20080.3 tok/s), 1 generated in 18 ms (56.6 tok/s), drafts accepted 0 of 0, 2 checkpoints
strata serve: decode expert cache hit rate: 70.8% (323 hits / 456 lookups); 24 more read by the GPU over PCIe or from another GPU (5.0% of all 480 routed)
strata serve: resident RAM: 63.28 GiB of experts in RAM, 0 exchanged with the VRAM tier, 0 blob reads from the file
safetensors residency metrics: ram_bytes=67948118016 os_locked_bytes=0 cuda_pinned_bytes=67948118016 promotions=1056 promoted_payload_bytes=2919645696 expert_file_bytes=0 (cumulative; payload is not a physical PCIe counter)
safetensors ngram metrics: ple io: 394384 rows, 21.9% row-cache hits, 256644 SSD reads (1051.4 MB), read p50 223 us p99 4862 us, blocked 582.246 ms total (submit 0.803 ms), cache 247708/1048576 rows, SSD kept awake by 62 reads (slowest 15.5 ms)
strata serve: expert tiers: GPU 323 hits this request; since the start RAM 98350 blobs, files 0 blobs 0.0 MB read
strata serve: prompt 24650 tokens = 24649 reused + 1 read in 0 ms (20325.2 tok/s), 1 generated in 17 ms (58.1 tok/s), drafts accepted 0 of 0, 2 checkpoints
strata serve: decode expert cache hit rate: 73.4% (339 hits / 462 lookups); 18 more read by the GPU over PCIe or from another GPU (3.8% of all 480 routed)
strata serve: resident RAM: 63.28 GiB of experts in RAM, 0 exchanged with the VRAM tier, 0 blob reads from the file
safetensors residency metrics: ram_bytes=67948118016 os_locked_bytes=0 cuda_pinned_bytes=67948118016 promotions=1056 promoted_payload_bytes=2919645696 expert_file_bytes=0 (cumulative; payload is not a physical PCIe counter)
safetensors ngram metrics: ple io: 394400 rows, 21.9% row-cache hits, 256660 SSD reads (1051.5 MB), read p50 223 us p99 4862 us, blocked 582.246 ms total (submit 0.817 ms), cache 247724/1048576 rows, SSD kept awake by 62 reads (slowest 15.5 ms)
strata serve: expert tiers: GPU 339 hits this request; since the start RAM 98491 blobs, files 0 blobs 0.0 MB read
strata serve: prompt 24651 tokens = 24650 reused + 1 read in 0 ms (19723.9 tok/s), 1 generated in 28 ms (36.0 tok/s), drafts accepted 0 of 0, 2 checkpoints
strata serve: decode expert cache hit rate: 69.4% (318 hits / 458 lookups); 22 more read by the GPU over PCIe or from another GPU (4.6% of all 480 routed)
strata serve: resident RAM: 63.28 GiB of experts in RAM, 0 exchanged with the VRAM tier, 0 blob reads from the file
safetensors residency metrics: ram_bytes=67948118016 os_locked_bytes=0 cuda_pinned_bytes=67948118016 promotions=1056 promoted_payload_bytes=2919645696 expert_file_bytes=0 (cumulative; payload is not a physical PCIe counter)
safetensors ngram metrics: ple io: 394416 rows, 21.9% row-cache hits, 256676 SSD reads (1051.5 MB), read p50 223 us p99 4870 us, blocked 590.991 ms total (submit 0.838 ms), cache 247740/1048576 rows, SSD kept awake by 62 reads (slowest 15.5 ms)
strata serve: expert tiers: GPU 318 hits this request; since the start RAM 98749 blobs, files 0 blobs 0.0 MB read
strata serve: prompt 24652 tokens = 24651 reused + 1 read in 0 ms (7002.8 tok/s), 1 generated in 24 ms (41.0 tok/s), drafts accepted 0 of 0, 2 checkpoints
strata serve: decode expert cache hit rate: 81.6% (386 hits / 473 lookups); 7 more read by the GPU over PCIe or from another GPU (1.5% of all 480 routed)
strata serve: resident RAM: 63.28 GiB of experts in RAM, 0 exchanged with the VRAM tier, 0 blob reads from the file
safetensors residency metrics: ram_bytes=67948118016 os_locked_bytes=0 cuda_pinned_bytes=67948118016 promotions=1152 promoted_payload_bytes=3185068032 expert_file_bytes=0 (cumulative; payload is not a physical PCIe counter)
safetensors ngram metrics: ple io: 394432 rows, 21.9% row-cache hits, 256692 SSD reads (1051.6 MB), read p50 223 us p99 4875 us, blocked 599.712 ms total (submit 0.862 ms), cache 247756/1048576 rows, SSD kept awake by 62 reads (slowest 15.5 ms)
strata serve: expert tiers: GPU 386 hits this request; since the start RAM 98843 blobs, files 0 blobs 0.0 MB read
strata serve: prompt 24653 tokens = 24652 reused + 1 read in 0 ms (19920.3 tok/s), 1 generated in 22 ms (44.9 tok/s), drafts accepted 0 of 0, 2 checkpoints
strata serve: decode expert cache hit rate: 80.0% (377 hits / 471 lookups); 9 more read by the GPU over PCIe or from another GPU (1.9% of all 480 routed)
strata serve: resident RAM: 63.28 GiB of experts in RAM, 0 exchanged with the VRAM tier, 0 blob reads from the file
safetensors residency metrics: ram_bytes=67948118016 os_locked_bytes=0 cuda_pinned_bytes=67948118016 promotions=1152 promoted_payload_bytes=3185068032 expert_file_bytes=0 (cumulative; payload is not a physical PCIe counter)
safetensors ngram metrics: ple io: 394448 rows, 21.9% row-cache hits, 256708 SSD reads (1051.7 MB), read p50 223 us p99 4889 us, blocked 606.402 ms total (submit 0.889 ms), cache 247772/1048576 rows, SSD kept awake by 62 reads (slowest 15.5 ms)
strata serve: expert tiers: GPU 377 hits this request; since the start RAM 98946 blobs, files 0 blobs 0.0 MB read
strata serve: prompt 24654 tokens = 24653 reused + 1 read in 0 ms (22624.4 tok/s), 1 generated in 16 ms (64.4 tok/s), drafts accepted 0 of 0, 2 checkpoints
strata serve: decode expert cache hit rate: 80.5% (381 hits / 473 lookups); 7 more read by the GPU over PCIe or from another GPU (1.5% of all 480 routed)
strata serve: resident RAM: 63.28 GiB of experts in RAM, 0 exchanged with the VRAM tier, 0 blob reads from the file
safetensors residency metrics: ram_bytes=67948118016 os_locked_bytes=0 cuda_pinned_bytes=67948118016 promotions=1152 promoted_payload_bytes=3185068032 expert_file_bytes=0 (cumulative; payload is not a physical PCIe counter)
safetensors ngram metrics: ple io: 394464 rows, 21.9% row-cache hits, 256724 SSD reads (1051.7 MB), read p50 223 us p99 4889 us, blocked 606.402 ms total (submit 0.904 ms), cache 247788/1048576 rows, SSD kept awake by 62 reads (slowest 15.5 ms)
strata serve: expert tiers: GPU 381 hits this request; since the start RAM 99045 blobs, files 0 blobs 0.0 MB read
strata serve: prompt 24655 tokens = 24654 reused + 1 read in 0 ms (22172.9 tok/s), 1 generated in 22 ms (46.2 tok/s), drafts accepted 0 of 0, 2 checkpoints
strata serve: decode expert cache hit rate: 62.5% (280 hits / 448 lookups); 32 more read by the GPU over PCIe or from another GPU (6.7% of all 480 routed)
strata serve: resident RAM: 63.28 GiB of experts in RAM, 0 exchanged with the VRAM tier, 0 blob reads from the file
safetensors residency metrics: ram_bytes=67948118016 os_locked_bytes=0 cuda_pinned_bytes=67948118016 promotions=1152 promoted_payload_bytes=3185068032 expert_file_bytes=0 (cumulative; payload is not a physical PCIe counter)
safetensors ngram metrics: ple io: 394480 rows, 21.9% row-cache hits, 256740 SSD reads (1051.8 MB), read p50 223 us p99 4889 us, blocked 608.643 ms total (submit 0.917 ms), cache 247804/1048576 rows, SSD kept awake by 62 reads (slowest 15.5 ms)
strata serve: expert tiers: GPU 280 hits this request; since the start RAM 99341 blobs, files 0 blobs 0.0 MB read
strata serve: prompt 24656 tokens = 24655 reused + 1 read in 0 ms (7704.2 tok/s), 1 generated in 17 ms (60.2 tok/s), drafts accepted 0 of 0, 2 checkpoints
strata serve: decode expert cache hit rate: 75.6% (351 hits / 464 lookups); 16 more read by the GPU over PCIe or from another GPU (3.3% of all 480 routed)
strata serve: resident RAM: 63.28 GiB of experts in RAM, 0 exchanged with the VRAM tier, 0 blob reads from the file
safetensors residency metrics: ram_bytes=67948118016 os_locked_bytes=0 cuda_pinned_bytes=67948118016 promotions=1248 promoted_payload_bytes=3450490368 expert_file_bytes=0 (cumulative; payload is not a physical PCIe counter)
safetensors ngram metrics: ple io: 394496 rows, 21.9% row-cache hits, 256748 SSD reads (1051.8 MB), read p50 223 us p99 4889 us, blocked 608.644 ms total (submit 0.932 ms), cache 247812/1048576 rows, SSD kept awake by 62 reads (slowest 15.5 ms)
strata serve: expert tiers: GPU 351 hits this request; since the start RAM 99470 blobs, files 0 blobs 0.0 MB read
strata serve: prompt 24657 tokens = 24656 reused + 1 read in 0 ms (21978.0 tok/s), 1 generated in 23 ms (42.6 tok/s), drafts accepted 0 of 0, 2 checkpoints
strata serve: decode expert cache hit rate: 79.0% (369 hits / 467 lookups); 13 more read by the GPU over PCIe or from another GPU (2.7% of all 480 routed)
strata serve: resident RAM: 63.28 GiB of experts in RAM, 0 exchanged with the VRAM tier, 0 blob reads from the file
safetensors residency metrics: ram_bytes=67948118016 os_locked_bytes=0 cuda_pinned_bytes=67948118016 promotions=1248 promoted_payload_bytes=3450490368 expert_file_bytes=0 (cumulative; payload is not a physical PCIe counter)
safetensors ngram metrics: ple io: 394512 rows, 21.9% row-cache hits, 256764 SSD reads (1051.9 MB), read p50 223 us p99 4903 us, blocked 616.005 ms total (submit 0.948 ms), cache 247828/1048576 rows, SSD kept awake by 62 reads (slowest 15.5 ms)
strata serve: expert tiers: GPU 369 hits this request; since the start RAM 99581 blobs, files 0 blobs 0.0 MB read
strata serve: prompt 24658 tokens = 24657 reused + 1 read in 0 ms (21505.4 tok/s), 1 generated in 22 ms (45.5 tok/s), drafts accepted 0 of 0, 2 checkpoints
strata serve: decode expert cache hit rate: 72.1% (328 hits / 455 lookups); 25 more read by the GPU over PCIe or from another GPU (5.2% of all 480 routed)
strata serve: resident RAM: 63.28 GiB of experts in RAM, 0 exchanged with the VRAM tier, 0 blob reads from the file
safetensors residency metrics: ram_bytes=67948118016 os_locked_bytes=0 cuda_pinned_bytes=67948118016 promotions=1248 promoted_payload_bytes=3450490368 expert_file_bytes=0 (cumulative; payload is not a physical PCIe counter)
safetensors ngram metrics: ple io: 394528 rows, 21.9% row-cache hits, 256780 SSD reads (1052.0 MB), read p50 223 us p99 4914 us, blocked 620.702 ms total (submit 0.963 ms), cache 247844/1048576 rows, SSD kept awake by 62 reads (slowest 15.5 ms)
strata serve: expert tiers: GPU 328 hits this request; since the start RAM 99733 blobs, files 0 blobs 0.0 MB read
strata serve: prompt 24659 tokens = 24658 reused + 1 read in 0 ms (22123.9 tok/s), 1 generated in 16 ms (60.8 tok/s), drafts accepted 0 of 0, 2 checkpoints
strata serve: decode expert cache hit rate: 83.6% (397 hits / 475 lookups); 5 more read by the GPU over PCIe or from another GPU (1.0% of all 480 routed)
strata serve: resident RAM: 63.28 GiB of experts in RAM, 0 exchanged with the VRAM tier, 0 blob reads from the file
safetensors residency metrics: ram_bytes=67948118016 os_locked_bytes=0 cuda_pinned_bytes=67948118016 promotions=1248 promoted_payload_bytes=3450490368 expert_file_bytes=0 (cumulative; payload is not a physical PCIe counter)
safetensors ngram metrics: ple io: 394544 rows, 21.9% row-cache hits, 256796 SSD reads (1052.1 MB), read p50 223 us p99 4914 us, blocked 620.703 ms total (submit 0.979 ms), cache 247860/1048576 rows, SSD kept awake by 62 reads (slowest 15.5 ms)
strata serve: expert tiers: GPU 397 hits this request; since the start RAM 99912 blobs, files 0 blobs 0.0 MB read
strata serve: prompt 24660 tokens = 24659 reused + 1 read in 0 ms (7662.8 tok/s), 1 generated in 18 ms (56.5 tok/s), drafts accepted 0 of 0, 2 checkpoints
strata serve: decode expert cache hit rate: 80.6% (377 hits / 468 lookups); 12 more read by the GPU over PCIe or from another GPU (2.5% of all 480 routed)
strata serve: resident RAM: 63.28 GiB of experts in RAM, 0 exchanged with the VRAM tier, 0 blob reads from the file
safetensors residency metrics: ram_bytes=67948118016 os_locked_bytes=0 cuda_pinned_bytes=67948118016 promotions=1344 promoted_payload_bytes=3715912704 expert_file_bytes=0 (cumulative; payload is not a physical PCIe counter)
safetensors ngram metrics: ple io: 394560 rows, 21.9% row-cache hits, 256812 SSD reads (1052.1 MB), read p50 223 us p99 4914 us, blocked 622.723 ms total (submit 0.990 ms), cache 247876/1048576 rows, SSD kept awake by 62 reads (slowest 15.5 ms)
strata serve: expert tiers: GPU 377 hits this request; since the start RAM 100015 blobs, files 0 blobs 0.0 MB read
strata serve: prompt 24661 tokens = 24660 reused + 1 read in 0 ms (23310.0 tok/s), 1 generated in 16 ms (61.7 tok/s), drafts accepted 0 of 0, 2 checkpoints
strata serve: decode expert cache hit rate: 80.7% (384 hits / 476 lookups); 4 more read by the GPU over PCIe or from another GPU (0.8% of all 480 routed)
strata serve: resident RAM: 63.28 GiB of experts in RAM, 0 exchanged with the VRAM tier, 0 blob reads from the file
safetensors residency metrics: ram_bytes=67948118016 os_locked_bytes=0 cuda_pinned_bytes=67948118016 promotions=1344 promoted_payload_bytes=3715912704 expert_file_bytes=0 (cumulative; payload is not a physical PCIe counter)
safetensors ngram metrics: ple io: 394576 rows, 21.9% row-cache hits, 256828 SSD reads (1052.2 MB), read p50 223 us p99 4914 us, blocked 623.423 ms total (submit 1.004 ms), cache 247892/1048576 rows, SSD kept awake by 62 reads (slowest 15.5 ms)
strata serve: expert tiers: GPU 384 hits this request; since the start RAM 100111 blobs, files 0 blobs 0.0 MB read
strata serve: prompt 24662 tokens = 24661 reused + 1 read in 0 ms (22471.9 tok/s), 1 generated in 17 ms (60.5 tok/s), drafts accepted 0 of 0, 2 checkpoints
strata serve: decode expert cache hit rate: 80.8% (379 hits / 469 lookups); 11 more read by the GPU over PCIe or from another GPU (2.3% of all 480 routed)
strata serve: resident RAM: 63.28 GiB of experts in RAM, 0 exchanged with the VRAM tier, 0 blob reads from the file
safetensors residency metrics: ram_bytes=67948118016 os_locked_bytes=0 cuda_pinned_bytes=67948118016 promotions=1344 promoted_payload_bytes=3715912704 expert_file_bytes=0 (cumulative; payload is not a physical PCIe counter)
safetensors ngram metrics: ple io: 394592 rows, 21.9% row-cache hits, 256844 SSD reads (1052.3 MB), read p50 223 us p99 4914 us, blocked 624.413 ms total (submit 1.018 ms), cache 247908/1048576 rows, SSD kept awake by 62 reads (slowest 15.5 ms)
strata serve: expert tiers: GPU 379 hits this request; since the start RAM 100212 blobs, files 0 blobs 0.0 MB read
strata serve: prompt 24663 tokens = 24662 reused + 1 read in 0 ms (21834.1 tok/s), 1 generated in 17 ms (58.2 tok/s), drafts accepted 0 of 0, 2 checkpoints
strata serve: decode expert cache hit rate: 80.2% (376 hits / 469 lookups); 11 more read by the GPU over PCIe or from another GPU (2.3% of all 480 routed)
strata serve: resident RAM: 63.28 GiB of experts in RAM, 0 exchanged with the VRAM tier, 0 blob reads from the file
safetensors residency metrics: ram_bytes=67948118016 os_locked_bytes=0 cuda_pinned_bytes=67948118016 promotions=1344 promoted_payload_bytes=3715912704 expert_file_bytes=0 (cumulative; payload is not a physical PCIe counter)
safetensors ngram metrics: ple io: 394608 rows, 21.9% row-cache hits, 256860 SSD reads (1052.3 MB), read p50 223 us p99 4914 us, blocked 624.413 ms total (submit 1.029 ms), cache 247924/1048576 rows, SSD kept awake by 62 reads (slowest 15.5 ms)
strata serve: expert tiers: GPU 376 hits this request; since the start RAM 100412 blobs, files 0 blobs 0.0 MB read
strata serve: prompt 24664 tokens = 24663 reused + 1 read in 0 ms (7137.8 tok/s), 1 generated in 18 ms (56.1 tok/s), drafts accepted 0 of 0, 2 checkpoints
strata serve: decode expert cache hit rate: 68.8% (313 hits / 455 lookups); 25 more read by the GPU over PCIe or from another GPU (5.2% of all 480 routed)
strata serve: resident RAM: 63.28 GiB of experts in RAM, 0 exchanged with the VRAM tier, 0 blob reads from the file
safetensors residency metrics: ram_bytes=67948118016 os_locked_bytes=0 cuda_pinned_bytes=67948118016 promotions=1440 promoted_payload_bytes=3981335040 expert_file_bytes=0 (cumulative; payload is not a physical PCIe counter)
safetensors ngram metrics: ple io: 394624 rows, 21.9% row-cache hits, 256876 SSD reads (1052.4 MB), read p50 223 us p99 4914 us, blocked 624.414 ms total (submit 1.051 ms), cache 247940/1048576 rows, SSD kept awake by 62 reads (slowest 15.5 ms)
strata serve: expert tiers: GPU 313 hits this request; since the start RAM 100579 blobs, files 0 blobs 0.0 MB read
strata serve: prompt 24665 tokens = 24664 reused + 1 read in 0 ms (21186.4 tok/s), 1 generated in 16 ms (61.6 tok/s), drafts accepted 0 of 0, 2 checkpoints
strata serve: decode expert cache hit rate: 81.0% (380 hits / 469 lookups); 11 more read by the GPU over PCIe or from another GPU (2.3% of all 480 routed)
strata serve: resident RAM: 63.28 GiB of experts in RAM, 0 exchanged with the VRAM tier, 0 blob reads from the file
safetensors residency metrics: ram_bytes=67948118016 os_locked_bytes=0 cuda_pinned_bytes=67948118016 promotions=1440 promoted_payload_bytes=3981335040 expert_file_bytes=0 (cumulative; payload is not a physical PCIe counter)
safetensors ngram metrics: ple io: 394640 rows, 21.9% row-cache hits, 256892 SSD reads (1052.5 MB), read p50 223 us p99 4914 us, blocked 624.414 ms total (submit 1.066 ms), cache 247956/1048576 rows, SSD kept awake by 62 reads (slowest 15.5 ms)
strata serve: expert tiers: GPU 380 hits this request; since the start RAM 100679 blobs, files 0 blobs 0.0 MB read
strata serve: prompt 24666 tokens = 24665 reused + 1 read in 0 ms (20120.7 tok/s), 1 generated in 20 ms (50.6 tok/s), drafts accepted 0 of 0, 2 checkpoints
strata serve: decode expert cache hit rate: 66.4% (300 hits / 452 lookups); 28 more read by the GPU over PCIe or from another GPU (5.8% of all 480 routed)
strata serve: resident RAM: 63.28 GiB of experts in RAM, 0 exchanged with the VRAM tier, 0 blob reads from the file
safetensors residency metrics: ram_bytes=67948118016 os_locked_bytes=0 cuda_pinned_bytes=67948118016 promotions=1440 promoted_payload_bytes=3981335040 expert_file_bytes=0 (cumulative; payload is not a physical PCIe counter)
safetensors ngram metrics: ple io: 394656 rows, 21.9% row-cache hits, 256908 SSD reads (1052.5 MB), read p50 223 us p99 4914 us, blocked 626.267 ms total (submit 1.080 ms), cache 247972/1048576 rows, SSD kept awake by 62 reads (slowest 15.5 ms)
strata serve: expert tiers: GPU 300 hits this request; since the start RAM 100859 blobs, files 0 blobs 0.0 MB read
strata serve: prompt 24667 tokens = 24666 reused + 1 read in 0 ms (22172.9 tok/s), 1 generated in 17 ms (58.5 tok/s), drafts accepted 0 of 0, 2 checkpoints
strata serve: decode expert cache hit rate: 81.1% (382 hits / 471 lookups); 9 more read by the GPU over PCIe or from another GPU (1.9% of all 480 routed)
strata serve: resident RAM: 63.28 GiB of experts in RAM, 0 exchanged with the VRAM tier, 0 blob reads from the file
safetensors residency metrics: ram_bytes=67948118016 os_locked_bytes=0 cuda_pinned_bytes=67948118016 promotions=1440 promoted_payload_bytes=3981335040 expert_file_bytes=0 (cumulative; payload is not a physical PCIe counter)
safetensors ngram metrics: ple io: 394672 rows, 21.9% row-cache hits, 256924 SSD reads (1052.6 MB), read p50 223 us p99 4914 us, blocked 626.267 ms total (submit 1.094 ms), cache 247988/1048576 rows, SSD kept awake by 62 reads (slowest 15.5 ms)
strata serve: expert tiers: GPU 382 hits this request; since the start RAM 101053 blobs, files 0 blobs 0.0 MB read
strata serve: prompt 24668 tokens = 24667 reused + 1 read in 0 ms (7267.4 tok/s), 1 generated in 19 ms (52.9 tok/s), drafts accepted 0 of 0, 2 checkpoints
strata serve: decode expert cache hit rate: 69.1% (318 hits / 460 lookups); 20 more read by the GPU over PCIe or from another GPU (4.2% of all 480 routed)
strata serve: resident RAM: 63.28 GiB of experts in RAM, 0 exchanged with the VRAM tier, 0 blob reads from the file
safetensors residency metrics: ram_bytes=67948118016 os_locked_bytes=0 cuda_pinned_bytes=67948118016 promotions=1536 promoted_payload_bytes=4246757376 expert_file_bytes=0 (cumulative; payload is not a physical PCIe counter)
safetensors ngram metrics: ple io: 394688 rows, 21.9% row-cache hits, 256940 SSD reads (1052.7 MB), read p50 223 us p99 4914 us, blocked 627.415 ms total (submit 1.107 ms), cache 248004/1048576 rows, SSD kept awake by 62 reads (slowest 15.5 ms)
strata serve: expert tiers: GPU 318 hits this request; since the start RAM 101215 blobs, files 0 blobs 0.0 MB read
strata serve: prompt 24669 tokens = 24668 reused + 1 read in 0 ms (21459.2 tok/s), 1 generated in 20 ms (51.2 tok/s), drafts accepted 0 of 0, 2 checkpoints
strata serve: decode expert cache hit rate: 61.9% (278 hits / 449 lookups); 31 more read by the GPU over PCIe or from another GPU (6.5% of all 480 routed)
strata serve: resident RAM: 63.28 GiB of experts in RAM, 0 exchanged with the VRAM tier, 0 blob reads from the file
safetensors residency metrics: ram_bytes=67948118016 os_locked_bytes=0 cuda_pinned_bytes=67948118016 promotions=1536 promoted_payload_bytes=4246757376 expert_file_bytes=0 (cumulative; payload is not a physical PCIe counter)
safetensors ngram metrics: ple io: 394704 rows, 21.9% row-cache hits, 256956 SSD reads (1052.7 MB), read p50 223 us p99 4914 us, blocked 628.688 ms total (submit 1.123 ms), cache 248020/1048576 rows, SSD kept awake by 62 reads (slowest 15.5 ms)
strata serve: expert tiers: GPU 278 hits this request; since the start RAM 101417 blobs, files 0 blobs 0.0 MB read
strata serve: prompt 24670 tokens = 24669 reused + 1 read in 0 ms (20790.0 tok/s), 1 generated in 19 ms (53.8 tok/s), drafts accepted 0 of 0, 2 checkpoints
strata serve: decode expert cache hit rate: 59.3% (264 hits / 445 lookups); 35 more read by the GPU over PCIe or from another GPU (7.3% of all 480 routed)
strata serve: resident RAM: 63.28 GiB of experts in RAM, 0 exchanged with the VRAM tier, 0 blob reads from the file
safetensors residency metrics: ram_bytes=67948118016 os_locked_bytes=0 cuda_pinned_bytes=67948118016 promotions=1536 promoted_payload_bytes=4246757376 expert_file_bytes=0 (cumulative; payload is not a physical PCIe counter)
safetensors ngram metrics: ple io: 394720 rows, 21.8% row-cache hits, 256972 SSD reads (1052.8 MB), read p50 222 us p99 4914 us, blocked 628.688 ms total (submit 1.136 ms), cache 248036/1048576 rows, SSD kept awake by 62 reads (slowest 15.5 ms)
strata serve: expert tiers: GPU 264 hits this request; since the start RAM 101633 blobs, files 0 blobs 0.0 MB read
strata serve: prompt 24671 tokens = 24670 reused + 1 read in 0 ms (20703.9 tok/s), 1 generated in 21 ms (48.8 tok/s), drafts accepted 0 of 0, 2 checkpoints
strata serve: decode expert cache hit rate: 72.2% (333 hits / 461 lookups); 19 more read by the GPU over PCIe or from another GPU (4.0% of all 480 routed)
strata serve: resident RAM: 63.28 GiB of experts in RAM, 0 exchanged with the VRAM tier, 0 blob reads from the file
safetensors residency metrics: ram_bytes=67948118016 os_locked_bytes=0 cuda_pinned_bytes=67948118016 promotions=1536 promoted_payload_bytes=4246757376 expert_file_bytes=0 (cumulative; payload is not a physical PCIe counter)
safetensors ngram metrics: ple io: 394736 rows, 21.8% row-cache hits, 256988 SSD reads (1052.9 MB), read p50 222 us p99 4914 us, blocked 630.581 ms total (submit 1.149 ms), cache 248052/1048576 rows, SSD kept awake by 62 reads (slowest 15.5 ms)
strata serve: expert tiers: GPU 333 hits this request; since the start RAM 101876 blobs, files 0 blobs 0.0 MB read
strata serve: conversation cache: parked 24671 tokens in 146.9 ms; parked=1 bytes=731058424 evictions=0 snapshot_bytes=731058424 reused_kv_bytes=0
strata serve prefill segment: start=18432 end=24595 root=0 turn=1 message=0 pin=0 reread=0
strata ple batch phases: rows=98304 misses=7 pages=2 total_ms=8.053 call_lock_ms=0.000 lookup_ms=4.496 plan_ms=0.002 group_wait_ms=0.226 cache_insert_ms=0.001 callback_ms=3.301 reader_drain_ms=0.001
strata ple gather phases: tokens=6144 rows=98304 total_ms=8.086 raw_resize_ms=0.004 host_available_mib=12832
strata ple: chunk 0: read started 0.1 ms into the run, layer 1 reached at 23.2, waited 0.0 ms
strata draft batch: weights=bf16 math=bf16x3 start=18432 rows=6144 batch=5760
strata prefill callback: start=18432 rows=6144 draft_path=batched draft_ms=13.242 checkpoint_ms=0.002 total_ms=13.270
strata prefill chunk: start=18432 rows=6144 main_and_wait_ms=1410.110 callback_ms=13.282 total_ms=1423.393
strata ple: chunk 6144: read started 23.3 ms into the run, layer 1 reached at 1427.7, waited 0.0 ms
strata prefill callback: start=24576 rows=19 draft_path=token draft_ms=0.787 checkpoint_ms=0.002 total_ms=0.833
strata prefill chunk: start=24576 rows=19 main_and_wait_ms=215.567 callback_ms=0.844 total_ms=216.411
strata prefill executed: tokens=6163 max_chunk=6144 capacity=6144 start=18432
strata serve prefill segment: start=24595 end=24601 root=0 turn=0 message=0 pin=0 reread=0
strata serve: prompt 24602 tokens = 18432 reused + 6170 read in 1873 ms (3294.4 tok/s), 1 generated in 16 ms (62.2 tok/s), drafts accepted 0 of 0, 2 checkpoints
strata serve: decode expert cache hit rate: 75.7% (352 hits / 465 lookups); 15 more read by the GPU over PCIe or from another GPU (3.1% of all 480 routed)
strata serve: resident RAM: 63.28 GiB of experts in RAM, 0 exchanged with the VRAM tier, 0 blob reads from the file
safetensors residency metrics: ram_bytes=67948118016 os_locked_bytes=0 cuda_pinned_bytes=67948118016 promotions=1632 promoted_payload_bytes=4512179712 expert_file_bytes=0 (cumulative; payload is not a physical PCIe counter)
safetensors ngram metrics: ple io: 493456 rows, 37.4% row-cache hits, 257158 SSD reads (1053.6 MB), read p50 223 us p99 5346 us, blocked 649.639 ms total (submit 1.179 ms), cache 248220/1048576 rows, SSD kept awake by 79 reads (slowest 15.5 ms)
strata serve: expert tiers: GPU 352 hits this request; since the start RAM 125479 blobs, files 0 blobs 0.0 MB read
strata serve: prompt 24603 tokens = 24602 reused + 1 read in 0 ms (17301.0 tok/s), 1 generated in 20 ms (50.3 tok/s), drafts accepted 0 of 0, 2 checkpoints
strata serve: decode expert cache hit rate: 65.9% (297 hits / 451 lookups); 29 more read by the GPU over PCIe or from another GPU (6.0% of all 480 routed)
strata serve: resident RAM: 63.28 GiB of experts in RAM, 0 exchanged with the VRAM tier, 0 blob reads from the file
safetensors residency metrics: ram_bytes=67948118016 os_locked_bytes=0 cuda_pinned_bytes=67948118016 promotions=1632 promoted_payload_bytes=4512179712 expert_file_bytes=0 (cumulative; payload is not a physical PCIe counter)
safetensors ngram metrics: ple io: 493472 rows, 37.4% row-cache hits, 257174 SSD reads (1053.6 MB), read p50 223 us p99 5346 us, blocked 651.055 ms total (submit 1.191 ms), cache 248236/1048576 rows, SSD kept awake by 79 reads (slowest 15.5 ms)
strata serve: expert tiers: GPU 297 hits this request; since the start RAM 125662 blobs, files 0 blobs 0.0 MB read
strata serve: prompt 24604 tokens = 24603 reused + 1 read in 0 ms (16181.2 tok/s), 1 generated in 20 ms (50.2 tok/s), drafts accepted 0 of 0, 2 checkpoints
strata serve: decode expert cache hit rate: 62.2% (277 hits / 445 lookups); 35 more read by the GPU over PCIe or from another GPU (7.3% of all 480 routed)
strata serve: resident RAM: 63.28 GiB of experts in RAM, 0 exchanged with the VRAM tier, 0 blob reads from the file
safetensors residency metrics: ram_bytes=67948118016 os_locked_bytes=0 cuda_pinned_bytes=67948118016 promotions=1632 promoted_payload_bytes=4512179712 expert_file_bytes=0 (cumulative; payload is not a physical PCIe counter)
safetensors ngram metrics: ple io: 493488 rows, 37.4% row-cache hits, 257182 SSD reads (1053.7 MB), read p50 223 us p99 5346 us, blocked 652.395 ms total (submit 1.202 ms), cache 248244/1048576 rows, SSD kept awake by 79 reads (slowest 15.5 ms)
strata serve: expert tiers: GPU 277 hits this request; since the start RAM 125865 blobs, files 0 blobs 0.0 MB read
strata serve: prompt 24605 tokens = 24604 reused + 1 read in 0 ms (16638.9 tok/s), 1 generated in 23 ms (43.0 tok/s), drafts accepted 0 of 0, 2 checkpoints
strata serve: decode expert cache hit rate: 55.9% (246 hits / 440 lookups); 40 more read by the GPU over PCIe or from another GPU (8.3% of all 480 routed)
strata serve: resident RAM: 63.28 GiB of experts in RAM, 0 exchanged with the VRAM tier, 0 blob reads from the file
safetensors residency metrics: ram_bytes=67948118016 os_locked_bytes=0 cuda_pinned_bytes=67948118016 promotions=1632 promoted_payload_bytes=4512179712 expert_file_bytes=0 (cumulative; payload is not a physical PCIe counter)
safetensors ngram metrics: ple io: 493504 rows, 37.4% row-cache hits, 257198 SSD reads (1053.7 MB), read p50 223 us p99 5346 us, blocked 654.983 ms total (submit 1.216 ms), cache 248260/1048576 rows, SSD kept awake by 79 reads (slowest 15.5 ms)
strata serve: expert tiers: GPU 246 hits this request; since the start RAM 126195 blobs, files 0 blobs 0.0 MB read
strata serve: prompt 24606 tokens = 24605 reused + 1 read in 0 ms (6489.3 tok/s), 1 generated in 19 ms (51.9 tok/s), drafts accepted 0 of 0, 2 checkpoints
strata serve: decode expert cache hit rate: 59.2% (264 hits / 446 lookups); 34 more read by the GPU over PCIe or from another GPU (7.1% of all 480 routed)
strata serve: resident RAM: 63.28 GiB of experts in RAM, 0 exchanged with the VRAM tier, 0 blob reads from the file
safetensors residency metrics: ram_bytes=67948118016 os_locked_bytes=0 cuda_pinned_bytes=67948118016 promotions=1728 promoted_payload_bytes=4777602048 expert_file_bytes=0 (cumulative; payload is not a physical PCIe counter)
safetensors ngram metrics: ple io: 493520 rows, 37.4% row-cache hits, 257214 SSD reads (1053.8 MB), read p50 223 us p99 5346 us, blocked 654.984 ms total (submit 1.238 ms), cache 248276/1048576 rows, SSD kept awake by 79 reads (slowest 15.5 ms)
strata serve: expert tiers: GPU 264 hits this request; since the start RAM 126411 blobs, files 0 blobs 0.0 MB read
strata serve: prompt 24607 tokens = 24606 reused + 1 read in 0 ms (16638.9 tok/s), 1 generated in 19 ms (51.5 tok/s), drafts accepted 0 of 0, 2 checkpoints
strata serve: decode expert cache hit rate: 60.1% (265 hits / 441 lookups); 39 more read by the GPU over PCIe or from another GPU (8.1% of all 480 routed)
strata serve: resident RAM: 63.28 GiB of experts in RAM, 0 exchanged with the VRAM tier, 0 blob reads from the file
safetensors residency metrics: ram_bytes=67948118016 os_locked_bytes=0 cuda_pinned_bytes=67948118016 promotions=1728 promoted_payload_bytes=4777602048 expert_file_bytes=0 (cumulative; payload is not a physical PCIe counter)
safetensors ngram metrics: ple io: 493536 rows, 37.4% row-cache hits, 257230 SSD reads (1053.9 MB), read p50 223 us p99 5346 us, blocked 654.984 ms total (submit 1.252 ms), cache 248292/1048576 rows, SSD kept awake by 79 reads (slowest 15.5 ms)
strata serve: expert tiers: GPU 265 hits this request; since the start RAM 126626 blobs, files 0 blobs 0.0 MB read
strata serve: prompt 24608 tokens = 24607 reused + 1 read in 0 ms (16556.3 tok/s), 1 generated in 16 ms (61.5 tok/s), drafts accepted 0 of 0, 2 checkpoints
strata serve: decode expert cache hit rate: 78.6% (368 hits / 468 lookups); 12 more read by the GPU over PCIe or from another GPU (2.5% of all 480 routed)
strata serve: resident RAM: 63.28 GiB of experts in RAM, 0 exchanged with the VRAM tier, 0 blob reads from the file
safetensors residency metrics: ram_bytes=67948118016 os_locked_bytes=0 cuda_pinned_bytes=67948118016 promotions=1728 promoted_payload_bytes=4777602048 expert_file_bytes=0 (cumulative; payload is not a physical PCIe counter)
safetensors ngram metrics: ple io: 493552 rows, 37.4% row-cache hits, 257246 SSD reads (1054.0 MB), read p50 223 us p99 5346 us, blocked 654.985 ms total (submit 1.267 ms), cache 248308/1048576 rows, SSD kept awake by 79 reads (slowest 15.5 ms)
strata serve: expert tiers: GPU 368 hits this request; since the start RAM 126738 blobs, files 0 blobs 0.0 MB read
strata serve: prompt 24609 tokens = 24608 reused + 1 read in 0 ms (17543.9 tok/s), 1 generated in 20 ms (49.9 tok/s), drafts accepted 0 of 0, 2 checkpoints
strata serve: decode expert cache hit rate: 63.8% (286 hits / 448 lookups); 32 more read by the GPU over PCIe or from another GPU (6.7% of all 480 routed)
strata serve: resident RAM: 63.28 GiB of experts in RAM, 0 exchanged with the VRAM tier, 0 blob reads from the file
safetensors residency metrics: ram_bytes=67948118016 os_locked_bytes=0 cuda_pinned_bytes=67948118016 promotions=1728 promoted_payload_bytes=4777602048 expert_file_bytes=0 (cumulative; payload is not a physical PCIe counter)
safetensors ngram metrics: ple io: 493568 rows, 37.4% row-cache hits, 257262 SSD reads (1054.0 MB), read p50 223 us p99 5346 us, blocked 655.047 ms total (submit 1.280 ms), cache 248324/1048576 rows, SSD kept awake by 79 reads (slowest 15.5 ms)
strata serve: expert tiers: GPU 286 hits this request; since the start RAM 127028 blobs, files 0 blobs 0.0 MB read
strata serve: prompt 24610 tokens = 24609 reused + 1 read in 0 ms (6821.3 tok/s), 1 generated in 22 ms (45.7 tok/s), drafts accepted 0 of 0, 2 checkpoints
strata serve: decode expert cache hit rate: 66.4% (300 hits / 452 lookups); 28 more read by the GPU over PCIe or from another GPU (5.8% of all 480 routed)
strata serve: resident RAM: 63.28 GiB of experts in RAM, 0 exchanged with the VRAM tier, 0 blob reads from the file
safetensors residency metrics: ram_bytes=67948118016 os_locked_bytes=0 cuda_pinned_bytes=67948118016 promotions=1824 promoted_payload_bytes=5043024384 expert_file_bytes=0 (cumulative; payload is not a physical PCIe counter)
safetensors ngram metrics: ple io: 493584 rows, 37.4% row-cache hits, 257278 SSD reads (1054.1 MB), read p50 223 us p99 5346 us, blocked 659.048 ms total (submit 1.301 ms), cache 248340/1048576 rows, SSD kept awake by 79 reads (slowest 15.5 ms)
strata serve: expert tiers: GPU 300 hits this request; since the start RAM 127208 blobs, files 0 blobs 0.0 MB read
strata serve: prompt 24611 tokens = 24610 reused + 1 read in 0 ms (15456.0 tok/s), 1 generated in 20 ms (50.6 tok/s), drafts accepted 0 of 0, 2 checkpoints
strata serve: decode expert cache hit rate: 55.5% (242 hits / 436 lookups); 44 more read by the GPU over PCIe or from another GPU (9.2% of all 480 routed)
strata serve: resident RAM: 63.28 GiB of experts in RAM, 0 exchanged with the VRAM tier, 0 blob reads from the file
safetensors residency metrics: ram_bytes=67948118016 os_locked_bytes=0 cuda_pinned_bytes=67948118016 promotions=1824 promoted_payload_bytes=5043024384 expert_file_bytes=0 (cumulative; payload is not a physical PCIe counter)
safetensors ngram metrics: ple io: 493600 rows, 37.4% row-cache hits, 257294 SSD reads (1054.2 MB), read p50 223 us p99 5346 us, blocked 659.048 ms total (submit 1.315 ms), cache 248356/1048576 rows, SSD kept awake by 79 reads (slowest 15.5 ms)
strata serve: expert tiers: GPU 242 hits this request; since the start RAM 127446 blobs, files 0 blobs 0.0 MB read
strata serve: prompt 24612 tokens = 24611 reused + 1 read in 0 ms (15898.3 tok/s), 1 generated in 21 ms (48.0 tok/s), drafts accepted 0 of 0, 2 checkpoints
strata serve: decode expert cache hit rate: 70.0% (319 hits / 456 lookups); 24 more read by the GPU over PCIe or from another GPU (5.0% of all 480 routed)
strata serve: resident RAM: 63.28 GiB of experts in RAM, 0 exchanged with the VRAM tier, 0 blob reads from the file
safetensors residency metrics: ram_bytes=67948118016 os_locked_bytes=0 cuda_pinned_bytes=67948118016 promotions=1824 promoted_payload_bytes=5043024384 expert_file_bytes=0 (cumulative; payload is not a physical PCIe counter)
safetensors ngram metrics: ple io: 493616 rows, 37.4% row-cache hits, 257310 SSD reads (1054.2 MB), read p50 223 us p99 5346 us, blocked 662.399 ms total (submit 1.327 ms), cache 248372/1048576 rows, SSD kept awake by 79 reads (slowest 15.5 ms)
strata serve: expert tiers: GPU 319 hits this request; since the start RAM 127607 blobs, files 0 blobs 0.0 MB read
strata serve: prompt 24613 tokens = 24612 reused + 1 read in 0 ms (16638.9 tok/s), 1 generated in 25 ms (39.9 tok/s), drafts accepted 0 of 0, 2 checkpoints
strata serve: decode expert cache hit rate: 62.3% (278 hits / 446 lookups); 34 more read by the GPU over PCIe or from another GPU (7.1% of all 480 routed)
strata serve: resident RAM: 63.28 GiB of experts in RAM, 0 exchanged with the VRAM tier, 0 blob reads from the file
safetensors residency metrics: ram_bytes=67948118016 os_locked_bytes=0 cuda_pinned_bytes=67948118016 promotions=1824 promoted_payload_bytes=5043024384 expert_file_bytes=0 (cumulative; payload is not a physical PCIe counter)
safetensors ngram metrics: ple io: 493632 rows, 37.4% row-cache hits, 257326 SSD reads (1054.3 MB), read p50 223 us p99 5385 us, blocked 667.894 ms total (submit 1.341 ms), cache 248388/1048576 rows, SSD kept awake by 79 reads (slowest 15.5 ms)
strata serve: expert tiers: GPU 278 hits this request; since the start RAM 127905 blobs, files 0 blobs 0.0 MB read
strata serve: prompt 24614 tokens = 24613 reused + 1 read in 0 ms (6476.7 tok/s), 1 generated in 18 ms (55.6 tok/s), drafts accepted 0 of 0, 2 checkpoints
strata serve: decode expert cache hit rate: 71.6% (327 hits / 457 lookups); 23 more read by the GPU over PCIe or from another GPU (4.8% of all 480 routed)
strata serve: resident RAM: 63.28 GiB of experts in RAM, 0 exchanged with the VRAM tier, 0 blob reads from the file
safetensors residency metrics: ram_bytes=67948118016 os_locked_bytes=0 cuda_pinned_bytes=67948118016 promotions=1920 promoted_payload_bytes=5308446720 expert_file_bytes=0 (cumulative; payload is not a physical PCIe counter)
safetensors ngram metrics: ple io: 493648 rows, 37.4% row-cache hits, 257342 SSD reads (1054.4 MB), read p50 223 us p99 5385 us, blocked 668.438 ms total (submit 1.362 ms), cache 248404/1048576 rows, SSD kept awake by 79 reads (slowest 15.5 ms)
strata serve: expert tiers: GPU 327 hits this request; since the start RAM 128058 blobs, files 0 blobs 0.0 MB read
strata serve: prompt 24615 tokens = 24614 reused + 1 read in 0 ms (16750.4 tok/s), 1 generated in 21 ms (46.8 tok/s), drafts accepted 0 of 0, 2 checkpoints
strata serve: decode expert cache hit rate: 44.7% (188 hits / 421 lookups); 59 more read by the GPU over PCIe or from another GPU (12.3% of all 480 routed)
strata serve: resident RAM: 63.28 GiB of experts in RAM, 0 exchanged with the VRAM tier, 0 blob reads from the file
safetensors residency metrics: ram_bytes=67948118016 os_locked_bytes=0 cuda_pinned_bytes=67948118016 promotions=1920 promoted_payload_bytes=5308446720 expert_file_bytes=0 (cumulative; payload is not a physical PCIe counter)
safetensors ngram metrics: ple io: 493664 rows, 37.4% row-cache hits, 257358 SSD reads (1054.4 MB), read p50 223 us p99 5385 us, blocked 668.438 ms total (submit 1.384 ms), cache 248420/1048576 rows, SSD kept awake by 79 reads (slowest 15.5 ms)
strata serve: expert tiers: GPU 188 hits this request; since the start RAM 128350 blobs, files 0 blobs 0.0 MB read
strata serve: prompt 24616 tokens = 24615 reused + 1 read in 0 ms (16077.2 tok/s), 1 generated in 21 ms (47.4 tok/s), drafts accepted 0 of 0, 2 checkpoints
strata serve: decode expert cache hit rate: 47.7% (204 hits / 428 lookups); 52 more read by the GPU over PCIe or from another GPU (10.8% of all 480 routed)
strata serve: resident RAM: 63.28 GiB of experts in RAM, 0 exchanged with the VRAM tier, 0 blob reads from the file
safetensors residency metrics: ram_bytes=67948118016 os_locked_bytes=0 cuda_pinned_bytes=67948118016 promotions=1920 promoted_payload_bytes=5308446720 expert_file_bytes=0 (cumulative; payload is not a physical PCIe counter)
safetensors ngram metrics: ple io: 493680 rows, 37.4% row-cache hits, 257374 SSD reads (1054.5 MB), read p50 223 us p99 5385 us, blocked 668.439 ms total (submit 1.396 ms), cache 248436/1048576 rows, SSD kept awake by 79 reads (slowest 15.5 ms)
strata serve: expert tiers: GPU 204 hits this request; since the start RAM 128626 blobs, files 0 blobs 0.0 MB read
strata serve: prompt 24617 tokens = 24616 reused + 1 read in 0 ms (15361.0 tok/s), 1 generated in 20 ms (50.4 tok/s), drafts accepted 0 of 0, 2 checkpoints
strata serve: decode expert cache hit rate: 61.8% (275 hits / 445 lookups); 35 more read by the GPU over PCIe or from another GPU (7.3% of all 480 routed)
strata serve: resident RAM: 63.28 GiB of experts in RAM, 0 exchanged with the VRAM tier, 0 blob reads from the file
safetensors residency metrics: ram_bytes=67948118016 os_locked_bytes=0 cuda_pinned_bytes=67948118016 promotions=1920 promoted_payload_bytes=5308446720 expert_file_bytes=0 (cumulative; payload is not a physical PCIe counter)
safetensors ngram metrics: ple io: 493696 rows, 37.4% row-cache hits, 257390 SSD reads (1054.6 MB), read p50 223 us p99 5385 us, blocked 668.456 ms total (submit 1.413 ms), cache 248452/1048576 rows, SSD kept awake by 79 reads (slowest 15.5 ms)
strata serve: expert tiers: GPU 275 hits this request; since the start RAM 128927 blobs, files 0 blobs 0.0 MB read
strata serve: prompt 24618 tokens = 24617 reused + 1 read in 0 ms (6600.7 tok/s), 1 generated in 20 ms (51.0 tok/s), drafts accepted 0 of 0, 2 checkpoints
strata serve: decode expert cache hit rate: 54.4% (236 hits / 434 lookups); 46 more read by the GPU over PCIe or from another GPU (9.6% of all 480 routed)
strata serve: resident RAM: 63.28 GiB of experts in RAM, 0 exchanged with the VRAM tier, 0 blob reads from the file
safetensors residency metrics: ram_bytes=67948118016 os_locked_bytes=0 cuda_pinned_bytes=67948118016 promotions=2016 promoted_payload_bytes=5573869056 expert_file_bytes=0 (cumulative; payload is not a physical PCIe counter)
safetensors ngram metrics: ple io: 493712 rows, 37.4% row-cache hits, 257406 SSD reads (1054.6 MB), read p50 223 us p99 5385 us, blocked 668.457 ms total (submit 1.426 ms), cache 248468/1048576 rows, SSD kept awake by 79 reads (slowest 15.5 ms)
strata serve: expert tiers: GPU 236 hits this request; since the start RAM 129171 blobs, files 0 blobs 0.0 MB read
strata serve: prompt 24619 tokens = 24618 reused + 1 read in 0 ms (15873.0 tok/s), 1 generated in 18 ms (55.5 tok/s), drafts accepted 0 of 0, 2 checkpoints
strata serve: decode expert cache hit rate: 68.0% (308 hits / 453 lookups); 27 more read by the GPU over PCIe or from another GPU (5.6% of all 480 routed)
strata serve: resident RAM: 63.28 GiB of experts in RAM, 0 exchanged with the VRAM tier, 0 blob reads from the file
safetensors residency metrics: ram_bytes=67948118016 os_locked_bytes=0 cuda_pinned_bytes=67948118016 promotions=2016 promoted_payload_bytes=5573869056 expert_file_bytes=0 (cumulative; payload is not a physical PCIe counter)
safetensors ngram metrics: ple io: 493728 rows, 37.4% row-cache hits, 257422 SSD reads (1054.7 MB), read p50 223 us p99 5385 us, blocked 668.457 ms total (submit 1.440 ms), cache 248484/1048576 rows, SSD kept awake by 79 reads (slowest 15.5 ms)
strata serve: expert tiers: GPU 308 hits this request; since the start RAM 129343 blobs, files 0 blobs 0.0 MB read
strata serve: prompt 24620 tokens = 24619 reused + 1 read in 0 ms (16583.7 tok/s), 1 generated in 20 ms (51.2 tok/s), drafts accepted 0 of 0, 2 checkpoints
strata serve: decode expert cache hit rate: 67.5% (307 hits / 455 lookups); 25 more read by the GPU over PCIe or from another GPU (5.2% of all 480 routed)
strata serve: resident RAM: 63.28 GiB of experts in RAM, 0 exchanged with the VRAM tier, 0 blob reads from the file
safetensors residency metrics: ram_bytes=67948118016 os_locked_bytes=0 cuda_pinned_bytes=67948118016 promotions=2016 promoted_payload_bytes=5573869056 expert_file_bytes=0 (cumulative; payload is not a physical PCIe counter)
safetensors ngram metrics: ple io: 493744 rows, 37.4% row-cache hits, 257438 SSD reads (1054.8 MB), read p50 223 us p99 5385 us, blocked 669.052 ms total (submit 1.454 ms), cache 248500/1048576 rows, SSD kept awake by 79 reads (slowest 15.5 ms)
strata serve: expert tiers: GPU 307 hits this request; since the start RAM 129516 blobs, files 0 blobs 0.0 MB read
strata serve: prompt 24621 tokens = 24620 reused + 1 read in 0 ms (15479.9 tok/s), 1 generated in 25 ms (40.0 tok/s), drafts accepted 0 of 0, 2 checkpoints
strata serve: decode expert cache hit rate: 68.8% (313 hits / 455 lookups); 25 more read by the GPU over PCIe or from another GPU (5.2% of all 480 routed)
strata serve: resident RAM: 63.28 GiB of experts in RAM, 0 exchanged with the VRAM tier, 0 blob reads from the file
safetensors residency metrics: ram_bytes=67948118016 os_locked_bytes=0 cuda_pinned_bytes=67948118016 promotions=2016 promoted_payload_bytes=5573869056 expert_file_bytes=0 (cumulative; payload is not a physical PCIe counter)
safetensors ngram metrics: ple io: 493760 rows, 37.4% row-cache hits, 257454 SSD reads (1054.8 MB), read p50 223 us p99 5688 us, blocked 675.496 ms total (submit 1.467 ms), cache 248516/1048576 rows, SSD kept awake by 79 reads (slowest 15.5 ms)
strata serve: expert tiers: GPU 313 hits this request; since the start RAM 129779 blobs, files 0 blobs 0.0 MB read
strata serve: prompt 24622 tokens = 24621 reused + 1 read in 0 ms (6752.2 tok/s), 1 generated in 17 ms (58.6 tok/s), drafts accepted 0 of 0, 2 checkpoints
strata serve: decode expert cache hit rate: 75.4% (349 hits / 463 lookups); 17 more read by the GPU over PCIe or from another GPU (3.5% of all 480 routed)
strata serve: resident RAM: 63.28 GiB of experts in RAM, 0 exchanged with the VRAM tier, 0 blob reads from the file
safetensors residency metrics: ram_bytes=67948118016 os_locked_bytes=0 cuda_pinned_bytes=67948118016 promotions=2112 promoted_payload_bytes=5839291392 expert_file_bytes=0 (cumulative; payload is not a physical PCIe counter)
safetensors ngram metrics: ple io: 493776 rows, 37.4% row-cache hits, 257470 SSD reads (1054.9 MB), read p50 223 us p99 5688 us, blocked 676.140 ms total (submit 1.478 ms), cache 248532/1048576 rows, SSD kept awake by 79 reads (slowest 15.5 ms)
strata serve: expert tiers: GPU 349 hits this request; since the start RAM 129910 blobs, files 0 blobs 0.0 MB read
strata serve: prompt 24623 tokens = 24622 reused + 1 read in 0 ms (16583.7 tok/s), 1 generated in 16 ms (61.3 tok/s), drafts accepted 0 of 0, 2 checkpoints
strata serve: decode expert cache hit rate: 76.1% (357 hits / 469 lookups); 11 more read by the GPU over PCIe or from another GPU (2.3% of all 480 routed)
strata serve: resident RAM: 63.28 GiB of experts in RAM, 0 exchanged with the VRAM tier, 0 blob reads from the file
safetensors residency metrics: ram_bytes=67948118016 os_locked_bytes=0 cuda_pinned_bytes=67948118016 promotions=2112 promoted_payload_bytes=5839291392 expert_file_bytes=0 (cumulative; payload is not a physical PCIe counter)
safetensors ngram metrics: ple io: 493792 rows, 37.4% row-cache hits, 257486 SSD reads (1055.0 MB), read p50 223 us p99 5688 us, blocked 676.140 ms total (submit 1.490 ms), cache 248548/1048576 rows, SSD kept awake by 79 reads (slowest 15.5 ms)
strata serve: expert tiers: GPU 357 hits this request; since the start RAM 130033 blobs, files 0 blobs 0.0 MB read
strata serve: prompt 24624 tokens = 24623 reused + 1 read in 0 ms (17035.8 tok/s), 1 generated in 17 ms (58.4 tok/s), drafts accepted 0 of 0, 2 checkpoints
strata serve: decode expert cache hit rate: 76.3% (358 hits / 469 lookups); 11 more read by the GPU over PCIe or from another GPU (2.3% of all 480 routed)
strata serve: resident RAM: 63.28 GiB of experts in RAM, 0 exchanged with the VRAM tier, 0 blob reads from the file
safetensors residency metrics: ram_bytes=67948118016 os_locked_bytes=0 cuda_pinned_bytes=67948118016 promotions=2112 promoted_payload_bytes=5839291392 expert_file_bytes=0 (cumulative; payload is not a physical PCIe counter)
safetensors ngram metrics: ple io: 493808 rows, 37.4% row-cache hits, 257502 SSD reads (1055.0 MB), read p50 223 us p99 5688 us, blocked 676.141 ms total (submit 1.506 ms), cache 248564/1048576 rows, SSD kept awake by 79 reads (slowest 15.5 ms)
strata serve: expert tiers: GPU 358 hits this request; since the start RAM 130155 blobs, files 0 blobs 0.0 MB read
strata serve: prompt 24625 tokens = 24624 reused + 1 read in 0 ms (16207.5 tok/s), 1 generated in 16 ms (62.5 tok/s), drafts accepted 0 of 0, 2 checkpoints
strata serve: decode expert cache hit rate: 86.0% (410 hits / 477 lookups); 3 more read by the GPU over PCIe or from another GPU (0.6% of all 480 routed)
strata serve: resident RAM: 63.28 GiB of experts in RAM, 0 exchanged with the VRAM tier, 0 blob reads from the file
safetensors residency metrics: ram_bytes=67948118016 os_locked_bytes=0 cuda_pinned_bytes=67948118016 promotions=2112 promoted_payload_bytes=5839291392 expert_file_bytes=0 (cumulative; payload is not a physical PCIe counter)
safetensors ngram metrics: ple io: 493824 rows, 37.4% row-cache hits, 257518 SSD reads (1055.1 MB), read p50 223 us p99 5688 us, blocked 676.142 ms total (submit 1.518 ms), cache 248580/1048576 rows, SSD kept awake by 79 reads (slowest 15.5 ms)
strata serve: expert tiers: GPU 410 hits this request; since the start RAM 130321 blobs, files 0 blobs 0.0 MB read
strata serve: prompt 24626 tokens = 24625 reused + 1 read in 0 ms (6816.6 tok/s), 1 generated in 18 ms (54.8 tok/s), drafts accepted 0 of 0, 2 checkpoints
strata serve: decode expert cache hit rate: 72.6% (337 hits / 464 lookups); 16 more read by the GPU over PCIe or from another GPU (3.3% of all 480 routed)
strata serve: resident RAM: 63.28 GiB of experts in RAM, 0 exchanged with the VRAM tier, 0 blob reads from the file
safetensors residency metrics: ram_bytes=67948118016 os_locked_bytes=0 cuda_pinned_bytes=67948118016 promotions=2208 promoted_payload_bytes=6104713728 expert_file_bytes=0 (cumulative; payload is not a physical PCIe counter)
safetensors ngram metrics: ple io: 493840 rows, 37.4% row-cache hits, 257534 SSD reads (1055.2 MB), read p50 223 us p99 5688 us, blocked 677.588 ms total (submit 1.534 ms), cache 248596/1048576 rows, SSD kept awake by 79 reads (slowest 15.5 ms)
strata serve: expert tiers: GPU 337 hits this request; since the start RAM 130464 blobs, files 0 blobs 0.0 MB read
strata serve: prompt 24627 tokens = 24626 reused + 1 read in 0 ms (16778.5 tok/s), 1 generated in 16 ms (61.3 tok/s), drafts accepted 0 of 0, 2 checkpoints
strata serve: decode expert cache hit rate: 77.8% (367 hits / 472 lookups); 8 more read by the GPU over PCIe or from another GPU (1.7% of all 480 routed)
strata serve: resident RAM: 63.28 GiB of experts in RAM, 0 exchanged with the VRAM tier, 0 blob reads from the file
safetensors residency metrics: ram_bytes=67948118016 os_locked_bytes=0 cuda_pinned_bytes=67948118016 promotions=2208 promoted_payload_bytes=6104713728 expert_file_bytes=0 (cumulative; payload is not a physical PCIe counter)
safetensors ngram metrics: ple io: 493856 rows, 37.4% row-cache hits, 257550 SSD reads (1055.3 MB), read p50 223 us p99 5688 us, blocked 677.589 ms total (submit 1.546 ms), cache 248612/1048576 rows, SSD kept awake by 79 reads (slowest 15.5 ms)
strata serve: expert tiers: GPU 367 hits this request; since the start RAM 130577 blobs, files 0 blobs 0.0 MB read
strata serve: prompt 24628 tokens = 24627 reused + 1 read in 0 ms (16863.4 tok/s), 1 generated in 16 ms (61.9 tok/s), drafts accepted 0 of 0, 2 checkpoints
strata serve: decode expert cache hit rate: 79.8% (375 hits / 470 lookups); 10 more read by the GPU over PCIe or from another GPU (2.1% of all 480 routed)
strata serve: resident RAM: 63.28 GiB of experts in RAM, 0 exchanged with the VRAM tier, 0 blob reads from the file
safetensors residency metrics: ram_bytes=67948118016 os_locked_bytes=0 cuda_pinned_bytes=67948118016 promotions=2208 promoted_payload_bytes=6104713728 expert_file_bytes=0 (cumulative; payload is not a physical PCIe counter)
safetensors ngram metrics: ple io: 493872 rows, 37.4% row-cache hits, 257558 SSD reads (1055.3 MB), read p50 223 us p99 5688 us, blocked 677.589 ms total (submit 1.559 ms), cache 248619/1048576 rows, SSD kept awake by 79 reads (slowest 15.5 ms)
strata serve: expert tiers: GPU 375 hits this request; since the start RAM 130682 blobs, files 0 blobs 0.0 MB read
strata serve: prompt 24629 tokens = 24628 reused + 1 read in 0 ms (17953.3 tok/s), 1 generated in 25 ms (40.0 tok/s), drafts accepted 0 of 0, 2 checkpoints
strata serve: decode expert cache hit rate: 75.4% (352 hits / 467 lookups); 13 more read by the GPU over PCIe or from another GPU (2.7% of all 480 routed)
strata serve: resident RAM: 63.28 GiB of experts in RAM, 0 exchanged with the VRAM tier, 0 blob reads from the file
safetensors residency metrics: ram_bytes=67948118016 os_locked_bytes=0 cuda_pinned_bytes=67948118016 promotions=2208 promoted_payload_bytes=6104713728 expert_file_bytes=0 (cumulative; payload is not a physical PCIe counter)
safetensors ngram metrics: ple io: 493888 rows, 37.4% row-cache hits, 257574 SSD reads (1055.4 MB), read p50 223 us p99 5926 us, blocked 685.106 ms total (submit 1.577 ms), cache 248635/1048576 rows, SSD kept awake by 79 reads (slowest 15.5 ms)
strata serve: expert tiers: GPU 352 hits this request; since the start RAM 130906 blobs, files 0 blobs 0.0 MB read
strata serve: prompt 24630 tokens = 24629 reused + 1 read in 0 ms (6702.4 tok/s), 1 generated in 20 ms (49.3 tok/s), drafts accepted 0 of 0, 2 checkpoints
strata serve: decode expert cache hit rate: 73.5% (338 hits / 460 lookups); 20 more read by the GPU over PCIe or from another GPU (4.2% of all 480 routed)
strata serve: resident RAM: 63.28 GiB of experts in RAM, 0 exchanged with the VRAM tier, 0 blob reads from the file
safetensors residency metrics: ram_bytes=67948118016 os_locked_bytes=0 cuda_pinned_bytes=67948118016 promotions=2304 promoted_payload_bytes=6370136064 expert_file_bytes=0 (cumulative; payload is not a physical PCIe counter)
safetensors ngram metrics: ple io: 493904 rows, 37.4% row-cache hits, 257590 SSD reads (1055.4 MB), read p50 223 us p99 5926 us, blocked 686.648 ms total (submit 1.597 ms), cache 248651/1048576 rows, SSD kept awake by 79 reads (slowest 15.5 ms)
strata serve: expert tiers: GPU 338 hits this request; since the start RAM 131048 blobs, files 0 blobs 0.0 MB read
strata serve: prompt 24631 tokens = 24630 reused + 1 read in 0 ms (17730.5 tok/s), 1 generated in 16 ms (63.7 tok/s), drafts accepted 0 of 0, 2 checkpoints
strata serve: decode expert cache hit rate: 83.1% (393 hits / 473 lookups); 7 more read by the GPU over PCIe or from another GPU (1.5% of all 480 routed)
strata serve: resident RAM: 63.28 GiB of experts in RAM, 0 exchanged with the VRAM tier, 0 blob reads from the file
safetensors residency metrics: ram_bytes=67948118016 os_locked_bytes=0 cuda_pinned_bytes=67948118016 promotions=2304 promoted_payload_bytes=6370136064 expert_file_bytes=0 (cumulative; payload is not a physical PCIe counter)
safetensors ngram metrics: ple io: 493920 rows, 37.4% row-cache hits, 257606 SSD reads (1055.5 MB), read p50 223 us p99 5926 us, blocked 686.649 ms total (submit 1.612 ms), cache 248667/1048576 rows, SSD kept awake by 79 reads (slowest 15.5 ms)
strata serve: expert tiers: GPU 393 hits this request; since the start RAM 131135 blobs, files 0 blobs 0.0 MB read
strata serve: prompt 24632 tokens = 24631 reused + 1 read in 0 ms (16181.2 tok/s), 1 generated in 17 ms (57.8 tok/s), drafts accepted 0 of 0, 2 checkpoints
strata serve: decode expert cache hit rate: 75.7% (352 hits / 465 lookups); 15 more read by the GPU over PCIe or from another GPU (3.1% of all 480 routed)
strata serve: resident RAM: 63.28 GiB of experts in RAM, 0 exchanged with the VRAM tier, 0 blob reads from the file
safetensors residency metrics: ram_bytes=67948118016 os_locked_bytes=0 cuda_pinned_bytes=67948118016 promotions=2304 promoted_payload_bytes=6370136064 expert_file_bytes=0 (cumulative; payload is not a physical PCIe counter)
safetensors ngram metrics: ple io: 493936 rows, 37.4% row-cache hits, 257622 SSD reads (1055.6 MB), read p50 223 us p99 5926 us, blocked 687.624 ms total (submit 1.624 ms), cache 248683/1048576 rows, SSD kept awake by 79 reads (slowest 15.5 ms)
strata serve: expert tiers: GPU 352 hits this request; since the start RAM 131263 blobs, files 0 blobs 0.0 MB read
strata serve: prompt 24633 tokens = 24632 reused + 1 read in 0 ms (17421.6 tok/s), 1 generated in 20 ms (50.9 tok/s), drafts accepted 0 of 0, 2 checkpoints
strata serve: decode expert cache hit rate: 74.6% (346 hits / 464 lookups); 16 more read by the GPU over PCIe or from another GPU (3.3% of all 480 routed)
strata serve: resident RAM: 63.28 GiB of experts in RAM, 0 exchanged with the VRAM tier, 0 blob reads from the file
safetensors residency metrics: ram_bytes=67948118016 os_locked_bytes=0 cuda_pinned_bytes=67948118016 promotions=2304 promoted_payload_bytes=6370136064 expert_file_bytes=0 (cumulative; payload is not a physical PCIe counter)
safetensors ngram metrics: ple io: 493952 rows, 37.4% row-cache hits, 257638 SSD reads (1055.6 MB), read p50 223 us p99 5926 us, blocked 689.476 ms total (submit 1.636 ms), cache 248699/1048576 rows, SSD kept awake by 79 reads (slowest 15.5 ms)
strata serve: expert tiers: GPU 346 hits this request; since the start RAM 131493 blobs, files 0 blobs 0.0 MB read
strata serve: prompt 24634 tokens = 24633 reused + 1 read in 0 ms (6341.2 tok/s), 1 generated in 15 ms (65.4 tok/s), drafts accepted 0 of 0, 2 checkpoints
strata serve: decode expert cache hit rate: 82.9% (397 hits / 479 lookups); 1 more read by the GPU over PCIe or from another GPU (0.2% of all 480 routed)
strata serve: resident RAM: 63.28 GiB of experts in RAM, 0 exchanged with the VRAM tier, 0 blob reads from the file
safetensors residency metrics: ram_bytes=67948118016 os_locked_bytes=0 cuda_pinned_bytes=67948118016 promotions=2400 promoted_payload_bytes=6635558400 expert_file_bytes=0 (cumulative; payload is not a physical PCIe counter)
safetensors ngram metrics: ple io: 493968 rows, 37.4% row-cache hits, 257654 SSD reads (1055.7 MB), read p50 223 us p99 5926 us, blocked 689.477 ms total (submit 1.651 ms), cache 248715/1048576 rows, SSD kept awake by 79 reads (slowest 15.5 ms)
strata serve: expert tiers: GPU 397 hits this request; since the start RAM 131576 blobs, files 0 blobs 0.0 MB read
strata serve: prompt 24635 tokens = 24634 reused + 1 read in 0 ms (16750.4 tok/s), 1 generated in 17 ms (57.9 tok/s), drafts accepted 0 of 0, 2 checkpoints
strata serve: decode expert cache hit rate: 83.4% (396 hits / 475 lookups); 5 more read by the GPU over PCIe or from another GPU (1.0% of all 480 routed)
strata serve: resident RAM: 63.28 GiB of experts in RAM, 0 exchanged with the VRAM tier, 0 blob reads from the file
safetensors residency metrics: ram_bytes=67948118016 os_locked_bytes=0 cuda_pinned_bytes=67948118016 promotions=2400 promoted_payload_bytes=6635558400 expert_file_bytes=0 (cumulative; payload is not a physical PCIe counter)
safetensors ngram metrics: ple io: 493984 rows, 37.4% row-cache hits, 257670 SSD reads (1055.8 MB), read p50 223 us p99 5926 us, blocked 691.505 ms total (submit 1.663 ms), cache 248731/1048576 rows, SSD kept awake by 79 reads (slowest 15.5 ms)
strata serve: expert tiers: GPU 396 hits this request; since the start RAM 131660 blobs, files 0 blobs 0.0 MB read
strata serve: prompt 24636 tokens = 24635 reused + 1 read in 0 ms (17793.6 tok/s), 1 generated in 15 ms (66.7 tok/s), drafts accepted 0 of 0, 2 checkpoints
strata serve: decode expert cache hit rate: 84.0% (399 hits / 475 lookups); 5 more read by the GPU over PCIe or from another GPU (1.0% of all 480 routed)
strata serve: resident RAM: 63.28 GiB of experts in RAM, 0 exchanged with the VRAM tier, 0 blob reads from the file
safetensors residency metrics: ram_bytes=67948118016 os_locked_bytes=0 cuda_pinned_bytes=67948118016 promotions=2400 promoted_payload_bytes=6635558400 expert_file_bytes=0 (cumulative; payload is not a physical PCIe counter)
safetensors ngram metrics: ple io: 494000 rows, 37.4% row-cache hits, 257686 SSD reads (1055.8 MB), read p50 223 us p99 5926 us, blocked 691.532 ms total (submit 1.690 ms), cache 248747/1048576 rows, SSD kept awake by 79 reads (slowest 15.5 ms)
strata serve: expert tiers: GPU 399 hits this request; since the start RAM 131741 blobs, files 0 blobs 0.0 MB read
strata serve: prompt 24637 tokens = 24636 reused + 1 read in 0 ms (17361.1 tok/s), 1 generated in 19 ms (51.5 tok/s), drafts accepted 0 of 0, 2 checkpoints
strata serve: decode expert cache hit rate: 76.4% (357 hits / 467 lookups); 13 more read by the GPU over PCIe or from another GPU (2.7% of all 480 routed)
strata serve: resident RAM: 63.28 GiB of experts in RAM, 0 exchanged with the VRAM tier, 0 blob reads from the file
safetensors residency metrics: ram_bytes=67948118016 os_locked_bytes=0 cuda_pinned_bytes=67948118016 promotions=2400 promoted_payload_bytes=6635558400 expert_file_bytes=0 (cumulative; payload is not a physical PCIe counter)
safetensors ngram metrics: ple io: 494016 rows, 37.4% row-cache hits, 257702 SSD reads (1055.9 MB), read p50 223 us p99 5926 us, blocked 693.291 ms total (submit 1.704 ms), cache 248763/1048576 rows, SSD kept awake by 79 reads (slowest 15.5 ms)
strata serve: expert tiers: GPU 357 hits this request; since the start RAM 131960 blobs, files 0 blobs 0.0 MB read
strata serve: prompt 24638 tokens = 24637 reused + 1 read in 0 ms (6920.4 tok/s), 1 generated in 19 ms (52.6 tok/s), drafts accepted 0 of 0, 2 checkpoints
strata serve: decode expert cache hit rate: 59.6% (265 hits / 445 lookups); 35 more read by the GPU over PCIe or from another GPU (7.3% of all 480 routed)
strata serve: resident RAM: 63.28 GiB of experts in RAM, 0 exchanged with the VRAM tier, 0 blob reads from the file
safetensors residency metrics: ram_bytes=67948118016 os_locked_bytes=0 cuda_pinned_bytes=67948118016 promotions=2496 promoted_payload_bytes=6900980736 expert_file_bytes=0 (cumulative; payload is not a physical PCIe counter)
safetensors ngram metrics: ple io: 494032 rows, 37.4% row-cache hits, 257718 SSD reads (1056.0 MB), read p50 223 us p99 5926 us, blocked 693.291 ms total (submit 1.717 ms), cache 248779/1048576 rows, SSD kept awake by 79 reads (slowest 15.5 ms)
strata serve: expert tiers: GPU 265 hits this request; since the start RAM 132175 blobs, files 0 blobs 0.0 MB read
strata serve: prompt 24639 tokens = 24638 reused + 1 read in 0 ms (16286.6 tok/s), 1 generated in 19 ms (53.3 tok/s), drafts accepted 0 of 0, 2 checkpoints
strata serve: decode expert cache hit rate: 62.4% (279 hits / 447 lookups); 33 more read by the GPU over PCIe or from another GPU (6.9% of all 480 routed)
strata serve: resident RAM: 63.28 GiB of experts in RAM, 0 exchanged with the VRAM tier, 0 blob reads from the file
safetensors residency metrics: ram_bytes=67948118016 os_locked_bytes=0 cuda_pinned_bytes=67948118016 promotions=2496 promoted_payload_bytes=6900980736 expert_file_bytes=0 (cumulative; payload is not a physical PCIe counter)
safetensors ngram metrics: ple io: 494048 rows, 37.4% row-cache hits, 257734 SSD reads (1056.0 MB), read p50 223 us p99 5926 us, blocked 693.292 ms total (submit 1.734 ms), cache 248795/1048576 rows, SSD kept awake by 79 reads (slowest 15.5 ms)
strata serve: expert tiers: GPU 279 hits this request; since the start RAM 132376 blobs, files 0 blobs 0.0 MB read
strata serve: prompt 24640 tokens = 24639 reused + 1 read in 0 ms (14534.9 tok/s), 1 generated in 17 ms (59.5 tok/s), drafts accepted 0 of 0, 2 checkpoints
strata serve: decode expert cache hit rate: 74.8% (345 hits / 461 lookups); 19 more read by the GPU over PCIe or from another GPU (4.0% of all 480 routed)
strata serve: resident RAM: 63.28 GiB of experts in RAM, 0 exchanged with the VRAM tier, 0 blob reads from the file
safetensors residency metrics: ram_bytes=67948118016 os_locked_bytes=0 cuda_pinned_bytes=67948118016 promotions=2496 promoted_payload_bytes=6900980736 expert_file_bytes=0 (cumulative; payload is not a physical PCIe counter)
safetensors ngram metrics: ple io: 494064 rows, 37.4% row-cache hits, 257742 SSD reads (1056.1 MB), read p50 223 us p99 5926 us, blocked 693.292 ms total (submit 1.747 ms), cache 248803/1048576 rows, SSD kept awake by 79 reads (slowest 15.5 ms)
strata serve: expert tiers: GPU 345 hits this request; since the start RAM 132511 blobs, files 0 blobs 0.0 MB read
strata serve: prompt 24641 tokens = 24640 reused + 1 read in 0 ms (17123.3 tok/s), 1 generated in 18 ms (55.8 tok/s), drafts accepted 0 of 0, 2 checkpoints
strata serve: decode expert cache hit rate: 75.3% (348 hits / 462 lookups); 18 more read by the GPU over PCIe or from another GPU (3.8% of all 480 routed)
strata serve: resident RAM: 63.28 GiB of experts in RAM, 0 exchanged with the VRAM tier, 0 blob reads from the file
safetensors residency metrics: ram_bytes=67948118016 os_locked_bytes=0 cuda_pinned_bytes=67948118016 promotions=2496 promoted_payload_bytes=6900980736 expert_file_bytes=0 (cumulative; payload is not a physical PCIe counter)
safetensors ngram metrics: ple io: 494080 rows, 37.4% row-cache hits, 257750 SSD reads (1056.1 MB), read p50 223 us p99 5926 us, blocked 693.293 ms total (submit 1.760 ms), cache 248811/1048576 rows, SSD kept awake by 79 reads (slowest 15.5 ms)
strata serve: expert tiers: GPU 348 hits this request; since the start RAM 132739 blobs, files 0 blobs 0.0 MB read
strata serve: prompt 24642 tokens = 24641 reused + 1 read in 0 ms (6720.4 tok/s), 1 generated in 16 ms (62.2 tok/s), drafts accepted 0 of 0, 2 checkpoints
strata serve: decode expert cache hit rate: 77.7% (366 hits / 471 lookups); 9 more read by the GPU over PCIe or from another GPU (1.9% of all 480 routed)
strata serve: resident RAM: 63.28 GiB of experts in RAM, 0 exchanged with the VRAM tier, 0 blob reads from the file
safetensors residency metrics: ram_bytes=67948118016 os_locked_bytes=0 cuda_pinned_bytes=67948118016 promotions=2592 promoted_payload_bytes=7166403072 expert_file_bytes=0 (cumulative; payload is not a physical PCIe counter)
safetensors ngram metrics: ple io: 494096 rows, 37.4% row-cache hits, 257766 SSD reads (1056.2 MB), read p50 223 us p99 5926 us, blocked 693.293 ms total (submit 1.782 ms), cache 248827/1048576 rows, SSD kept awake by 79 reads (slowest 15.5 ms)
strata serve: expert tiers: GPU 366 hits this request; since the start RAM 132853 blobs, files 0 blobs 0.0 MB read
strata serve: prompt 24643 tokens = 24642 reused + 1 read in 0 ms (17123.3 tok/s), 1 generated in 19 ms (53.7 tok/s), drafts accepted 0 of 0, 2 checkpoints
strata serve: decode expert cache hit rate: 73.0% (335 hits / 459 lookups); 21 more read by the GPU over PCIe or from another GPU (4.4% of all 480 routed)
strata serve: resident RAM: 63.28 GiB of experts in RAM, 0 exchanged with the VRAM tier, 0 blob reads from the file
safetensors residency metrics: ram_bytes=67948118016 os_locked_bytes=0 cuda_pinned_bytes=67948118016 promotions=2592 promoted_payload_bytes=7166403072 expert_file_bytes=0 (cumulative; payload is not a physical PCIe counter)
safetensors ngram metrics: ple io: 494112 rows, 37.4% row-cache hits, 257782 SSD reads (1056.2 MB), read p50 223 us p99 5926 us, blocked 693.294 ms total (submit 1.796 ms), cache 248843/1048576 rows, SSD kept awake by 79 reads (slowest 15.5 ms)
strata serve: expert tiers: GPU 335 hits this request; since the start RAM 132998 blobs, files 0 blobs 0.0 MB read
strata serve: prompt 24644 tokens = 24643 reused + 1 read in 0 ms (16891.9 tok/s), 1 generated in 16 ms (63.1 tok/s), drafts accepted 0 of 0, 2 checkpoints
strata serve: decode expert cache hit rate: 79.9% (378 hits / 473 lookups); 7 more read by the GPU over PCIe or from another GPU (1.5% of all 480 routed)
strata serve: resident RAM: 63.28 GiB of experts in RAM, 0 exchanged with the VRAM tier, 0 blob reads from the file
safetensors residency metrics: ram_bytes=67948118016 os_locked_bytes=0 cuda_pinned_bytes=67948118016 promotions=2592 promoted_payload_bytes=7166403072 expert_file_bytes=0 (cumulative; payload is not a physical PCIe counter)
safetensors ngram metrics: ple io: 494128 rows, 37.4% row-cache hits, 257798 SSD reads (1056.3 MB), read p50 223 us p99 5926 us, blocked 693.294 ms total (submit 1.808 ms), cache 248859/1048576 rows, SSD kept awake by 79 reads (slowest 15.5 ms)
strata serve: expert tiers: GPU 378 hits this request; since the start RAM 133100 blobs, files 0 blobs 0.0 MB read
strata serve: prompt 24645 tokens = 24644 reused + 1 read in 0 ms (17035.8 tok/s), 1 generated in 16 ms (61.6 tok/s), drafts accepted 0 of 0, 2 checkpoints
strata serve: decode expert cache hit rate: 84.2% (401 hits / 476 lookups); 4 more read by the GPU over PCIe or from another GPU (0.8% of all 480 routed)
strata serve: resident RAM: 63.28 GiB of experts in RAM, 0 exchanged with the VRAM tier, 0 blob reads from the file
safetensors residency metrics: ram_bytes=67948118016 os_locked_bytes=0 cuda_pinned_bytes=67948118016 promotions=2592 promoted_payload_bytes=7166403072 expert_file_bytes=0 (cumulative; payload is not a physical PCIe counter)
safetensors ngram metrics: ple io: 494144 rows, 37.4% row-cache hits, 257814 SSD reads (1056.4 MB), read p50 223 us p99 5926 us, blocked 693.295 ms total (submit 1.825 ms), cache 248875/1048576 rows, SSD kept awake by 79 reads (slowest 15.5 ms)
strata serve: expert tiers: GPU 401 hits this request; since the start RAM 133275 blobs, files 0 blobs 0.0 MB read
strata serve: prompt 24646 tokens = 24645 reused + 1 read in 0 ms (6891.8 tok/s), 1 generated in 17 ms (59.0 tok/s), drafts accepted 0 of 0, 2 checkpoints
strata serve: decode expert cache hit rate: 75.7% (348 hits / 460 lookups); 20 more read by the GPU over PCIe or from another GPU (4.2% of all 480 routed)
strata serve: resident RAM: 63.28 GiB of experts in RAM, 0 exchanged with the VRAM tier, 0 blob reads from the file
safetensors residency metrics: ram_bytes=67948118016 os_locked_bytes=0 cuda_pinned_bytes=67948118016 promotions=2688 promoted_payload_bytes=7431825408 expert_file_bytes=0 (cumulative; payload is not a physical PCIe counter)
safetensors ngram metrics: ple io: 494160 rows, 37.4% row-cache hits, 257830 SSD reads (1056.5 MB), read p50 223 us p99 5926 us, blocked 693.619 ms total (submit 1.836 ms), cache 248891/1048576 rows, SSD kept awake by 79 reads (slowest 15.5 ms)
strata serve: expert tiers: GPU 348 hits this request; since the start RAM 133407 blobs, files 0 blobs 0.0 MB read
strata serve: prompt 24647 tokens = 24646 reused + 1 read in 0 ms (16103.1 tok/s), 1 generated in 17 ms (58.0 tok/s), drafts accepted 0 of 0, 2 checkpoints
strata serve: decode expert cache hit rate: 85.1% (404 hits / 475 lookups); 5 more read by the GPU over PCIe or from another GPU (1.0% of all 480 routed)
strata serve: resident RAM: 63.28 GiB of experts in RAM, 0 exchanged with the VRAM tier, 0 blob reads from the file
safetensors residency metrics: ram_bytes=67948118016 os_locked_bytes=0 cuda_pinned_bytes=67948118016 promotions=2688 promoted_payload_bytes=7431825408 expert_file_bytes=0 (cumulative; payload is not a physical PCIe counter)
safetensors ngram metrics: ple io: 494176 rows, 37.4% row-cache hits, 257838 SSD reads (1056.5 MB), read p50 223 us p99 5926 us, blocked 695.775 ms total (submit 1.859 ms), cache 248899/1048576 rows, SSD kept awake by 79 reads (slowest 15.5 ms)
strata serve: expert tiers: GPU 404 hits this request; since the start RAM 133483 blobs, files 0 blobs 0.0 MB read
strata serve: prompt 24648 tokens = 24647 reused + 1 read in 0 ms (17391.3 tok/s), 1 generated in 17 ms (58.9 tok/s), drafts accepted 0 of 0, 2 checkpoints
strata serve: decode expert cache hit rate: 74.1% (343 hits / 463 lookups); 17 more read by the GPU over PCIe or from another GPU (3.5% of all 480 routed)
strata serve: resident RAM: 63.28 GiB of experts in RAM, 0 exchanged with the VRAM tier, 0 blob reads from the file
safetensors residency metrics: ram_bytes=67948118016 os_locked_bytes=0 cuda_pinned_bytes=67948118016 promotions=2688 promoted_payload_bytes=7431825408 expert_file_bytes=0 (cumulative; payload is not a physical PCIe counter)
safetensors ngram metrics: ple io: 494192 rows, 37.4% row-cache hits, 257838 SSD reads (1056.5 MB), read p50 223 us p99 5926 us, blocked 695.775 ms total (submit 1.859 ms), cache 248899/1048576 rows, SSD kept awake by 79 reads (slowest 15.5 ms)
strata serve: expert tiers: GPU 343 hits this request; since the start RAM 133620 blobs, files 0 blobs 0.0 MB read
strata serve: prompt 24649 tokens = 24648 reused + 1 read in 0 ms (16949.2 tok/s), 1 generated in 18 ms (56.6 tok/s), drafts accepted 0 of 0, 2 checkpoints
strata serve: decode expert cache hit rate: 77.8% (360 hits / 463 lookups); 17 more read by the GPU over PCIe or from another GPU (3.5% of all 480 routed)
strata serve: resident RAM: 63.28 GiB of experts in RAM, 0 exchanged with the VRAM tier, 0 blob reads from the file
safetensors residency metrics: ram_bytes=67948118016 os_locked_bytes=0 cuda_pinned_bytes=67948118016 promotions=2688 promoted_payload_bytes=7431825408 expert_file_bytes=0 (cumulative; payload is not a physical PCIe counter)
safetensors ngram metrics: ple io: 494208 rows, 37.4% row-cache hits, 257838 SSD reads (1056.5 MB), read p50 223 us p99 5926 us, blocked 695.775 ms total (submit 1.859 ms), cache 248899/1048576 rows, SSD kept awake by 79 reads (slowest 15.5 ms)
strata serve: expert tiers: GPU 360 hits this request; since the start RAM 133836 blobs, files 0 blobs 0.0 MB read
strata serve: prompt 24650 tokens = 24649 reused + 1 read in 0 ms (6657.8 tok/s), 1 generated in 14 ms (70.0 tok/s), drafts accepted 0 of 0, 2 checkpoints
strata serve: decode expert cache hit rate: 90.1% (430 hits / 477 lookups); 3 more read by the GPU over PCIe or from another GPU (0.6% of all 480 routed)
strata serve: resident RAM: 63.28 GiB of experts in RAM, 0 exchanged with the VRAM tier, 0 blob reads from the file
safetensors residency metrics: ram_bytes=67948118016 os_locked_bytes=0 cuda_pinned_bytes=67948118016 promotions=2784 promoted_payload_bytes=7697247744 expert_file_bytes=0 (cumulative; payload is not a physical PCIe counter)
safetensors ngram metrics: ple io: 494224 rows, 37.4% row-cache hits, 257854 SSD reads (1056.6 MB), read p50 223 us p99 5926 us, blocked 695.776 ms total (submit 1.877 ms), cache 248915/1048576 rows, SSD kept awake by 80 reads (slowest 15.5 ms)
strata serve: expert tiers: GPU 430 hits this request; since the start RAM 133886 blobs, files 0 blobs 0.0 MB read
strata serve: prompt 24651 tokens = 24650 reused + 1 read in 0 ms (18115.9 tok/s), 1 generated in 16 ms (64.3 tok/s), drafts accepted 0 of 0, 2 checkpoints
strata serve: decode expert cache hit rate: 88.3% (422 hits / 478 lookups); 2 more read by the GPU over PCIe or from another GPU (0.4% of all 480 routed)
strata serve: resident RAM: 63.28 GiB of experts in RAM, 0 exchanged with the VRAM tier, 0 blob reads from the file
safetensors residency metrics: ram_bytes=67948118016 os_locked_bytes=0 cuda_pinned_bytes=67948118016 promotions=2784 promoted_payload_bytes=7697247744 expert_file_bytes=0 (cumulative; payload is not a physical PCIe counter)
safetensors ngram metrics: ple io: 494240 rows, 37.4% row-cache hits, 257870 SSD reads (1056.6 MB), read p50 223 us p99 5926 us, blocked 696.350 ms total (submit 1.888 ms), cache 248931/1048576 rows, SSD kept awake by 80 reads (slowest 15.5 ms)
strata serve: expert tiers: GPU 422 hits this request; since the start RAM 133944 blobs, files 0 blobs 0.0 MB read
strata serve: prompt 24652 tokens = 24651 reused + 1 read in 0 ms (17953.3 tok/s), 1 generated in 15 ms (65.7 tok/s), drafts accepted 0 of 0, 2 checkpoints
strata serve: decode expert cache hit rate: 82.8% (394 hits / 476 lookups); 4 more read by the GPU over PCIe or from another GPU (0.8% of all 480 routed)
strata serve: resident RAM: 63.28 GiB of experts in RAM, 0 exchanged with the VRAM tier, 0 blob reads from the file
safetensors residency metrics: ram_bytes=67948118016 os_locked_bytes=0 cuda_pinned_bytes=67948118016 promotions=2784 promoted_payload_bytes=7697247744 expert_file_bytes=0 (cumulative; payload is not a physical PCIe counter)
safetensors ngram metrics: ple io: 494256 rows, 37.4% row-cache hits, 257886 SSD reads (1056.7 MB), read p50 223 us p99 5926 us, blocked 696.350 ms total (submit 1.899 ms), cache 248947/1048576 rows, SSD kept awake by 80 reads (slowest 15.5 ms)
strata serve: expert tiers: GPU 394 hits this request; since the start RAM 134030 blobs, files 0 blobs 0.0 MB read
strata serve: prompt 24653 tokens = 24652 reused + 1 read in 0 ms (16447.4 tok/s), 1 generated in 18 ms (56.8 tok/s), drafts accepted 0 of 0, 2 checkpoints
strata serve: decode expert cache hit rate: 80.2% (376 hits / 469 lookups); 11 more read by the GPU over PCIe or from another GPU (2.3% of all 480 routed)
strata serve: resident RAM: 63.28 GiB of experts in RAM, 0 exchanged with the VRAM tier, 0 blob reads from the file
safetensors residency metrics: ram_bytes=67948118016 os_locked_bytes=0 cuda_pinned_bytes=67948118016 promotions=2784 promoted_payload_bytes=7697247744 expert_file_bytes=0 (cumulative; payload is not a physical PCIe counter)
safetensors ngram metrics: ple io: 494272 rows, 37.4% row-cache hits, 257902 SSD reads (1056.8 MB), read p50 223 us p99 5926 us, blocked 697.256 ms total (submit 1.918 ms), cache 248963/1048576 rows, SSD kept awake by 80 reads (slowest 15.5 ms)
strata serve: expert tiers: GPU 376 hits this request; since the start RAM 134220 blobs, files 0 blobs 0.0 MB read
strata serve: prompt 24654 tokens = 24653 reused + 1 read in 0 ms (7017.5 tok/s), 1 generated in 18 ms (57.0 tok/s), drafts accepted 0 of 0, 2 checkpoints
strata serve: decode expert cache hit rate: 86.6% (412 hits / 476 lookups); 4 more read by the GPU over PCIe or from another GPU (0.8% of all 480 routed)
strata serve: resident RAM: 63.28 GiB of experts in RAM, 0 exchanged with the VRAM tier, 0 blob reads from the file
safetensors residency metrics: ram_bytes=67948118016 os_locked_bytes=0 cuda_pinned_bytes=67948118016 promotions=2870 promoted_payload_bytes=7935021920 expert_file_bytes=0 (cumulative; payload is not a physical PCIe counter)
safetensors ngram metrics: ple io: 494288 rows, 37.4% row-cache hits, 257918 SSD reads (1056.8 MB), read p50 223 us p99 5926 us, blocked 700.054 ms total (submit 1.937 ms), cache 248979/1048576 rows, SSD kept awake by 80 reads (slowest 15.5 ms)
strata serve: expert tiers: GPU 412 hits this request; since the start RAM 134288 blobs, files 0 blobs 0.0 MB read
strata serve: prompt 24655 tokens = 24654 reused + 1 read in 0 ms (18797.0 tok/s), 1 generated in 16 ms (64.3 tok/s), drafts accepted 0 of 0, 2 checkpoints
strata serve: decode expert cache hit rate: 86.7% (411 hits / 474 lookups); 6 more read by the GPU over PCIe or from another GPU (1.2% of all 480 routed)
strata serve: resident RAM: 63.28 GiB of experts in RAM, 0 exchanged with the VRAM tier, 0 blob reads from the file
safetensors residency metrics: ram_bytes=67948118016 os_locked_bytes=0 cuda_pinned_bytes=67948118016 promotions=2870 promoted_payload_bytes=7935021920 expert_file_bytes=0 (cumulative; payload is not a physical PCIe counter)
safetensors ngram metrics: ple io: 494304 rows, 37.4% row-cache hits, 257934 SSD reads (1056.9 MB), read p50 223 us p99 5926 us, blocked 700.907 ms total (submit 1.951 ms), cache 248995/1048576 rows, SSD kept awake by 80 reads (slowest 15.5 ms)
strata serve: expert tiers: GPU 411 hits this request; since the start RAM 134357 blobs, files 0 blobs 0.0 MB read
strata serve: prompt 24656 tokens = 24655 reused + 1 read in 0 ms (18903.6 tok/s), 1 generated in 16 ms (63.1 tok/s), drafts accepted 0 of 0, 2 checkpoints
strata serve: decode expert cache hit rate: 80.5% (375 hits / 466 lookups); 14 more read by the GPU over PCIe or from another GPU (2.9% of all 480 routed)
strata serve: resident RAM: 63.28 GiB of experts in RAM, 0 exchanged with the VRAM tier, 0 blob reads from the file
safetensors residency metrics: ram_bytes=67948118016 os_locked_bytes=0 cuda_pinned_bytes=67948118016 promotions=2870 promoted_payload_bytes=7935021920 expert_file_bytes=0 (cumulative; payload is not a physical PCIe counter)
safetensors ngram metrics: ple io: 494320 rows, 37.4% row-cache hits, 257950 SSD reads (1057.0 MB), read p50 223 us p99 5926 us, blocked 700.908 ms total (submit 1.964 ms), cache 249011/1048576 rows, SSD kept awake by 80 reads (slowest 15.5 ms)
strata serve: expert tiers: GPU 375 hits this request; since the start RAM 134462 blobs, files 0 blobs 0.0 MB read
strata serve: prompt 24657 tokens = 24656 reused + 1 read in 0 ms (18939.4 tok/s), 1 generated in 17 ms (58.6 tok/s), drafts accepted 0 of 0, 2 checkpoints
strata serve: decode expert cache hit rate: 79.8% (376 hits / 471 lookups); 9 more read by the GPU over PCIe or from another GPU (1.9% of all 480 routed)
strata serve: resident RAM: 63.28 GiB of experts in RAM, 0 exchanged with the VRAM tier, 0 blob reads from the file
safetensors residency metrics: ram_bytes=67948118016 os_locked_bytes=0 cuda_pinned_bytes=67948118016 promotions=2870 promoted_payload_bytes=7935021920 expert_file_bytes=0 (cumulative; payload is not a physical PCIe counter)
safetensors ngram metrics: ple io: 494336 rows, 37.4% row-cache hits, 257966 SSD reads (1057.0 MB), read p50 223 us p99 5926 us, blocked 700.908 ms total (submit 1.977 ms), cache 249027/1048576 rows, SSD kept awake by 80 reads (slowest 15.5 ms)
strata serve: expert tiers: GPU 376 hits this request; since the start RAM 134646 blobs, files 0 blobs 0.0 MB read
strata serve: prompt 24658 tokens = 24657 reused + 1 read in 0 ms (7122.5 tok/s), 1 generated in 15 ms (66.0 tok/s), drafts accepted 0 of 0, 2 checkpoints
strata serve: decode expert cache hit rate: 83.3% (394 hits / 473 lookups); 7 more read by the GPU over PCIe or from another GPU (1.5% of all 480 routed)
strata serve: resident RAM: 63.28 GiB of experts in RAM, 0 exchanged with the VRAM tier, 0 blob reads from the file
safetensors residency metrics: ram_bytes=67948118016 os_locked_bytes=0 cuda_pinned_bytes=67948118016 promotions=2950 promoted_payload_bytes=8156207200 expert_file_bytes=0 (cumulative; payload is not a physical PCIe counter)
safetensors ngram metrics: ple io: 494352 rows, 37.4% row-cache hits, 257982 SSD reads (1057.1 MB), read p50 223 us p99 5926 us, blocked 700.908 ms total (submit 1.995 ms), cache 249043/1048576 rows, SSD kept awake by 80 reads (slowest 15.5 ms)
strata serve: expert tiers: GPU 394 hits this request; since the start RAM 134732 blobs, files 0 blobs 0.0 MB read
strata serve: prompt 24659 tokens = 24658 reused + 1 read in 0 ms (18903.6 tok/s), 1 generated in 16 ms (64.5 tok/s), drafts accepted 0 of 0, 2 checkpoints
strata serve: decode expert cache hit rate: 83.3% (393 hits / 472 lookups); 8 more read by the GPU over PCIe or from another GPU (1.7% of all 480 routed)
strata serve: resident RAM: 63.28 GiB of experts in RAM, 0 exchanged with the VRAM tier, 0 blob reads from the file
safetensors residency metrics: ram_bytes=67948118016 os_locked_bytes=0 cuda_pinned_bytes=67948118016 promotions=2950 promoted_payload_bytes=8156207200 expert_file_bytes=0 (cumulative; payload is not a physical PCIe counter)
safetensors ngram metrics: ple io: 494368 rows, 37.4% row-cache hits, 257998 SSD reads (1057.2 MB), read p50 223 us p99 5926 us, blocked 701.302 ms total (submit 2.006 ms), cache 249059/1048576 rows, SSD kept awake by 80 reads (slowest 15.5 ms)
strata serve: expert tiers: GPU 393 hits this request; since the start RAM 134819 blobs, files 0 blobs 0.0 MB read
strata serve: prompt 24660 tokens = 24659 reused + 1 read in 0 ms (18552.9 tok/s), 1 generated in 17 ms (57.2 tok/s), drafts accepted 0 of 0, 2 checkpoints
strata serve: decode expert cache hit rate: 84.4% (401 hits / 475 lookups); 5 more read by the GPU over PCIe or from another GPU (1.0% of all 480 routed)
strata serve: resident RAM: 63.28 GiB of experts in RAM, 0 exchanged with the VRAM tier, 0 blob reads from the file
safetensors residency metrics: ram_bytes=67948118016 os_locked_bytes=0 cuda_pinned_bytes=67948118016 promotions=2950 promoted_payload_bytes=8156207200 expert_file_bytes=0 (cumulative; payload is not a physical PCIe counter)
safetensors ngram metrics: ple io: 494384 rows, 37.4% row-cache hits, 258014 SSD reads (1057.2 MB), read p50 223 us p99 5926 us, blocked 703.191 ms total (submit 2.020 ms), cache 249075/1048576 rows, SSD kept awake by 80 reads (slowest 15.5 ms)
strata serve: expert tiers: GPU 401 hits this request; since the start RAM 134898 blobs, files 0 blobs 0.0 MB read
strata serve: prompt 24661 tokens = 24660 reused + 1 read in 0 ms (17182.1 tok/s), 1 generated in 16 ms (62.4 tok/s), drafts accepted 0 of 0, 2 checkpoints
strata serve: decode expert cache hit rate: 86.6% (413 hits / 477 lookups); 3 more read by the GPU over PCIe or from another GPU (0.6% of all 480 routed)
strata serve: resident RAM: 63.28 GiB of experts in RAM, 0 exchanged with the VRAM tier, 0 blob reads from the file
safetensors residency metrics: ram_bytes=67948118016 os_locked_bytes=0 cuda_pinned_bytes=67948118016 promotions=2950 promoted_payload_bytes=8156207200 expert_file_bytes=0 (cumulative; payload is not a physical PCIe counter)
safetensors ngram metrics: ple io: 494400 rows, 37.4% row-cache hits, 258030 SSD reads (1057.3 MB), read p50 223 us p99 5926 us, blocked 703.191 ms total (submit 2.035 ms), cache 249091/1048576 rows, SSD kept awake by 80 reads (slowest 15.5 ms)
strata serve: expert tiers: GPU 413 hits this request; since the start RAM 135043 blobs, files 0 blobs 0.0 MB read
strata serve: prompt 24662 tokens = 24661 reused + 1 read in 0 ms (7168.5 tok/s), 1 generated in 25 ms (40.5 tok/s), drafts accepted 0 of 0, 2 checkpoints
strata serve: decode expert cache hit rate: 90.2% (432 hits / 479 lookups); 1 more read by the GPU over PCIe or from another GPU (0.2% of all 480 routed)
strata serve: resident RAM: 63.28 GiB of experts in RAM, 0 exchanged with the VRAM tier, 0 blob reads from the file
safetensors residency metrics: ram_bytes=67948118016 os_locked_bytes=0 cuda_pinned_bytes=67948118016 promotions=3028 promoted_payload_bytes=8371862848 expert_file_bytes=0 (cumulative; payload is not a physical PCIe counter)
safetensors ngram metrics: ple io: 494416 rows, 37.4% row-cache hits, 258046 SSD reads (1057.4 MB), read p50 223 us p99 6026 us, blocked 713.900 ms total (submit 2.048 ms), cache 249107/1048576 rows, SSD kept awake by 80 reads (slowest 15.5 ms)
strata serve: expert tiers: GPU 432 hits this request; since the start RAM 135091 blobs, files 0 blobs 0.0 MB read
strata serve: prompt 24663 tokens = 24662 reused + 1 read in 0 ms (19455.3 tok/s), 1 generated in 16 ms (63.9 tok/s), drafts accepted 0 of 0, 2 checkpoints
strata serve: decode expert cache hit rate: 82.8% (389 hits / 470 lookups); 10 more read by the GPU over PCIe or from another GPU (2.1% of all 480 routed)
strata serve: resident RAM: 63.28 GiB of experts in RAM, 0 exchanged with the VRAM tier, 0 blob reads from the file
safetensors residency metrics: ram_bytes=67948118016 os_locked_bytes=0 cuda_pinned_bytes=67948118016 promotions=3028 promoted_payload_bytes=8371862848 expert_file_bytes=0 (cumulative; payload is not a physical PCIe counter)
safetensors ngram metrics: ple io: 494432 rows, 37.4% row-cache hits, 258062 SSD reads (1057.5 MB), read p50 223 us p99 6026 us, blocked 713.900 ms total (submit 2.060 ms), cache 249123/1048576 rows, SSD kept awake by 80 reads (slowest 15.5 ms)
strata serve: expert tiers: GPU 389 hits this request; since the start RAM 135182 blobs, files 0 blobs 0.0 MB read
strata serve: prompt 24664 tokens = 24663 reused + 1 read in 0 ms (19267.8 tok/s), 1 generated in 17 ms (57.5 tok/s), drafts accepted 0 of 0, 2 checkpoints
strata serve: decode expert cache hit rate: 75.2% (349 hits / 464 lookups); 16 more read by the GPU over PCIe or from another GPU (3.3% of all 480 routed)
strata serve: resident RAM: 63.28 GiB of experts in RAM, 0 exchanged with the VRAM tier, 0 blob reads from the file
safetensors residency metrics: ram_bytes=67948118016 os_locked_bytes=0 cuda_pinned_bytes=67948118016 promotions=3028 promoted_payload_bytes=8371862848 expert_file_bytes=0 (cumulative; payload is not a physical PCIe counter)
safetensors ngram metrics: ple io: 494448 rows, 37.4% row-cache hits, 258078 SSD reads (1057.5 MB), read p50 223 us p99 6026 us, blocked 714.840 ms total (submit 2.077 ms), cache 249139/1048576 rows, SSD kept awake by 80 reads (slowest 15.5 ms)
strata serve: expert tiers: GPU 349 hits this request; since the start RAM 135313 blobs, files 0 blobs 0.0 MB read
strata serve: prompt 24665 tokens = 24664 reused + 1 read in 0 ms (18587.4 tok/s), 1 generated in 17 ms (59.5 tok/s), drafts accepted 0 of 0, 2 checkpoints
strata serve: decode expert cache hit rate: 81.2% (381 hits / 469 lookups); 11 more read by the GPU over PCIe or from another GPU (2.3% of all 480 routed)
strata serve: resident RAM: 63.28 GiB of experts in RAM, 0 exchanged with the VRAM tier, 0 blob reads from the file
safetensors residency metrics: ram_bytes=67948118016 os_locked_bytes=0 cuda_pinned_bytes=67948118016 promotions=3028 promoted_payload_bytes=8371862848 expert_file_bytes=0 (cumulative; payload is not a physical PCIe counter)
safetensors ngram metrics: ple io: 494464 rows, 37.4% row-cache hits, 258094 SSD reads (1057.6 MB), read p50 223 us p99 6026 us, blocked 714.934 ms total (submit 2.090 ms), cache 249155/1048576 rows, SSD kept awake by 80 reads (slowest 15.5 ms)
strata serve: expert tiers: GPU 381 hits this request; since the start RAM 135487 blobs, files 0 blobs 0.0 MB read
strata serve: prompt 24666 tokens = 24665 reused + 1 read in 0 ms (7342.1 tok/s), 1 generated in 16 ms (60.9 tok/s), drafts accepted 0 of 0, 2 checkpoints
strata serve: decode expert cache hit rate: 83.1% (394 hits / 474 lookups); 6 more read by the GPU over PCIe or from another GPU (1.2% of all 480 routed)
strata serve: resident RAM: 63.28 GiB of experts in RAM, 0 exchanged with the VRAM tier, 0 blob reads from the file
safetensors residency metrics: ram_bytes=67948118016 os_locked_bytes=0 cuda_pinned_bytes=67948118016 promotions=3103 promoted_payload_bytes=8579224048 expert_file_bytes=0 (cumulative; payload is not a physical PCIe counter)
safetensors ngram metrics: ple io: 494480 rows, 37.4% row-cache hits, 258110 SSD reads (1057.7 MB), read p50 223 us p99 6026 us, blocked 716.018 ms total (submit 2.106 ms), cache 249171/1048576 rows, SSD kept awake by 80 reads (slowest 15.5 ms)
strata serve: expert tiers: GPU 394 hits this request; since the start RAM 135573 blobs, files 0 blobs 0.0 MB read
strata serve: prompt 24667 tokens = 24666 reused + 1 read in 0 ms (14306.2 tok/s), 1 generated in 14 ms (71.4 tok/s), drafts accepted 0 of 0, 2 checkpoints
strata serve: decode expert cache hit rate: 92.1% (440 hits / 478 lookups); 2 more read by the GPU over PCIe or from another GPU (0.4% of all 480 routed)
strata serve: resident RAM: 63.28 GiB of experts in RAM, 0 exchanged with the VRAM tier, 0 blob reads from the file
safetensors residency metrics: ram_bytes=67948118016 os_locked_bytes=0 cuda_pinned_bytes=67948118016 promotions=3103 promoted_payload_bytes=8579224048 expert_file_bytes=0 (cumulative; payload is not a physical PCIe counter)
safetensors ngram metrics: ple io: 494496 rows, 37.4% row-cache hits, 258126 SSD reads (1057.7 MB), read p50 223 us p99 6026 us, blocked 716.019 ms total (submit 2.127 ms), cache 249187/1048576 rows, SSD kept awake by 80 reads (slowest 15.5 ms)
strata serve: expert tiers: GPU 440 hits this request; since the start RAM 135613 blobs, files 0 blobs 0.0 MB read
strata serve: prompt 24668 tokens = 24667 reused + 1 read in 0 ms (19267.8 tok/s), 1 generated in 16 ms (62.6 tok/s), drafts accepted 0 of 0, 2 checkpoints
strata serve: decode expert cache hit rate: 80.4% (378 hits / 470 lookups); 10 more read by the GPU over PCIe or from another GPU (2.1% of all 480 routed)
strata serve: resident RAM: 63.28 GiB of experts in RAM, 0 exchanged with the VRAM tier, 0 blob reads from the file
safetensors residency metrics: ram_bytes=67948118016 os_locked_bytes=0 cuda_pinned_bytes=67948118016 promotions=3103 promoted_payload_bytes=8579224048 expert_file_bytes=0 (cumulative; payload is not a physical PCIe counter)
safetensors ngram metrics: ple io: 494512 rows, 37.4% row-cache hits, 258142 SSD reads (1057.8 MB), read p50 223 us p99 6026 us, blocked 716.338 ms total (submit 2.143 ms), cache 249203/1048576 rows, SSD kept awake by 80 reads (slowest 15.5 ms)
strata serve: expert tiers: GPU 378 hits this request; since the start RAM 135715 blobs, files 0 blobs 0.0 MB read
strata serve: prompt 24669 tokens = 24668 reused + 1 read in 0 ms (17921.1 tok/s), 1 generated in 19 ms (52.5 tok/s), drafts accepted 0 of 0, 2 checkpoints
strata serve: decode expert cache hit rate: 80.3% (379 hits / 472 lookups); 8 more read by the GPU over PCIe or from another GPU (1.7% of all 480 routed)
strata serve: resident RAM: 63.28 GiB of experts in RAM, 0 exchanged with the VRAM tier, 0 blob reads from the file
safetensors residency metrics: ram_bytes=67948118016 os_locked_bytes=0 cuda_pinned_bytes=67948118016 promotions=3103 promoted_payload_bytes=8579224048 expert_file_bytes=0 (cumulative; payload is not a physical PCIe counter)
safetensors ngram metrics: ple io: 494528 rows, 37.4% row-cache hits, 258158 SSD reads (1057.9 MB), read p50 223 us p99 6026 us, blocked 717.481 ms total (submit 2.157 ms), cache 249219/1048576 rows, SSD kept awake by 80 reads (slowest 15.5 ms)
strata serve: expert tiers: GPU 379 hits this request; since the start RAM 135863 blobs, files 0 blobs 0.0 MB read
strata serve: prompt 24670 tokens = 24669 reused + 1 read in 0 ms (7087.2 tok/s), 1 generated in 15 ms (65.5 tok/s), drafts accepted 0 of 0, 2 checkpoints
strata serve: decode expert cache hit rate: 85.1% (404 hits / 475 lookups); 5 more read by the GPU over PCIe or from another GPU (1.0% of all 480 routed)
strata serve: resident RAM: 63.28 GiB of experts in RAM, 0 exchanged with the VRAM tier, 0 blob reads from the file
safetensors residency metrics: ram_bytes=67948118016 os_locked_bytes=0 cuda_pinned_bytes=67948118016 promotions=3150 promoted_payload_bytes=8709170400 expert_file_bytes=0 (cumulative; payload is not a physical PCIe counter)
safetensors ngram metrics: ple io: 494544 rows, 37.4% row-cache hits, 258174 SSD reads (1057.9 MB), read p50 223 us p99 6026 us, blocked 717.481 ms total (submit 2.178 ms), cache 249235/1048576 rows, SSD kept awake by 80 reads (slowest 15.5 ms)
strata serve: expert tiers: GPU 404 hits this request; since the start RAM 135939 blobs, files 0 blobs 0.0 MB read
strata serve: prompt 24671 tokens = 24670 reused + 1 read in 0 ms (18867.9 tok/s), 1 generated in 18 ms (56.8 tok/s), drafts accepted 0 of 0, 2 checkpoints
strata serve: decode expert cache hit rate: 73.4% (334 hits / 455 lookups); 25 more read by the GPU over PCIe or from another GPU (5.2% of all 480 routed)
strata serve: resident RAM: 63.28 GiB of experts in RAM, 0 exchanged with the VRAM tier, 0 blob reads from the file
safetensors residency metrics: ram_bytes=67948118016 os_locked_bytes=0 cuda_pinned_bytes=67948118016 promotions=3150 promoted_payload_bytes=8709170400 expert_file_bytes=0 (cumulative; payload is not a physical PCIe counter)
safetensors ngram metrics: ple io: 494560 rows, 37.4% row-cache hits, 258190 SSD reads (1058.0 MB), read p50 223 us p99 6026 us, blocked 717.481 ms total (submit 2.189 ms), cache 249251/1048576 rows, SSD kept awake by 80 reads (slowest 15.5 ms)
strata serve: expert tiers: GPU 334 hits this request; since the start RAM 136085 blobs, files 0 blobs 0.0 MB read
strata serve: prompt 24672 tokens = 24671 reused + 1 read in 0 ms (16025.6 tok/s), 1 generated in 18 ms (55.3 tok/s), drafts accepted 0 of 0, 2 checkpoints
strata serve: decode expert cache hit rate: 85.9% (408 hits / 475 lookups); 5 more read by the GPU over PCIe or from another GPU (1.0% of all 480 routed)
strata serve: resident RAM: 63.28 GiB of experts in RAM, 0 exchanged with the VRAM tier, 0 blob reads from the file
safetensors residency metrics: ram_bytes=67948118016 os_locked_bytes=0 cuda_pinned_bytes=67948118016 promotions=3150 promoted_payload_bytes=8709170400 expert_file_bytes=0 (cumulative; payload is not a physical PCIe counter)
safetensors ngram metrics: ple io: 494576 rows, 37.4% row-cache hits, 258206 SSD reads (1058.1 MB), read p50 223 us p99 6026 us, blocked 720.558 ms total (submit 2.204 ms), cache 249267/1048576 rows, SSD kept awake by 80 reads (slowest 15.5 ms)
strata serve: expert tiers: GPU 408 hits this request; since the start RAM 136157 blobs, files 0 blobs 0.0 MB read
strata serve: prompt 24673 tokens = 24672 reused + 1 read in 0 ms (16949.2 tok/s), 1 generated in 16 ms (64.4 tok/s), drafts accepted 0 of 0, 2 checkpoints
strata serve: decode expert cache hit rate: 88.9% (425 hits / 478 lookups); 2 more read by the GPU over PCIe or from another GPU (0.4% of all 480 routed)
strata serve: resident RAM: 63.28 GiB of experts in RAM, 0 exchanged with the VRAM tier, 0 blob reads from the file
safetensors residency metrics: ram_bytes=67948118016 os_locked_bytes=0 cuda_pinned_bytes=67948118016 promotions=3150 promoted_payload_bytes=8709170400 expert_file_bytes=0 (cumulative; payload is not a physical PCIe counter)
safetensors ngram metrics: ple io: 494592 rows, 37.4% row-cache hits, 258222 SSD reads (1058.1 MB), read p50 223 us p99 6026 us, blocked 720.559 ms total (submit 2.218 ms), cache 249283/1048576 rows, SSD kept awake by 80 reads (slowest 15.5 ms)
strata serve: expert tiers: GPU 425 hits this request; since the start RAM 136269 blobs, files 0 blobs 0.0 MB read
strata serve: prompt 24674 tokens = 24673 reused + 1 read in 0 ms (6389.8 tok/s), 1 generated in 16 ms (60.7 tok/s), drafts accepted 0 of 0, 2 checkpoints
strata serve: decode expert cache hit rate: 83.9% (396 hits / 472 lookups); 8 more read by the GPU over PCIe or from another GPU (1.7% of all 480 routed)
strata serve: resident RAM: 63.28 GiB of experts in RAM, 0 exchanged with the VRAM tier, 0 blob reads from the file
safetensors residency metrics: ram_bytes=67948118016 os_locked_bytes=0 cuda_pinned_bytes=67948118016 promotions=3207 promoted_payload_bytes=8866764912 expert_file_bytes=0 (cumulative; payload is not a physical PCIe counter)
safetensors ngram metrics: ple io: 494608 rows, 37.4% row-cache hits, 258238 SSD reads (1058.2 MB), read p50 223 us p99 6026 us, blocked 721.212 ms total (submit 2.228 ms), cache 249299/1048576 rows, SSD kept awake by 80 reads (slowest 15.5 ms)
strata serve: expert tiers: GPU 396 hits this request; since the start RAM 136353 blobs, files 0 blobs 0.0 MB read
strata serve: prompt 24675 tokens = 24674 reused + 1 read in 0 ms (16891.9 tok/s), 1 generated in 15 ms (65.1 tok/s), drafts accepted 0 of 0, 2 checkpoints
strata serve: decode expert cache hit rate: 87.9% (420 hits / 478 lookups); 2 more read by the GPU over PCIe or from another GPU (0.4% of all 480 routed)
strata serve: resident RAM: 63.28 GiB of experts in RAM, 0 exchanged with the VRAM tier, 0 blob reads from the file
safetensors residency metrics: ram_bytes=67948118016 os_locked_bytes=0 cuda_pinned_bytes=67948118016 promotions=3207 promoted_payload_bytes=8866764912 expert_file_bytes=0 (cumulative; payload is not a physical PCIe counter)
safetensors ngram metrics: ple io: 494624 rows, 37.4% row-cache hits, 258254 SSD reads (1058.3 MB), read p50 223 us p99 6026 us, blocked 721.212 ms total (submit 2.241 ms), cache 249315/1048576 rows, SSD kept awake by 80 reads (slowest 15.5 ms)
strata serve: expert tiers: GPU 420 hits this request; since the start RAM 136413 blobs, files 0 blobs 0.0 MB read
strata serve: prompt 24676 tokens = 24675 reused + 1 read in 0 ms (15174.5 tok/s), 1 generated in 15 ms (65.4 tok/s), drafts accepted 0 of 0, 2 checkpoints
strata serve: decode expert cache hit rate: 88.1% (420 hits / 477 lookups); 3 more read by the GPU over PCIe or from another GPU (0.6% of all 480 routed)
strata serve: resident RAM: 63.28 GiB of experts in RAM, 0 exchanged with the VRAM tier, 0 blob reads from the file
safetensors residency metrics: ram_bytes=67948118016 os_locked_bytes=0 cuda_pinned_bytes=67948118016 promotions=3207 promoted_payload_bytes=8866764912 expert_file_bytes=0 (cumulative; payload is not a physical PCIe counter)
safetensors ngram metrics: ple io: 494640 rows, 37.4% row-cache hits, 258270 SSD reads (1058.3 MB), read p50 223 us p99 6026 us, blocked 721.213 ms total (submit 2.252 ms), cache 249331/1048576 rows, SSD kept awake by 80 reads (slowest 15.5 ms)
strata serve: expert tiers: GPU 420 hits this request; since the start RAM 136473 blobs, files 0 blobs 0.0 MB read
strata serve: prompt 24677 tokens = 24676 reused + 1 read in 0 ms (17094.0 tok/s), 1 generated in 17 ms (59.1 tok/s), drafts accepted 0 of 0, 2 checkpoints
strata serve: decode expert cache hit rate: 90.8% (436 hits / 480 lookups)
strata serve: resident RAM: 63.28 GiB of experts in RAM, 0 exchanged with the VRAM tier, 0 blob reads from the file
safetensors residency metrics: ram_bytes=67948118016 os_locked_bytes=0 cuda_pinned_bytes=67948118016 promotions=3207 promoted_payload_bytes=8866764912 expert_file_bytes=0 (cumulative; payload is not a physical PCIe counter)
safetensors ngram metrics: ple io: 494656 rows, 37.4% row-cache hits, 258286 SSD reads (1058.4 MB), read p50 223 us p99 6026 us, blocked 722.680 ms total (submit 2.268 ms), cache 249347/1048576 rows, SSD kept awake by 80 reads (slowest 15.5 ms)
strata serve: expert tiers: GPU 436 hits this request; since the start RAM 136591 blobs, files 0 blobs 0.0 MB read
strata serve: prompt 24678 tokens = 24677 reused + 1 read in 0 ms (6784.3 tok/s), 1 generated in 21 ms (46.9 tok/s), drafts accepted 0 of 0, 2 checkpoints
strata serve: decode expert cache hit rate: 79.1% (371 hits / 469 lookups); 11 more read by the GPU over PCIe or from another GPU (2.3% of all 480 routed)
strata serve: resident RAM: 63.28 GiB of experts in RAM, 0 exchanged with the VRAM tier, 0 blob reads from the file
safetensors residency metrics: ram_bytes=67948118016 os_locked_bytes=0 cuda_pinned_bytes=67948118016 promotions=3281 promoted_payload_bytes=9071361296 expert_file_bytes=0 (cumulative; payload is not a physical PCIe counter)
safetensors ngram metrics: ple io: 494672 rows, 37.4% row-cache hits, 258302 SSD reads (1058.5 MB), read p50 223 us p99 6026 us, blocked 728.220 ms total (submit 2.282 ms), cache 249363/1048576 rows, SSD kept awake by 80 reads (slowest 15.5 ms)
strata serve: expert tiers: GPU 371 hits this request; since the start RAM 136700 blobs, files 0 blobs 0.0 MB read
strata serve: prompt 24679 tokens = 24678 reused + 1 read in 0 ms (16835.0 tok/s), 1 generated in 23 ms (43.2 tok/s), drafts accepted 0 of 0, 2 checkpoints
strata serve: decode expert cache hit rate: 72.4% (331 hits / 457 lookups); 23 more read by the GPU over PCIe or from another GPU (4.8% of all 480 routed)
strata serve: resident RAM: 63.28 GiB of experts in RAM, 0 exchanged with the VRAM tier, 0 blob reads from the file
safetensors residency metrics: ram_bytes=67948118016 os_locked_bytes=0 cuda_pinned_bytes=67948118016 promotions=3281 promoted_payload_bytes=9071361296 expert_file_bytes=0 (cumulative; payload is not a physical PCIe counter)
safetensors ngram metrics: ple io: 494688 rows, 37.4% row-cache hits, 258318 SSD reads (1058.5 MB), read p50 223 us p99 6026 us, blocked 733.011 ms total (submit 2.301 ms), cache 249379/1048576 rows, SSD kept awake by 80 reads (slowest 15.5 ms)
strata serve: expert tiers: GPU 331 hits this request; since the start RAM 136849 blobs, files 0 blobs 0.0 MB read
strata serve: prompt 24680 tokens = 24679 reused + 1 read in 0 ms (16556.3 tok/s), 1 generated in 21 ms (47.7 tok/s), drafts accepted 0 of 0, 2 checkpoints
strata serve: decode expert cache hit rate: 72.5% (338 hits / 466 lookups); 14 more read by the GPU over PCIe or from another GPU (2.9% of all 480 routed)
strata serve: resident RAM: 63.28 GiB of experts in RAM, 0 exchanged with the VRAM tier, 0 blob reads from the file
safetensors residency metrics: ram_bytes=67948118016 os_locked_bytes=0 cuda_pinned_bytes=67948118016 promotions=3281 promoted_payload_bytes=9071361296 expert_file_bytes=0 (cumulative; payload is not a physical PCIe counter)
safetensors ngram metrics: ple io: 494704 rows, 37.4% row-cache hits, 258334 SSD reads (1058.6 MB), read p50 223 us p99 6026 us, blocked 737.533 ms total (submit 2.321 ms), cache 249395/1048576 rows, SSD kept awake by 80 reads (slowest 15.5 ms)
strata serve: expert tiers: GPU 338 hits this request; since the start RAM 136991 blobs, files 0 blobs 0.0 MB read
strata serve: prompt 24681 tokens = 24680 reused + 1 read in 0 ms (16181.2 tok/s), 1 generated in 21 ms (47.4 tok/s), drafts accepted 0 of 0, 2 checkpoints
strata serve: decode expert cache hit rate: 53.7% (235 hits / 438 lookups); 42 more read by the GPU over PCIe or from another GPU (8.8% of all 480 routed)
strata serve: resident RAM: 63.28 GiB of experts in RAM, 0 exchanged with the VRAM tier, 0 blob reads from the file
safetensors residency metrics: ram_bytes=67948118016 os_locked_bytes=0 cuda_pinned_bytes=67948118016 promotions=3281 promoted_payload_bytes=9071361296 expert_file_bytes=0 (cumulative; payload is not a physical PCIe counter)
safetensors ngram metrics: ple io: 494720 rows, 37.4% row-cache hits, 258350 SSD reads (1058.7 MB), read p50 223 us p99 6026 us, blocked 737.703 ms total (submit 2.334 ms), cache 249411/1048576 rows, SSD kept awake by 80 reads (slowest 15.5 ms)
strata serve: expert tiers: GPU 235 hits this request; since the start RAM 137332 blobs, files 0 blobs 0.0 MB read
strata serve: prompt 24682 tokens = 24681 reused + 1 read in 0 ms (6497.7 tok/s), 1 generated in 19 ms (51.3 tok/s), drafts accepted 0 of 0, 2 checkpoints
strata serve: decode expert cache hit rate: 69.1% (313 hits / 453 lookups); 27 more read by the GPU over PCIe or from another GPU (5.6% of all 480 routed)
strata serve: resident RAM: 63.28 GiB of experts in RAM, 0 exchanged with the VRAM tier, 0 blob reads from the file
safetensors residency metrics: ram_bytes=67948118016 os_locked_bytes=0 cuda_pinned_bytes=67948118016 promotions=3377 promoted_payload_bytes=9336783632 expert_file_bytes=0 (cumulative; payload is not a physical PCIe counter)
safetensors ngram metrics: ple io: 494736 rows, 37.4% row-cache hits, 258366 SSD reads (1058.8 MB), read p50 223 us p99 6026 us, blocked 739.822 ms total (submit 2.346 ms), cache 249427/1048576 rows, SSD kept awake by 80 reads (slowest 15.5 ms)
strata serve: expert tiers: GPU 313 hits this request; since the start RAM 137499 blobs, files 0 blobs 0.0 MB read
strata serve: prompt 24683 tokens = 24682 reused + 1 read in 0 ms (14492.8 tok/s), 1 generated in 29 ms (34.3 tok/s), drafts accepted 0 of 0, 2 checkpoints
strata serve: decode expert cache hit rate: 74.4% (343 hits / 461 lookups); 19 more read by the GPU over PCIe or from another GPU (4.0% of all 480 routed)
strata serve: resident RAM: 63.28 GiB of experts in RAM, 0 exchanged with the VRAM tier, 0 blob reads from the file
safetensors residency metrics: ram_bytes=67948118016 os_locked_bytes=0 cuda_pinned_bytes=67948118016 promotions=3377 promoted_payload_bytes=9336783632 expert_file_bytes=0 (cumulative; payload is not a physical PCIe counter)
safetensors ngram metrics: ple io: 494752 rows, 37.4% row-cache hits, 258382 SSD reads (1058.8 MB), read p50 223 us p99 6154 us, blocked 752.139 ms total (submit 2.357 ms), cache 249443/1048576 rows, SSD kept awake by 80 reads (slowest 15.5 ms)
strata serve: expert tiers: GPU 343 hits this request; since the start RAM 137636 blobs, files 0 blobs 0.0 MB read
strata serve: conversation cache: parked 24683 tokens in 157.0 ms; parked=2 bytes=1462300056 evictions=0 snapshot_bytes=731241632 reused_kv_bytes=0
strata serve prefill segment: start=18432 end=24599 root=0 turn=1 message=0 pin=0 reread=0
strata ple batch phases: rows=98304 misses=0 pages=0 total_ms=7.878 call_lock_ms=0.000 lookup_ms=4.683 plan_ms=0.001 group_wait_ms=0.000 cache_insert_ms=0.000 callback_ms=3.193 reader_drain_ms=0.000
strata ple gather phases: tokens=6144 rows=98304 total_ms=7.916 raw_resize_ms=0.005 host_available_mib=12080
strata ple: chunk 0: read started 0.1 ms into the run, layer 1 reached at 23.1, waited 0.0 ms
strata draft batch: weights=bf16 math=bf16x3 start=18432 rows=6144 batch=5760
strata prefill callback: start=18432 rows=6144 draft_path=batched draft_ms=13.190 checkpoint_ms=0.002 total_ms=13.215
strata prefill chunk: start=18432 rows=6144 main_and_wait_ms=1406.368 callback_ms=13.226 total_ms=1419.594
strata ple: chunk 6144: read started 23.2 ms into the run, layer 1 reached at 1424.4, waited 0.0 ms
strata prefill callback: start=24576 rows=23 draft_path=token draft_ms=0.857 checkpoint_ms=0.002 total_ms=0.901
strata prefill chunk: start=24576 rows=23 main_and_wait_ms=232.532 callback_ms=0.913 total_ms=233.444
strata prefill executed: tokens=6167 max_chunk=6144 capacity=6144 start=18432
strata serve prefill segment: start=24599 end=24605 root=0 turn=0 message=0 pin=0 reread=0
strata serve: prompt 24606 tokens = 18432 reused + 6174 read in 1895 ms (3258.6 tok/s), 1 generated in 15 ms (66.3 tok/s), drafts accepted 0 of 0, 2 checkpoints
strata serve: decode expert cache hit rate: 83.1% (392 hits / 472 lookups); 8 more read by the GPU over PCIe or from another GPU (1.7% of all 480 routed)
strata serve: resident RAM: 63.28 GiB of experts in RAM, 0 exchanged with the VRAM tier, 0 blob reads from the file
safetensors residency metrics: ram_bytes=67948118016 os_locked_bytes=0 cuda_pinned_bytes=67948118016 promotions=3377 promoted_payload_bytes=9336783632 expert_file_bytes=0 (cumulative; payload is not a physical PCIe counter)
safetensors ngram metrics: ple io: 593536 rows, 47.8% row-cache hits, 258566 SSD reads (1059.6 MB), read p50 223 us p99 6335 us, blocked 769.414 ms total (submit 2.406 ms), cache 249627/1048576 rows, SSD kept awake by 97 reads (slowest 15.5 ms)
strata serve: expert tiers: GPU 392 hits this request; since the start RAM 161626 blobs, files 0 blobs 0.0 MB read
strata serve: prompt 24607 tokens = 24606 reused + 1 read in 0 ms (13568.5 tok/s), 1 generated in 21 ms (48.3 tok/s), drafts accepted 0 of 0, 2 checkpoints
strata serve: decode expert cache hit rate: 58.8% (260 hits / 442 lookups); 38 more read by the GPU over PCIe or from another GPU (7.9% of all 480 routed)
strata serve: resident RAM: 63.28 GiB of experts in RAM, 0 exchanged with the VRAM tier, 0 blob reads from the file
safetensors residency metrics: ram_bytes=67948118016 os_locked_bytes=0 cuda_pinned_bytes=67948118016 promotions=3377 promoted_payload_bytes=9336783632 expert_file_bytes=0 (cumulative; payload is not a physical PCIe counter)
safetensors ngram metrics: ple io: 593552 rows, 47.8% row-cache hits, 258582 SSD reads (1059.7 MB), read p50 223 us p99 6335 us, blocked 769.415 ms total (submit 2.420 ms), cache 249643/1048576 rows, SSD kept awake by 97 reads (slowest 15.5 ms)
strata serve: expert tiers: GPU 260 hits this request; since the start RAM 161942 blobs, files 0 blobs 0.0 MB read
strata serve: prompt 24608 tokens = 24607 reused + 1 read in 0 ms (6277.5 tok/s), 1 generated in 19 ms (52.9 tok/s), drafts accepted 0 of 0, 2 checkpoints
strata serve: decode expert cache hit rate: 61.4% (272 hits / 443 lookups); 37 more read by the GPU over PCIe or from another GPU (7.7% of all 480 routed)
strata serve: resident RAM: 63.28 GiB of experts in RAM, 0 exchanged with the VRAM tier, 0 blob reads from the file
safetensors residency metrics: ram_bytes=67948118016 os_locked_bytes=0 cuda_pinned_bytes=67948118016 promotions=3473 promoted_payload_bytes=9602205968 expert_file_bytes=0 (cumulative; payload is not a physical PCIe counter)
safetensors ngram metrics: ple io: 593568 rows, 47.8% row-cache hits, 258598 SSD reads (1059.8 MB), read p50 223 us p99 6335 us, blocked 769.415 ms total (submit 2.434 ms), cache 249659/1048576 rows, SSD kept awake by 97 reads (slowest 15.5 ms)
strata serve: expert tiers: GPU 272 hits this request; since the start RAM 162150 blobs, files 0 blobs 0.0 MB read
strata serve: prompt 24609 tokens = 24608 reused + 1 read in 0 ms (14025.2 tok/s), 1 generated in 27 ms (37.4 tok/s), drafts accepted 0 of 0, 2 checkpoints
strata serve: decode expert cache hit rate: 56.9% (248 hits / 436 lookups); 44 more read by the GPU over PCIe or from another GPU (9.2% of all 480 routed)
strata serve: resident RAM: 63.28 GiB of experts in RAM, 0 exchanged with the VRAM tier, 0 blob reads from the file
safetensors residency metrics: ram_bytes=67948118016 os_locked_bytes=0 cuda_pinned_bytes=67948118016 promotions=3473 promoted_payload_bytes=9602205968 expert_file_bytes=0 (cumulative; payload is not a physical PCIe counter)
safetensors ngram metrics: ple io: 593584 rows, 47.8% row-cache hits, 258614 SSD reads (1059.8 MB), read p50 223 us p99 6560 us, blocked 776.691 ms total (submit 2.445 ms), cache 249675/1048576 rows, SSD kept awake by 97 reads (slowest 15.5 ms)
strata serve: expert tiers: GPU 248 hits this request; since the start RAM 162382 blobs, files 0 blobs 0.0 MB read
strata serve: prompt 24610 tokens = 24609 reused + 1 read in 0 ms (13422.8 tok/s), 1 generated in 26 ms (38.7 tok/s), drafts accepted 0 of 0, 2 checkpoints
strata serve: decode expert cache hit rate: 55.9% (243 hits / 435 lookups); 45 more read by the GPU over PCIe or from another GPU (9.4% of all 480 routed)
strata serve: resident RAM: 63.28 GiB of experts in RAM, 0 exchanged with the VRAM tier, 0 blob reads from the file
safetensors residency metrics: ram_bytes=67948118016 os_locked_bytes=0 cuda_pinned_bytes=67948118016 promotions=3473 promoted_payload_bytes=9602205968 expert_file_bytes=0 (cumulative; payload is not a physical PCIe counter)
safetensors ngram metrics: ple io: 593600 rows, 47.8% row-cache hits, 258630 SSD reads (1059.9 MB), read p50 223 us p99 6756 us, blocked 782.910 ms total (submit 2.458 ms), cache 249691/1048576 rows, SSD kept awake by 97 reads (slowest 15.5 ms)
strata serve: expert tiers: GPU 243 hits this request; since the start RAM 162619 blobs, files 0 blobs 0.0 MB read
strata serve: prompt 24611 tokens = 24610 reused + 1 read in 0 ms (13477.1 tok/s), 1 generated in 22 ms (45.5 tok/s), drafts accepted 0 of 0, 2 checkpoints
strata serve: decode expert cache hit rate: 48.6% (209 hits / 430 lookups); 50 more read by the GPU over PCIe or from another GPU (10.4% of all 480 routed)
strata serve: resident RAM: 63.28 GiB of experts in RAM, 0 exchanged with the VRAM tier, 0 blob reads from the file
safetensors residency metrics: ram_bytes=67948118016 os_locked_bytes=0 cuda_pinned_bytes=67948118016 promotions=3473 promoted_payload_bytes=9602205968 expert_file_bytes=0 (cumulative; payload is not a physical PCIe counter)
safetensors ngram metrics: ple io: 593616 rows, 47.8% row-cache hits, 258646 SSD reads (1060.0 MB), read p50 223 us p99 6756 us, blocked 782.910 ms total (submit 2.471 ms), cache 249706/1048576 rows, SSD kept awake by 97 reads (slowest 15.5 ms)
strata serve: expert tiers: GPU 209 hits this request; since the start RAM 162986 blobs, files 0 blobs 0.0 MB read
strata serve: prompt 24612 tokens = 24611 reused + 1 read in 0 ms (6138.7 tok/s), 1 generated in 17 ms (57.8 tok/s), drafts accepted 0 of 0, 2 checkpoints
strata serve: decode expert cache hit rate: 71.9% (327 hits / 455 lookups); 25 more read by the GPU over PCIe or from another GPU (5.2% of all 480 routed)
strata serve: resident RAM: 63.28 GiB of experts in RAM, 0 exchanged with the VRAM tier, 0 blob reads from the file
safetensors residency metrics: ram_bytes=67948118016 os_locked_bytes=0 cuda_pinned_bytes=67948118016 promotions=3569 promoted_payload_bytes=9867628304 expert_file_bytes=0 (cumulative; payload is not a physical PCIe counter)
safetensors ngram metrics: ple io: 593632 rows, 47.8% row-cache hits, 258662 SSD reads (1060.0 MB), read p50 223 us p99 6756 us, blocked 782.911 ms total (submit 2.488 ms), cache 249722/1048576 rows, SSD kept awake by 97 reads (slowest 15.5 ms)
strata serve: expert tiers: GPU 327 hits this request; since the start RAM 163139 blobs, files 0 blobs 0.0 MB read
strata serve: prompt 24613 tokens = 24612 reused + 1 read in 0 ms (13793.1 tok/s), 1 generated in 21 ms (48.5 tok/s), drafts accepted 0 of 0, 2 checkpoints
strata serve: decode expert cache hit rate: 58.0% (256 hits / 441 lookups); 39 more read by the GPU over PCIe or from another GPU (8.1% of all 480 routed)
strata serve: resident RAM: 63.28 GiB of experts in RAM, 0 exchanged with the VRAM tier, 0 blob reads from the file
safetensors residency metrics: ram_bytes=67948118016 os_locked_bytes=0 cuda_pinned_bytes=67948118016 promotions=3569 promoted_payload_bytes=9867628304 expert_file_bytes=0 (cumulative; payload is not a physical PCIe counter)
safetensors ngram metrics: ple io: 593648 rows, 47.7% row-cache hits, 258678 SSD reads (1060.1 MB), read p50 223 us p99 6756 us, blocked 782.911 ms total (submit 2.500 ms), cache 249738/1048576 rows, SSD kept awake by 97 reads (slowest 15.5 ms)
strata serve: expert tiers: GPU 256 hits this request; since the start RAM 163363 blobs, files 0 blobs 0.0 MB read
strata serve: prompt 24614 tokens = 24613 reused + 1 read in 0 ms (7698.2 tok/s), 1 generated in 21 ms (46.5 tok/s), drafts accepted 0 of 0, 2 checkpoints
strata serve: decode expert cache hit rate: 67.0% (305 hits / 455 lookups); 25 more read by the GPU over PCIe or from another GPU (5.2% of all 480 routed)
strata serve: resident RAM: 63.28 GiB of experts in RAM, 0 exchanged with the VRAM tier, 0 blob reads from the file
safetensors residency metrics: ram_bytes=67948118016 os_locked_bytes=0 cuda_pinned_bytes=67948118016 promotions=3569 promoted_payload_bytes=9867628304 expert_file_bytes=0 (cumulative; payload is not a physical PCIe counter)
safetensors ngram metrics: ple io: 593664 rows, 47.7% row-cache hits, 258686 SSD reads (1060.1 MB), read p50 223 us p99 6756 us, blocked 785.921 ms total (submit 2.520 ms), cache 249746/1048576 rows, SSD kept awake by 97 reads (slowest 15.5 ms)
strata serve: expert tiers: GPU 305 hits this request; since the start RAM 163538 blobs, files 0 blobs 0.0 MB read
strata serve: prompt 24615 tokens = 24614 reused + 1 read in 0 ms (13927.6 tok/s), 1 generated in 20 ms (49.4 tok/s), drafts accepted 0 of 0, 2 checkpoints
strata serve: decode expert cache hit rate: 62.4% (277 hits / 444 lookups); 36 more read by the GPU over PCIe or from another GPU (7.5% of all 480 routed)
strata serve: resident RAM: 63.28 GiB of experts in RAM, 0 exchanged with the VRAM tier, 0 blob reads from the file
safetensors residency metrics: ram_bytes=67948118016 os_locked_bytes=0 cuda_pinned_bytes=67948118016 promotions=3569 promoted_payload_bytes=9867628304 expert_file_bytes=0 (cumulative; payload is not a physical PCIe counter)
safetensors ngram metrics: ple io: 593680 rows, 47.7% row-cache hits, 258694 SSD reads (1060.2 MB), read p50 223 us p99 6756 us, blocked 786.398 ms total (submit 2.531 ms), cache 249754/1048576 rows, SSD kept awake by 97 reads (slowest 15.5 ms)
strata serve: expert tiers: GPU 277 hits this request; since the start RAM 163837 blobs, files 0 blobs 0.0 MB read
strata serve: prompt 24616 tokens = 24615 reused + 1 read in 0 ms (5970.1 tok/s), 1 generated in 20 ms (50.4 tok/s), drafts accepted 0 of 0, 2 checkpoints
strata serve: decode expert cache hit rate: 76.8% (358 hits / 466 lookups); 14 more read by the GPU over PCIe or from another GPU (2.9% of all 480 routed)
strata serve: resident RAM: 63.28 GiB of experts in RAM, 0 exchanged with the VRAM tier, 0 blob reads from the file
safetensors residency metrics: ram_bytes=67948118016 os_locked_bytes=0 cuda_pinned_bytes=67948118016 promotions=3665 promoted_payload_bytes=10133050640 expert_file_bytes=0 (cumulative; payload is not a physical PCIe counter)
safetensors ngram metrics: ple io: 593696 rows, 47.7% row-cache hits, 258710 SSD reads (1060.2 MB), read p50 223 us p99 6756 us, blocked 789.237 ms total (submit 2.549 ms), cache 249770/1048576 rows, SSD kept awake by 97 reads (slowest 15.5 ms)
strata serve: expert tiers: GPU 358 hits this request; since the start RAM 163959 blobs, files 0 blobs 0.0 MB read
strata serve: prompt 24617 tokens = 24616 reused + 1 read in 0 ms (14326.6 tok/s), 1 generated in 22 ms (45.2 tok/s), drafts accepted 0 of 0, 2 checkpoints
strata serve: decode expert cache hit rate: 63.7% (286 hits / 449 lookups); 31 more read by the GPU over PCIe or from another GPU (6.5% of all 480 routed)
strata serve: resident RAM: 63.28 GiB of experts in RAM, 0 exchanged with the VRAM tier, 0 blob reads from the file
safetensors residency metrics: ram_bytes=67948118016 os_locked_bytes=0 cuda_pinned_bytes=67948118016 promotions=3665 promoted_payload_bytes=10133050640 expert_file_bytes=0 (cumulative; payload is not a physical PCIe counter)
safetensors ngram metrics: ple io: 593712 rows, 47.7% row-cache hits, 258726 SSD reads (1060.3 MB), read p50 223 us p99 6756 us, blocked 792.556 ms total (submit 2.565 ms), cache 249786/1048576 rows, SSD kept awake by 97 reads (slowest 15.5 ms)
strata serve: expert tiers: GPU 286 hits this request; since the start RAM 164153 blobs, files 0 blobs 0.0 MB read
strata serve: prompt 24618 tokens = 24617 reused + 1 read in 0 ms (13908.2 tok/s), 1 generated in 23 ms (43.7 tok/s), drafts accepted 0 of 0, 2 checkpoints
strata serve: decode expert cache hit rate: 66.6% (301 hits / 452 lookups); 28 more read by the GPU over PCIe or from another GPU (5.8% of all 480 routed)
strata serve: resident RAM: 63.28 GiB of experts in RAM, 0 exchanged with the VRAM tier, 0 blob reads from the file
safetensors residency metrics: ram_bytes=67948118016 os_locked_bytes=0 cuda_pinned_bytes=67948118016 promotions=3665 promoted_payload_bytes=10133050640 expert_file_bytes=0 (cumulative; payload is not a physical PCIe counter)
safetensors ngram metrics: ple io: 593728 rows, 47.7% row-cache hits, 258734 SSD reads (1060.3 MB), read p50 223 us p99 6756 us, blocked 797.352 ms total (submit 2.577 ms), cache 249794/1048576 rows, SSD kept awake by 97 reads (slowest 15.5 ms)
strata serve: expert tiers: GPU 301 hits this request; since the start RAM 164332 blobs, files 0 blobs 0.0 MB read
strata serve: prompt 24619 tokens = 24618 reused + 1 read in 0 ms (13812.2 tok/s), 1 generated in 21 ms (48.5 tok/s), drafts accepted 0 of 0, 2 checkpoints
strata serve: decode expert cache hit rate: 63.1% (280 hits / 444 lookups); 36 more read by the GPU over PCIe or from another GPU (7.5% of all 480 routed)
strata serve: resident RAM: 63.28 GiB of experts in RAM, 0 exchanged with the VRAM tier, 0 blob reads from the file
safetensors residency metrics: ram_bytes=67948118016 os_locked_bytes=0 cuda_pinned_bytes=67948118016 promotions=3665 promoted_payload_bytes=10133050640 expert_file_bytes=0 (cumulative; payload is not a physical PCIe counter)
safetensors ngram metrics: ple io: 593744 rows, 47.7% row-cache hits, 258750 SSD reads (1060.4 MB), read p50 223 us p99 6756 us, blocked 797.675 ms total (submit 2.595 ms), cache 249810/1048576 rows, SSD kept awake by 97 reads (slowest 15.5 ms)
strata serve: expert tiers: GPU 280 hits this request; since the start RAM 164628 blobs, files 0 blobs 0.0 MB read
strata serve: prompt 24620 tokens = 24619 reused + 1 read in 0 ms (5995.2 tok/s), 1 generated in 17 ms (60.0 tok/s), drafts accepted 0 of 0, 2 checkpoints
strata serve: decode expert cache hit rate: 76.1% (354 hits / 465 lookups); 15 more read by the GPU over PCIe or from another GPU (3.1% of all 480 routed)
strata serve: resident RAM: 63.28 GiB of experts in RAM, 0 exchanged with the VRAM tier, 0 blob reads from the file
safetensors residency metrics: ram_bytes=67948118016 os_locked_bytes=0 cuda_pinned_bytes=67948118016 promotions=3761 promoted_payload_bytes=10398472976 expert_file_bytes=0 (cumulative; payload is not a physical PCIe counter)
safetensors ngram metrics: ple io: 593760 rows, 47.7% row-cache hits, 258758 SSD reads (1060.4 MB), read p50 223 us p99 6756 us, blocked 797.675 ms total (submit 2.605 ms), cache 249818/1048576 rows, SSD kept awake by 97 reads (slowest 15.5 ms)
strata serve: expert tiers: GPU 354 hits this request; since the start RAM 164754 blobs, files 0 blobs 0.0 MB read
strata serve: prompt 24621 tokens = 24620 reused + 1 read in 0 ms (14025.2 tok/s), 1 generated in 19 ms (53.6 tok/s), drafts accepted 0 of 0, 2 checkpoints
strata serve: decode expert cache hit rate: 62.2% (280 hits / 450 lookups); 30 more read by the GPU over PCIe or from another GPU (6.2% of all 480 routed)
strata serve: resident RAM: 63.28 GiB of experts in RAM, 0 exchanged with the VRAM tier, 0 blob reads from the file
safetensors residency metrics: ram_bytes=67948118016 os_locked_bytes=0 cuda_pinned_bytes=67948118016 promotions=3761 promoted_payload_bytes=10398472976 expert_file_bytes=0 (cumulative; payload is not a physical PCIe counter)
safetensors ngram metrics: ple io: 593776 rows, 47.7% row-cache hits, 258766 SSD reads (1060.5 MB), read p50 223 us p99 6756 us, blocked 797.675 ms total (submit 2.615 ms), cache 249826/1048576 rows, SSD kept awake by 97 reads (slowest 15.5 ms)
strata serve: expert tiers: GPU 280 hits this request; since the start RAM 164954 blobs, files 0 blobs 0.0 MB read
strata serve: prompt 24622 tokens = 24621 reused + 1 read in 0 ms (13927.6 tok/s), 1 generated in 19 ms (51.7 tok/s), drafts accepted 0 of 0, 2 checkpoints
strata serve: decode expert cache hit rate: 59.0% (259 hits / 439 lookups); 41 more read by the GPU over PCIe or from another GPU (8.5% of all 480 routed)
strata serve: resident RAM: 63.28 GiB of experts in RAM, 0 exchanged with the VRAM tier, 0 blob reads from the file
safetensors residency metrics: ram_bytes=67948118016 os_locked_bytes=0 cuda_pinned_bytes=67948118016 promotions=3761 promoted_payload_bytes=10398472976 expert_file_bytes=0 (cumulative; payload is not a physical PCIe counter)
safetensors ngram metrics: ple io: 593792 rows, 47.7% row-cache hits, 258766 SSD reads (1060.5 MB), read p50 223 us p99 6756 us, blocked 797.675 ms total (submit 2.615 ms), cache 249826/1048576 rows, SSD kept awake by 97 reads (slowest 15.5 ms)
strata serve: expert tiers: GPU 259 hits this request; since the start RAM 165175 blobs, files 0 blobs 0.0 MB read
strata serve: prompt 24623 tokens = 24622 reused + 1 read in 0 ms (13793.1 tok/s), 1 generated in 20 ms (48.9 tok/s), drafts accepted 0 of 0, 2 checkpoints
strata serve: decode expert cache hit rate: 64.4% (289 hits / 449 lookups); 31 more read by the GPU over PCIe or from another GPU (6.5% of all 480 routed)
strata serve: resident RAM: 63.28 GiB of experts in RAM, 0 exchanged with the VRAM tier, 0 blob reads from the file
safetensors residency metrics: ram_bytes=67948118016 os_locked_bytes=0 cuda_pinned_bytes=67948118016 promotions=3761 promoted_payload_bytes=10398472976 expert_file_bytes=0 (cumulative; payload is not a physical PCIe counter)
safetensors ngram metrics: ple io: 593808 rows, 47.7% row-cache hits, 258782 SSD reads (1060.5 MB), read p50 223 us p99 6756 us, blocked 797.676 ms total (submit 2.628 ms), cache 249842/1048576 rows, SSD kept awake by 97 reads (slowest 15.5 ms)
strata serve: expert tiers: GPU 289 hits this request; since the start RAM 165462 blobs, files 0 blobs 0.0 MB read
strata serve: prompt 24624 tokens = 24623 reused + 1 read in 0 ms (6273.5 tok/s), 1 generated in 20 ms (51.2 tok/s), drafts accepted 0 of 0, 2 checkpoints
strata serve: decode expert cache hit rate: 71.6% (326 hits / 455 lookups); 25 more read by the GPU over PCIe or from another GPU (5.2% of all 480 routed)
strata serve: resident RAM: 63.28 GiB of experts in RAM, 0 exchanged with the VRAM tier, 0 blob reads from the file
safetensors residency metrics: ram_bytes=67948118016 os_locked_bytes=0 cuda_pinned_bytes=67948118016 promotions=3857 promoted_payload_bytes=10663895312 expert_file_bytes=0 (cumulative; payload is not a physical PCIe counter)
safetensors ngram metrics: ple io: 593824 rows, 47.7% row-cache hits, 258798 SSD reads (1060.6 MB), read p50 223 us p99 6756 us, blocked 800.087 ms total (submit 2.641 ms), cache 249858/1048576 rows, SSD kept awake by 97 reads (slowest 15.5 ms)
strata serve: expert tiers: GPU 326 hits this request; since the start RAM 165616 blobs, files 0 blobs 0.0 MB read
strata serve: prompt 24625 tokens = 24624 reused + 1 read in 0 ms (13280.2 tok/s), 1 generated in 18 ms (57.1 tok/s), drafts accepted 0 of 0, 2 checkpoints
strata serve: decode expert cache hit rate: 73.2% (336 hits / 459 lookups); 21 more read by the GPU over PCIe or from another GPU (4.4% of all 480 routed)
strata serve: resident RAM: 63.28 GiB of experts in RAM, 0 exchanged with the VRAM tier, 0 blob reads from the file
safetensors residency metrics: ram_bytes=67948118016 os_locked_bytes=0 cuda_pinned_bytes=67948118016 promotions=3857 promoted_payload_bytes=10663895312 expert_file_bytes=0 (cumulative; payload is not a physical PCIe counter)
safetensors ngram metrics: ple io: 593840 rows, 47.7% row-cache hits, 258814 SSD reads (1060.7 MB), read p50 223 us p99 6756 us, blocked 800.087 ms total (submit 2.659 ms), cache 249874/1048576 rows, SSD kept awake by 97 reads (slowest 15.5 ms)
strata serve: expert tiers: GPU 336 hits this request; since the start RAM 165760 blobs, files 0 blobs 0.0 MB read
strata serve: prompt 24626 tokens = 24625 reused + 1 read in 0 ms (13793.1 tok/s), 1 generated in 19 ms (54.0 tok/s), drafts accepted 0 of 0, 2 checkpoints
strata serve: decode expert cache hit rate: 67.3% (306 hits / 455 lookups); 25 more read by the GPU over PCIe or from another GPU (5.2% of all 480 routed)
strata serve: resident RAM: 63.28 GiB of experts in RAM, 0 exchanged with the VRAM tier, 0 blob reads from the file
safetensors residency metrics: ram_bytes=67948118016 os_locked_bytes=0 cuda_pinned_bytes=67948118016 promotions=3857 promoted_payload_bytes=10663895312 expert_file_bytes=0 (cumulative; payload is not a physical PCIe counter)
safetensors ngram metrics: ple io: 593856 rows, 47.7% row-cache hits, 258822 SSD reads (1060.7 MB), read p50 223 us p99 6756 us, blocked 800.088 ms total (submit 2.672 ms), cache 249882/1048576 rows, SSD kept awake by 97 reads (slowest 15.5 ms)
strata serve: expert tiers: GPU 306 hits this request; since the start RAM 165934 blobs, files 0 blobs 0.0 MB read
strata serve: prompt 24627 tokens = 24626 reused + 1 read in 0 ms (13192.6 tok/s), 1 generated in 19 ms (51.5 tok/s), drafts accepted 0 of 0, 2 checkpoints
strata serve: decode expert cache hit rate: 69.2% (312 hits / 451 lookups); 29 more read by the GPU over PCIe or from another GPU (6.0% of all 480 routed)
strata serve: resident RAM: 63.28 GiB of experts in RAM, 0 exchanged with the VRAM tier, 0 blob reads from the file
safetensors residency metrics: ram_bytes=67948118016 os_locked_bytes=0 cuda_pinned_bytes=67948118016 promotions=3857 promoted_payload_bytes=10663895312 expert_file_bytes=0 (cumulative; payload is not a physical PCIe counter)
safetensors ngram metrics: ple io: 593872 rows, 47.7% row-cache hits, 258830 SSD reads (1060.7 MB), read p50 223 us p99 6756 us, blocked 800.741 ms total (submit 2.682 ms), cache 249890/1048576 rows, SSD kept awake by 97 reads (slowest 15.5 ms)
strata serve: expert tiers: GPU 312 hits this request; since the start RAM 166198 blobs, files 0 blobs 0.0 MB read
strata serve: prompt 24628 tokens = 24627 reused + 1 read in 0 ms (6261.7 tok/s), 1 generated in 18 ms (55.6 tok/s), drafts accepted 0 of 0, 2 checkpoints
strata serve: decode expert cache hit rate: 67.8% (308 hits / 454 lookups); 26 more read by the GPU over PCIe or from another GPU (5.4% of all 480 routed)
strata serve: resident RAM: 63.28 GiB of experts in RAM, 0 exchanged with the VRAM tier, 0 blob reads from the file
safetensors residency metrics: ram_bytes=67948118016 os_locked_bytes=0 cuda_pinned_bytes=67948118016 promotions=3953 promoted_payload_bytes=10929317648 expert_file_bytes=0 (cumulative; payload is not a physical PCIe counter)
safetensors ngram metrics: ple io: 593888 rows, 47.7% row-cache hits, 258846 SSD reads (1060.8 MB), read p50 223 us p99 6756 us, blocked 800.742 ms total (submit 2.693 ms), cache 249906/1048576 rows, SSD kept awake by 97 reads (slowest 15.5 ms)
strata serve: expert tiers: GPU 308 hits this request; since the start RAM 166370 blobs, files 0 blobs 0.0 MB read
strata serve: prompt 24629 tokens = 24628 reused + 1 read in 0 ms (13966.5 tok/s), 1 generated in 19 ms (53.9 tok/s), drafts accepted 0 of 0, 2 checkpoints
strata serve: decode expert cache hit rate: 70.4% (324 hits / 460 lookups); 20 more read by the GPU over PCIe or from another GPU (4.2% of all 480 routed)
strata serve: resident RAM: 63.28 GiB of experts in RAM, 0 exchanged with the VRAM tier, 0 blob reads from the file
safetensors residency metrics: ram_bytes=67948118016 os_locked_bytes=0 cuda_pinned_bytes=67948118016 promotions=3953 promoted_payload_bytes=10929317648 expert_file_bytes=0 (cumulative; payload is not a physical PCIe counter)
safetensors ngram metrics: ple io: 593904 rows, 47.7% row-cache hits, 258862 SSD reads (1060.9 MB), read p50 223 us p99 6756 us, blocked 802.007 ms total (submit 2.707 ms), cache 249922/1048576 rows, SSD kept awake by 97 reads (slowest 15.5 ms)
strata serve: expert tiers: GPU 324 hits this request; since the start RAM 166526 blobs, files 0 blobs 0.0 MB read
strata serve: prompt 24630 tokens = 24629 reused + 1 read in 0 ms (13736.3 tok/s), 1 generated in 18 ms (54.1 tok/s), drafts accepted 0 of 0, 2 checkpoints
strata serve: decode expert cache hit rate: 65.9% (301 hits / 457 lookups); 23 more read by the GPU over PCIe or from another GPU (4.8% of all 480 routed)
strata serve: resident RAM: 63.28 GiB of experts in RAM, 0 exchanged with the VRAM tier, 0 blob reads from the file
safetensors residency metrics: ram_bytes=67948118016 os_locked_bytes=0 cuda_pinned_bytes=67948118016 promotions=3953 promoted_payload_bytes=10929317648 expert_file_bytes=0 (cumulative; payload is not a physical PCIe counter)
safetensors ngram metrics: ple io: 593920 rows, 47.7% row-cache hits, 258878 SSD reads (1060.9 MB), read p50 223 us p99 6756 us, blocked 802.008 ms total (submit 2.720 ms), cache 249938/1048576 rows, SSD kept awake by 97 reads (slowest 15.5 ms)
strata serve: expert tiers: GPU 301 hits this request; since the start RAM 166705 blobs, files 0 blobs 0.0 MB read
strata serve: prompt 24631 tokens = 24630 reused + 1 read in 0 ms (13869.6 tok/s), 1 generated in 19 ms (52.0 tok/s), drafts accepted 0 of 0, 2 checkpoints
strata serve: decode expert cache hit rate: 69.4% (317 hits / 457 lookups); 23 more read by the GPU over PCIe or from another GPU (4.8% of all 480 routed)
strata serve: resident RAM: 63.28 GiB of experts in RAM, 0 exchanged with the VRAM tier, 0 blob reads from the file
safetensors residency metrics: ram_bytes=67948118016 os_locked_bytes=0 cuda_pinned_bytes=67948118016 promotions=3953 promoted_payload_bytes=10929317648 expert_file_bytes=0 (cumulative; payload is not a physical PCIe counter)
safetensors ngram metrics: ple io: 593936 rows, 47.7% row-cache hits, 258894 SSD reads (1061.0 MB), read p50 223 us p99 6756 us, blocked 802.008 ms total (submit 2.733 ms), cache 249954/1048576 rows, SSD kept awake by 97 reads (slowest 15.5 ms)
strata serve: expert tiers: GPU 317 hits this request; since the start RAM 166964 blobs, files 0 blobs 0.0 MB read
strata serve: prompt 24632 tokens = 24631 reused + 1 read in 0 ms (6112.5 tok/s), 1 generated in 16 ms (62.1 tok/s), drafts accepted 0 of 0, 2 checkpoints
strata serve: decode expert cache hit rate: 78.9% (367 hits / 465 lookups); 15 more read by the GPU over PCIe or from another GPU (3.1% of all 480 routed)
strata serve: resident RAM: 63.28 GiB of experts in RAM, 0 exchanged with the VRAM tier, 0 blob reads from the file
safetensors residency metrics: ram_bytes=67948118016 os_locked_bytes=0 cuda_pinned_bytes=67948118016 promotions=4049 promoted_payload_bytes=11194739984 expert_file_bytes=0 (cumulative; payload is not a physical PCIe counter)
safetensors ngram metrics: ple io: 593952 rows, 47.7% row-cache hits, 258910 SSD reads (1061.1 MB), read p50 223 us p99 6756 us, blocked 802.008 ms total (submit 2.747 ms), cache 249970/1048576 rows, SSD kept awake by 97 reads (slowest 15.5 ms)
strata serve: expert tiers: GPU 367 hits this request; since the start RAM 167077 blobs, files 0 blobs 0.0 MB read
strata serve: prompt 24633 tokens = 24632 reused + 1 read in 0 ms (14144.3 tok/s), 1 generated in 17 ms (60.0 tok/s), drafts accepted 0 of 0, 2 checkpoints
strata serve: decode expert cache hit rate: 73.3% (335 hits / 457 lookups); 23 more read by the GPU over PCIe or from another GPU (4.8% of all 480 routed)
strata serve: resident RAM: 63.28 GiB of experts in RAM, 0 exchanged with the VRAM tier, 0 blob reads from the file
safetensors residency metrics: ram_bytes=67948118016 os_locked_bytes=0 cuda_pinned_bytes=67948118016 promotions=4049 promoted_payload_bytes=11194739984 expert_file_bytes=0 (cumulative; payload is not a physical PCIe counter)
safetensors ngram metrics: ple io: 593968 rows, 47.7% row-cache hits, 258918 SSD reads (1061.1 MB), read p50 223 us p99 6756 us, blocked 802.009 ms total (submit 2.757 ms), cache 249978/1048576 rows, SSD kept awake by 97 reads (slowest 15.5 ms)
strata serve: expert tiers: GPU 335 hits this request; since the start RAM 167222 blobs, files 0 blobs 0.0 MB read
strata serve: prompt 24634 tokens = 24633 reused + 1 read in 0 ms (14164.3 tok/s), 1 generated in 18 ms (54.7 tok/s), drafts accepted 0 of 0, 2 checkpoints
strata serve: decode expert cache hit rate: 71.4% (325 hits / 455 lookups); 25 more read by the GPU over PCIe or from another GPU (5.2% of all 480 routed)
strata serve: resident RAM: 63.28 GiB of experts in RAM, 0 exchanged with the VRAM tier, 0 blob reads from the file
safetensors residency metrics: ram_bytes=67948118016 os_locked_bytes=0 cuda_pinned_bytes=67948118016 promotions=4049 promoted_payload_bytes=11194739984 expert_file_bytes=0 (cumulative; payload is not a physical PCIe counter)
safetensors ngram metrics: ple io: 593984 rows, 47.7% row-cache hits, 258926 SSD reads (1061.1 MB), read p50 223 us p99 6756 us, blocked 802.009 ms total (submit 2.768 ms), cache 249986/1048576 rows, SSD kept awake by 97 reads (slowest 15.5 ms)
strata serve: expert tiers: GPU 325 hits this request; since the start RAM 167377 blobs, files 0 blobs 0.0 MB read
strata serve: prompt 24635 tokens = 24634 reused + 1 read in 0 ms (14326.6 tok/s), 1 generated in 18 ms (57.1 tok/s), drafts accepted 0 of 0, 2 checkpoints
strata serve: decode expert cache hit rate: 80.3% (376 hits / 468 lookups); 12 more read by the GPU over PCIe or from another GPU (2.5% of all 480 routed)
strata serve: resident RAM: 63.28 GiB of experts in RAM, 0 exchanged with the VRAM tier, 0 blob reads from the file
safetensors residency metrics: ram_bytes=67948118016 os_locked_bytes=0 cuda_pinned_bytes=67948118016 promotions=4049 promoted_payload_bytes=11194739984 expert_file_bytes=0 (cumulative; payload is not a physical PCIe counter)
safetensors ngram metrics: ple io: 594000 rows, 47.7% row-cache hits, 258942 SSD reads (1061.2 MB), read p50 223 us p99 6756 us, blocked 802.214 ms total (submit 2.790 ms), cache 250002/1048576 rows, SSD kept awake by 97 reads (slowest 15.5 ms)
strata serve: expert tiers: GPU 376 hits this request; since the start RAM 167577 blobs, files 0 blobs 0.0 MB read
strata serve: prompt 24636 tokens = 24635 reused + 1 read in 0 ms (6443.3 tok/s), 1 generated in 17 ms (58.1 tok/s), drafts accepted 0 of 0, 2 checkpoints
strata serve: decode expert cache hit rate: 69.7% (318 hits / 456 lookups); 24 more read by the GPU over PCIe or from another GPU (5.0% of all 480 routed)
strata serve: resident RAM: 63.28 GiB of experts in RAM, 0 exchanged with the VRAM tier, 0 blob reads from the file
safetensors residency metrics: ram_bytes=67948118016 os_locked_bytes=0 cuda_pinned_bytes=67948118016 promotions=4145 promoted_payload_bytes=11460162320 expert_file_bytes=0 (cumulative; payload is not a physical PCIe counter)
safetensors ngram metrics: ple io: 594016 rows, 47.7% row-cache hits, 258958 SSD reads (1061.3 MB), read p50 223 us p99 6756 us, blocked 802.214 ms total (submit 2.806 ms), cache 250018/1048576 rows, SSD kept awake by 97 reads (slowest 15.5 ms)
strata serve: expert tiers: GPU 318 hits this request; since the start RAM 167739 blobs, files 0 blobs 0.0 MB read
strata serve: prompt 24637 tokens = 24636 reused + 1 read in 0 ms (14184.4 tok/s), 1 generated in 19 ms (51.8 tok/s), drafts accepted 0 of 0, 2 checkpoints
strata serve: decode expert cache hit rate: 60.8% (271 hits / 446 lookups); 34 more read by the GPU over PCIe or from another GPU (7.1% of all 480 routed)
strata serve: resident RAM: 63.28 GiB of experts in RAM, 0 exchanged with the VRAM tier, 0 blob reads from the file
safetensors residency metrics: ram_bytes=67948118016 os_locked_bytes=0 cuda_pinned_bytes=67948118016 promotions=4145 promoted_payload_bytes=11460162320 expert_file_bytes=0 (cumulative; payload is not a physical PCIe counter)
safetensors ngram metrics: ple io: 594032 rows, 47.7% row-cache hits, 258974 SSD reads (1061.3 MB), read p50 223 us p99 6756 us, blocked 802.215 ms total (submit 2.817 ms), cache 250034/1048576 rows, SSD kept awake by 97 reads (slowest 15.5 ms)
strata serve: expert tiers: GPU 271 hits this request; since the start RAM 167948 blobs, files 0 blobs 0.0 MB read
strata serve: prompt 24638 tokens = 24637 reused + 1 read in 0 ms (13850.4 tok/s), 1 generated in 21 ms (47.4 tok/s), drafts accepted 0 of 0, 2 checkpoints
strata serve: decode expert cache hit rate: 73.7% (342 hits / 464 lookups); 16 more read by the GPU over PCIe or from another GPU (3.3% of all 480 routed)
strata serve: resident RAM: 63.28 GiB of experts in RAM, 0 exchanged with the VRAM tier, 0 blob reads from the file
safetensors residency metrics: ram_bytes=67948118016 os_locked_bytes=0 cuda_pinned_bytes=67948118016 promotions=4145 promoted_payload_bytes=11460162320 expert_file_bytes=0 (cumulative; payload is not a physical PCIe counter)
safetensors ngram metrics: ple io: 594048 rows, 47.7% row-cache hits, 258990 SSD reads (1061.4 MB), read p50 223 us p99 6756 us, blocked 806.398 ms total (submit 2.837 ms), cache 250050/1048576 rows, SSD kept awake by 97 reads (slowest 15.5 ms)
strata serve: expert tiers: GPU 342 hits this request; since the start RAM 168086 blobs, files 0 blobs 0.0 MB read
strata serve: prompt 24639 tokens = 24638 reused + 1 read in 0 ms (14144.3 tok/s), 1 generated in 23 ms (43.2 tok/s), drafts accepted 0 of 0, 2 checkpoints
strata serve: decode expert cache hit rate: 63.7% (286 hits / 449 lookups); 31 more read by the GPU over PCIe or from another GPU (6.5% of all 480 routed)
strata serve: resident RAM: 63.28 GiB of experts in RAM, 0 exchanged with the VRAM tier, 0 blob reads from the file
safetensors residency metrics: ram_bytes=67948118016 os_locked_bytes=0 cuda_pinned_bytes=67948118016 promotions=4145 promoted_payload_bytes=11460162320 expert_file_bytes=0 (cumulative; payload is not a physical PCIe counter)
safetensors ngram metrics: ple io: 594064 rows, 47.7% row-cache hits, 259006 SSD reads (1061.5 MB), read p50 223 us p99 6756 us, blocked 808.989 ms total (submit 2.851 ms), cache 250066/1048576 rows, SSD kept awake by 97 reads (slowest 15.5 ms)
strata serve: expert tiers: GPU 286 hits this request; since the start RAM 168376 blobs, files 0 blobs 0.0 MB read
strata serve: prompt 24640 tokens = 24639 reused + 1 read in 0 ms (6120.0 tok/s), 1 generated in 23 ms (42.9 tok/s), drafts accepted 0 of 0, 2 checkpoints
strata serve: decode expert cache hit rate: 73.4% (342 hits / 466 lookups); 14 more read by the GPU over PCIe or from another GPU (2.9% of all 480 routed)
strata serve: resident RAM: 63.28 GiB of experts in RAM, 0 exchanged with the VRAM tier, 0 blob reads from the file
safetensors residency metrics: ram_bytes=67948118016 os_locked_bytes=0 cuda_pinned_bytes=67948118016 promotions=4241 promoted_payload_bytes=11725584656 expert_file_bytes=0 (cumulative; payload is not a physical PCIe counter)
safetensors ngram metrics: ple io: 594080 rows, 47.7% row-cache hits, 259022 SSD reads (1061.5 MB), read p50 223 us p99 6946 us, blocked 815.720 ms total (submit 2.863 ms), cache 250082/1048576 rows, SSD kept awake by 97 reads (slowest 15.5 ms)
strata serve: expert tiers: GPU 342 hits this request; since the start RAM 168514 blobs, files 0 blobs 0.0 MB read
strata serve: prompt 24641 tokens = 24640 reused + 1 read in 0 ms (12970.2 tok/s), 1 generated in 18 ms (55.4 tok/s), drafts accepted 0 of 0, 2 checkpoints
strata serve: decode expert cache hit rate: 71.5% (328 hits / 459 lookups); 21 more read by the GPU over PCIe or from another GPU (4.4% of all 480 routed)
strata serve: resident RAM: 63.28 GiB of experts in RAM, 0 exchanged with the VRAM tier, 0 blob reads from the file
safetensors residency metrics: ram_bytes=67948118016 os_locked_bytes=0 cuda_pinned_bytes=67948118016 promotions=4241 promoted_payload_bytes=11725584656 expert_file_bytes=0 (cumulative; payload is not a physical PCIe counter)
safetensors ngram metrics: ple io: 594096 rows, 47.7% row-cache hits, 259038 SSD reads (1061.6 MB), read p50 223 us p99 6946 us, blocked 816.529 ms total (submit 2.875 ms), cache 250098/1048576 rows, SSD kept awake by 97 reads (slowest 15.5 ms)
strata serve: expert tiers: GPU 328 hits this request; since the start RAM 168666 blobs, files 0 blobs 0.0 MB read
strata serve: prompt 24642 tokens = 24641 reused + 1 read in 0 ms (12820.5 tok/s), 1 generated in 19 ms (53.6 tok/s), drafts accepted 0 of 0, 2 checkpoints
strata serve: decode expert cache hit rate: 63.7% (286 hits / 449 lookups); 31 more read by the GPU over PCIe or from another GPU (6.5% of all 480 routed)
strata serve: resident RAM: 63.28 GiB of experts in RAM, 0 exchanged with the VRAM tier, 0 blob reads from the file
safetensors residency metrics: ram_bytes=67948118016 os_locked_bytes=0 cuda_pinned_bytes=67948118016 promotions=4241 promoted_payload_bytes=11725584656 expert_file_bytes=0 (cumulative; payload is not a physical PCIe counter)
safetensors ngram metrics: ple io: 594112 rows, 47.7% row-cache hits, 259054 SSD reads (1061.7 MB), read p50 223 us p99 6946 us, blocked 816.529 ms total (submit 2.888 ms), cache 250114/1048576 rows, SSD kept awake by 97 reads (slowest 15.5 ms)
strata serve: expert tiers: GPU 286 hits this request; since the start RAM 168860 blobs, files 0 blobs 0.0 MB read
strata serve: prompt 24643 tokens = 24642 reused + 1 read in 0 ms (13986.0 tok/s), 1 generated in 21 ms (46.8 tok/s), drafts accepted 0 of 0, 2 checkpoints
strata serve: decode expert cache hit rate: 77.2% (358 hits / 464 lookups); 16 more read by the GPU over PCIe or from another GPU (3.3% of all 480 routed)
strata serve: resident RAM: 63.28 GiB of experts in RAM, 0 exchanged with the VRAM tier, 0 blob reads from the file
safetensors residency metrics: ram_bytes=67948118016 os_locked_bytes=0 cuda_pinned_bytes=67948118016 promotions=4241 promoted_payload_bytes=11725584656 expert_file_bytes=0 (cumulative; payload is not a physical PCIe counter)
safetensors ngram metrics: ple io: 594128 rows, 47.7% row-cache hits, 259070 SSD reads (1061.7 MB), read p50 223 us p99 6946 us, blocked 820.157 ms total (submit 2.899 ms), cache 250130/1048576 rows, SSD kept awake by 97 reads (slowest 15.5 ms)
strata serve: expert tiers: GPU 358 hits this request; since the start RAM 169078 blobs, files 0 blobs 0.0 MB read
strata serve: prompt 24644 tokens = 24643 reused + 1 read in 0 ms (6222.8 tok/s), 1 generated in 23 ms (44.0 tok/s), drafts accepted 0 of 0, 2 checkpoints
strata serve: decode expert cache hit rate: 73.3% (338 hits / 461 lookups); 19 more read by the GPU over PCIe or from another GPU (4.0% of all 480 routed)
strata serve: resident RAM: 63.28 GiB of experts in RAM, 0 exchanged with the VRAM tier, 0 blob reads from the file
safetensors residency metrics: ram_bytes=67948118016 os_locked_bytes=0 cuda_pinned_bytes=67948118016 promotions=4337 promoted_payload_bytes=11991006992 expert_file_bytes=0 (cumulative; payload is not a physical PCIe counter)
safetensors ngram metrics: ple io: 594144 rows, 47.7% row-cache hits, 259078 SSD reads (1061.8 MB), read p50 223 us p99 6946 us, blocked 825.712 ms total (submit 2.915 ms), cache 250138/1048576 rows, SSD kept awake by 97 reads (slowest 15.5 ms)
strata serve: expert tiers: GPU 338 hits this request; since the start RAM 169220 blobs, files 0 blobs 0.0 MB read
strata serve: prompt 24645 tokens = 24644 reused + 1 read in 0 ms (14084.5 tok/s), 1 generated in 17 ms (59.2 tok/s), drafts accepted 0 of 0, 2 checkpoints
strata serve: decode expert cache hit rate: 74.1% (343 hits / 463 lookups); 17 more read by the GPU over PCIe or from another GPU (3.5% of all 480 routed)
strata serve: resident RAM: 63.28 GiB of experts in RAM, 0 exchanged with the VRAM tier, 0 blob reads from the file
safetensors residency metrics: ram_bytes=67948118016 os_locked_bytes=0 cuda_pinned_bytes=67948118016 promotions=4337 promoted_payload_bytes=11991006992 expert_file_bytes=0 (cumulative; payload is not a physical PCIe counter)
safetensors ngram metrics: ple io: 594160 rows, 47.7% row-cache hits, 259086 SSD reads (1061.8 MB), read p50 223 us p99 6946 us, blocked 825.818 ms total (submit 2.926 ms), cache 250146/1048576 rows, SSD kept awake by 97 reads (slowest 15.5 ms)
strata serve: expert tiers: GPU 343 hits this request; since the start RAM 169357 blobs, files 0 blobs 0.0 MB read
strata serve: prompt 24646 tokens = 24645 reused + 1 read in 0 ms (13587.0 tok/s), 1 generated in 17 ms (60.0 tok/s), drafts accepted 0 of 0, 2 checkpoints
strata serve: decode expert cache hit rate: 75.5% (351 hits / 465 lookups); 15 more read by the GPU over PCIe or from another GPU (3.1% of all 480 routed)
strata serve: resident RAM: 63.28 GiB of experts in RAM, 0 exchanged with the VRAM tier, 0 blob reads from the file
safetensors residency metrics: ram_bytes=67948118016 os_locked_bytes=0 cuda_pinned_bytes=67948118016 promotions=4337 promoted_payload_bytes=11991006992 expert_file_bytes=0 (cumulative; payload is not a physical PCIe counter)
safetensors ngram metrics: ple io: 594176 rows, 47.7% row-cache hits, 259094 SSD reads (1061.9 MB), read p50 223 us p99 6946 us, blocked 825.819 ms total (submit 2.937 ms), cache 250154/1048576 rows, SSD kept awake by 97 reads (slowest 15.5 ms)
strata serve: expert tiers: GPU 351 hits this request; since the start RAM 169486 blobs, files 0 blobs 0.0 MB read
strata serve: prompt 24647 tokens = 24646 reused + 1 read in 0 ms (13850.4 tok/s), 1 generated in 18 ms (56.0 tok/s), drafts accepted 0 of 0, 2 checkpoints
strata serve: decode expert cache hit rate: 76.7% (356 hits / 464 lookups); 16 more read by the GPU over PCIe or from another GPU (3.3% of all 480 routed)
strata serve: resident RAM: 63.28 GiB of experts in RAM, 0 exchanged with the VRAM tier, 0 blob reads from the file
safetensors residency metrics: ram_bytes=67948118016 os_locked_bytes=0 cuda_pinned_bytes=67948118016 promotions=4337 promoted_payload_bytes=11991006992 expert_file_bytes=0 (cumulative; payload is not a physical PCIe counter)
safetensors ngram metrics: ple io: 594192 rows, 47.7% row-cache hits, 259110 SSD reads (1061.9 MB), read p50 223 us p99 6946 us, blocked 825.832 ms total (submit 2.954 ms), cache 250170/1048576 rows, SSD kept awake by 97 reads (slowest 15.5 ms)
strata serve: expert tiers: GPU 356 hits this request; since the start RAM 169706 blobs, files 0 blobs 0.0 MB read
strata serve: prompt 24648 tokens = 24647 reused + 1 read in 0 ms (6049.6 tok/s), 1 generated in 29 ms (34.4 tok/s), drafts accepted 0 of 0, 2 checkpoints
strata serve: decode expert cache hit rate: 77.8% (365 hits / 469 lookups); 11 more read by the GPU over PCIe or from another GPU (2.3% of all 480 routed)
strata serve: resident RAM: 63.28 GiB of experts in RAM, 0 exchanged with the VRAM tier, 0 blob reads from the file
safetensors residency metrics: ram_bytes=67948118016 os_locked_bytes=0 cuda_pinned_bytes=67948118016 promotions=4433 promoted_payload_bytes=12256429328 expert_file_bytes=0 (cumulative; payload is not a physical PCIe counter)
safetensors ngram metrics: ple io: 594208 rows, 47.7% row-cache hits, 259126 SSD reads (1062.0 MB), read p50 223 us p99 6970 us, blocked 838.845 ms total (submit 2.968 ms), cache 250186/1048576 rows, SSD kept awake by 97 reads (slowest 15.5 ms)
strata serve: expert tiers: GPU 365 hits this request; since the start RAM 169821 blobs, files 0 blobs 0.0 MB read
strata serve: prompt 24649 tokens = 24648 reused + 1 read in 0 ms (14265.3 tok/s), 1 generated in 16 ms (61.9 tok/s), drafts accepted 0 of 0, 2 checkpoints
strata serve: decode expert cache hit rate: 80.0% (377 hits / 471 lookups); 9 more read by the GPU over PCIe or from another GPU (1.9% of all 480 routed)
strata serve: resident RAM: 63.28 GiB of experts in RAM, 0 exchanged with the VRAM tier, 0 blob reads from the file
safetensors residency metrics: ram_bytes=67948118016 os_locked_bytes=0 cuda_pinned_bytes=67948118016 promotions=4433 promoted_payload_bytes=12256429328 expert_file_bytes=0 (cumulative; payload is not a physical PCIe counter)
safetensors ngram metrics: ple io: 594224 rows, 47.7% row-cache hits, 259142 SSD reads (1062.1 MB), read p50 223 us p99 6970 us, blocked 838.845 ms total (submit 2.980 ms), cache 250202/1048576 rows, SSD kept awake by 97 reads (slowest 15.5 ms)
strata serve: expert tiers: GPU 377 hits this request; since the start RAM 169924 blobs, files 0 blobs 0.0 MB read
strata serve: prompt 24650 tokens = 24649 reused + 1 read in 0 ms (14104.4 tok/s), 1 generated in 20 ms (48.9 tok/s), drafts accepted 0 of 0, 2 checkpoints
strata serve: decode expert cache hit rate: 79.4% (373 hits / 470 lookups); 10 more read by the GPU over PCIe or from another GPU (2.1% of all 480 routed)
strata serve: resident RAM: 63.28 GiB of experts in RAM, 0 exchanged with the VRAM tier, 0 blob reads from the file
safetensors residency metrics: ram_bytes=67948118016 os_locked_bytes=0 cuda_pinned_bytes=67948118016 promotions=4433 promoted_payload_bytes=12256429328 expert_file_bytes=0 (cumulative; payload is not a physical PCIe counter)
safetensors ngram metrics: ple io: 594240 rows, 47.7% row-cache hits, 259158 SSD reads (1062.1 MB), read p50 224 us p99 6970 us, blocked 840.204 ms total (submit 2.993 ms), cache 250218/1048576 rows, SSD kept awake by 97 reads (slowest 15.5 ms)
strata serve: expert tiers: GPU 373 hits this request; since the start RAM 170031 blobs, files 0 blobs 0.0 MB read
strata serve: prompt 24651 tokens = 24650 reused + 1 read in 0 ms (12531.3 tok/s), 1 generated in 22 ms (44.9 tok/s), drafts accepted 0 of 0, 2 checkpoints
strata serve: decode expert cache hit rate: 82.0% (386 hits / 471 lookups); 9 more read by the GPU over PCIe or from another GPU (1.9% of all 480 routed)
strata serve: resident RAM: 63.28 GiB of experts in RAM, 0 exchanged with the VRAM tier, 0 blob reads from the file
safetensors residency metrics: ram_bytes=67948118016 os_locked_bytes=0 cuda_pinned_bytes=67948118016 promotions=4433 promoted_payload_bytes=12256429328 expert_file_bytes=0 (cumulative; payload is not a physical PCIe counter)
safetensors ngram metrics: ple io: 594256 rows, 47.7% row-cache hits, 259174 SSD reads (1062.2 MB), read p50 224 us p99 6970 us, blocked 844.961 ms total (submit 3.009 ms), cache 250234/1048576 rows, SSD kept awake by 97 reads (slowest 15.5 ms)
strata serve: expert tiers: GPU 386 hits this request; since the start RAM 170221 blobs, files 0 blobs 0.0 MB read
strata serve: prompt 24652 tokens = 24651 reused + 1 read in 0 ms (6510.4 tok/s), 1 generated in 16 ms (60.7 tok/s), drafts accepted 0 of 0, 2 checkpoints
strata serve: decode expert cache hit rate: 81.3% (382 hits / 470 lookups); 10 more read by the GPU over PCIe or from another GPU (2.1% of all 480 routed)
strata serve: resident RAM: 63.28 GiB of experts in RAM, 0 exchanged with the VRAM tier, 0 blob reads from the file
safetensors residency metrics: ram_bytes=67948118016 os_locked_bytes=0 cuda_pinned_bytes=67948118016 promotions=4529 promoted_payload_bytes=12521851664 expert_file_bytes=0 (cumulative; payload is not a physical PCIe counter)
safetensors ngram metrics: ple io: 594272 rows, 47.7% row-cache hits, 259190 SSD reads (1062.2 MB), read p50 224 us p99 6970 us, blocked 844.962 ms total (submit 3.027 ms), cache 250250/1048576 rows, SSD kept awake by 97 reads (slowest 15.5 ms)
strata serve: expert tiers: GPU 382 hits this request; since the start RAM 170319 blobs, files 0 blobs 0.0 MB read
strata serve: prompt 24653 tokens = 24652 reused + 1 read in 0 ms (15037.6 tok/s), 1 generated in 25 ms (40.6 tok/s), drafts accepted 0 of 0, 2 checkpoints
strata serve: decode expert cache hit rate: 76.1% (354 hits / 465 lookups); 15 more read by the GPU over PCIe or from another GPU (3.1% of all 480 routed)
strata serve: resident RAM: 63.28 GiB of experts in RAM, 0 exchanged with the VRAM tier, 0 blob reads from the file
safetensors residency metrics: ram_bytes=67948118016 os_locked_bytes=0 cuda_pinned_bytes=67948118016 promotions=4529 promoted_payload_bytes=12521851664 expert_file_bytes=0 (cumulative; payload is not a physical PCIe counter)
safetensors ngram metrics: ple io: 594288 rows, 47.7% row-cache hits, 259206 SSD reads (1062.3 MB), read p50 224 us p99 6970 us, blocked 851.202 ms total (submit 3.041 ms), cache 250266/1048576 rows, SSD kept awake by 97 reads (slowest 15.5 ms)
strata serve: expert tiers: GPU 354 hits this request; since the start RAM 170445 blobs, files 0 blobs 0.0 MB read
strata serve: prompt 24654 tokens = 24653 reused + 1 read in 0 ms (14749.3 tok/s), 1 generated in 27 ms (37.2 tok/s), drafts accepted 0 of 0, 2 checkpoints
strata serve: decode expert cache hit rate: 65.9% (299 hits / 454 lookups); 26 more read by the GPU over PCIe or from another GPU (5.4% of all 480 routed)
strata serve: resident RAM: 63.28 GiB of experts in RAM, 0 exchanged with the VRAM tier, 0 blob reads from the file
safetensors residency metrics: ram_bytes=67948118016 os_locked_bytes=0 cuda_pinned_bytes=67948118016 promotions=4529 promoted_payload_bytes=12521851664 expert_file_bytes=0 (cumulative; payload is not a physical PCIe counter)
safetensors ngram metrics: ple io: 594304 rows, 47.7% row-cache hits, 259214 SSD reads (1062.4 MB), read p50 224 us p99 6975 us, blocked 859.979 ms total (submit 3.052 ms), cache 250274/1048576 rows, SSD kept awake by 97 reads (slowest 15.5 ms)
strata serve: expert tiers: GPU 299 hits this request; since the start RAM 170626 blobs, files 0 blobs 0.0 MB read
strata serve: prompt 24655 tokens = 24654 reused + 1 read in 0 ms (15128.6 tok/s), 1 generated in 19 ms (52.9 tok/s), drafts accepted 0 of 0, 2 checkpoints
strata serve: decode expert cache hit rate: 75.5% (346 hits / 458 lookups); 22 more read by the GPU over PCIe or from another GPU (4.6% of all 480 routed)
strata serve: resident RAM: 63.28 GiB of experts in RAM, 0 exchanged with the VRAM tier, 0 blob reads from the file
safetensors residency metrics: ram_bytes=67948118016 os_locked_bytes=0 cuda_pinned_bytes=67948118016 promotions=4529 promoted_payload_bytes=12521851664 expert_file_bytes=0 (cumulative; payload is not a physical PCIe counter)
safetensors ngram metrics: ple io: 594320 rows, 47.7% row-cache hits, 259222 SSD reads (1062.4 MB), read p50 224 us p99 6975 us, blocked 860.293 ms total (submit 3.064 ms), cache 250282/1048576 rows, SSD kept awake by 97 reads (slowest 15.5 ms)
strata serve: expert tiers: GPU 346 hits this request; since the start RAM 170856 blobs, files 0 blobs 0.0 MB read
strata serve: prompt 24656 tokens = 24655 reused + 1 read in 0 ms (6653.4 tok/s), 1 generated in 18 ms (55.5 tok/s), drafts accepted 0 of 0, 2 checkpoints
strata serve: decode expert cache hit rate: 83.3% (395 hits / 474 lookups); 6 more read by the GPU over PCIe or from another GPU (1.2% of all 480 routed)
strata serve: resident RAM: 63.28 GiB of experts in RAM, 0 exchanged with the VRAM tier, 0 blob reads from the file
safetensors residency metrics: ram_bytes=67948118016 os_locked_bytes=0 cuda_pinned_bytes=67948118016 promotions=4625 promoted_payload_bytes=12787274000 expert_file_bytes=0 (cumulative; payload is not a physical PCIe counter)
safetensors ngram metrics: ple io: 594336 rows, 47.7% row-cache hits, 259238 SSD reads (1062.5 MB), read p50 224 us p99 6975 us, blocked 862.691 ms total (submit 3.076 ms), cache 250298/1048576 rows, SSD kept awake by 97 reads (slowest 15.5 ms)
strata serve: expert tiers: GPU 395 hits this request; since the start RAM 170941 blobs, files 0 blobs 0.0 MB read
strata serve: prompt 24657 tokens = 24656 reused + 1 read in 0 ms (13003.9 tok/s), 1 generated in 29 ms (34.0 tok/s), drafts accepted 0 of 0, 2 checkpoints
strata serve: decode expert cache hit rate: 70.0% (325 hits / 464 lookups); 16 more read by the GPU over PCIe or from another GPU (3.3% of all 480 routed)
strata serve: resident RAM: 63.28 GiB of experts in RAM, 0 exchanged with the VRAM tier, 0 blob reads from the file
safetensors residency metrics: ram_bytes=67948118016 os_locked_bytes=0 cuda_pinned_bytes=67948118016 promotions=4625 promoted_payload_bytes=12787274000 expert_file_bytes=0 (cumulative; payload is not a physical PCIe counter)
safetensors ngram metrics: ple io: 594352 rows, 47.7% row-cache hits, 259254 SSD reads (1062.5 MB), read p50 224 us p99 6998 us, blocked 874.791 ms total (submit 3.089 ms), cache 250314/1048576 rows, SSD kept awake by 97 reads (slowest 15.5 ms)
strata serve: expert tiers: GPU 325 hits this request; since the start RAM 171096 blobs, files 0 blobs 0.0 MB read
strata serve: prompt 24658 tokens = 24657 reused + 1 read in 0 ms (14164.3 tok/s), 1 generated in 19 ms (54.0 tok/s), drafts accepted 0 of 0, 2 checkpoints
strata serve: decode expert cache hit rate: 67.2% (307 hits / 457 lookups); 23 more read by the GPU over PCIe or from another GPU (4.8% of all 480 routed)
strata serve: resident RAM: 63.28 GiB of experts in RAM, 0 exchanged with the VRAM tier, 0 blob reads from the file
safetensors residency metrics: ram_bytes=67948118016 os_locked_bytes=0 cuda_pinned_bytes=67948118016 promotions=4625 promoted_payload_bytes=12787274000 expert_file_bytes=0 (cumulative; payload is not a physical PCIe counter)
safetensors ngram metrics: ple io: 594368 rows, 47.7% row-cache hits, 259270 SSD reads (1062.6 MB), read p50 224 us p99 6998 us, blocked 875.291 ms total (submit 3.103 ms), cache 250330/1048576 rows, SSD kept awake by 97 reads (slowest 15.5 ms)
strata serve: expert tiers: GPU 307 hits this request; since the start RAM 171269 blobs, files 0 blobs 0.0 MB read
strata serve: prompt 24659 tokens = 24658 reused + 1 read in 0 ms (13333.3 tok/s), 1 generated in 22 ms (46.0 tok/s), drafts accepted 0 of 0, 2 checkpoints
strata serve: decode expert cache hit rate: 69.9% (320 hits / 458 lookups); 22 more read by the GPU over PCIe or from another GPU (4.6% of all 480 routed)
strata serve: resident RAM: 63.28 GiB of experts in RAM, 0 exchanged with the VRAM tier, 0 blob reads from the file
safetensors residency metrics: ram_bytes=67948118016 os_locked_bytes=0 cuda_pinned_bytes=67948118016 promotions=4625 promoted_payload_bytes=12787274000 expert_file_bytes=0 (cumulative; payload is not a physical PCIe counter)
safetensors ngram metrics: ple io: 594384 rows, 47.7% row-cache hits, 259278 SSD reads (1062.6 MB), read p50 224 us p99 6998 us, blocked 877.900 ms total (submit 3.113 ms), cache 250338/1048576 rows, SSD kept awake by 97 reads (slowest 15.5 ms)
strata serve: expert tiers: GPU 320 hits this request; since the start RAM 171525 blobs, files 0 blobs 0.0 MB read
strata serve: prompt 24660 tokens = 24659 reused + 1 read in 0 ms (5814.0 tok/s), 1 generated in 21 ms (47.1 tok/s), drafts accepted 0 of 0, 2 checkpoints
strata serve: decode expert cache hit rate: 47.3% (201 hits / 425 lookups); 55 more read by the GPU over PCIe or from another GPU (11.5% of all 480 routed)
strata serve: resident RAM: 63.28 GiB of experts in RAM, 0 exchanged with the VRAM tier, 0 blob reads from the file
safetensors residency metrics: ram_bytes=67948118016 os_locked_bytes=0 cuda_pinned_bytes=67948118016 promotions=4721 promoted_payload_bytes=13052696336 expert_file_bytes=0 (cumulative; payload is not a physical PCIe counter)
safetensors ngram metrics: ple io: 594400 rows, 47.7% row-cache hits, 259278 SSD reads (1062.6 MB), read p50 224 us p99 6998 us, blocked 877.900 ms total (submit 3.113 ms), cache 250338/1048576 rows, SSD kept awake by 97 reads (slowest 15.5 ms)
strata serve: expert tiers: GPU 201 hits this request; since the start RAM 171804 blobs, files 0 blobs 0.0 MB read
strata serve: prompt 24661 tokens = 24660 reused + 1 read in 0 ms (13123.4 tok/s), 1 generated in 17 ms (58.0 tok/s), drafts accepted 0 of 0, 2 checkpoints
strata serve: decode expert cache hit rate: 73.0% (336 hits / 460 lookups); 20 more read by the GPU over PCIe or from another GPU (4.2% of all 480 routed)
strata serve: resident RAM: 63.28 GiB of experts in RAM, 0 exchanged with the VRAM tier, 0 blob reads from the file
safetensors residency metrics: ram_bytes=67948118016 os_locked_bytes=0 cuda_pinned_bytes=67948118016 promotions=4721 promoted_payload_bytes=13052696336 expert_file_bytes=0 (cumulative; payload is not a physical PCIe counter)
safetensors ngram metrics: ple io: 594416 rows, 47.7% row-cache hits, 259278 SSD reads (1062.6 MB), read p50 224 us p99 6998 us, blocked 877.900 ms total (submit 3.113 ms), cache 250338/1048576 rows, SSD kept awake by 97 reads (slowest 15.5 ms)
strata serve: expert tiers: GPU 336 hits this request; since the start RAM 171948 blobs, files 0 blobs 0.0 MB read
strata serve: prompt 24662 tokens = 24661 reused + 1 read in 0 ms (13495.3 tok/s), 1 generated in 17 ms (59.3 tok/s), drafts accepted 0 of 0, 2 checkpoints
strata serve: decode expert cache hit rate: 79.6% (374 hits / 470 lookups); 10 more read by the GPU over PCIe or from another GPU (2.1% of all 480 routed)
strata serve: resident RAM: 63.28 GiB of experts in RAM, 0 exchanged with the VRAM tier, 0 blob reads from the file
safetensors residency metrics: ram_bytes=67948118016 os_locked_bytes=0 cuda_pinned_bytes=67948118016 promotions=4721 promoted_payload_bytes=13052696336 expert_file_bytes=0 (cumulative; payload is not a physical PCIe counter)
safetensors ngram metrics: ple io: 594432 rows, 47.7% row-cache hits, 259286 SSD reads (1062.7 MB), read p50 224 us p99 6998 us, blocked 878.967 ms total (submit 3.123 ms), cache 250346/1048576 rows, SSD kept awake by 98 reads (slowest 15.5 ms)
strata serve: expert tiers: GPU 374 hits this request; since the start RAM 172054 blobs, files 0 blobs 0.0 MB read
strata serve: prompt 24663 tokens = 24662 reused + 1 read in 0 ms (14044.9 tok/s), 1 generated in 24 ms (41.5 tok/s), drafts accepted 0 of 0, 2 checkpoints
strata serve: decode expert cache hit rate: 70.2% (322 hits / 459 lookups); 21 more read by the GPU over PCIe or from another GPU (4.4% of all 480 routed)
strata serve: resident RAM: 63.28 GiB of experts in RAM, 0 exchanged with the VRAM tier, 0 blob reads from the file
safetensors residency metrics: ram_bytes=67948118016 os_locked_bytes=0 cuda_pinned_bytes=67948118016 promotions=4721 promoted_payload_bytes=13052696336 expert_file_bytes=0 (cumulative; payload is not a physical PCIe counter)
safetensors ngram metrics: ple io: 594448 rows, 47.7% row-cache hits, 259294 SSD reads (1062.7 MB), read p50 224 us p99 6998 us, blocked 883.489 ms total (submit 3.136 ms), cache 250354/1048576 rows, SSD kept awake by 98 reads (slowest 15.5 ms)
strata serve: expert tiers: GPU 322 hits this request; since the start RAM 172308 blobs, files 0 blobs 0.0 MB read
strata serve: prompt 24664 tokens = 24663 reused + 1 read in 0 ms (6222.8 tok/s), 1 generated in 16 ms (63.8 tok/s), drafts accepted 0 of 0, 2 checkpoints
strata serve: decode expert cache hit rate: 82.2% (388 hits / 472 lookups); 8 more read by the GPU over PCIe or from another GPU (1.7% of all 480 routed)
strata serve: resident RAM: 63.28 GiB of experts in RAM, 0 exchanged with the VRAM tier, 0 blob reads from the file
safetensors residency metrics: ram_bytes=67948118016 os_locked_bytes=0 cuda_pinned_bytes=67948118016 promotions=4817 promoted_payload_bytes=13318118672 expert_file_bytes=0 (cumulative; payload is not a physical PCIe counter)
safetensors ngram metrics: ple io: 594464 rows, 47.7% row-cache hits, 259310 SSD reads (1062.8 MB), read p50 224 us p99 6998 us, blocked 883.490 ms total (submit 3.150 ms), cache 250370/1048576 rows, SSD kept awake by 98 reads (slowest 15.5 ms)
strata serve: expert tiers: GPU 388 hits this request; since the start RAM 172400 blobs, files 0 blobs 0.0 MB read
strata serve: prompt 24665 tokens = 24664 reused + 1 read in 0 ms (13605.4 tok/s), 1 generated in 18 ms (55.8 tok/s), drafts accepted 0 of 0, 2 checkpoints
strata serve: decode expert cache hit rate: 68.8% (313 hits / 455 lookups); 25 more read by the GPU over PCIe or from another GPU (5.2% of all 480 routed)
strata serve: resident RAM: 63.28 GiB of experts in RAM, 0 exchanged with the VRAM tier, 0 blob reads from the file
safetensors residency metrics: ram_bytes=67948118016 os_locked_bytes=0 cuda_pinned_bytes=67948118016 promotions=4817 promoted_payload_bytes=13318118672 expert_file_bytes=0 (cumulative; payload is not a physical PCIe counter)
safetensors ngram metrics: ple io: 594480 rows, 47.7% row-cache hits, 259326 SSD reads (1062.8 MB), read p50 224 us p99 6998 us, blocked 883.490 ms total (submit 3.168 ms), cache 250386/1048576 rows, SSD kept awake by 98 reads (slowest 15.5 ms)
strata serve: expert tiers: GPU 313 hits this request; since the start RAM 172567 blobs, files 0 blobs 0.0 MB read
strata serve: prompt 24666 tokens = 24665 reused + 1 read in 0 ms (12484.4 tok/s), 1 generated in 16 ms (61.4 tok/s), drafts accepted 0 of 0, 2 checkpoints
strata serve: decode expert cache hit rate: 76.9% (362 hits / 471 lookups); 9 more read by the GPU over PCIe or from another GPU (1.9% of all 480 routed)
strata serve: resident RAM: 63.28 GiB of experts in RAM, 0 exchanged with the VRAM tier, 0 blob reads from the file
safetensors residency metrics: ram_bytes=67948118016 os_locked_bytes=0 cuda_pinned_bytes=67948118016 promotions=4817 promoted_payload_bytes=13318118672 expert_file_bytes=0 (cumulative; payload is not a physical PCIe counter)
safetensors ngram metrics: ple io: 594496 rows, 47.7% row-cache hits, 259334 SSD reads (1062.9 MB), read p50 224 us p99 6998 us, blocked 883.490 ms total (submit 3.179 ms), cache 250394/1048576 rows, SSD kept awake by 98 reads (slowest 15.5 ms)
strata serve: expert tiers: GPU 362 hits this request; since the start RAM 172685 blobs, files 0 blobs 0.0 MB read
strata serve: prompt 24667 tokens = 24666 reused + 1 read in 0 ms (13812.2 tok/s), 1 generated in 19 ms (53.4 tok/s), drafts accepted 0 of 0, 2 checkpoints
strata serve: decode expert cache hit rate: 70.9% (327 hits / 461 lookups); 19 more read by the GPU over PCIe or from another GPU (4.0% of all 480 routed)
strata serve: resident RAM: 63.28 GiB of experts in RAM, 0 exchanged with the VRAM tier, 0 blob reads from the file
safetensors residency metrics: ram_bytes=67948118016 os_locked_bytes=0 cuda_pinned_bytes=67948118016 promotions=4817 promoted_payload_bytes=13318118672 expert_file_bytes=0 (cumulative; payload is not a physical PCIe counter)
safetensors ngram metrics: ple io: 594512 rows, 47.7% row-cache hits, 259334 SSD reads (1062.9 MB), read p50 224 us p99 6998 us, blocked 883.491 ms total (submit 3.179 ms), cache 250394/1048576 rows, SSD kept awake by 98 reads (slowest 15.5 ms)
strata serve: expert tiers: GPU 327 hits this request; since the start RAM 172934 blobs, files 0 blobs 0.0 MB read
strata serve: prompt 24668 tokens = 24667 reused + 1 read in 0 ms (6253.9 tok/s), 1 generated in 15 ms (65.6 tok/s), drafts accepted 0 of 0, 2 checkpoints
strata serve: decode expert cache hit rate: 83.6% (399 hits / 477 lookups); 3 more read by the GPU over PCIe or from another GPU (0.6% of all 480 routed)
strata serve: resident RAM: 63.28 GiB of experts in RAM, 0 exchanged with the VRAM tier, 0 blob reads from the file
safetensors residency metrics: ram_bytes=67948118016 os_locked_bytes=0 cuda_pinned_bytes=67948118016 promotions=4913 promoted_payload_bytes=13583541008 expert_file_bytes=0 (cumulative; payload is not a physical PCIe counter)
safetensors ngram metrics: ple io: 594528 rows, 47.7% row-cache hits, 259350 SSD reads (1062.9 MB), read p50 224 us p99 6998 us, blocked 883.491 ms total (submit 3.196 ms), cache 250410/1048576 rows, SSD kept awake by 98 reads (slowest 15.5 ms)
strata serve: expert tiers: GPU 399 hits this request; since the start RAM 173015 blobs, files 0 blobs 0.0 MB read
strata serve: prompt 24669 tokens = 24668 reused + 1 read in 0 ms (14326.6 tok/s), 1 generated in 19 ms (53.3 tok/s), drafts accepted 0 of 0, 2 checkpoints
strata serve: decode expert cache hit rate: 69.2% (312 hits / 451 lookups); 29 more read by the GPU over PCIe or from another GPU (6.0% of all 480 routed)
strata serve: resident RAM: 63.28 GiB of experts in RAM, 0 exchanged with the VRAM tier, 0 blob reads from the file
safetensors residency metrics: ram_bytes=67948118016 os_locked_bytes=0 cuda_pinned_bytes=67948118016 promotions=4913 promoted_payload_bytes=13583541008 expert_file_bytes=0 (cumulative; payload is not a physical PCIe counter)
safetensors ngram metrics: ple io: 594544 rows, 47.7% row-cache hits, 259358 SSD reads (1063.0 MB), read p50 224 us p99 6998 us, blocked 884.634 ms total (submit 3.206 ms), cache 250418/1048576 rows, SSD kept awake by 98 reads (slowest 15.5 ms)
strata serve: expert tiers: GPU 312 hits this request; since the start RAM 173183 blobs, files 0 blobs 0.0 MB read
strata serve: prompt 24670 tokens = 24669 reused + 1 read in 0 ms (13642.6 tok/s), 1 generated in 16 ms (60.7 tok/s), drafts accepted 0 of 0, 2 checkpoints
strata serve: decode expert cache hit rate: 77.5% (358 hits / 462 lookups); 18 more read by the GPU over PCIe or from another GPU (3.8% of all 480 routed)
strata serve: resident RAM: 63.28 GiB of experts in RAM, 0 exchanged with the VRAM tier, 0 blob reads from the file
safetensors residency metrics: ram_bytes=67948118016 os_locked_bytes=0 cuda_pinned_bytes=67948118016 promotions=4913 promoted_payload_bytes=13583541008 expert_file_bytes=0 (cumulative; payload is not a physical PCIe counter)
safetensors ngram metrics: ple io: 594560 rows, 47.7% row-cache hits, 259366 SSD reads (1063.0 MB), read p50 224 us p99 6998 us, blocked 884.634 ms total (submit 3.218 ms), cache 250426/1048576 rows, SSD kept awake by 98 reads (slowest 15.5 ms)
strata serve: expert tiers: GPU 358 hits this request; since the start RAM 173305 blobs, files 0 blobs 0.0 MB read
strata serve: prompt 24671 tokens = 24670 reused + 1 read in 0 ms (14005.6 tok/s), 1 generated in 17 ms (59.6 tok/s), drafts accepted 0 of 0, 2 checkpoints
strata serve: decode expert cache hit rate: 84.6% (402 hits / 475 lookups); 5 more read by the GPU over PCIe or from another GPU (1.0% of all 480 routed)
strata serve: resident RAM: 63.28 GiB of experts in RAM, 0 exchanged with the VRAM tier, 0 blob reads from the file
safetensors residency metrics: ram_bytes=67948118016 os_locked_bytes=0 cuda_pinned_bytes=67948118016 promotions=4913 promoted_payload_bytes=13583541008 expert_file_bytes=0 (cumulative; payload is not a physical PCIe counter)
safetensors ngram metrics: ple io: 594576 rows, 47.7% row-cache hits, 259382 SSD reads (1063.1 MB), read p50 224 us p99 6998 us, blocked 884.635 ms total (submit 3.232 ms), cache 250442/1048576 rows, SSD kept awake by 98 reads (slowest 15.5 ms)
strata serve: expert tiers: GPU 402 hits this request; since the start RAM 173479 blobs, files 0 blobs 0.0 MB read
strata serve: prompt 24672 tokens = 24671 reused + 1 read in 0 ms (6002.4 tok/s), 1 generated in 16 ms (61.4 tok/s), drafts accepted 0 of 0, 2 checkpoints
strata serve: decode expert cache hit rate: 86.9% (413 hits / 475 lookups); 5 more read by the GPU over PCIe or from another GPU (1.0% of all 480 routed)
strata serve: resident RAM: 63.28 GiB of experts in RAM, 0 exchanged with the VRAM tier, 0 blob reads from the file
safetensors residency metrics: ram_bytes=67948118016 os_locked_bytes=0 cuda_pinned_bytes=67948118016 promotions=5009 promoted_payload_bytes=13848963344 expert_file_bytes=0 (cumulative; payload is not a physical PCIe counter)
safetensors ngram metrics: ple io: 594592 rows, 47.7% row-cache hits, 259390 SSD reads (1063.1 MB), read p50 224 us p99 6998 us, blocked 885.893 ms total (submit 3.246 ms), cache 250450/1048576 rows, SSD kept awake by 98 reads (slowest 15.5 ms)
strata serve: expert tiers: GPU 413 hits this request; since the start RAM 173546 blobs, files 0 blobs 0.0 MB read
strata serve: prompt 24673 tokens = 24672 reused + 1 read in 0 ms (12658.2 tok/s), 1 generated in 16 ms (64.3 tok/s), drafts accepted 0 of 0, 2 checkpoints
strata serve: decode expert cache hit rate: 82.9% (394 hits / 475 lookups); 5 more read by the GPU over PCIe or from another GPU (1.0% of all 480 routed)
strata serve: resident RAM: 63.28 GiB of experts in RAM, 0 exchanged with the VRAM tier, 0 blob reads from the file
safetensors residency metrics: ram_bytes=67948118016 os_locked_bytes=0 cuda_pinned_bytes=67948118016 promotions=5009 promoted_payload_bytes=13848963344 expert_file_bytes=0 (cumulative; payload is not a physical PCIe counter)
safetensors ngram metrics: ple io: 594608 rows, 47.7% row-cache hits, 259406 SSD reads (1063.2 MB), read p50 224 us p99 6998 us, blocked 885.893 ms total (submit 3.259 ms), cache 250466/1048576 rows, SSD kept awake by 98 reads (slowest 15.5 ms)
strata serve: expert tiers: GPU 394 hits this request; since the start RAM 173632 blobs, files 0 blobs 0.0 MB read
strata serve: prompt 24674 tokens = 24673 reused + 1 read in 0 ms (13642.6 tok/s), 1 generated in 14 ms (69.8 tok/s), drafts accepted 0 of 0, 2 checkpoints
strata serve: decode expert cache hit rate: 90.6% (433 hits / 478 lookups); 2 more read by the GPU over PCIe or from another GPU (0.4% of all 480 routed)
strata serve: resident RAM: 63.28 GiB of experts in RAM, 0 exchanged with the VRAM tier, 0 blob reads from the file
safetensors residency metrics: ram_bytes=67948118016 os_locked_bytes=0 cuda_pinned_bytes=67948118016 promotions=5009 promoted_payload_bytes=13848963344 expert_file_bytes=0 (cumulative; payload is not a physical PCIe counter)
safetensors ngram metrics: ple io: 594624 rows, 47.7% row-cache hits, 259422 SSD reads (1063.3 MB), read p50 224 us p99 6998 us, blocked 885.893 ms total (submit 3.273 ms), cache 250482/1048576 rows, SSD kept awake by 98 reads (slowest 15.5 ms)
strata serve: expert tiers: GPU 433 hits this request; since the start RAM 173679 blobs, files 0 blobs 0.0 MB read
strata serve: prompt 24675 tokens = 24674 reused + 1 read in 0 ms (14409.2 tok/s), 1 generated in 20 ms (51.0 tok/s), drafts accepted 0 of 0, 2 checkpoints
strata serve: decode expert cache hit rate: 83.6% (392 hits / 469 lookups); 11 more read by the GPU over PCIe or from another GPU (2.3% of all 480 routed)
strata serve: resident RAM: 63.28 GiB of experts in RAM, 0 exchanged with the VRAM tier, 0 blob reads from the file
safetensors residency metrics: ram_bytes=67948118016 os_locked_bytes=0 cuda_pinned_bytes=67948118016 promotions=5009 promoted_payload_bytes=13848963344 expert_file_bytes=0 (cumulative; payload is not a physical PCIe counter)
safetensors ngram metrics: ple io: 594640 rows, 47.7% row-cache hits, 259438 SSD reads (1063.3 MB), read p50 224 us p99 6998 us, blocked 889.240 ms total (submit 3.284 ms), cache 250498/1048576 rows, SSD kept awake by 98 reads (slowest 15.5 ms)
strata serve: expert tiers: GPU 392 hits this request; since the start RAM 173834 blobs, files 0 blobs 0.0 MB read
strata serve: prompt 24676 tokens = 24675 reused + 1 read in 0 ms (6729.5 tok/s), 1 generated in 15 ms (66.2 tok/s), drafts accepted 0 of 0, 2 checkpoints
strata serve: decode expert cache hit rate: 88.7% (423 hits / 477 lookups); 3 more read by the GPU over PCIe or from another GPU (0.6% of all 480 routed)
strata serve: resident RAM: 63.28 GiB of experts in RAM, 0 exchanged with the VRAM tier, 0 blob reads from the file
safetensors residency metrics: ram_bytes=67948118016 os_locked_bytes=0 cuda_pinned_bytes=67948118016 promotions=5076 promoted_payload_bytes=14034206016 expert_file_bytes=0 (cumulative; payload is not a physical PCIe counter)
safetensors ngram metrics: ple io: 594656 rows, 47.7% row-cache hits, 259454 SSD reads (1063.4 MB), read p50 224 us p99 6998 us, blocked 889.241 ms total (submit 3.301 ms), cache 250514/1048576 rows, SSD kept awake by 98 reads (slowest 15.5 ms)
strata serve: expert tiers: GPU 423 hits this request; since the start RAM 173891 blobs, files 0 blobs 0.0 MB read
strata serve: prompt 24677 tokens = 24676 reused + 1 read in 0 ms (14064.7 tok/s), 1 generated in 15 ms (65.9 tok/s), drafts accepted 0 of 0, 2 checkpoints
strata serve: decode expert cache hit rate: 88.3% (423 hits / 479 lookups); 1 more read by the GPU over PCIe or from another GPU (0.2% of all 480 routed)
strata serve: resident RAM: 63.28 GiB of experts in RAM, 0 exchanged with the VRAM tier, 0 blob reads from the file
safetensors residency metrics: ram_bytes=67948118016 os_locked_bytes=0 cuda_pinned_bytes=67948118016 promotions=5076 promoted_payload_bytes=14034206016 expert_file_bytes=0 (cumulative; payload is not a physical PCIe counter)
safetensors ngram metrics: ple io: 594672 rows, 47.7% row-cache hits, 259462 SSD reads (1063.4 MB), read p50 224 us p99 6998 us, blocked 889.241 ms total (submit 3.314 ms), cache 250522/1048576 rows, SSD kept awake by 98 reads (slowest 15.5 ms)
strata serve: expert tiers: GPU 423 hits this request; since the start RAM 173948 blobs, files 0 blobs 0.0 MB read
strata serve: prompt 24678 tokens = 24677 reused + 1 read in 0 ms (14184.4 tok/s), 1 generated in 15 ms (64.6 tok/s), drafts accepted 0 of 0, 2 checkpoints
strata serve: decode expert cache hit rate: 85.7% (408 hits / 476 lookups); 4 more read by the GPU over PCIe or from another GPU (0.8% of all 480 routed)
strata serve: resident RAM: 63.28 GiB of experts in RAM, 0 exchanged with the VRAM tier, 0 blob reads from the file
safetensors residency metrics: ram_bytes=67948118016 os_locked_bytes=0 cuda_pinned_bytes=67948118016 promotions=5076 promoted_payload_bytes=14034206016 expert_file_bytes=0 (cumulative; payload is not a physical PCIe counter)
safetensors ngram metrics: ple io: 594688 rows, 47.7% row-cache hits, 259478 SSD reads (1063.5 MB), read p50 224 us p99 6998 us, blocked 889.242 ms total (submit 3.329 ms), cache 250538/1048576 rows, SSD kept awake by 98 reads (slowest 15.5 ms)
strata serve: expert tiers: GPU 408 hits this request; since the start RAM 174020 blobs, files 0 blobs 0.0 MB read
strata serve: prompt 24679 tokens = 24678 reused + 1 read in 0 ms (14471.8 tok/s), 1 generated in 17 ms (59.8 tok/s), drafts accepted 0 of 0, 2 checkpoints
strata serve: decode expert cache hit rate: 84.4% (399 hits / 473 lookups); 7 more read by the GPU over PCIe or from another GPU (1.5% of all 480 routed)
strata serve: resident RAM: 63.28 GiB of experts in RAM, 0 exchanged with the VRAM tier, 0 blob reads from the file
safetensors residency metrics: ram_bytes=67948118016 os_locked_bytes=0 cuda_pinned_bytes=67948118016 promotions=5076 promoted_payload_bytes=14034206016 expert_file_bytes=0 (cumulative; payload is not a physical PCIe counter)
safetensors ngram metrics: ple io: 594704 rows, 47.7% row-cache hits, 259486 SSD reads (1063.5 MB), read p50 224 us p99 6998 us, blocked 889.242 ms total (submit 3.340 ms), cache 250546/1048576 rows, SSD kept awake by 98 reads (slowest 15.5 ms)
strata serve: expert tiers: GPU 399 hits this request; since the start RAM 174149 blobs, files 0 blobs 0.0 MB read
strata serve: prompt 24680 tokens = 24679 reused + 1 read in 0 ms (6426.7 tok/s), 1 generated in 16 ms (64.4 tok/s), drafts accepted 0 of 0, 2 checkpoints
strata serve: decode expert cache hit rate: 81.6% (385 hits / 472 lookups); 8 more read by the GPU over PCIe or from another GPU (1.7% of all 480 routed)
strata serve: resident RAM: 63.28 GiB of experts in RAM, 0 exchanged with the VRAM tier, 0 blob reads from the file
safetensors residency metrics: ram_bytes=67948118016 os_locked_bytes=0 cuda_pinned_bytes=67948118016 promotions=5124 promoted_payload_bytes=14166917184 expert_file_bytes=0 (cumulative; payload is not a physical PCIe counter)
safetensors ngram metrics: ple io: 594720 rows, 47.7% row-cache hits, 259486 SSD reads (1063.5 MB), read p50 224 us p99 6998 us, blocked 889.243 ms total (submit 3.340 ms), cache 250546/1048576 rows, SSD kept awake by 98 reads (slowest 15.5 ms)
strata serve: expert tiers: GPU 385 hits this request; since the start RAM 174244 blobs, files 0 blobs 0.0 MB read
strata serve: prompt 24681 tokens = 24680 reused + 1 read in 0 ms (14124.3 tok/s), 1 generated in 16 ms (63.7 tok/s), drafts accepted 0 of 0, 2 checkpoints
strata serve: decode expert cache hit rate: 80.9% (380 hits / 470 lookups); 10 more read by the GPU over PCIe or from another GPU (2.1% of all 480 routed)
strata serve: resident RAM: 63.28 GiB of experts in RAM, 0 exchanged with the VRAM tier, 0 blob reads from the file
safetensors residency metrics: ram_bytes=67948118016 os_locked_bytes=0 cuda_pinned_bytes=67948118016 promotions=5124 promoted_payload_bytes=14166917184 expert_file_bytes=0 (cumulative; payload is not a physical PCIe counter)
safetensors ngram metrics: ple io: 594736 rows, 47.7% row-cache hits, 259494 SSD reads (1063.6 MB), read p50 224 us p99 6998 us, blocked 889.243 ms total (submit 3.360 ms), cache 250554/1048576 rows, SSD kept awake by 98 reads (slowest 15.5 ms)
strata serve: expert tiers: GPU 380 hits this request; since the start RAM 174344 blobs, files 0 blobs 0.0 MB read
strata serve: prompt 24682 tokens = 24681 reused + 1 read in 0 ms (13793.1 tok/s), 1 generated in 19 ms (52.6 tok/s), drafts accepted 0 of 0, 2 checkpoints
strata serve: decode expert cache hit rate: 70.5% (322 hits / 457 lookups); 23 more read by the GPU over PCIe or from another GPU (4.8% of all 480 routed)
strata serve: resident RAM: 63.28 GiB of experts in RAM, 0 exchanged with the VRAM tier, 0 blob reads from the file
safetensors residency metrics: ram_bytes=67948118016 os_locked_bytes=0 cuda_pinned_bytes=67948118016 promotions=5124 promoted_payload_bytes=14166917184 expert_file_bytes=0 (cumulative; payload is not a physical PCIe counter)
safetensors ngram metrics: ple io: 594752 rows, 47.7% row-cache hits, 259510 SSD reads (1063.6 MB), read p50 224 us p99 6998 us, blocked 890.768 ms total (submit 3.372 ms), cache 250570/1048576 rows, SSD kept awake by 98 reads (slowest 15.5 ms)
strata serve: expert tiers: GPU 322 hits this request; since the start RAM 174502 blobs, files 0 blobs 0.0 MB read
strata serve: prompt 24683 tokens = 24682 reused + 1 read in 0 ms (13624.0 tok/s), 1 generated in 17 ms (60.6 tok/s), drafts accepted 0 of 0, 2 checkpoints
strata serve: decode expert cache hit rate: 83.9% (400 hits / 477 lookups); 3 more read by the GPU over PCIe or from another GPU (0.6% of all 480 routed)
strata serve: resident RAM: 63.28 GiB of experts in RAM, 0 exchanged with the VRAM tier, 0 blob reads from the file
safetensors residency metrics: ram_bytes=67948118016 os_locked_bytes=0 cuda_pinned_bytes=67948118016 promotions=5124 promoted_payload_bytes=14166917184 expert_file_bytes=0 (cumulative; payload is not a physical PCIe counter)
safetensors ngram metrics: ple io: 594768 rows, 47.7% row-cache hits, 259526 SSD reads (1063.7 MB), read p50 224 us p99 6998 us, blocked 890.768 ms total (submit 3.384 ms), cache 250586/1048576 rows, SSD kept awake by 98 reads (slowest 15.5 ms)
strata serve: expert tiers: GPU 400 hits this request; since the start RAM 174655 blobs, files 0 blobs 0.0 MB read
strata serve: prompt 24684 tokens = 24683 reused + 1 read in 0 ms (5899.7 tok/s), 1 generated in 16 ms (61.2 tok/s), drafts accepted 0 of 0, 2 checkpoints
strata serve: decode expert cache hit rate: 75.6% (350 hits / 463 lookups); 17 more read by the GPU over PCIe or from another GPU (3.5% of all 480 routed)
strata serve: resident RAM: 63.28 GiB of experts in RAM, 0 exchanged with the VRAM tier, 0 blob reads from the file
safetensors residency metrics: ram_bytes=67948118016 os_locked_bytes=0 cuda_pinned_bytes=67948118016 promotions=5197 promoted_payload_bytes=14368748752 expert_file_bytes=0 (cumulative; payload is not a physical PCIe counter)
safetensors ngram metrics: ple io: 594784 rows, 47.7% row-cache hits, 259542 SSD reads (1063.8 MB), read p50 224 us p99 6998 us, blocked 890.769 ms total (submit 3.395 ms), cache 250602/1048576 rows, SSD kept awake by 98 reads (slowest 15.5 ms)
strata serve: expert tiers: GPU 350 hits this request; since the start RAM 174785 blobs, files 0 blobs 0.0 MB read
strata serve: prompt 24685 tokens = 24684 reused + 1 read in 0 ms (11160.7 tok/s), 1 generated in 16 ms (61.2 tok/s), drafts accepted 0 of 0, 2 checkpoints
strata serve: decode expert cache hit rate: 86.5% (411 hits / 475 lookups); 5 more read by the GPU over PCIe or from another GPU (1.0% of all 480 routed)
strata serve: resident RAM: 63.28 GiB of experts in RAM, 0 exchanged with the VRAM tier, 0 blob reads from the file
safetensors residency metrics: ram_bytes=67948118016 os_locked_bytes=0 cuda_pinned_bytes=67948118016 promotions=5197 promoted_payload_bytes=14368748752 expert_file_bytes=0 (cumulative; payload is not a physical PCIe counter)
safetensors ngram metrics: ple io: 594800 rows, 47.7% row-cache hits, 259558 SSD reads (1063.8 MB), read p50 224 us p99 6998 us, blocked 891.750 ms total (submit 3.417 ms), cache 250617/1048576 rows, SSD kept awake by 98 reads (slowest 15.5 ms)
strata serve: expert tiers: GPU 411 hits this request; since the start RAM 174854 blobs, files 0 blobs 0.0 MB read
strata serve: prompt 24686 tokens = 24685 reused + 1 read in 0 ms (11862.4 tok/s), 1 generated in 16 ms (62.4 tok/s), drafts accepted 0 of 0, 2 checkpoints
strata serve: decode expert cache hit rate: 82.4% (388 hits / 471 lookups); 9 more read by the GPU over PCIe or from another GPU (1.9% of all 480 routed)
strata serve: resident RAM: 63.28 GiB of experts in RAM, 0 exchanged with the VRAM tier, 0 blob reads from the file
safetensors residency metrics: ram_bytes=67948118016 os_locked_bytes=0 cuda_pinned_bytes=67948118016 promotions=5197 promoted_payload_bytes=14368748752 expert_file_bytes=0 (cumulative; payload is not a physical PCIe counter)
safetensors ngram metrics: ple io: 594816 rows, 47.7% row-cache hits, 259574 SSD reads (1063.9 MB), read p50 224 us p99 6998 us, blocked 892.401 ms total (submit 3.432 ms), cache 250633/1048576 rows, SSD kept awake by 98 reads (slowest 15.5 ms)
strata serve: expert tiers: GPU 388 hits this request; since the start RAM 174946 blobs, files 0 blobs 0.0 MB read
strata serve: prompt 24687 tokens = 24686 reused + 1 read in 0 ms (9058.0 tok/s), 1 generated in 17 ms (58.9 tok/s), drafts accepted 0 of 0, 2 checkpoints
strata serve: decode expert cache hit rate: 80.0% (379 hits / 474 lookups); 6 more read by the GPU over PCIe or from another GPU (1.2% of all 480 routed)
strata serve: resident RAM: 63.28 GiB of experts in RAM, 0 exchanged with the VRAM tier, 0 blob reads from the file
safetensors residency metrics: ram_bytes=67948118016 os_locked_bytes=0 cuda_pinned_bytes=67948118016 promotions=5197 promoted_payload_bytes=14368748752 expert_file_bytes=0 (cumulative; payload is not a physical PCIe counter)
safetensors ngram metrics: ple io: 594832 rows, 47.7% row-cache hits, 259590 SSD reads (1064.0 MB), read p50 224 us p99 6998 us, blocked 892.402 ms total (submit 3.454 ms), cache 250649/1048576 rows, SSD kept awake by 98 reads (slowest 15.5 ms)
strata serve: expert tiers: GPU 379 hits this request; since the start RAM 175123 blobs, files 0 blobs 0.0 MB read
strata serve: prompt 24688 tokens = 24687 reused + 1 read in 0 ms (5665.7 tok/s), 1 generated in 39 ms (25.9 tok/s), drafts accepted 0 of 0, 2 checkpoints
strata serve: decode expert cache hit rate: 79.2% (374 hits / 472 lookups); 8 more read by the GPU over PCIe or from another GPU (1.7% of all 480 routed)
strata serve: resident RAM: 63.28 GiB of experts in RAM, 0 exchanged with the VRAM tier, 0 blob reads from the file
safetensors residency metrics: ram_bytes=67948118016 os_locked_bytes=0 cuda_pinned_bytes=67948118016 promotions=5273 promoted_payload_bytes=14578874768 expert_file_bytes=0 (cumulative; payload is not a physical PCIe counter)
safetensors ngram metrics: ple io: 594848 rows, 47.7% row-cache hits, 259606 SSD reads (1064.0 MB), read p50 224 us p99 6998 us, blocked 892.403 ms total (submit 3.479 ms), cache 250665/1048576 rows, SSD kept awake by 98 reads (slowest 15.5 ms)
strata serve: expert tiers: GPU 374 hits this request; since the start RAM 175229 blobs, files 0 blobs 0.0 MB read
strata serve: prompt 24689 tokens = 24688 reused + 1 read in 0 ms (11248.6 tok/s), 1 generated in 16 ms (61.3 tok/s), drafts accepted 0 of 0, 2 checkpoints
strata serve: decode expert cache hit rate: 78.3% (367 hits / 469 lookups); 11 more read by the GPU over PCIe or from another GPU (2.3% of all 480 routed)
strata serve: resident RAM: 63.28 GiB of experts in RAM, 0 exchanged with the VRAM tier, 0 blob reads from the file
safetensors residency metrics: ram_bytes=67948118016 os_locked_bytes=0 cuda_pinned_bytes=67948118016 promotions=5273 promoted_payload_bytes=14578874768 expert_file_bytes=0 (cumulative; payload is not a physical PCIe counter)
safetensors ngram metrics: ple io: 594864 rows, 47.7% row-cache hits, 259614 SSD reads (1064.1 MB), read p50 224 us p99 6998 us, blocked 892.491 ms total (submit 3.492 ms), cache 250673/1048576 rows, SSD kept awake by 98 reads (slowest 15.5 ms)
strata serve: expert tiers: GPU 367 hits this request; since the start RAM 175342 blobs, files 0 blobs 0.0 MB read
safetensors: post-residency expert source bytes=0
safetensors: post-residency MTP source bytes=0
