[strata] 2026-10-10 13:52:10 engine started: G:\Strata\Strata-Safetensors\build-native-engine\strata-efficiency5.exe --serve --model D:\迅雷下载\Qwen3.8-flash-next-nvfp4 --max-context 4096 --prefill 256 --expert-cache 4500 --vram-reserve-mib 2048 --spec 2 --suffix-draft 0 --pcie-frac 0.25 --pcie-mode kernel --kv int8 --no-prefill-borrow --adapt-every 0 --adapt-swaps 0 --conversation-cache-mib 4096 --conversation-cache-slots 4 --prompt-cache 6 --stats --check-logits --expert-profile G:\Strata\Strata-Safetensors\data\expert-profile.bin --mtp native --mtp-max-t 1 --spec-min-p 0 --pool-tasks 40
strata generate: native pack:  experts (largest blob 2.76 MB), token embedding BF16 in mapped host memory (1212 MiB, 1.7 s)
strata generate: 7016 MiB of weights loaded from  in 10.0 s (1 canonical tensors skipped: served natively)
strata generate: GPU 0: NVIDIA GeForce RTX 5090, compute capability 12.0
strata generate: the SSD is kept awake while rows are read: one page of the table after 100 ms without a read, until 60 s after the last request (STRATA_SSD_KEEPALIVE=0 turns it off)
strata generate: profile G:\Strata\Strata-Safetensors\data\expert-profile.bin: 24576 ranked pairs, built for 24576 slots
safetensors MTP: 29 dense tensors, 512 original FP8 experts; 2573.1 MiB, no requantization
strata mtp: original safetensors draft, 2576 MiB total VRAM, startup 2.11 s
strata generate: native BF16 head, 1271398400 bytes, in 1.4 s
safetensors: allocating 63.282 GiB expert RAM (CUDA pinned); startup batch=64 workers=4
safetensors: expert RAM allocated and locked in 4.98 s
safetensors: resident experts 1/48 layers (elapsed 5.48 s, read 0.41 s, pack 0.07 s)
safetensors: resident experts 2/48 layers (elapsed 5.95 s, read 0.81 s, pack 0.13 s)
safetensors: resident experts 3/48 layers (elapsed 6.41 s, read 1.20 s, pack 0.20 s)
safetensors: resident experts 4/48 layers (elapsed 6.87 s, read 1.59 s, pack 0.27 s)
safetensors: resident experts 5/48 layers (elapsed 7.30 s, read 1.95 s, pack 0.33 s)
safetensors: resident experts 6/48 layers (elapsed 7.74 s, read 2.34 s, pack 0.39 s)
safetensors: resident experts 7/48 layers (elapsed 8.21 s, read 2.74 s, pack 0.46 s)
safetensors: resident experts 8/48 layers (elapsed 8.72 s, read 3.19 s, pack 0.52 s)
safetensors: resident experts 9/48 layers (elapsed 9.15 s, read 3.54 s, pack 0.59 s)
safetensors: resident experts 10/48 layers (elapsed 9.61 s, read 3.95 s, pack 0.65 s)
safetensors: resident experts 11/48 layers (elapsed 10.14 s, read 4.41 s, pack 0.71 s)
safetensors: resident experts 12/48 layers (elapsed 10.66 s, read 4.86 s, pack 0.78 s)
safetensors: resident experts 13/48 layers (elapsed 11.15 s, read 5.29 s, pack 0.84 s)
safetensors: resident experts 14/48 layers (elapsed 11.60 s, read 5.67 s, pack 0.91 s)
safetensors: resident experts 15/48 layers (elapsed 12.03 s, read 6.03 s, pack 0.97 s)
safetensors: resident experts 16/48 layers (elapsed 12.47 s, read 6.41 s, pack 1.04 s)
safetensors: resident experts 17/48 layers (elapsed 12.91 s, read 6.78 s, pack 1.10 s)
safetensors: resident experts 18/48 layers (elapsed 13.34 s, read 7.15 s, pack 1.16 s)
safetensors: resident experts 19/48 layers (elapsed 13.97 s, read 7.72 s, pack 1.23 s)
safetensors: resident experts 20/48 layers (elapsed 14.50 s, read 8.18 s, pack 1.29 s)
safetensors: resident experts 21/48 layers (elapsed 15.02 s, read 8.64 s, pack 1.36 s)
safetensors: resident experts 22/48 layers (elapsed 15.50 s, read 9.05 s, pack 1.42 s)
safetensors: resident experts 23/48 layers (elapsed 15.96 s, read 9.45 s, pack 1.48 s)
safetensors: resident experts 24/48 layers (elapsed 16.47 s, read 9.89 s, pack 1.55 s)
safetensors: resident experts 25/48 layers (elapsed 16.97 s, read 10.33 s, pack 1.61 s)
safetensors: resident experts 26/48 layers (elapsed 17.43 s, read 10.72 s, pack 1.68 s)
safetensors: resident experts 27/48 layers (elapsed 17.88 s, read 11.11 s, pack 1.74 s)
safetensors: resident experts 28/48 layers (elapsed 18.31 s, read 11.47 s, pack 1.80 s)
safetensors: resident experts 29/48 layers (elapsed 20.13 s, read 13.23 s, pack 1.87 s)
safetensors: resident experts 30/48 layers (elapsed 26.30 s, read 19.33 s, pack 1.94 s)
safetensors: resident experts 31/48 layers (elapsed 29.98 s, read 22.94 s, pack 2.00 s)
safetensors: resident experts 32/48 layers (elapsed 34.78 s, read 27.67 s, pack 2.07 s)
safetensors: resident experts 33/48 layers (elapsed 36.66 s, read 29.49 s, pack 2.13 s)
safetensors: resident experts 34/48 layers (elapsed 37.23 s, read 30.00 s, pack 2.20 s)
safetensors: resident experts 35/48 layers (elapsed 37.93 s, read 30.63 s, pack 2.26 s)
safetensors: resident experts 36/48 layers (elapsed 38.62 s, read 31.25 s, pack 2.33 s)
safetensors: resident experts 37/48 layers (elapsed 39.30 s, read 31.87 s, pack 2.39 s)
safetensors: resident experts 38/48 layers (elapsed 39.87 s, read 32.37 s, pack 2.46 s)
safetensors: resident experts 39/48 layers (elapsed 40.54 s, read 32.97 s, pack 2.52 s)
safetensors: resident experts 40/48 layers (elapsed 41.13 s, read 33.50 s, pack 2.59 s)
safetensors: resident experts 41/48 layers (elapsed 41.63 s, read 33.93 s, pack 2.65 s)
safetensors: resident experts 42/48 layers (elapsed 42.21 s, read 34.45 s, pack 2.72 s)
safetensors: resident experts 43/48 layers (elapsed 42.77 s, read 34.94 s, pack 2.78 s)
safetensors: resident experts 44/48 layers (elapsed 43.38 s, read 35.49 s, pack 2.84 s)
safetensors: resident experts 45/48 layers (elapsed 44.02 s, read 36.06 s, pack 2.91 s)
safetensors: resident experts 46/48 layers (elapsed 44.58 s, read 36.55 s, pack 2.98 s)
safetensors: resident experts 47/48 layers (elapsed 45.18 s, read 37.09 s, pack 3.04 s)
safetensors: resident experts 48/48 layers (elapsed 45.84 s, read 37.68 s, pack 3.11 s)
safetensors: 63.282 GiB physically page-locked and GPU-mapped via cudaHostAlloc, 0.0 MiB GPU staging
safetensors: startup weight handles closed; all resident payload reads sealed
safetensors: expert startup complete: 45.84 s, batch=64 workers=4 scratch_peak_mib=168.75 read_s=37.68 pack_s=3.11 source_read_calls=29980
safetensors: all expert weights in locked RAM; expert source reads sealed
strata generate: CPU pool tasks/phase: 40 (capped by rows), participating threads: 16
strata generate: 15 pool workers on logical processors 2,4,6,8,10,12,14,16,18,20,22,24,26,28,30, the host thread on 0 (draining too) (--host-core first)
strata generate: expert cache 4499 slots, 11.59 GiB of VRAM; policy is
strata generate: the GPU computes the experts in the cache; it rounds differently from the CPU,
                 so a reply can differ slightly from a run without the cache (same quality:
                 bench/results/2026-09-27-cache-parity).
                 PROFILE, ranked by routing frequency, no eviction.
strata generate: the profile fill asks for 0 pairs ahead (STRATA_FILL_AHEAD)
strata generate: pre-filled 4499 of 4499 slots from the profile in 0.9 s (13478 MB/s); slot 0 verified
strata generate: R4 hit path ON - resident experts are computed on the GPU
strata generate: 15 expert-pool workers + the host thread
strata generate: session is up (engine 0.1.41)
strata generate: token graph hit path: 4499 resident experts, decided on the device
strata generate: resident RAM mode: 63.28 GiB of experts in RAM (page-locked), 4499 in the GPU cache; adaptive swaps off
strata serve: the prompt path allocates its own buffers (dedicated workspace: --no-prefill-borrow)
strata prefill allocation: requested=256 effective=256 capacity=256 workspace_bytes=291768320 free_vram_bytes=7075430400
strata generate: elastic K/V: 4096 of 4096 cells in VRAM (0.10 of 0.10 GiB); the expert cache (4499 slots) gives the K/V room below slot 4499 as the context grows
strata hc: CUDA0: the hyper-connection read runs as staged (the norm per token and stream, the down projection's activations staged ahead by cp.async); checked bit for bit against the plain read on this card (STRATA_HC_SPLIT=1 or 0 for the earlier ones)
strata verify: window up to 2 tokens, 348.8 MiB of device buffers
strata serve: STRATA_ADAPT_FETCH is off (the adaptive tier is off)
strata serve: 6362 MiB of VRAM free with everything loaded
safetensors: engine ready after 72.31 s from main entry
strata verify: capturing the 2-token window (6362 MiB of VRAM free)
strata: the hyper-connection read v4 (programmatic dependent launch)
strata verify: captured the 2-token window (upload no error, sync no error)
strata verify: capturing the 1-token window (6376 MiB of VRAM free)
strata verify: captured the 1-token window (upload no error, sync no error)
strata serve: prompt 23 tokens = 0 reused + 23 read in 406 ms (56.7 tok/s), 1 generated in 30 ms (33.8 tok/s), drafts accepted 0 of 0, 1 checkpoints
strata serve: decode expert cache hit rate: 54.0% (237 hits / 439 lookups); 41 more read by the GPU over PCIe or from another GPU (8.5% of all 480 routed)
strata serve: resident RAM: 63.28 GiB of experts in RAM, 0 exchanged with the VRAM tier, 0 blob reads from the file
safetensors residency metrics: ram_bytes=67948118016 os_locked_bytes=0 cuda_pinned_bytes=67948118016 promotions=0 promoted_payload_bytes=0 expert_file_bytes=0 (cumulative; payload is not a physical PCIe counter)
safetensors ngram metrics: ple io: 368 rows, 0.0% row-cache hits, 368 SSD reads (1.6 MB), read p50 173 us p99 691 us, blocked 2.464 ms total (submit 0.248 ms), cache 368/1048576 rows
strata serve: expert tiers: GPU 237 hits this request; since the start RAM 10573 blobs, files 0 blobs 0.0 MB read
strata serve: prompt 24 tokens = 23 reused + 1 read in 0 ms (6653.4 tok/s), 1 generated in 20 ms (49.1 tok/s), drafts accepted 0 of 0, 1 checkpoints
strata serve: decode expert cache hit rate: 59.1% (263 hits / 445 lookups); 35 more read by the GPU over PCIe or from another GPU (7.3% of all 480 routed)
strata serve: resident RAM: 63.28 GiB of experts in RAM, 0 exchanged with the VRAM tier, 0 blob reads from the file
safetensors residency metrics: ram_bytes=67948118016 os_locked_bytes=0 cuda_pinned_bytes=67948118016 promotions=0 promoted_payload_bytes=0 expert_file_bytes=0 (cumulative; payload is not a physical PCIe counter)
safetensors ngram metrics: ple io: 384 rows, 0.0% row-cache hits, 384 SSD reads (1.6 MB), read p50 172 us p99 1120 us, blocked 3.742 ms total (submit 0.267 ms), cache 384/1048576 rows
strata serve: expert tiers: GPU 263 hits this request; since the start RAM 10790 blobs, files 0 blobs 0.0 MB read
strata serve: prompt 25 tokens = 24 reused + 1 read in 0 ms (32258.1 tok/s), 1 generated in 22 ms (45.2 tok/s), drafts accepted 0 of 0, 1 checkpoints
strata serve: decode expert cache hit rate: 40.0% (169 hits / 422 lookups); 58 more read by the GPU over PCIe or from another GPU (12.1% of all 480 routed)
strata serve: resident RAM: 63.28 GiB of experts in RAM, 0 exchanged with the VRAM tier, 0 blob reads from the file
safetensors residency metrics: ram_bytes=67948118016 os_locked_bytes=0 cuda_pinned_bytes=67948118016 promotions=0 promoted_payload_bytes=0 expert_file_bytes=0 (cumulative; payload is not a physical PCIe counter)
safetensors ngram metrics: ple io: 400 rows, 0.0% row-cache hits, 400 SSD reads (1.7 MB), read p50 172 us p99 1120 us, blocked 3.742 ms total (submit 0.279 ms), cache 400/1048576 rows
strata serve: expert tiers: GPU 169 hits this request; since the start RAM 11101 blobs, files 0 blobs 0.0 MB read
strata serve: prompt 26 tokens = 25 reused + 1 read in 0 ms (29325.5 tok/s), 1 generated in 23 ms (43.6 tok/s), drafts accepted 0 of 0, 1 checkpoints
strata serve: decode expert cache hit rate: 39.1% (164 hits / 419 lookups); 61 more read by the GPU over PCIe or from another GPU (12.7% of all 480 routed)
strata serve: resident RAM: 63.28 GiB of experts in RAM, 0 exchanged with the VRAM tier, 0 blob reads from the file
safetensors residency metrics: ram_bytes=67948118016 os_locked_bytes=0 cuda_pinned_bytes=67948118016 promotions=0 promoted_payload_bytes=0 expert_file_bytes=0 (cumulative; payload is not a physical PCIe counter)
safetensors ngram metrics: ple io: 416 rows, 1.9% row-cache hits, 408 SSD reads (1.8 MB), read p50 172 us p99 1120 us, blocked 3.743 ms total (submit 0.290 ms), cache 408/1048576 rows
strata serve: expert tiers: GPU 164 hits this request; since the start RAM 11417 blobs, files 0 blobs 0.0 MB read
strata serve: prompt 27 tokens = 26 reused + 1 read in 0 ms (32051.3 tok/s), 1 generated in 21 ms (47.1 tok/s), drafts accepted 0 of 0, 1 checkpoints
strata serve: decode expert cache hit rate: 43.2% (183 hits / 424 lookups); 56 more read by the GPU over PCIe or from another GPU (11.7% of all 480 routed)
strata serve: resident RAM: 63.28 GiB of experts in RAM, 0 exchanged with the VRAM tier, 0 blob reads from the file
safetensors residency metrics: ram_bytes=67948118016 os_locked_bytes=0 cuda_pinned_bytes=67948118016 promotions=0 promoted_payload_bytes=0 expert_file_bytes=0 (cumulative; payload is not a physical PCIe counter)
safetensors ngram metrics: ple io: 432 rows, 5.6% row-cache hits, 408 SSD reads (1.8 MB), read p50 172 us p99 1120 us, blocked 3.743 ms total (submit 0.290 ms), cache 408/1048576 rows
strata serve: expert tiers: GPU 183 hits this request; since the start RAM 11714 blobs, files 0 blobs 0.0 MB read
strata serve: prompt 28 tokens = 27 reused + 1 read in 0 ms (32154.3 tok/s), 1 generated in 20 ms (49.4 tok/s), drafts accepted 0 of 0, 1 checkpoints
strata serve: decode expert cache hit rate: 53.3% (233 hits / 437 lookups); 43 more read by the GPU over PCIe or from another GPU (9.0% of all 480 routed)
strata serve: resident RAM: 63.28 GiB of experts in RAM, 0 exchanged with the VRAM tier, 0 blob reads from the file
safetensors residency metrics: ram_bytes=67948118016 os_locked_bytes=0 cuda_pinned_bytes=67948118016 promotions=0 promoted_payload_bytes=0 expert_file_bytes=0 (cumulative; payload is not a physical PCIe counter)
safetensors ngram metrics: ple io: 448 rows, 8.9% row-cache hits, 408 SSD reads (1.8 MB), read p50 172 us p99 1120 us, blocked 3.743 ms total (submit 0.290 ms), cache 408/1048576 rows
strata serve: expert tiers: GPU 233 hits this request; since the start RAM 11961 blobs, files 0 blobs 0.0 MB read
strata serve: prompt 29 tokens = 28 reused + 1 read in 0 ms (32467.5 tok/s), 1 generated in 20 ms (49.2 tok/s), drafts accepted 0 of 0, 1 checkpoints
strata serve: decode expert cache hit rate: 56.6% (250 hits / 442 lookups); 38 more read by the GPU over PCIe or from another GPU (7.9% of all 480 routed)
strata serve: resident RAM: 63.28 GiB of experts in RAM, 0 exchanged with the VRAM tier, 0 blob reads from the file
safetensors residency metrics: ram_bytes=67948118016 os_locked_bytes=0 cuda_pinned_bytes=67948118016 promotions=0 promoted_payload_bytes=0 expert_file_bytes=0 (cumulative; payload is not a physical PCIe counter)
safetensors ngram metrics: ple io: 464 rows, 8.6% row-cache hits, 424 SSD reads (1.8 MB), read p50 171 us p99 1120 us, blocked 3.744 ms total (submit 0.310 ms), cache 424/1048576 rows, SSD kept awake by 1 reads (slowest 0.1 ms)
strata serve: expert tiers: GPU 250 hits this request; since the start RAM 12191 blobs, files 0 blobs 0.0 MB read
strata serve: prompt 30 tokens = 29 reused + 1 read in 0 ms (32786.9 tok/s), 1 generated in 20 ms (49.1 tok/s), drafts accepted 0 of 0, 1 checkpoints
strata serve: decode expert cache hit rate: 49.0% (211 hits / 431 lookups); 49 more read by the GPU over PCIe or from another GPU (10.2% of all 480 routed)
strata serve: resident RAM: 63.28 GiB of experts in RAM, 0 exchanged with the VRAM tier, 0 blob reads from the file
safetensors residency metrics: ram_bytes=67948118016 os_locked_bytes=0 cuda_pinned_bytes=67948118016 promotions=0 promoted_payload_bytes=0 expert_file_bytes=0 (cumulative; payload is not a physical PCIe counter)
safetensors ngram metrics: ple io: 480 rows, 8.3% row-cache hits, 440 SSD reads (1.9 MB), read p50 170 us p99 1120 us, blocked 3.745 ms total (submit 0.330 ms), cache 440/1048576 rows, SSD kept awake by 1 reads (slowest 0.1 ms)
strata serve: expert tiers: GPU 211 hits this request; since the start RAM 12460 blobs, files 0 blobs 0.0 MB read
strata serve: prompt 31 tokens = 30 reused + 1 read in 0 ms (30487.8 tok/s), 1 generated in 21 ms (48.3 tok/s), drafts accepted 0 of 0, 1 checkpoints
strata serve: decode expert cache hit rate: 47.1% (201 hits / 427 lookups); 53 more read by the GPU over PCIe or from another GPU (11.0% of all 480 routed)
strata serve: resident RAM: 63.28 GiB of experts in RAM, 0 exchanged with the VRAM tier, 0 blob reads from the file
safetensors residency metrics: ram_bytes=67948118016 os_locked_bytes=0 cuda_pinned_bytes=67948118016 promotions=0 promoted_payload_bytes=0 expert_file_bytes=0 (cumulative; payload is not a physical PCIe counter)
safetensors ngram metrics: ple io: 496 rows, 8.1% row-cache hits, 456 SSD reads (2.0 MB), read p50 169 us p99 969 us, blocked 3.745 ms total (submit 0.347 ms), cache 456/1048576 rows, SSD kept awake by 1 reads (slowest 0.1 ms)
strata serve: expert tiers: GPU 201 hits this request; since the start RAM 12739 blobs, files 0 blobs 0.0 MB read
strata serve: prompt 32 tokens = 31 reused + 1 read in 0 ms (25445.3 tok/s), 1 generated in 21 ms (47.5 tok/s), drafts accepted 0 of 0, 1 checkpoints
strata serve: decode expert cache hit rate: 56.8% (252 hits / 444 lookups); 36 more read by the GPU over PCIe or from another GPU (7.5% of all 480 routed)
strata serve: resident RAM: 63.28 GiB of experts in RAM, 0 exchanged with the VRAM tier, 0 blob reads from the file
safetensors residency metrics: ram_bytes=67948118016 os_locked_bytes=0 cuda_pinned_bytes=67948118016 promotions=0 promoted_payload_bytes=0 expert_file_bytes=0 (cumulative; payload is not a physical PCIe counter)
safetensors ngram metrics: ple io: 512 rows, 7.8% row-cache hits, 472 SSD reads (2.0 MB), read p50 168 us p99 969 us, blocked 3.746 ms total (submit 0.367 ms), cache 472/1048576 rows, SSD kept awake by 1 reads (slowest 0.1 ms)
strata serve: expert tiers: GPU 252 hits this request; since the start RAM 12967 blobs, files 0 blobs 0.0 MB read
strata serve: prompt 33 tokens = 32 reused + 1 read in 0 ms (27855.2 tok/s), 1 generated in 22 ms (45.8 tok/s), drafts accepted 0 of 0, 1 checkpoints
strata serve: decode expert cache hit rate: 42.4% (180 hits / 425 lookups); 55 more read by the GPU over PCIe or from another GPU (11.5% of all 480 routed)
strata serve: resident RAM: 63.28 GiB of experts in RAM, 0 exchanged with the VRAM tier, 0 blob reads from the file
safetensors residency metrics: ram_bytes=67948118016 os_locked_bytes=0 cuda_pinned_bytes=67948118016 promotions=0 promoted_payload_bytes=0 expert_file_bytes=0 (cumulative; payload is not a physical PCIe counter)
safetensors ngram metrics: ple io: 528 rows, 7.6% row-cache hits, 488 SSD reads (2.1 MB), read p50 168 us p99 969 us, blocked 3.746 ms total (submit 0.381 ms), cache 488/1048576 rows, SSD kept awake by 1 reads (slowest 0.1 ms)
strata serve: expert tiers: GPU 180 hits this request; since the start RAM 13267 blobs, files 0 blobs 0.0 MB read
strata serve: prompt 34 tokens = 33 reused + 1 read in 0 ms (33222.6 tok/s), 1 generated in 23 ms (43.4 tok/s), drafts accepted 0 of 0, 1 checkpoints
strata serve: decode expert cache hit rate: 45.7% (193 hits / 422 lookups); 58 more read by the GPU over PCIe or from another GPU (12.1% of all 480 routed)
strata serve: resident RAM: 63.28 GiB of experts in RAM, 0 exchanged with the VRAM tier, 0 blob reads from the file
safetensors residency metrics: ram_bytes=67948118016 os_locked_bytes=0 cuda_pinned_bytes=67948118016 promotions=0 promoted_payload_bytes=0 expert_file_bytes=0 (cumulative; payload is not a physical PCIe counter)
safetensors ngram metrics: ple io: 544 rows, 7.4% row-cache hits, 504 SSD reads (2.2 MB), read p50 167 us p99 969 us, blocked 3.747 ms total (submit 0.406 ms), cache 504/1048576 rows, SSD kept awake by 1 reads (slowest 0.1 ms)
strata serve: expert tiers: GPU 193 hits this request; since the start RAM 13554 blobs, files 0 blobs 0.0 MB read
strata serve: prompt 35 tokens = 34 reused + 1 read in 0 ms (28571.4 tok/s), 1 generated in 25 ms (39.8 tok/s), drafts accepted 0 of 0, 1 checkpoints
strata serve: decode expert cache hit rate: 39.1% (164 hits / 419 lookups); 61 more read by the GPU over PCIe or from another GPU (12.7% of all 480 routed)
strata serve: resident RAM: 63.28 GiB of experts in RAM, 0 exchanged with the VRAM tier, 0 blob reads from the file
safetensors residency metrics: ram_bytes=67948118016 os_locked_bytes=0 cuda_pinned_bytes=67948118016 promotions=0 promoted_payload_bytes=0 expert_file_bytes=0 (cumulative; payload is not a physical PCIe counter)
safetensors ngram metrics: ple io: 560 rows, 7.1% row-cache hits, 520 SSD reads (2.2 MB), read p50 166 us p99 969 us, blocked 3.747 ms total (submit 0.424 ms), cache 520/1048576 rows, SSD kept awake by 1 reads (slowest 0.1 ms)
strata serve: expert tiers: GPU 164 hits this request; since the start RAM 13870 blobs, files 0 blobs 0.0 MB read
strata serve: prompt 36 tokens = 35 reused + 1 read in 0 ms (30395.1 tok/s), 1 generated in 21 ms (46.7 tok/s), drafts accepted 0 of 0, 1 checkpoints
strata serve: decode expert cache hit rate: 47.1% (200 hits / 425 lookups); 55 more read by the GPU over PCIe or from another GPU (11.5% of all 480 routed)
strata serve: resident RAM: 63.28 GiB of experts in RAM, 0 exchanged with the VRAM tier, 0 blob reads from the file
safetensors residency metrics: ram_bytes=67948118016 os_locked_bytes=0 cuda_pinned_bytes=67948118016 promotions=0 promoted_payload_bytes=0 expert_file_bytes=0 (cumulative; payload is not a physical PCIe counter)
safetensors ngram metrics: ple io: 576 rows, 6.9% row-cache hits, 536 SSD reads (2.3 MB), read p50 165 us p99 969 us, blocked 3.748 ms total (submit 0.436 ms), cache 536/1048576 rows, SSD kept awake by 1 reads (slowest 0.1 ms)
strata serve: expert tiers: GPU 200 hits this request; since the start RAM 14150 blobs, files 0 blobs 0.0 MB read
strata serve: prompt 37 tokens = 36 reused + 1 read in 0 ms (30395.1 tok/s), 1 generated in 20 ms (49.8 tok/s), drafts accepted 0 of 0, 1 checkpoints
strata serve: decode expert cache hit rate: 60.0% (265 hits / 442 lookups); 38 more read by the GPU over PCIe or from another GPU (7.9% of all 480 routed)
strata serve: resident RAM: 63.28 GiB of experts in RAM, 0 exchanged with the VRAM tier, 0 blob reads from the file
safetensors residency metrics: ram_bytes=67948118016 os_locked_bytes=0 cuda_pinned_bytes=67948118016 promotions=0 promoted_payload_bytes=0 expert_file_bytes=0 (cumulative; payload is not a physical PCIe counter)
safetensors ngram metrics: ple io: 592 rows, 6.8% row-cache hits, 552 SSD reads (2.4 MB), read p50 166 us p99 966 us, blocked 3.748 ms total (submit 0.450 ms), cache 552/1048576 rows, SSD kept awake by 1 reads (slowest 0.1 ms)
strata serve: expert tiers: GPU 265 hits this request; since the start RAM 14365 blobs, files 0 blobs 0.0 MB read
strata serve: prompt 38 tokens = 37 reused + 1 read in 0 ms (32573.3 tok/s), 1 generated in 18 ms (57.1 tok/s), drafts accepted 0 of 0, 1 checkpoints
strata serve: decode expert cache hit rate: 70.2% (323 hits / 460 lookups); 20 more read by the GPU over PCIe or from another GPU (4.2% of all 480 routed)
strata serve: resident RAM: 63.28 GiB of experts in RAM, 0 exchanged with the VRAM tier, 0 blob reads from the file
safetensors residency metrics: ram_bytes=67948118016 os_locked_bytes=0 cuda_pinned_bytes=67948118016 promotions=0 promoted_payload_bytes=0 expert_file_bytes=0 (cumulative; payload is not a physical PCIe counter)
safetensors ngram metrics: ple io: 608 rows, 6.6% row-cache hits, 568 SSD reads (2.4 MB), read p50 165 us p99 966 us, blocked 3.749 ms total (submit 0.473 ms), cache 568/1048576 rows, SSD kept awake by 1 reads (slowest 0.1 ms)
strata serve: expert tiers: GPU 323 hits this request; since the start RAM 14522 blobs, files 0 blobs 0.0 MB read
strata serve: prompt 39 tokens = 38 reused + 1 read in 0 ms (30864.2 tok/s), 1 generated in 19 ms (51.6 tok/s), drafts accepted 0 of 0, 1 checkpoints
strata serve: decode expert cache hit rate: 63.8% (286 hits / 448 lookups); 32 more read by the GPU over PCIe or from another GPU (6.7% of all 480 routed)
strata serve: resident RAM: 63.28 GiB of experts in RAM, 0 exchanged with the VRAM tier, 0 blob reads from the file
safetensors residency metrics: ram_bytes=67948118016 os_locked_bytes=0 cuda_pinned_bytes=67948118016 promotions=0 promoted_payload_bytes=0 expert_file_bytes=0 (cumulative; payload is not a physical PCIe counter)
safetensors ngram metrics: ple io: 624 rows, 6.4% row-cache hits, 584 SSD reads (2.5 MB), read p50 165 us p99 966 us, blocked 3.749 ms total (submit 0.488 ms), cache 584/1048576 rows, SSD kept awake by 1 reads (slowest 0.1 ms)
strata serve: expert tiers: GPU 286 hits this request; since the start RAM 14716 blobs, files 0 blobs 0.0 MB read
strata serve: prompt 40 tokens = 39 reused + 1 read in 0 ms (30674.8 tok/s), 1 generated in 18 ms (54.2 tok/s), drafts accepted 0 of 0, 1 checkpoints
strata serve: decode expert cache hit rate: 63.8% (287 hits / 450 lookups); 30 more read by the GPU over PCIe or from another GPU (6.2% of all 480 routed)
strata serve: resident RAM: 63.28 GiB of experts in RAM, 0 exchanged with the VRAM tier, 0 blob reads from the file
safetensors residency metrics: ram_bytes=67948118016 os_locked_bytes=0 cuda_pinned_bytes=67948118016 promotions=0 promoted_payload_bytes=0 expert_file_bytes=0 (cumulative; payload is not a physical PCIe counter)
safetensors ngram metrics: ple io: 640 rows, 6.2% row-cache hits, 600 SSD reads (2.6 MB), read p50 164 us p99 966 us, blocked 3.750 ms total (submit 0.509 ms), cache 600/1048576 rows, SSD kept awake by 1 reads (slowest 0.1 ms)
strata serve: expert tiers: GPU 287 hits this request; since the start RAM 14909 blobs, files 0 blobs 0.0 MB read
strata serve: prompt 41 tokens = 40 reused + 1 read in 0 ms (27548.2 tok/s), 1 generated in 27 ms (37.4 tok/s), drafts accepted 0 of 0, 1 checkpoints
strata serve: decode expert cache hit rate: 53.3% (233 hits / 437 lookups); 43 more read by the GPU over PCIe or from another GPU (9.0% of all 480 routed)
strata serve: resident RAM: 63.28 GiB of experts in RAM, 0 exchanged with the VRAM tier, 0 blob reads from the file
safetensors residency metrics: ram_bytes=67948118016 os_locked_bytes=0 cuda_pinned_bytes=67948118016 promotions=0 promoted_payload_bytes=0 expert_file_bytes=0 (cumulative; payload is not a physical PCIe counter)
safetensors ngram metrics: ple io: 656 rows, 6.1% row-cache hits, 616 SSD reads (2.6 MB), read p50 164 us p99 1120 us, blocked 6.237 ms total (submit 0.523 ms), cache 616/1048576 rows, SSD kept awake by 1 reads (slowest 0.1 ms)
strata serve: expert tiers: GPU 233 hits this request; since the start RAM 15156 blobs, files 0 blobs 0.0 MB read
strata serve: prompt 42 tokens = 41 reused + 1 read in 0 ms (25316.5 tok/s), 1 generated in 23 ms (44.2 tok/s), drafts accepted 0 of 0, 1 checkpoints
strata serve: decode expert cache hit rate: 47.7% (204 hits / 428 lookups); 52 more read by the GPU over PCIe or from another GPU (10.8% of all 480 routed)
strata serve: resident RAM: 63.28 GiB of experts in RAM, 0 exchanged with the VRAM tier, 0 blob reads from the file
safetensors residency metrics: ram_bytes=67948118016 os_locked_bytes=0 cuda_pinned_bytes=67948118016 promotions=0 promoted_payload_bytes=0 expert_file_bytes=0 (cumulative; payload is not a physical PCIe counter)
safetensors ngram metrics: ple io: 672 rows, 6.0% row-cache hits, 632 SSD reads (2.7 MB), read p50 163 us p99 1120 us, blocked 6.238 ms total (submit 0.537 ms), cache 632/1048576 rows, SSD kept awake by 1 reads (slowest 0.1 ms)
strata serve: expert tiers: GPU 204 hits this request; since the start RAM 15432 blobs, files 0 blobs 0.0 MB read
strata serve: prompt 43 tokens = 42 reused + 1 read in 0 ms (28985.5 tok/s), 1 generated in 22 ms (44.8 tok/s), drafts accepted 0 of 0, 1 checkpoints
strata serve: decode expert cache hit rate: 44.5% (189 hits / 425 lookups); 55 more read by the GPU over PCIe or from another GPU (11.5% of all 480 routed)
strata serve: resident RAM: 63.28 GiB of experts in RAM, 0 exchanged with the VRAM tier, 0 blob reads from the file
safetensors residency metrics: ram_bytes=67948118016 os_locked_bytes=0 cuda_pinned_bytes=67948118016 promotions=0 promoted_payload_bytes=0 expert_file_bytes=0 (cumulative; payload is not a physical PCIe counter)
safetensors ngram metrics: ple io: 688 rows, 5.8% row-cache hits, 648 SSD reads (2.8 MB), read p50 164 us p99 1120 us, blocked 6.238 ms total (submit 0.556 ms), cache 648/1048576 rows, SSD kept awake by 1 reads (slowest 0.1 ms)
strata serve: expert tiers: GPU 189 hits this request; since the start RAM 15723 blobs, files 0 blobs 0.0 MB read
strata serve: prompt 44 tokens = 43 reused + 1 read in 0 ms (28328.6 tok/s), 1 generated in 20 ms (50.3 tok/s), drafts accepted 0 of 0, 1 checkpoints
strata serve: decode expert cache hit rate: 57.7% (255 hits / 442 lookups); 38 more read by the GPU over PCIe or from another GPU (7.9% of all 480 routed)
strata serve: resident RAM: 63.28 GiB of experts in RAM, 0 exchanged with the VRAM tier, 0 blob reads from the file
safetensors residency metrics: ram_bytes=67948118016 os_locked_bytes=0 cuda_pinned_bytes=67948118016 promotions=0 promoted_payload_bytes=0 expert_file_bytes=0 (cumulative; payload is not a physical PCIe counter)
safetensors ngram metrics: ple io: 704 rows, 5.7% row-cache hits, 664 SSD reads (2.8 MB), read p50 165 us p99 969 us, blocked 6.239 ms total (submit 0.570 ms), cache 664/1048576 rows, SSD kept awake by 1 reads (slowest 0.1 ms)
strata serve: expert tiers: GPU 255 hits this request; since the start RAM 15948 blobs, files 0 blobs 0.0 MB read
strata serve: prompt 45 tokens = 44 reused + 1 read in 0 ms (30303.0 tok/s), 1 generated in 19 ms (52.9 tok/s), drafts accepted 0 of 0, 1 checkpoints
strata serve: decode expert cache hit rate: 57.9% (254 hits / 439 lookups); 41 more read by the GPU over PCIe or from another GPU (8.5% of all 480 routed)
strata serve: resident RAM: 63.28 GiB of experts in RAM, 0 exchanged with the VRAM tier, 0 blob reads from the file
safetensors residency metrics: ram_bytes=67948118016 os_locked_bytes=0 cuda_pinned_bytes=67948118016 promotions=0 promoted_payload_bytes=0 expert_file_bytes=0 (cumulative; payload is not a physical PCIe counter)
safetensors ngram metrics: ple io: 720 rows, 5.6% row-cache hits, 680 SSD reads (2.9 MB), read p50 164 us p99 969 us, blocked 6.239 ms total (submit 0.589 ms), cache 680/1048576 rows, SSD kept awake by 1 reads (slowest 0.1 ms)
strata serve: expert tiers: GPU 254 hits this request; since the start RAM 16174 blobs, files 0 blobs 0.0 MB read
strata serve: prompt 46 tokens = 45 reused + 1 read in 0 ms (30211.5 tok/s), 1 generated in 20 ms (51.1 tok/s), drafts accepted 0 of 0, 1 checkpoints
strata serve: decode expert cache hit rate: 56.9% (252 hits / 443 lookups); 37 more read by the GPU over PCIe or from another GPU (7.7% of all 480 routed)
strata serve: resident RAM: 63.28 GiB of experts in RAM, 0 exchanged with the VRAM tier, 0 blob reads from the file
safetensors residency metrics: ram_bytes=67948118016 os_locked_bytes=0 cuda_pinned_bytes=67948118016 promotions=0 promoted_payload_bytes=0 expert_file_bytes=0 (cumulative; payload is not a physical PCIe counter)
safetensors ngram metrics: ple io: 736 rows, 5.4% row-cache hits, 696 SSD reads (3.0 MB), read p50 164 us p99 969 us, blocked 6.239 ms total (submit 0.607 ms), cache 696/1048576 rows, SSD kept awake by 1 reads (slowest 0.1 ms)
strata serve: expert tiers: GPU 252 hits this request; since the start RAM 16402 blobs, files 0 blobs 0.0 MB read
strata serve: prompt 47 tokens = 46 reused + 1 read in 0 ms (29325.5 tok/s), 1 generated in 19 ms (51.4 tok/s), drafts accepted 0 of 0, 1 checkpoints
strata serve: decode expert cache hit rate: 57.5% (252 hits / 438 lookups); 42 more read by the GPU over PCIe or from another GPU (8.8% of all 480 routed)
strata serve: resident RAM: 63.28 GiB of experts in RAM, 0 exchanged with the VRAM tier, 0 blob reads from the file
safetensors residency metrics: ram_bytes=67948118016 os_locked_bytes=0 cuda_pinned_bytes=67948118016 promotions=0 promoted_payload_bytes=0 expert_file_bytes=0 (cumulative; payload is not a physical PCIe counter)
safetensors ngram metrics: ple io: 752 rows, 5.3% row-cache hits, 712 SSD reads (3.0 MB), read p50 164 us p99 969 us, blocked 6.240 ms total (submit 0.620 ms), cache 712/1048576 rows, SSD kept awake by 1 reads (slowest 0.1 ms)
strata serve: expert tiers: GPU 252 hits this request; since the start RAM 16630 blobs, files 0 blobs 0.0 MB read
strata serve: prompt 48 tokens = 47 reused + 1 read in 0 ms (29325.5 tok/s), 1 generated in 19 ms (52.3 tok/s), drafts accepted 0 of 0, 1 checkpoints
strata serve: decode expert cache hit rate: 61.4% (277 hits / 451 lookups); 29 more read by the GPU over PCIe or from another GPU (6.0% of all 480 routed)
strata serve: resident RAM: 63.28 GiB of experts in RAM, 0 exchanged with the VRAM tier, 0 blob reads from the file
safetensors residency metrics: ram_bytes=67948118016 os_locked_bytes=0 cuda_pinned_bytes=67948118016 promotions=0 promoted_payload_bytes=0 expert_file_bytes=0 (cumulative; payload is not a physical PCIe counter)
safetensors ngram metrics: ple io: 768 rows, 5.2% row-cache hits, 728 SSD reads (3.1 MB), read p50 163 us p99 969 us, blocked 6.240 ms total (submit 0.641 ms), cache 728/1048576 rows, SSD kept awake by 1 reads (slowest 0.1 ms)
strata serve: expert tiers: GPU 277 hits this request; since the start RAM 16833 blobs, files 0 blobs 0.0 MB read
strata serve: prompt 49 tokens = 48 reused + 1 read in 0 ms (30487.8 tok/s), 1 generated in 19 ms (53.0 tok/s), drafts accepted 0 of 0, 1 checkpoints
strata serve: decode expert cache hit rate: 59.5% (261 hits / 439 lookups); 41 more read by the GPU over PCIe or from another GPU (8.5% of all 480 routed)
strata serve: resident RAM: 63.28 GiB of experts in RAM, 0 exchanged with the VRAM tier, 0 blob reads from the file
safetensors residency metrics: ram_bytes=67948118016 os_locked_bytes=0 cuda_pinned_bytes=67948118016 promotions=0 promoted_payload_bytes=0 expert_file_bytes=0 (cumulative; payload is not a physical PCIe counter)
safetensors ngram metrics: ple io: 784 rows, 5.1% row-cache hits, 744 SSD reads (3.2 MB), read p50 161 us p99 969 us, blocked 6.241 ms total (submit 0.661 ms), cache 744/1048576 rows, SSD kept awake by 1 reads (slowest 0.1 ms)
strata serve: expert tiers: GPU 261 hits this request; since the start RAM 17052 blobs, files 0 blobs 0.0 MB read
strata serve: prompt 50 tokens = 49 reused + 1 read in 0 ms (29411.8 tok/s), 1 generated in 20 ms (50.2 tok/s), drafts accepted 0 of 0, 1 checkpoints
strata serve: decode expert cache hit rate: 53.8% (234 hits / 435 lookups); 45 more read by the GPU over PCIe or from another GPU (9.4% of all 480 routed)
strata serve: resident RAM: 63.28 GiB of experts in RAM, 0 exchanged with the VRAM tier, 0 blob reads from the file
safetensors residency metrics: ram_bytes=67948118016 os_locked_bytes=0 cuda_pinned_bytes=67948118016 promotions=0 promoted_payload_bytes=0 expert_file_bytes=0 (cumulative; payload is not a physical PCIe counter)
safetensors ngram metrics: ple io: 800 rows, 5.0% row-cache hits, 760 SSD reads (3.2 MB), read p50 161 us p99 966 us, blocked 6.241 ms total (submit 0.676 ms), cache 760/1048576 rows, SSD kept awake by 1 reads (slowest 0.1 ms)
strata serve: expert tiers: GPU 234 hits this request; since the start RAM 17298 blobs, files 0 blobs 0.0 MB read
strata serve: prompt 51 tokens = 50 reused + 1 read in 0 ms (28985.5 tok/s), 1 generated in 21 ms (48.1 tok/s), drafts accepted 0 of 0, 1 checkpoints
strata serve: decode expert cache hit rate: 51.9% (227 hits / 437 lookups); 43 more read by the GPU over PCIe or from another GPU (9.0% of all 480 routed)
strata serve: resident RAM: 63.28 GiB of experts in RAM, 0 exchanged with the VRAM tier, 0 blob reads from the file
safetensors residency metrics: ram_bytes=67948118016 os_locked_bytes=0 cuda_pinned_bytes=67948118016 promotions=0 promoted_payload_bytes=0 expert_file_bytes=0 (cumulative; payload is not a physical PCIe counter)
safetensors ngram metrics: ple io: 816 rows, 4.9% row-cache hits, 776 SSD reads (3.3 MB), read p50 161 us p99 966 us, blocked 6.263 ms total (submit 0.689 ms), cache 776/1048576 rows, SSD kept awake by 1 reads (slowest 0.1 ms)
strata serve: expert tiers: GPU 227 hits this request; since the start RAM 17551 blobs, files 0 blobs 0.0 MB read
strata serve: prompt 52 tokens = 51 reused + 1 read in 0 ms (27700.8 tok/s), 1 generated in 22 ms (46.0 tok/s), drafts accepted 0 of 0, 1 checkpoints
strata serve: decode expert cache hit rate: 39.7% (167 hits / 421 lookups); 59 more read by the GPU over PCIe or from another GPU (12.3% of all 480 routed)
strata serve: resident RAM: 63.28 GiB of experts in RAM, 0 exchanged with the VRAM tier, 0 blob reads from the file
safetensors residency metrics: ram_bytes=67948118016 os_locked_bytes=0 cuda_pinned_bytes=67948118016 promotions=0 promoted_payload_bytes=0 expert_file_bytes=0 (cumulative; payload is not a physical PCIe counter)
safetensors ngram metrics: ple io: 832 rows, 4.8% row-cache hits, 792 SSD reads (3.4 MB), read p50 160 us p99 966 us, blocked 6.263 ms total (submit 0.702 ms), cache 792/1048576 rows, SSD kept awake by 1 reads (slowest 0.1 ms)
strata serve: expert tiers: GPU 167 hits this request; since the start RAM 17864 blobs, files 0 blobs 0.0 MB read
strata serve: prompt 53 tokens = 52 reused + 1 read in 0 ms (27322.4 tok/s), 1 generated in 21 ms (47.8 tok/s), drafts accepted 0 of 0, 1 checkpoints
strata serve: decode expert cache hit rate: 56.9% (251 hits / 441 lookups); 39 more read by the GPU over PCIe or from another GPU (8.1% of all 480 routed)
strata serve: resident RAM: 63.28 GiB of experts in RAM, 0 exchanged with the VRAM tier, 0 blob reads from the file
safetensors residency metrics: ram_bytes=67948118016 os_locked_bytes=0 cuda_pinned_bytes=67948118016 promotions=0 promoted_payload_bytes=0 expert_file_bytes=0 (cumulative; payload is not a physical PCIe counter)
safetensors ngram metrics: ple io: 848 rows, 4.7% row-cache hits, 808 SSD reads (3.4 MB), read p50 158 us p99 966 us, blocked 6.264 ms total (submit 0.722 ms), cache 808/1048576 rows, SSD kept awake by 1 reads (slowest 0.1 ms)
strata serve: expert tiers: GPU 251 hits this request; since the start RAM 18093 blobs, files 0 blobs 0.0 MB read
strata serve: prompt 54 tokens = 53 reused + 1 read in 0 ms (28409.1 tok/s), 1 generated in 19 ms (53.8 tok/s), drafts accepted 0 of 0, 1 checkpoints
strata serve: decode expert cache hit rate: 67.4% (306 hits / 454 lookups); 26 more read by the GPU over PCIe or from another GPU (5.4% of all 480 routed)
strata serve: resident RAM: 63.28 GiB of experts in RAM, 0 exchanged with the VRAM tier, 0 blob reads from the file
safetensors residency metrics: ram_bytes=67948118016 os_locked_bytes=0 cuda_pinned_bytes=67948118016 promotions=0 promoted_payload_bytes=0 expert_file_bytes=0 (cumulative; payload is not a physical PCIe counter)
safetensors ngram metrics: ple io: 864 rows, 4.6% row-cache hits, 824 SSD reads (3.5 MB), read p50 157 us p99 966 us, blocked 6.264 ms total (submit 0.743 ms), cache 824/1048576 rows, SSD kept awake by 1 reads (slowest 0.1 ms)
strata serve: expert tiers: GPU 306 hits this request; since the start RAM 18267 blobs, files 0 blobs 0.0 MB read
strata serve: prompt 55 tokens = 54 reused + 1 read in 0 ms (28011.2 tok/s), 1 generated in 21 ms (47.5 tok/s), drafts accepted 0 of 0, 1 checkpoints
strata serve: decode expert cache hit rate: 58.9% (262 hits / 445 lookups); 35 more read by the GPU over PCIe or from another GPU (7.3% of all 480 routed)
strata serve: resident RAM: 63.28 GiB of experts in RAM, 0 exchanged with the VRAM tier, 0 blob reads from the file
safetensors residency metrics: ram_bytes=67948118016 os_locked_bytes=0 cuda_pinned_bytes=67948118016 promotions=0 promoted_payload_bytes=0 expert_file_bytes=0 (cumulative; payload is not a physical PCIe counter)
safetensors ngram metrics: ple io: 880 rows, 4.5% row-cache hits, 840 SSD reads (3.6 MB), read p50 155 us p99 966 us, blocked 6.265 ms total (submit 0.760 ms), cache 840/1048576 rows, SSD kept awake by 1 reads (slowest 0.1 ms)
strata serve: expert tiers: GPU 262 hits this request; since the start RAM 18485 blobs, files 0 blobs 0.0 MB read
strata serve: prompt 56 tokens = 55 reused + 1 read in 0 ms (27173.9 tok/s), 1 generated in 22 ms (44.8 tok/s), drafts accepted 0 of 0, 1 checkpoints
strata serve: decode expert cache hit rate: 47.0% (201 hits / 428 lookups); 52 more read by the GPU over PCIe or from another GPU (10.8% of all 480 routed)
strata serve: resident RAM: 63.28 GiB of experts in RAM, 0 exchanged with the VRAM tier, 0 blob reads from the file
safetensors residency metrics: ram_bytes=67948118016 os_locked_bytes=0 cuda_pinned_bytes=67948118016 promotions=0 promoted_payload_bytes=0 expert_file_bytes=0 (cumulative; payload is not a physical PCIe counter)
safetensors ngram metrics: ple io: 896 rows, 4.5% row-cache hits, 856 SSD reads (3.6 MB), read p50 157 us p99 729 us, blocked 6.265 ms total (submit 0.774 ms), cache 856/1048576 rows, SSD kept awake by 1 reads (slowest 0.1 ms)
strata serve: expert tiers: GPU 201 hits this request; since the start RAM 18764 blobs, files 0 blobs 0.0 MB read
strata serve: prompt 57 tokens = 56 reused + 1 read in 0 ms (26954.2 tok/s), 1 generated in 21 ms (48.1 tok/s), drafts accepted 0 of 0, 1 checkpoints
strata serve: decode expert cache hit rate: 55.8% (246 hits / 441 lookups); 39 more read by the GPU over PCIe or from another GPU (8.1% of all 480 routed)
strata serve: resident RAM: 63.28 GiB of experts in RAM, 0 exchanged with the VRAM tier, 0 blob reads from the file
safetensors residency metrics: ram_bytes=67948118016 os_locked_bytes=0 cuda_pinned_bytes=67948118016 promotions=0 promoted_payload_bytes=0 expert_file_bytes=0 (cumulative; payload is not a physical PCIe counter)
safetensors ngram metrics: ple io: 912 rows, 4.4% row-cache hits, 872 SSD reads (3.7 MB), read p50 156 us p99 729 us, blocked 6.265 ms total (submit 0.789 ms), cache 872/1048576 rows, SSD kept awake by 1 reads (slowest 0.1 ms)
strata serve: expert tiers: GPU 246 hits this request; since the start RAM 18998 blobs, files 0 blobs 0.0 MB read
strata serve: prompt 58 tokens = 57 reused + 1 read in 0 ms (23753.0 tok/s), 1 generated in 22 ms (45.7 tok/s), drafts accepted 0 of 0, 1 checkpoints
strata serve: decode expert cache hit rate: 51.6% (224 hits / 434 lookups); 46 more read by the GPU over PCIe or from another GPU (9.6% of all 480 routed)
strata serve: resident RAM: 63.28 GiB of experts in RAM, 0 exchanged with the VRAM tier, 0 blob reads from the file
safetensors residency metrics: ram_bytes=67948118016 os_locked_bytes=0 cuda_pinned_bytes=67948118016 promotions=0 promoted_payload_bytes=0 expert_file_bytes=0 (cumulative; payload is not a physical PCIe counter)
safetensors ngram metrics: ple io: 928 rows, 4.3% row-cache hits, 888 SSD reads (3.8 MB), read p50 158 us p99 729 us, blocked 6.266 ms total (submit 0.801 ms), cache 888/1048576 rows, SSD kept awake by 1 reads (slowest 0.1 ms)
strata serve: expert tiers: GPU 224 hits this request; since the start RAM 19254 blobs, files 0 blobs 0.0 MB read
strata serve: prompt 59 tokens = 58 reused + 1 read in 0 ms (28571.4 tok/s), 1 generated in 20 ms (51.2 tok/s), drafts accepted 0 of 0, 1 checkpoints
strata serve: decode expert cache hit rate: 62.9% (281 hits / 447 lookups); 33 more read by the GPU over PCIe or from another GPU (6.9% of all 480 routed)
strata serve: resident RAM: 63.28 GiB of experts in RAM, 0 exchanged with the VRAM tier, 0 blob reads from the file
safetensors residency metrics: ram_bytes=67948118016 os_locked_bytes=0 cuda_pinned_bytes=67948118016 promotions=0 promoted_payload_bytes=0 expert_file_bytes=0 (cumulative; payload is not a physical PCIe counter)
safetensors ngram metrics: ple io: 944 rows, 4.2% row-cache hits, 904 SSD reads (3.8 MB), read p50 156 us p99 729 us, blocked 6.267 ms total (submit 0.816 ms), cache 904/1048576 rows, SSD kept awake by 1 reads (slowest 0.1 ms)
strata serve: expert tiers: GPU 281 hits this request; since the start RAM 19453 blobs, files 0 blobs 0.0 MB read
strata serve: prompt 60 tokens = 59 reused + 1 read in 0 ms (17543.9 tok/s), 1 generated in 21 ms (48.8 tok/s), drafts accepted 0 of 0, 1 checkpoints
strata serve: decode expert cache hit rate: 53.9% (235 hits / 436 lookups); 44 more read by the GPU over PCIe or from another GPU (9.2% of all 480 routed)
strata serve: resident RAM: 63.28 GiB of experts in RAM, 0 exchanged with the VRAM tier, 0 blob reads from the file
safetensors residency metrics: ram_bytes=67948118016 os_locked_bytes=0 cuda_pinned_bytes=67948118016 promotions=0 promoted_payload_bytes=0 expert_file_bytes=0 (cumulative; payload is not a physical PCIe counter)
safetensors ngram metrics: ple io: 960 rows, 4.2% row-cache hits, 920 SSD reads (3.9 MB), read p50 155 us p99 729 us, blocked 6.267 ms total (submit 0.830 ms), cache 920/1048576 rows, SSD kept awake by 1 reads (slowest 0.1 ms)
strata serve: expert tiers: GPU 235 hits this request; since the start RAM 19698 blobs, files 0 blobs 0.0 MB read
strata serve: prompt 61 tokens = 60 reused + 1 read in 0 ms (25575.4 tok/s), 1 generated in 21 ms (47.0 tok/s), drafts accepted 0 of 0, 1 checkpoints
strata serve: decode expert cache hit rate: 45.7% (196 hits / 429 lookups); 51 more read by the GPU over PCIe or from another GPU (10.6% of all 480 routed)
strata serve: resident RAM: 63.28 GiB of experts in RAM, 0 exchanged with the VRAM tier, 0 blob reads from the file
safetensors residency metrics: ram_bytes=67948118016 os_locked_bytes=0 cuda_pinned_bytes=67948118016 promotions=0 promoted_payload_bytes=0 expert_file_bytes=0 (cumulative; payload is not a physical PCIe counter)
safetensors ngram metrics: ple io: 976 rows, 4.1% row-cache hits, 936 SSD reads (4.0 MB), read p50 157 us p99 729 us, blocked 6.267 ms total (submit 0.844 ms), cache 936/1048576 rows, SSD kept awake by 1 reads (slowest 0.1 ms)
strata serve: expert tiers: GPU 196 hits this request; since the start RAM 19982 blobs, files 0 blobs 0.0 MB read
strata serve: prompt 62 tokens = 61 reused + 1 read in 0 ms (28653.3 tok/s), 1 generated in 23 ms (43.5 tok/s), drafts accepted 0 of 0, 1 checkpoints
strata serve: decode expert cache hit rate: 39.9% (169 hits / 424 lookups); 56 more read by the GPU over PCIe or from another GPU (11.7% of all 480 routed)
strata serve: resident RAM: 63.28 GiB of experts in RAM, 0 exchanged with the VRAM tier, 0 blob reads from the file
safetensors residency metrics: ram_bytes=67948118016 os_locked_bytes=0 cuda_pinned_bytes=67948118016 promotions=0 promoted_payload_bytes=0 expert_file_bytes=0 (cumulative; payload is not a physical PCIe counter)
safetensors ngram metrics: ple io: 992 rows, 4.0% row-cache hits, 952 SSD reads (4.0 MB), read p50 157 us p99 723 us, blocked 6.268 ms total (submit 0.857 ms), cache 952/1048576 rows, SSD kept awake by 1 reads (slowest 0.1 ms)
strata serve: expert tiers: GPU 169 hits this request; since the start RAM 20293 blobs, files 0 blobs 0.0 MB read
strata serve: prompt 63 tokens = 62 reused + 1 read in 0 ms (26455.0 tok/s), 1 generated in 22 ms (46.2 tok/s), drafts accepted 0 of 0, 1 checkpoints
strata serve: decode expert cache hit rate: 46.1% (199 hits / 432 lookups); 48 more read by the GPU over PCIe or from another GPU (10.0% of all 480 routed)
strata serve: resident RAM: 63.28 GiB of experts in RAM, 0 exchanged with the VRAM tier, 0 blob reads from the file
safetensors residency metrics: ram_bytes=67948118016 os_locked_bytes=0 cuda_pinned_bytes=67948118016 promotions=0 promoted_payload_bytes=0 expert_file_bytes=0 (cumulative; payload is not a physical PCIe counter)
safetensors ngram metrics: ple io: 1008 rows, 4.0% row-cache hits, 968 SSD reads (4.1 MB), read p50 156 us p99 723 us, blocked 6.268 ms total (submit 0.869 ms), cache 968/1048576 rows, SSD kept awake by 1 reads (slowest 0.1 ms)
strata serve: expert tiers: GPU 199 hits this request; since the start RAM 20574 blobs, files 0 blobs 0.0 MB read
strata serve: prompt 64 tokens = 63 reused + 1 read in 0 ms (22271.7 tok/s), 1 generated in 21 ms (47.4 tok/s), drafts accepted 0 of 0, 1 checkpoints
strata serve: decode expert cache hit rate: 52.7% (231 hits / 438 lookups); 42 more read by the GPU over PCIe or from another GPU (8.8% of all 480 routed)
strata serve: resident RAM: 63.28 GiB of experts in RAM, 0 exchanged with the VRAM tier, 0 blob reads from the file
safetensors residency metrics: ram_bytes=67948118016 os_locked_bytes=0 cuda_pinned_bytes=67948118016 promotions=0 promoted_payload_bytes=0 expert_file_bytes=0 (cumulative; payload is not a physical PCIe counter)
safetensors ngram metrics: ple io: 1024 rows, 3.9% row-cache hits, 984 SSD reads (4.2 MB), read p50 155 us p99 723 us, blocked 6.269 ms total (submit 0.885 ms), cache 984/1048576 rows, SSD kept awake by 1 reads (slowest 0.1 ms)
strata serve: expert tiers: GPU 231 hits this request; since the start RAM 20823 blobs, files 0 blobs 0.0 MB read
strata serve: prompt 65 tokens = 64 reused + 1 read in 0 ms (27472.5 tok/s), 1 generated in 19 ms (54.0 tok/s), drafts accepted 0 of 0, 1 checkpoints
strata serve: decode expert cache hit rate: 70.0% (319 hits / 456 lookups); 24 more read by the GPU over PCIe or from another GPU (5.0% of all 480 routed)
strata serve: resident RAM: 63.28 GiB of experts in RAM, 0 exchanged with the VRAM tier, 0 blob reads from the file
safetensors residency metrics: ram_bytes=67948118016 os_locked_bytes=0 cuda_pinned_bytes=67948118016 promotions=0 promoted_payload_bytes=0 expert_file_bytes=0 (cumulative; payload is not a physical PCIe counter)
safetensors ngram metrics: ple io: 1040 rows, 3.8% row-cache hits, 1000 SSD reads (4.3 MB), read p50 156 us p99 723 us, blocked 6.269 ms total (submit 0.901 ms), cache 1000/1048576 rows, SSD kept awake by 1 reads (slowest 0.1 ms)
strata serve: expert tiers: GPU 319 hits this request; since the start RAM 20984 blobs, files 0 blobs 0.0 MB read
strata serve: prompt 66 tokens = 65 reused + 1 read in 0 ms (28653.3 tok/s), 1 generated in 22 ms (44.5 tok/s), drafts accepted 0 of 0, 1 checkpoints
strata serve: decode expert cache hit rate: 53.8% (235 hits / 437 lookups); 43 more read by the GPU over PCIe or from another GPU (9.0% of all 480 routed)
strata serve: resident RAM: 63.28 GiB of experts in RAM, 0 exchanged with the VRAM tier, 0 blob reads from the file
safetensors residency metrics: ram_bytes=67948118016 os_locked_bytes=0 cuda_pinned_bytes=67948118016 promotions=0 promoted_payload_bytes=0 expert_file_bytes=0 (cumulative; payload is not a physical PCIe counter)
safetensors ngram metrics: ple io: 1056 rows, 3.8% row-cache hits, 1016 SSD reads (4.3 MB), read p50 156 us p99 723 us, blocked 6.270 ms total (submit 0.922 ms), cache 1016/1048576 rows, SSD kept awake by 1 reads (slowest 0.1 ms)
strata serve: expert tiers: GPU 235 hits this request; since the start RAM 21229 blobs, files 0 blobs 0.0 MB read
strata serve: prompt 67 tokens = 66 reused + 1 read in 0 ms (24691.4 tok/s), 1 generated in 22 ms (45.1 tok/s), drafts accepted 0 of 0, 1 checkpoints
strata serve: decode expert cache hit rate: 59.9% (263 hits / 439 lookups); 41 more read by the GPU over PCIe or from another GPU (8.5% of all 480 routed)
strata serve: resident RAM: 63.28 GiB of experts in RAM, 0 exchanged with the VRAM tier, 0 blob reads from the file
safetensors residency metrics: ram_bytes=67948118016 os_locked_bytes=0 cuda_pinned_bytes=67948118016 promotions=0 promoted_payload_bytes=0 expert_file_bytes=0 (cumulative; payload is not a physical PCIe counter)
safetensors ngram metrics: ple io: 1072 rows, 3.7% row-cache hits, 1032 SSD reads (4.4 MB), read p50 157 us p99 723 us, blocked 6.270 ms total (submit 0.937 ms), cache 1032/1048576 rows, SSD kept awake by 1 reads (slowest 0.1 ms)
strata serve: expert tiers: GPU 263 hits this request; since the start RAM 21446 blobs, files 0 blobs 0.0 MB read
strata serve: prompt 68 tokens = 67 reused + 1 read in 0 ms (31746.0 tok/s), 1 generated in 23 ms (44.3 tok/s), drafts accepted 0 of 0, 1 checkpoints
strata serve: decode expert cache hit rate: 48.8% (210 hits / 430 lookups); 50 more read by the GPU over PCIe or from another GPU (10.4% of all 480 routed)
strata serve: resident RAM: 63.28 GiB of experts in RAM, 0 exchanged with the VRAM tier, 0 blob reads from the file
safetensors residency metrics: ram_bytes=67948118016 os_locked_bytes=0 cuda_pinned_bytes=67948118016 promotions=0 promoted_payload_bytes=0 expert_file_bytes=0 (cumulative; payload is not a physical PCIe counter)
safetensors ngram metrics: ple io: 1088 rows, 3.7% row-cache hits, 1048 SSD reads (4.5 MB), read p50 156 us p99 723 us, blocked 6.271 ms total (submit 0.949 ms), cache 1048/1048576 rows, SSD kept awake by 1 reads (slowest 0.1 ms)
strata serve: expert tiers: GPU 210 hits this request; since the start RAM 21716 blobs, files 0 blobs 0.0 MB read
strata serve: prompt 69 tokens = 68 reused + 1 read in 0 ms (33222.6 tok/s), 1 generated in 21 ms (46.5 tok/s), drafts accepted 0 of 0, 1 checkpoints
strata serve: decode expert cache hit rate: 52.0% (225 hits / 433 lookups); 47 more read by the GPU over PCIe or from another GPU (9.8% of all 480 routed)
strata serve: resident RAM: 63.28 GiB of experts in RAM, 0 exchanged with the VRAM tier, 0 blob reads from the file
safetensors residency metrics: ram_bytes=67948118016 os_locked_bytes=0 cuda_pinned_bytes=67948118016 promotions=0 promoted_payload_bytes=0 expert_file_bytes=0 (cumulative; payload is not a physical PCIe counter)
safetensors ngram metrics: ple io: 1104 rows, 3.6% row-cache hits, 1064 SSD reads (4.5 MB), read p50 157 us p99 691 us, blocked 6.271 ms total (submit 0.971 ms), cache 1064/1048576 rows, SSD kept awake by 1 reads (slowest 0.1 ms)
strata serve: expert tiers: GPU 225 hits this request; since the start RAM 21971 blobs, files 0 blobs 0.0 MB read
strata serve: prompt 70 tokens = 69 reused + 1 read in 0 ms (31545.7 tok/s), 1 generated in 21 ms (48.0 tok/s), drafts accepted 0 of 0, 1 checkpoints
strata serve: decode expert cache hit rate: 53.0% (232 hits / 438 lookups); 42 more read by the GPU over PCIe or from another GPU (8.8% of all 480 routed)
strata serve: resident RAM: 63.28 GiB of experts in RAM, 0 exchanged with the VRAM tier, 0 blob reads from the file
safetensors residency metrics: ram_bytes=67948118016 os_locked_bytes=0 cuda_pinned_bytes=67948118016 promotions=0 promoted_payload_bytes=0 expert_file_bytes=0 (cumulative; payload is not a physical PCIe counter)
safetensors ngram metrics: ple io: 1120 rows, 3.6% row-cache hits, 1080 SSD reads (4.6 MB), read p50 156 us p99 691 us, blocked 6.271 ms total (submit 0.987 ms), cache 1080/1048576 rows, SSD kept awake by 1 reads (slowest 0.1 ms)
strata serve: expert tiers: GPU 232 hits this request; since the start RAM 22219 blobs, files 0 blobs 0.0 MB read
strata serve: prompt 71 tokens = 70 reused + 1 read in 0 ms (30303.0 tok/s), 1 generated in 22 ms (45.4 tok/s), drafts accepted 0 of 0, 1 checkpoints
strata serve: decode expert cache hit rate: 52.1% (226 hits / 434 lookups); 46 more read by the GPU over PCIe or from another GPU (9.6% of all 480 routed)
strata serve: resident RAM: 63.28 GiB of experts in RAM, 0 exchanged with the VRAM tier, 0 blob reads from the file
safetensors residency metrics: ram_bytes=67948118016 os_locked_bytes=0 cuda_pinned_bytes=67948118016 promotions=0 promoted_payload_bytes=0 expert_file_bytes=0 (cumulative; payload is not a physical PCIe counter)
safetensors ngram metrics: ple io: 1136 rows, 3.5% row-cache hits, 1096 SSD reads (4.7 MB), read p50 157 us p99 691 us, blocked 6.272 ms total (submit 1.000 ms), cache 1096/1048576 rows, SSD kept awake by 1 reads (slowest 0.1 ms)
strata serve: expert tiers: GPU 226 hits this request; since the start RAM 22473 blobs, files 0 blobs 0.0 MB read
strata serve: prompt 72 tokens = 71 reused + 1 read in 0 ms (30769.2 tok/s), 1 generated in 19 ms (51.9 tok/s), drafts accepted 0 of 0, 1 checkpoints
strata serve: decode expert cache hit rate: 55.2% (244 hits / 442 lookups); 38 more read by the GPU over PCIe or from another GPU (7.9% of all 480 routed)
strata serve: resident RAM: 63.28 GiB of experts in RAM, 0 exchanged with the VRAM tier, 0 blob reads from the file
safetensors residency metrics: ram_bytes=67948118016 os_locked_bytes=0 cuda_pinned_bytes=67948118016 promotions=0 promoted_payload_bytes=0 expert_file_bytes=0 (cumulative; payload is not a physical PCIe counter)
safetensors ngram metrics: ple io: 1152 rows, 3.5% row-cache hits, 1112 SSD reads (4.8 MB), read p50 159 us p99 691 us, blocked 6.306 ms total (submit 1.017 ms), cache 1112/1048576 rows, SSD kept awake by 1 reads (slowest 0.1 ms)
strata serve: expert tiers: GPU 244 hits this request; since the start RAM 22709 blobs, files 0 blobs 0.0 MB read
strata serve: prompt 73 tokens = 72 reused + 1 read in 0 ms (30395.1 tok/s), 1 generated in 19 ms (53.2 tok/s), drafts accepted 0 of 0, 1 checkpoints
strata serve: decode expert cache hit rate: 57.0% (251 hits / 440 lookups); 40 more read by the GPU over PCIe or from another GPU (8.3% of all 480 routed)
strata serve: resident RAM: 63.28 GiB of experts in RAM, 0 exchanged with the VRAM tier, 0 blob reads from the file
safetensors residency metrics: ram_bytes=67948118016 os_locked_bytes=0 cuda_pinned_bytes=67948118016 promotions=0 promoted_payload_bytes=0 expert_file_bytes=0 (cumulative; payload is not a physical PCIe counter)
safetensors ngram metrics: ple io: 1168 rows, 3.4% row-cache hits, 1128 SSD reads (4.8 MB), read p50 158 us p99 691 us, blocked 6.307 ms total (submit 1.037 ms), cache 1128/1048576 rows, SSD kept awake by 1 reads (slowest 0.1 ms)
strata serve: expert tiers: GPU 251 hits this request; since the start RAM 22938 blobs, files 0 blobs 0.0 MB read
strata serve: prompt 74 tokens = 73 reused + 1 read in 0 ms (27397.3 tok/s), 1 generated in 23 ms (42.8 tok/s), drafts accepted 0 of 0, 1 checkpoints
strata serve: decode expert cache hit rate: 36.9% (154 hits / 417 lookups); 63 more read by the GPU over PCIe or from another GPU (13.1% of all 480 routed)
strata serve: resident RAM: 63.28 GiB of experts in RAM, 0 exchanged with the VRAM tier, 0 blob reads from the file
safetensors residency metrics: ram_bytes=67948118016 os_locked_bytes=0 cuda_pinned_bytes=67948118016 promotions=0 promoted_payload_bytes=0 expert_file_bytes=0 (cumulative; payload is not a physical PCIe counter)
safetensors ngram metrics: ple io: 1184 rows, 3.4% row-cache hits, 1144 SSD reads (4.9 MB), read p50 159 us p99 729 us, blocked 6.919 ms total (submit 1.053 ms), cache 1144/1048576 rows, SSD kept awake by 1 reads (slowest 0.1 ms)
strata serve: expert tiers: GPU 154 hits this request; since the start RAM 23264 blobs, files 0 blobs 0.0 MB read
strata serve: prompt 75 tokens = 74 reused + 1 read in 0 ms (31250.0 tok/s), 1 generated in 21 ms (48.0 tok/s), drafts accepted 0 of 0, 1 checkpoints
strata serve: decode expert cache hit rate: 44.2% (187 hits / 423 lookups); 57 more read by the GPU over PCIe or from another GPU (11.9% of all 480 routed)
strata serve: resident RAM: 63.28 GiB of experts in RAM, 0 exchanged with the VRAM tier, 0 blob reads from the file
safetensors residency metrics: ram_bytes=67948118016 os_locked_bytes=0 cuda_pinned_bytes=67948118016 promotions=0 promoted_payload_bytes=0 expert_file_bytes=0 (cumulative; payload is not a physical PCIe counter)
safetensors ngram metrics: ple io: 1200 rows, 3.3% row-cache hits, 1160 SSD reads (5.0 MB), read p50 158 us p99 723 us, blocked 6.920 ms total (submit 1.071 ms), cache 1160/1048576 rows, SSD kept awake by 1 reads (slowest 0.1 ms)
strata serve: expert tiers: GPU 187 hits this request; since the start RAM 23557 blobs, files 0 blobs 0.0 MB read
strata serve: prompt 76 tokens = 75 reused + 1 read in 0 ms (31948.9 tok/s), 1 generated in 20 ms (50.7 tok/s), drafts accepted 0 of 0, 1 checkpoints
strata serve: decode expert cache hit rate: 52.1% (227 hits / 436 lookups); 44 more read by the GPU over PCIe or from another GPU (9.2% of all 480 routed)
strata serve: resident RAM: 63.28 GiB of experts in RAM, 0 exchanged with the VRAM tier, 0 blob reads from the file
safetensors residency metrics: ram_bytes=67948118016 os_locked_bytes=0 cuda_pinned_bytes=67948118016 promotions=0 promoted_payload_bytes=0 expert_file_bytes=0 (cumulative; payload is not a physical PCIe counter)
safetensors ngram metrics: ple io: 1216 rows, 3.3% row-cache hits, 1176 SSD reads (5.0 MB), read p50 157 us p99 723 us, blocked 6.920 ms total (submit 1.090 ms), cache 1176/1048576 rows, SSD kept awake by 1 reads (slowest 0.1 ms)
strata serve: expert tiers: GPU 227 hits this request; since the start RAM 23810 blobs, files 0 blobs 0.0 MB read
strata serve: prompt 77 tokens = 76 reused + 1 read in 0 ms (21052.6 tok/s), 1 generated in 20 ms (49.5 tok/s), drafts accepted 0 of 0, 1 checkpoints
strata serve: decode expert cache hit rate: 53.7% (232 hits / 432 lookups); 48 more read by the GPU over PCIe or from another GPU (10.0% of all 480 routed)
strata serve: resident RAM: 63.28 GiB of experts in RAM, 0 exchanged with the VRAM tier, 0 blob reads from the file
safetensors residency metrics: ram_bytes=67948118016 os_locked_bytes=0 cuda_pinned_bytes=67948118016 promotions=0 promoted_payload_bytes=0 expert_file_bytes=0 (cumulative; payload is not a physical PCIe counter)
safetensors ngram metrics: ple io: 1232 rows, 3.2% row-cache hits, 1192 SSD reads (5.1 MB), read p50 158 us p99 723 us, blocked 6.920 ms total (submit 1.111 ms), cache 1192/1048576 rows, SSD kept awake by 1 reads (slowest 0.1 ms)
strata serve: expert tiers: GPU 232 hits this request; since the start RAM 24058 blobs, files 0 blobs 0.0 MB read
strata serve: prompt 78 tokens = 77 reused + 1 read in 0 ms (23148.1 tok/s), 1 generated in 20 ms (49.5 tok/s), drafts accepted 0 of 0, 1 checkpoints
strata serve: decode expert cache hit rate: 55.6% (244 hits / 439 lookups); 41 more read by the GPU over PCIe or from another GPU (8.5% of all 480 routed)
strata serve: resident RAM: 63.28 GiB of experts in RAM, 0 exchanged with the VRAM tier, 0 blob reads from the file
safetensors residency metrics: ram_bytes=67948118016 os_locked_bytes=0 cuda_pinned_bytes=67948118016 promotions=0 promoted_payload_bytes=0 expert_file_bytes=0 (cumulative; payload is not a physical PCIe counter)
safetensors ngram metrics: ple io: 1248 rows, 3.2% row-cache hits, 1208 SSD reads (5.2 MB), read p50 157 us p99 723 us, blocked 6.921 ms total (submit 1.125 ms), cache 1208/1048576 rows, SSD kept awake by 1 reads (slowest 0.1 ms)
strata serve: expert tiers: GPU 244 hits this request; since the start RAM 24294 blobs, files 0 blobs 0.0 MB read
strata serve: prompt 79 tokens = 78 reused + 1 read in 0 ms (31948.9 tok/s), 1 generated in 20 ms (49.3 tok/s), drafts accepted 0 of 0, 1 checkpoints
strata serve: decode expert cache hit rate: 51.7% (224 hits / 433 lookups); 47 more read by the GPU over PCIe or from another GPU (9.8% of all 480 routed)
strata serve: resident RAM: 63.28 GiB of experts in RAM, 0 exchanged with the VRAM tier, 0 blob reads from the file
safetensors residency metrics: ram_bytes=67948118016 os_locked_bytes=0 cuda_pinned_bytes=67948118016 promotions=0 promoted_payload_bytes=0 expert_file_bytes=0 (cumulative; payload is not a physical PCIe counter)
safetensors ngram metrics: ple io: 1264 rows, 3.2% row-cache hits, 1224 SSD reads (5.2 MB), read p50 158 us p99 723 us, blocked 6.921 ms total (submit 1.143 ms), cache 1224/1048576 rows, SSD kept awake by 1 reads (slowest 0.1 ms)
strata serve: expert tiers: GPU 224 hits this request; since the start RAM 24550 blobs, files 0 blobs 0.0 MB read
strata serve: prompt 80 tokens = 79 reused + 1 read in 0 ms (31152.6 tok/s), 1 generated in 20 ms (51.1 tok/s), drafts accepted 0 of 0, 1 checkpoints
strata serve: decode expert cache hit rate: 53.5% (234 hits / 437 lookups); 43 more read by the GPU over PCIe or from another GPU (9.0% of all 480 routed)
strata serve: resident RAM: 63.28 GiB of experts in RAM, 0 exchanged with the VRAM tier, 0 blob reads from the file
safetensors residency metrics: ram_bytes=67948118016 os_locked_bytes=0 cuda_pinned_bytes=67948118016 promotions=0 promoted_payload_bytes=0 expert_file_bytes=0 (cumulative; payload is not a physical PCIe counter)
safetensors ngram metrics: ple io: 1280 rows, 3.1% row-cache hits, 1240 SSD reads (5.3 MB), read p50 156 us p99 723 us, blocked 6.922 ms total (submit 1.159 ms), cache 1240/1048576 rows, SSD kept awake by 1 reads (slowest 0.1 ms)
strata serve: expert tiers: GPU 234 hits this request; since the start RAM 24796 blobs, files 0 blobs 0.0 MB read
strata serve: prompt 81 tokens = 80 reused + 1 read in 0 ms (32051.3 tok/s), 1 generated in 19 ms (52.6 tok/s), drafts accepted 0 of 0, 1 checkpoints
strata serve: decode expert cache hit rate: 62.4% (279 hits / 447 lookups); 33 more read by the GPU over PCIe or from another GPU (6.9% of all 480 routed)
strata serve: resident RAM: 63.28 GiB of experts in RAM, 0 exchanged with the VRAM tier, 0 blob reads from the file
safetensors residency metrics: ram_bytes=67948118016 os_locked_bytes=0 cuda_pinned_bytes=67948118016 promotions=0 promoted_payload_bytes=0 expert_file_bytes=0 (cumulative; payload is not a physical PCIe counter)
safetensors ngram metrics: ple io: 1296 rows, 3.1% row-cache hits, 1256 SSD reads (5.4 MB), read p50 156 us p99 691 us, blocked 6.922 ms total (submit 1.177 ms), cache 1256/1048576 rows, SSD kept awake by 1 reads (slowest 0.1 ms)
strata serve: expert tiers: GPU 279 hits this request; since the start RAM 24997 blobs, files 0 blobs 0.0 MB read
strata serve: prompt 82 tokens = 81 reused + 1 read in 0 ms (34602.1 tok/s), 1 generated in 18 ms (56.2 tok/s), drafts accepted 0 of 0, 1 checkpoints
strata serve: decode expert cache hit rate: 66.0% (299 hits / 453 lookups); 27 more read by the GPU over PCIe or from another GPU (5.6% of all 480 routed)
strata serve: resident RAM: 63.28 GiB of experts in RAM, 0 exchanged with the VRAM tier, 0 blob reads from the file
safetensors residency metrics: ram_bytes=67948118016 os_locked_bytes=0 cuda_pinned_bytes=67948118016 promotions=0 promoted_payload_bytes=0 expert_file_bytes=0 (cumulative; payload is not a physical PCIe counter)
safetensors ngram metrics: ple io: 1312 rows, 3.0% row-cache hits, 1272 SSD reads (5.4 MB), read p50 156 us p99 691 us, blocked 7.026 ms total (submit 1.192 ms), cache 1272/1048576 rows, SSD kept awake by 1 reads (slowest 0.1 ms)
strata serve: expert tiers: GPU 299 hits this request; since the start RAM 25178 blobs, files 0 blobs 0.0 MB read
strata serve: prompt 83 tokens = 82 reused + 1 read in 0 ms (31152.6 tok/s), 1 generated in 21 ms (48.5 tok/s), drafts accepted 0 of 0, 1 checkpoints
strata serve: decode expert cache hit rate: 55.8% (245 hits / 439 lookups); 41 more read by the GPU over PCIe or from another GPU (8.5% of all 480 routed)
strata serve: resident RAM: 63.28 GiB of experts in RAM, 0 exchanged with the VRAM tier, 0 blob reads from the file
safetensors residency metrics: ram_bytes=67948118016 os_locked_bytes=0 cuda_pinned_bytes=67948118016 promotions=0 promoted_payload_bytes=0 expert_file_bytes=0 (cumulative; payload is not a physical PCIe counter)
safetensors ngram metrics: ple io: 1328 rows, 3.0% row-cache hits, 1288 SSD reads (5.5 MB), read p50 155 us p99 691 us, blocked 7.027 ms total (submit 1.208 ms), cache 1288/1048576 rows, SSD kept awake by 1 reads (slowest 0.1 ms)
strata serve: expert tiers: GPU 245 hits this request; since the start RAM 25413 blobs, files 0 blobs 0.0 MB read
strata serve: prompt 84 tokens = 83 reused + 1 read in 0 ms (31948.9 tok/s), 1 generated in 20 ms (49.7 tok/s), drafts accepted 0 of 0, 1 checkpoints
strata serve: decode expert cache hit rate: 54.8% (240 hits / 438 lookups); 42 more read by the GPU over PCIe or from another GPU (8.8% of all 480 routed)
strata serve: resident RAM: 63.28 GiB of experts in RAM, 0 exchanged with the VRAM tier, 0 blob reads from the file
safetensors residency metrics: ram_bytes=67948118016 os_locked_bytes=0 cuda_pinned_bytes=67948118016 promotions=0 promoted_payload_bytes=0 expert_file_bytes=0 (cumulative; payload is not a physical PCIe counter)
safetensors ngram metrics: ple io: 1344 rows, 3.0% row-cache hits, 1304 SSD reads (5.6 MB), read p50 156 us p99 691 us, blocked 7.027 ms total (submit 1.235 ms), cache 1304/1048576 rows, SSD kept awake by 1 reads (slowest 0.1 ms)
strata serve: expert tiers: GPU 240 hits this request; since the start RAM 25653 blobs, files 0 blobs 0.0 MB read
strata serve: prompt 85 tokens = 84 reused + 1 read in 0 ms (30487.8 tok/s), 1 generated in 21 ms (48.1 tok/s), drafts accepted 0 of 0, 1 checkpoints
strata serve: decode expert cache hit rate: 46.7% (201 hits / 430 lookups); 50 more read by the GPU over PCIe or from another GPU (10.4% of all 480 routed)
strata serve: resident RAM: 63.28 GiB of experts in RAM, 0 exchanged with the VRAM tier, 0 blob reads from the file
safetensors residency metrics: ram_bytes=67948118016 os_locked_bytes=0 cuda_pinned_bytes=67948118016 promotions=0 promoted_payload_bytes=0 expert_file_bytes=0 (cumulative; payload is not a physical PCIe counter)
safetensors ngram metrics: ple io: 1360 rows, 2.9% row-cache hits, 1320 SSD reads (5.6 MB), read p50 155 us p99 691 us, blocked 7.028 ms total (submit 1.251 ms), cache 1320/1048576 rows, SSD kept awake by 1 reads (slowest 0.1 ms)
strata serve: expert tiers: GPU 201 hits this request; since the start RAM 25932 blobs, files 0 blobs 0.0 MB read
strata serve: prompt 86 tokens = 85 reused + 1 read in 0 ms (27624.3 tok/s), 1 generated in 19 ms (52.7 tok/s), drafts accepted 0 of 0, 1 checkpoints
strata serve: decode expert cache hit rate: 60.2% (268 hits / 445 lookups); 35 more read by the GPU over PCIe or from another GPU (7.3% of all 480 routed)
strata serve: resident RAM: 63.28 GiB of experts in RAM, 0 exchanged with the VRAM tier, 0 blob reads from the file
safetensors residency metrics: ram_bytes=67948118016 os_locked_bytes=0 cuda_pinned_bytes=67948118016 promotions=0 promoted_payload_bytes=0 expert_file_bytes=0 (cumulative; payload is not a physical PCIe counter)
safetensors ngram metrics: ple io: 1376 rows, 2.9% row-cache hits, 1336 SSD reads (5.7 MB), read p50 155 us p99 691 us, blocked 7.028 ms total (submit 1.263 ms), cache 1336/1048576 rows, SSD kept awake by 1 reads (slowest 0.1 ms)
strata serve: expert tiers: GPU 268 hits this request; since the start RAM 26144 blobs, files 0 blobs 0.0 MB read
strata serve: prompt 87 tokens = 86 reused + 1 read in 0 ms (32786.9 tok/s), 1 generated in 21 ms (48.7 tok/s), drafts accepted 0 of 0, 1 checkpoints
strata serve: decode expert cache hit rate: 52.7% (227 hits / 431 lookups); 49 more read by the GPU over PCIe or from another GPU (10.2% of all 480 routed)
strata serve: resident RAM: 63.28 GiB of experts in RAM, 0 exchanged with the VRAM tier, 0 blob reads from the file
safetensors residency metrics: ram_bytes=67948118016 os_locked_bytes=0 cuda_pinned_bytes=67948118016 promotions=0 promoted_payload_bytes=0 expert_file_bytes=0 (cumulative; payload is not a physical PCIe counter)
safetensors ngram metrics: ple io: 1392 rows, 2.9% row-cache hits, 1352 SSD reads (5.8 MB), read p50 156 us p99 679 us, blocked 7.028 ms total (submit 1.275 ms), cache 1352/1048576 rows, SSD kept awake by 1 reads (slowest 0.1 ms)
strata serve: expert tiers: GPU 227 hits this request; since the start RAM 26397 blobs, files 0 blobs 0.0 MB read
strata serve: prompt 88 tokens = 87 reused + 1 read in 0 ms (31847.1 tok/s), 1 generated in 23 ms (44.3 tok/s), drafts accepted 0 of 0, 1 checkpoints
strata serve: decode expert cache hit rate: 43.0% (183 hits / 426 lookups); 54 more read by the GPU over PCIe or from another GPU (11.2% of all 480 routed)
strata serve: resident RAM: 63.28 GiB of experts in RAM, 0 exchanged with the VRAM tier, 0 blob reads from the file
safetensors residency metrics: ram_bytes=67948118016 os_locked_bytes=0 cuda_pinned_bytes=67948118016 promotions=0 promoted_payload_bytes=0 expert_file_bytes=0 (cumulative; payload is not a physical PCIe counter)
safetensors ngram metrics: ple io: 1408 rows, 2.8% row-cache hits, 1368 SSD reads (5.8 MB), read p50 155 us p99 679 us, blocked 7.029 ms total (submit 1.291 ms), cache 1368/1048576 rows, SSD kept awake by 1 reads (slowest 0.1 ms)
strata serve: expert tiers: GPU 183 hits this request; since the start RAM 26694 blobs, files 0 blobs 0.0 MB read
strata serve: prompt 89 tokens = 88 reused + 1 read in 0 ms (29325.5 tok/s), 1 generated in 22 ms (45.6 tok/s), drafts accepted 0 of 0, 1 checkpoints
strata serve: decode expert cache hit rate: 40.1% (168 hits / 419 lookups); 61 more read by the GPU over PCIe or from another GPU (12.7% of all 480 routed)
strata serve: resident RAM: 63.28 GiB of experts in RAM, 0 exchanged with the VRAM tier, 0 blob reads from the file
safetensors residency metrics: ram_bytes=67948118016 os_locked_bytes=0 cuda_pinned_bytes=67948118016 promotions=0 promoted_payload_bytes=0 expert_file_bytes=0 (cumulative; payload is not a physical PCIe counter)
safetensors ngram metrics: ple io: 1424 rows, 2.8% row-cache hits, 1384 SSD reads (5.9 MB), read p50 154 us p99 679 us, blocked 7.029 ms total (submit 1.305 ms), cache 1384/1048576 rows, SSD kept awake by 1 reads (slowest 0.1 ms)
strata serve: expert tiers: GPU 168 hits this request; since the start RAM 27006 blobs, files 0 blobs 0.0 MB read
strata serve: prompt 90 tokens = 89 reused + 1 read in 0 ms (32154.3 tok/s), 1 generated in 21 ms (48.2 tok/s), drafts accepted 0 of 0, 1 checkpoints
strata serve: decode expert cache hit rate: 55.9% (246 hits / 440 lookups); 40 more read by the GPU over PCIe or from another GPU (8.3% of all 480 routed)
strata serve: resident RAM: 63.28 GiB of experts in RAM, 0 exchanged with the VRAM tier, 0 blob reads from the file
safetensors residency metrics: ram_bytes=67948118016 os_locked_bytes=0 cuda_pinned_bytes=67948118016 promotions=0 promoted_payload_bytes=0 expert_file_bytes=0 (cumulative; payload is not a physical PCIe counter)
safetensors ngram metrics: ple io: 1440 rows, 2.8% row-cache hits, 1400 SSD reads (6.0 MB), read p50 154 us p99 679 us, blocked 7.029 ms total (submit 1.318 ms), cache 1400/1048576 rows, SSD kept awake by 1 reads (slowest 0.1 ms)
strata serve: expert tiers: GPU 246 hits this request; since the start RAM 27240 blobs, files 0 blobs 0.0 MB read
strata serve: conversation cache: parked 90 tokens in 58.5 ms; parked=1 bytes=237535568 evictions=0 snapshot_bytes=237535568 reused_kv_bytes=0
strata serve: prompt 21 tokens = 0 reused + 21 read in 393 ms (53.5 tok/s), 1 generated in 22 ms (46.2 tok/s), drafts accepted 0 of 0, 1 checkpoints
strata serve: decode expert cache hit rate: 48.4% (207 hits / 428 lookups); 52 more read by the GPU over PCIe or from another GPU (10.8% of all 480 routed)
strata serve: resident RAM: 63.28 GiB of experts in RAM, 0 exchanged with the VRAM tier, 0 blob reads from the file
safetensors residency metrics: ram_bytes=67948118016 os_locked_bytes=0 cuda_pinned_bytes=67948118016 promotions=0 promoted_payload_bytes=0 expert_file_bytes=0 (cumulative; payload is not a physical PCIe counter)
safetensors ngram metrics: ple io: 1776 rows, 11.7% row-cache hits, 1568 SSD reads (6.7 MB), read p50 158 us p99 604 us, blocked 7.034 ms total (submit 1.432 ms), cache 1568/1048576 rows, SSD kept awake by 3 reads (slowest 0.3 ms)
strata serve: expert tiers: GPU 207 hits this request; since the start RAM 33251 blobs, files 0 blobs 0.0 MB read
strata serve: prompt 22 tokens = 21 reused + 1 read in 0 ms (28901.7 tok/s), 1 generated in 26 ms (39.1 tok/s), drafts accepted 0 of 0, 1 checkpoints
strata serve: decode expert cache hit rate: 31.1% (128 hits / 412 lookups); 68 more read by the GPU over PCIe or from another GPU (14.2% of all 480 routed)
strata serve: resident RAM: 63.28 GiB of experts in RAM, 0 exchanged with the VRAM tier, 0 blob reads from the file
safetensors residency metrics: ram_bytes=67948118016 os_locked_bytes=0 cuda_pinned_bytes=67948118016 promotions=0 promoted_payload_bytes=0 expert_file_bytes=0 (cumulative; payload is not a physical PCIe counter)
safetensors ngram metrics: ple io: 1792 rows, 11.6% row-cache hits, 1584 SSD reads (6.8 MB), read p50 159 us p99 636 us, blocked 7.309 ms total (submit 1.453 ms), cache 1584/1048576 rows, SSD kept awake by 3 reads (slowest 0.3 ms)
strata serve: expert tiers: GPU 128 hits this request; since the start RAM 33603 blobs, files 0 blobs 0.0 MB read
strata serve: prompt 23 tokens = 22 reused + 1 read in 0 ms (28011.2 tok/s), 1 generated in 24 ms (42.4 tok/s), drafts accepted 0 of 0, 1 checkpoints
strata serve: decode expert cache hit rate: 37.7% (156 hits / 414 lookups); 66 more read by the GPU over PCIe or from another GPU (13.8% of all 480 routed)
strata serve: resident RAM: 63.28 GiB of experts in RAM, 0 exchanged with the VRAM tier, 0 blob reads from the file
safetensors residency metrics: ram_bytes=67948118016 os_locked_bytes=0 cuda_pinned_bytes=67948118016 promotions=0 promoted_payload_bytes=0 expert_file_bytes=0 (cumulative; payload is not a physical PCIe counter)
safetensors ngram metrics: ple io: 1808 rows, 11.9% row-cache hits, 1592 SSD reads (6.8 MB), read p50 159 us p99 636 us, blocked 7.310 ms total (submit 1.463 ms), cache 1592/1048576 rows, SSD kept awake by 3 reads (slowest 0.3 ms)
strata serve: expert tiers: GPU 156 hits this request; since the start RAM 33927 blobs, files 0 blobs 0.0 MB read
strata serve: prompt 24 tokens = 23 reused + 1 read in 0 ms (27777.8 tok/s), 1 generated in 24 ms (42.5 tok/s), drafts accepted 0 of 0, 1 checkpoints
strata serve: decode expert cache hit rate: 36.4% (152 hits / 418 lookups); 62 more read by the GPU over PCIe or from another GPU (12.9% of all 480 routed)
strata serve: resident RAM: 63.28 GiB of experts in RAM, 0 exchanged with the VRAM tier, 0 blob reads from the file
safetensors residency metrics: ram_bytes=67948118016 os_locked_bytes=0 cuda_pinned_bytes=67948118016 promotions=0 promoted_payload_bytes=0 expert_file_bytes=0 (cumulative; payload is not a physical PCIe counter)
safetensors ngram metrics: ple io: 1824 rows, 11.8% row-cache hits, 1608 SSD reads (6.9 MB), read p50 158 us p99 636 us, blocked 7.310 ms total (submit 1.482 ms), cache 1608/1048576 rows, SSD kept awake by 3 reads (slowest 0.3 ms)
strata serve: expert tiers: GPU 152 hits this request; since the start RAM 34255 blobs, files 0 blobs 0.0 MB read
strata serve: prompt 25 tokens = 24 reused + 1 read in 0 ms (27548.2 tok/s), 1 generated in 26 ms (39.1 tok/s), drafts accepted 0 of 0, 1 checkpoints
strata serve: decode expert cache hit rate: 31.7% (129 hits / 407 lookups); 73 more read by the GPU over PCIe or from another GPU (15.2% of all 480 routed)
strata serve: resident RAM: 63.28 GiB of experts in RAM, 0 exchanged with the VRAM tier, 0 blob reads from the file
safetensors residency metrics: ram_bytes=67948118016 os_locked_bytes=0 cuda_pinned_bytes=67948118016 promotions=0 promoted_payload_bytes=0 expert_file_bytes=0 (cumulative; payload is not a physical PCIe counter)
safetensors ngram metrics: ple io: 1840 rows, 11.7% row-cache hits, 1624 SSD reads (6.9 MB), read p50 158 us p99 636 us, blocked 7.311 ms total (submit 1.497 ms), cache 1624/1048576 rows, SSD kept awake by 3 reads (slowest 0.3 ms)
strata serve: expert tiers: GPU 129 hits this request; since the start RAM 34606 blobs, files 0 blobs 0.0 MB read
strata serve: prompt 26 tokens = 25 reused + 1 read in 0 ms (28901.7 tok/s), 1 generated in 24 ms (41.8 tok/s), drafts accepted 0 of 0, 1 checkpoints
strata serve: decode expert cache hit rate: 29.2% (118 hits / 404 lookups); 76 more read by the GPU over PCIe or from another GPU (15.8% of all 480 routed)
strata serve: resident RAM: 63.28 GiB of experts in RAM, 0 exchanged with the VRAM tier, 0 blob reads from the file
safetensors residency metrics: ram_bytes=67948118016 os_locked_bytes=0 cuda_pinned_bytes=67948118016 promotions=0 promoted_payload_bytes=0 expert_file_bytes=0 (cumulative; payload is not a physical PCIe counter)
safetensors ngram metrics: ple io: 1856 rows, 11.6% row-cache hits, 1640 SSD reads (7.0 MB), read p50 158 us p99 636 us, blocked 7.311 ms total (submit 1.510 ms), cache 1640/1048576 rows, SSD kept awake by 3 reads (slowest 0.3 ms)
strata serve: expert tiers: GPU 118 hits this request; since the start RAM 34968 blobs, files 0 blobs 0.0 MB read
strata serve: prompt 27 tokens = 26 reused + 1 read in 0 ms (30303.0 tok/s), 1 generated in 21 ms (48.6 tok/s), drafts accepted 0 of 0, 1 checkpoints
strata serve: decode expert cache hit rate: 54.6% (239 hits / 438 lookups); 42 more read by the GPU over PCIe or from another GPU (8.8% of all 480 routed)
strata serve: resident RAM: 63.28 GiB of experts in RAM, 0 exchanged with the VRAM tier, 0 blob reads from the file
safetensors residency metrics: ram_bytes=67948118016 os_locked_bytes=0 cuda_pinned_bytes=67948118016 promotions=0 promoted_payload_bytes=0 expert_file_bytes=0 (cumulative; payload is not a physical PCIe counter)
safetensors ngram metrics: ple io: 1872 rows, 11.5% row-cache hits, 1656 SSD reads (7.1 MB), read p50 157 us p99 604 us, blocked 7.312 ms total (submit 1.523 ms), cache 1656/1048576 rows, SSD kept awake by 3 reads (slowest 0.3 ms)
strata serve: expert tiers: GPU 239 hits this request; since the start RAM 35209 blobs, files 0 blobs 0.0 MB read
strata serve: prompt 28 tokens = 27 reused + 1 read in 0 ms (31746.0 tok/s), 1 generated in 23 ms (43.4 tok/s), drafts accepted 0 of 0, 1 checkpoints
strata serve: decode expert cache hit rate: 33.5% (138 hits / 412 lookups); 68 more read by the GPU over PCIe or from another GPU (14.2% of all 480 routed)
strata serve: resident RAM: 63.28 GiB of experts in RAM, 0 exchanged with the VRAM tier, 0 blob reads from the file
safetensors residency metrics: ram_bytes=67948118016 os_locked_bytes=0 cuda_pinned_bytes=67948118016 promotions=0 promoted_payload_bytes=0 expert_file_bytes=0 (cumulative; payload is not a physical PCIe counter)
safetensors ngram metrics: ple io: 1888 rows, 11.4% row-cache hits, 1672 SSD reads (7.1 MB), read p50 157 us p99 604 us, blocked 7.312 ms total (submit 1.542 ms), cache 1672/1048576 rows, SSD kept awake by 3 reads (slowest 0.3 ms)
strata serve: expert tiers: GPU 138 hits this request; since the start RAM 35551 blobs, files 0 blobs 0.0 MB read
strata serve: prompt 29 tokens = 28 reused + 1 read in 0 ms (32467.5 tok/s), 1 generated in 25 ms (39.8 tok/s), drafts accepted 0 of 0, 1 checkpoints
strata serve: decode expert cache hit rate: 25.6% (103 hits / 403 lookups); 77 more read by the GPU over PCIe or from another GPU (16.0% of all 480 routed)
strata serve: resident RAM: 63.28 GiB of experts in RAM, 0 exchanged with the VRAM tier, 0 blob reads from the file
safetensors residency metrics: ram_bytes=67948118016 os_locked_bytes=0 cuda_pinned_bytes=67948118016 promotions=0 promoted_payload_bytes=0 expert_file_bytes=0 (cumulative; payload is not a physical PCIe counter)
safetensors ngram metrics: ple io: 1904 rows, 11.3% row-cache hits, 1688 SSD reads (7.2 MB), read p50 157 us p99 604 us, blocked 7.313 ms total (submit 1.556 ms), cache 1688/1048576 rows, SSD kept awake by 3 reads (slowest 0.3 ms)
strata serve: expert tiers: GPU 103 hits this request; since the start RAM 35928 blobs, files 0 blobs 0.0 MB read
strata serve: prompt 30 tokens = 29 reused + 1 read in 0 ms (31055.9 tok/s), 1 generated in 25 ms (39.5 tok/s), drafts accepted 0 of 0, 1 checkpoints
strata serve: decode expert cache hit rate: 23.2% (93 hits / 400 lookups); 80 more read by the GPU over PCIe or from another GPU (16.7% of all 480 routed)
strata serve: resident RAM: 63.28 GiB of experts in RAM, 0 exchanged with the VRAM tier, 0 blob reads from the file
safetensors residency metrics: ram_bytes=67948118016 os_locked_bytes=0 cuda_pinned_bytes=67948118016 promotions=0 promoted_payload_bytes=0 expert_file_bytes=0 (cumulative; payload is not a physical PCIe counter)
safetensors ngram metrics: ple io: 1920 rows, 11.2% row-cache hits, 1704 SSD reads (7.3 MB), read p50 157 us p99 604 us, blocked 7.313 ms total (submit 1.575 ms), cache 1704/1048576 rows, SSD kept awake by 3 reads (slowest 0.3 ms)
strata serve: expert tiers: GPU 93 hits this request; since the start RAM 36315 blobs, files 0 blobs 0.0 MB read
strata serve: prompt 31 tokens = 30 reused + 1 read in 0 ms (26455.0 tok/s), 1 generated in 27 ms (36.4 tok/s), drafts accepted 0 of 0, 1 checkpoints
strata serve: decode expert cache hit rate: 18.6% (73 hits / 392 lookups); 88 more read by the GPU over PCIe or from another GPU (18.3% of all 480 routed)
strata serve: resident RAM: 63.28 GiB of experts in RAM, 0 exchanged with the VRAM tier, 0 blob reads from the file
safetensors residency metrics: ram_bytes=67948118016 os_locked_bytes=0 cuda_pinned_bytes=67948118016 promotions=0 promoted_payload_bytes=0 expert_file_bytes=0 (cumulative; payload is not a physical PCIe counter)
safetensors ngram metrics: ple io: 1936 rows, 11.2% row-cache hits, 1720 SSD reads (7.3 MB), read p50 157 us p99 604 us, blocked 7.314 ms total (submit 1.601 ms), cache 1720/1048576 rows, SSD kept awake by 3 reads (slowest 0.3 ms)
strata serve: expert tiers: GPU 73 hits this request; since the start RAM 36722 blobs, files 0 blobs 0.0 MB read
strata serve: prompt 32 tokens = 31 reused + 1 read in 0 ms (32573.3 tok/s), 1 generated in 24 ms (40.9 tok/s), drafts accepted 0 of 0, 1 checkpoints
strata serve: decode expert cache hit rate: 28.6% (115 hits / 402 lookups); 78 more read by the GPU over PCIe or from another GPU (16.2% of all 480 routed)
strata serve: resident RAM: 63.28 GiB of experts in RAM, 0 exchanged with the VRAM tier, 0 blob reads from the file
safetensors residency metrics: ram_bytes=67948118016 os_locked_bytes=0 cuda_pinned_bytes=67948118016 promotions=0 promoted_payload_bytes=0 expert_file_bytes=0 (cumulative; payload is not a physical PCIe counter)
safetensors ngram metrics: ple io: 1952 rows, 11.1% row-cache hits, 1736 SSD reads (7.4 MB), read p50 158 us p99 604 us, blocked 7.314 ms total (submit 1.613 ms), cache 1736/1048576 rows, SSD kept awake by 3 reads (slowest 0.3 ms)
strata serve: expert tiers: GPU 115 hits this request; since the start RAM 37087 blobs, files 0 blobs 0.0 MB read
strata serve: prompt 33 tokens = 32 reused + 1 read in 0 ms (30395.1 tok/s), 1 generated in 25 ms (40.0 tok/s), drafts accepted 0 of 0, 1 checkpoints
strata serve: decode expert cache hit rate: 27.3% (110 hits / 403 lookups); 77 more read by the GPU over PCIe or from another GPU (16.0% of all 480 routed)
strata serve: resident RAM: 63.28 GiB of experts in RAM, 0 exchanged with the VRAM tier, 0 blob reads from the file
safetensors residency metrics: ram_bytes=67948118016 os_locked_bytes=0 cuda_pinned_bytes=67948118016 promotions=0 promoted_payload_bytes=0 expert_file_bytes=0 (cumulative; payload is not a physical PCIe counter)
safetensors ngram metrics: ple io: 1968 rows, 11.0% row-cache hits, 1752 SSD reads (7.5 MB), read p50 157 us p99 599 us, blocked 7.314 ms total (submit 1.627 ms), cache 1752/1048576 rows, SSD kept awake by 3 reads (slowest 0.3 ms)
strata serve: expert tiers: GPU 110 hits this request; since the start RAM 37457 blobs, files 0 blobs 0.0 MB read
strata serve: prompt 34 tokens = 33 reused + 1 read in 0 ms (30395.1 tok/s), 1 generated in 28 ms (35.3 tok/s), drafts accepted 0 of 0, 1 checkpoints
strata serve: decode expert cache hit rate: 26.7% (107 hits / 401 lookups); 79 more read by the GPU over PCIe or from another GPU (16.5% of all 480 routed)
strata serve: resident RAM: 63.28 GiB of experts in RAM, 0 exchanged with the VRAM tier, 0 blob reads from the file
safetensors residency metrics: ram_bytes=67948118016 os_locked_bytes=0 cuda_pinned_bytes=67948118016 promotions=0 promoted_payload_bytes=0 expert_file_bytes=0 (cumulative; payload is not a physical PCIe counter)
safetensors ngram metrics: ple io: 1984 rows, 10.9% row-cache hits, 1768 SSD reads (7.5 MB), read p50 157 us p99 599 us, blocked 7.315 ms total (submit 1.639 ms), cache 1768/1048576 rows, SSD kept awake by 3 reads (slowest 0.3 ms)
strata serve: expert tiers: GPU 107 hits this request; since the start RAM 37830 blobs, files 0 blobs 0.0 MB read
strata serve: prompt 35 tokens = 34 reused + 1 read in 0 ms (29940.1 tok/s), 1 generated in 25 ms (39.3 tok/s), drafts accepted 0 of 0, 1 checkpoints
strata serve: decode expert cache hit rate: 22.0% (87 hits / 396 lookups); 84 more read by the GPU over PCIe or from another GPU (17.5% of all 480 routed)
strata serve: resident RAM: 63.28 GiB of experts in RAM, 0 exchanged with the VRAM tier, 0 blob reads from the file
safetensors residency metrics: ram_bytes=67948118016 os_locked_bytes=0 cuda_pinned_bytes=67948118016 promotions=0 promoted_payload_bytes=0 expert_file_bytes=0 (cumulative; payload is not a physical PCIe counter)
safetensors ngram metrics: ple io: 2000 rows, 10.8% row-cache hits, 1784 SSD reads (7.6 MB), read p50 156 us p99 599 us, blocked 7.315 ms total (submit 1.650 ms), cache 1784/1048576 rows, SSD kept awake by 3 reads (slowest 0.3 ms)
strata serve: expert tiers: GPU 87 hits this request; since the start RAM 38223 blobs, files 0 blobs 0.0 MB read
strata serve: prompt 36 tokens = 35 reused + 1 read in 0 ms (31847.1 tok/s), 1 generated in 24 ms (41.4 tok/s), drafts accepted 0 of 0, 1 checkpoints
strata serve: decode expert cache hit rate: 33.3% (137 hits / 412 lookups); 68 more read by the GPU over PCIe or from another GPU (14.2% of all 480 routed)
strata serve: resident RAM: 63.28 GiB of experts in RAM, 0 exchanged with the VRAM tier, 0 blob reads from the file
safetensors residency metrics: ram_bytes=67948118016 os_locked_bytes=0 cuda_pinned_bytes=67948118016 promotions=0 promoted_payload_bytes=0 expert_file_bytes=0 (cumulative; payload is not a physical PCIe counter)
safetensors ngram metrics: ple io: 2016 rows, 10.7% row-cache hits, 1800 SSD reads (7.7 MB), read p50 156 us p99 599 us, blocked 7.316 ms total (submit 1.672 ms), cache 1800/1048576 rows, SSD kept awake by 3 reads (slowest 0.3 ms)
strata serve: expert tiers: GPU 137 hits this request; since the start RAM 38566 blobs, files 0 blobs 0.0 MB read
strata serve: prompt 37 tokens = 36 reused + 1 read in 0 ms (30769.2 tok/s), 1 generated in 25 ms (39.6 tok/s), drafts accepted 0 of 0, 1 checkpoints
strata serve: decode expert cache hit rate: 22.2% (88 hits / 397 lookups); 83 more read by the GPU over PCIe or from another GPU (17.3% of all 480 routed)
strata serve: resident RAM: 63.28 GiB of experts in RAM, 0 exchanged with the VRAM tier, 0 blob reads from the file
safetensors residency metrics: ram_bytes=67948118016 os_locked_bytes=0 cuda_pinned_bytes=67948118016 promotions=0 promoted_payload_bytes=0 expert_file_bytes=0 (cumulative; payload is not a physical PCIe counter)
safetensors ngram metrics: ple io: 2032 rows, 10.6% row-cache hits, 1816 SSD reads (7.7 MB), read p50 156 us p99 599 us, blocked 7.316 ms total (submit 1.687 ms), cache 1816/1048576 rows, SSD kept awake by 3 reads (slowest 0.3 ms)
strata serve: expert tiers: GPU 88 hits this request; since the start RAM 38958 blobs, files 0 blobs 0.0 MB read
strata serve: prompt 38 tokens = 37 reused + 1 read in 0 ms (31847.1 tok/s), 1 generated in 23 ms (43.8 tok/s), drafts accepted 0 of 0, 1 checkpoints
strata serve: decode expert cache hit rate: 36.1% (148 hits / 410 lookups); 70 more read by the GPU over PCIe or from another GPU (14.6% of all 480 routed)
strata serve: resident RAM: 63.28 GiB of experts in RAM, 0 exchanged with the VRAM tier, 0 blob reads from the file
safetensors residency metrics: ram_bytes=67948118016 os_locked_bytes=0 cuda_pinned_bytes=67948118016 promotions=0 promoted_payload_bytes=0 expert_file_bytes=0 (cumulative; payload is not a physical PCIe counter)
safetensors ngram metrics: ple io: 2048 rows, 10.5% row-cache hits, 1832 SSD reads (7.8 MB), read p50 156 us p99 599 us, blocked 7.317 ms total (submit 1.708 ms), cache 1832/1048576 rows, SSD kept awake by 3 reads (slowest 0.3 ms)
strata serve: expert tiers: GPU 148 hits this request; since the start RAM 39290 blobs, files 0 blobs 0.0 MB read
strata serve: prompt 39 tokens = 38 reused + 1 read in 0 ms (30581.0 tok/s), 1 generated in 24 ms (41.6 tok/s), drafts accepted 0 of 0, 1 checkpoints
strata serve: decode expert cache hit rate: 28.6% (116 hits / 405 lookups); 75 more read by the GPU over PCIe or from another GPU (15.6% of all 480 routed)
strata serve: resident RAM: 63.28 GiB of experts in RAM, 0 exchanged with the VRAM tier, 0 blob reads from the file
safetensors residency metrics: ram_bytes=67948118016 os_locked_bytes=0 cuda_pinned_bytes=67948118016 promotions=0 promoted_payload_bytes=0 expert_file_bytes=0 (cumulative; payload is not a physical PCIe counter)
safetensors ngram metrics: ple io: 2064 rows, 10.5% row-cache hits, 1848 SSD reads (7.9 MB), read p50 156 us p99 599 us, blocked 7.317 ms total (submit 1.732 ms), cache 1848/1048576 rows, SSD kept awake by 3 reads (slowest 0.3 ms)
strata serve: expert tiers: GPU 116 hits this request; since the start RAM 39654 blobs, files 0 blobs 0.0 MB read
strata serve: prompt 40 tokens = 39 reused + 1 read in 0 ms (31055.9 tok/s), 1 generated in 25 ms (40.7 tok/s), drafts accepted 0 of 0, 1 checkpoints
strata serve: decode expert cache hit rate: 28.0% (113 hits / 404 lookups); 76 more read by the GPU over PCIe or from another GPU (15.8% of all 480 routed)
strata serve: resident RAM: 63.28 GiB of experts in RAM, 0 exchanged with the VRAM tier, 0 blob reads from the file
safetensors residency metrics: ram_bytes=67948118016 os_locked_bytes=0 cuda_pinned_bytes=67948118016 promotions=0 promoted_payload_bytes=0 expert_file_bytes=0 (cumulative; payload is not a physical PCIe counter)
safetensors ngram metrics: ple io: 2080 rows, 10.4% row-cache hits, 1864 SSD reads (8.0 MB), read p50 156 us p99 597 us, blocked 7.318 ms total (submit 1.747 ms), cache 1864/1048576 rows, SSD kept awake by 3 reads (slowest 0.3 ms)
strata serve: expert tiers: GPU 113 hits this request; since the start RAM 40021 blobs, files 0 blobs 0.0 MB read
strata serve: prompt 41 tokens = 40 reused + 1 read in 0 ms (30674.8 tok/s), 1 generated in 25 ms (40.0 tok/s), drafts accepted 0 of 0, 1 checkpoints
strata serve: decode expert cache hit rate: 24.9% (100 hits / 402 lookups); 78 more read by the GPU over PCIe or from another GPU (16.2% of all 480 routed)
strata serve: resident RAM: 63.28 GiB of experts in RAM, 0 exchanged with the VRAM tier, 0 blob reads from the file
safetensors residency metrics: ram_bytes=67948118016 os_locked_bytes=0 cuda_pinned_bytes=67948118016 promotions=0 promoted_payload_bytes=0 expert_file_bytes=0 (cumulative; payload is not a physical PCIe counter)
safetensors ngram metrics: ple io: 2096 rows, 10.3% row-cache hits, 1880 SSD reads (8.0 MB), read p50 156 us p99 597 us, blocked 7.318 ms total (submit 1.760 ms), cache 1880/1048576 rows, SSD kept awake by 3 reads (slowest 0.3 ms)
strata serve: expert tiers: GPU 100 hits this request; since the start RAM 40401 blobs, files 0 blobs 0.0 MB read
strata serve: prompt 42 tokens = 41 reused + 1 read in 0 ms (31250.0 tok/s), 1 generated in 25 ms (39.5 tok/s), drafts accepted 0 of 0, 1 checkpoints
strata serve: decode expert cache hit rate: 23.5% (94 hits / 400 lookups); 80 more read by the GPU over PCIe or from another GPU (16.7% of all 480 routed)
strata serve: resident RAM: 63.28 GiB of experts in RAM, 0 exchanged with the VRAM tier, 0 blob reads from the file
safetensors residency metrics: ram_bytes=67948118016 os_locked_bytes=0 cuda_pinned_bytes=67948118016 promotions=0 promoted_payload_bytes=0 expert_file_bytes=0 (cumulative; payload is not a physical PCIe counter)
safetensors ngram metrics: ple io: 2112 rows, 10.2% row-cache hits, 1896 SSD reads (8.1 MB), read p50 156 us p99 597 us, blocked 7.318 ms total (submit 1.772 ms), cache 1896/1048576 rows, SSD kept awake by 3 reads (slowest 0.3 ms)
strata serve: expert tiers: GPU 94 hits this request; since the start RAM 40787 blobs, files 0 blobs 0.0 MB read
strata serve: prompt 43 tokens = 42 reused + 1 read in 0 ms (32258.1 tok/s), 1 generated in 24 ms (40.9 tok/s), drafts accepted 0 of 0, 1 checkpoints
strata serve: decode expert cache hit rate: 25.7% (104 hits / 405 lookups); 75 more read by the GPU over PCIe or from another GPU (15.6% of all 480 routed)
strata serve: resident RAM: 63.28 GiB of experts in RAM, 0 exchanged with the VRAM tier, 0 blob reads from the file
safetensors residency metrics: ram_bytes=67948118016 os_locked_bytes=0 cuda_pinned_bytes=67948118016 promotions=0 promoted_payload_bytes=0 expert_file_bytes=0 (cumulative; payload is not a physical PCIe counter)
safetensors ngram metrics: ple io: 2128 rows, 10.2% row-cache hits, 1912 SSD reads (8.2 MB), read p50 156 us p99 597 us, blocked 7.319 ms total (submit 1.790 ms), cache 1912/1048576 rows, SSD kept awake by 3 reads (slowest 0.3 ms)
strata serve: expert tiers: GPU 104 hits this request; since the start RAM 41163 blobs, files 0 blobs 0.0 MB read
strata serve: prompt 44 tokens = 43 reused + 1 read in 0 ms (27777.8 tok/s), 1 generated in 23 ms (44.2 tok/s), drafts accepted 0 of 0, 1 checkpoints
strata serve: decode expert cache hit rate: 53.7% (234 hits / 436 lookups); 44 more read by the GPU over PCIe or from another GPU (9.2% of all 480 routed)
strata serve: resident RAM: 63.28 GiB of experts in RAM, 0 exchanged with the VRAM tier, 0 blob reads from the file
safetensors residency metrics: ram_bytes=67948118016 os_locked_bytes=0 cuda_pinned_bytes=67948118016 promotions=0 promoted_payload_bytes=0 expert_file_bytes=0 (cumulative; payload is not a physical PCIe counter)
safetensors ngram metrics: ple io: 2144 rows, 10.1% row-cache hits, 1928 SSD reads (8.2 MB), read p50 155 us p99 597 us, blocked 7.319 ms total (submit 1.803 ms), cache 1928/1048576 rows, SSD kept awake by 3 reads (slowest 0.3 ms)
strata serve: expert tiers: GPU 234 hits this request; since the start RAM 41409 blobs, files 0 blobs 0.0 MB read
strata serve: prompt 45 tokens = 44 reused + 1 read in 0 ms (29411.8 tok/s), 1 generated in 24 ms (42.3 tok/s), drafts accepted 0 of 0, 1 checkpoints
strata serve: decode expert cache hit rate: 27.5% (111 hits / 403 lookups); 77 more read by the GPU over PCIe or from another GPU (16.0% of all 480 routed)
strata serve: resident RAM: 63.28 GiB of experts in RAM, 0 exchanged with the VRAM tier, 0 blob reads from the file
safetensors residency metrics: ram_bytes=67948118016 os_locked_bytes=0 cuda_pinned_bytes=67948118016 promotions=0 promoted_payload_bytes=0 expert_file_bytes=0 (cumulative; payload is not a physical PCIe counter)
safetensors ngram metrics: ple io: 2160 rows, 10.0% row-cache hits, 1944 SSD reads (8.3 MB), read p50 155 us p99 597 us, blocked 7.320 ms total (submit 1.820 ms), cache 1944/1048576 rows, SSD kept awake by 3 reads (slowest 0.3 ms)
strata serve: expert tiers: GPU 111 hits this request; since the start RAM 41778 blobs, files 0 blobs 0.0 MB read
strata serve: prompt 46 tokens = 45 reused + 1 read in 0 ms (28089.9 tok/s), 1 generated in 24 ms (40.8 tok/s), drafts accepted 0 of 0, 1 checkpoints
strata serve: decode expert cache hit rate: 24.3% (97 hits / 399 lookups); 81 more read by the GPU over PCIe or from another GPU (16.9% of all 480 routed)
strata serve: resident RAM: 63.28 GiB of experts in RAM, 0 exchanged with the VRAM tier, 0 blob reads from the file
safetensors residency metrics: ram_bytes=67948118016 os_locked_bytes=0 cuda_pinned_bytes=67948118016 promotions=0 promoted_payload_bytes=0 expert_file_bytes=0 (cumulative; payload is not a physical PCIe counter)
safetensors ngram metrics: ple io: 2176 rows, 9.9% row-cache hits, 1960 SSD reads (8.4 MB), read p50 155 us p99 588 us, blocked 7.320 ms total (submit 1.834 ms), cache 1960/1048576 rows, SSD kept awake by 3 reads (slowest 0.3 ms)
strata serve: expert tiers: GPU 97 hits this request; since the start RAM 42161 blobs, files 0 blobs 0.0 MB read
strata serve: prompt 47 tokens = 46 reused + 1 read in 0 ms (21322.0 tok/s), 1 generated in 25 ms (40.1 tok/s), drafts accepted 0 of 0, 1 checkpoints
strata serve: decode expert cache hit rate: 24.2% (97 hits / 401 lookups); 79 more read by the GPU over PCIe or from another GPU (16.5% of all 480 routed)
strata serve: resident RAM: 63.28 GiB of experts in RAM, 0 exchanged with the VRAM tier, 0 blob reads from the file
safetensors residency metrics: ram_bytes=67948118016 os_locked_bytes=0 cuda_pinned_bytes=67948118016 promotions=0 promoted_payload_bytes=0 expert_file_bytes=0 (cumulative; payload is not a physical PCIe counter)
safetensors ngram metrics: ple io: 2192 rows, 10.2% row-cache hits, 1968 SSD reads (8.4 MB), read p50 155 us p99 588 us, blocked 7.321 ms total (submit 1.848 ms), cache 1968/1048576 rows, SSD kept awake by 3 reads (slowest 0.3 ms)
strata serve: expert tiers: GPU 97 hits this request; since the start RAM 42544 blobs, files 0 blobs 0.0 MB read
strata serve: prompt 48 tokens = 47 reused + 1 read in 0 ms (28901.7 tok/s), 1 generated in 26 ms (39.1 tok/s), drafts accepted 0 of 0, 1 checkpoints
strata serve: decode expert cache hit rate: 22.0% (88 hits / 400 lookups); 80 more read by the GPU over PCIe or from another GPU (16.7% of all 480 routed)
strata serve: resident RAM: 63.28 GiB of experts in RAM, 0 exchanged with the VRAM tier, 0 blob reads from the file
safetensors residency metrics: ram_bytes=67948118016 os_locked_bytes=0 cuda_pinned_bytes=67948118016 promotions=0 promoted_payload_bytes=0 expert_file_bytes=0 (cumulative; payload is not a physical PCIe counter)
safetensors ngram metrics: ple io: 2208 rows, 10.1% row-cache hits, 1984 SSD reads (8.5 MB), read p50 155 us p99 588 us, blocked 7.321 ms total (submit 1.874 ms), cache 1984/1048576 rows, SSD kept awake by 3 reads (slowest 0.3 ms)
strata serve: expert tiers: GPU 88 hits this request; since the start RAM 42936 blobs, files 0 blobs 0.0 MB read
strata serve: prompt 49 tokens = 48 reused + 1 read in 0 ms (31250.0 tok/s), 1 generated in 25 ms (39.5 tok/s), drafts accepted 0 of 0, 1 checkpoints
strata serve: decode expert cache hit rate: 20.6% (81 hits / 393 lookups); 87 more read by the GPU over PCIe or from another GPU (18.1% of all 480 routed)
strata serve: resident RAM: 63.28 GiB of experts in RAM, 0 exchanged with the VRAM tier, 0 blob reads from the file
safetensors residency metrics: ram_bytes=67948118016 os_locked_bytes=0 cuda_pinned_bytes=67948118016 promotions=0 promoted_payload_bytes=0 expert_file_bytes=0 (cumulative; payload is not a physical PCIe counter)
safetensors ngram metrics: ple io: 2224 rows, 10.1% row-cache hits, 2000 SSD reads (8.5 MB), read p50 155 us p99 588 us, blocked 7.322 ms total (submit 1.891 ms), cache 2000/1048576 rows, SSD kept awake by 3 reads (slowest 0.3 ms)
strata serve: expert tiers: GPU 81 hits this request; since the start RAM 43335 blobs, files 0 blobs 0.0 MB read
strata serve: prompt 50 tokens = 49 reused + 1 read in 0 ms (22727.3 tok/s), 1 generated in 24 ms (41.5 tok/s), drafts accepted 0 of 0, 1 checkpoints
strata serve: decode expert cache hit rate: 22.6% (90 hits / 399 lookups); 81 more read by the GPU over PCIe or from another GPU (16.9% of all 480 routed)
strata serve: resident RAM: 63.28 GiB of experts in RAM, 0 exchanged with the VRAM tier, 0 blob reads from the file
safetensors residency metrics: ram_bytes=67948118016 os_locked_bytes=0 cuda_pinned_bytes=67948118016 promotions=0 promoted_payload_bytes=0 expert_file_bytes=0 (cumulative; payload is not a physical PCIe counter)
safetensors ngram metrics: ple io: 2240 rows, 10.0% row-cache hits, 2016 SSD reads (8.6 MB), read p50 155 us p99 588 us, blocked 7.322 ms total (submit 1.906 ms), cache 2016/1048576 rows, SSD kept awake by 3 reads (slowest 0.3 ms)
strata serve: expert tiers: GPU 90 hits this request; since the start RAM 43725 blobs, files 0 blobs 0.0 MB read
strata serve: prompt 51 tokens = 50 reused + 1 read in 0 ms (29585.8 tok/s), 1 generated in 25 ms (39.8 tok/s), drafts accepted 0 of 0, 1 checkpoints
strata serve: decode expert cache hit rate: 24.9% (99 hits / 398 lookups); 82 more read by the GPU over PCIe or from another GPU (17.1% of all 480 routed)
strata serve: resident RAM: 63.28 GiB of experts in RAM, 0 exchanged with the VRAM tier, 0 blob reads from the file
safetensors residency metrics: ram_bytes=67948118016 os_locked_bytes=0 cuda_pinned_bytes=67948118016 promotions=0 promoted_payload_bytes=0 expert_file_bytes=0 (cumulative; payload is not a physical PCIe counter)
safetensors ngram metrics: ple io: 2256 rows, 9.9% row-cache hits, 2032 SSD reads (8.7 MB), read p50 154 us p99 588 us, blocked 7.323 ms total (submit 1.939 ms), cache 2032/1048576 rows, SSD kept awake by 3 reads (slowest 0.3 ms)
strata serve: expert tiers: GPU 99 hits this request; since the start RAM 44106 blobs, files 0 blobs 0.0 MB read
strata serve: prompt 52 tokens = 51 reused + 1 read in 0 ms (30864.2 tok/s), 1 generated in 25 ms (39.3 tok/s), drafts accepted 0 of 0, 1 checkpoints
strata serve: decode expert cache hit rate: 28.2% (114 hits / 404 lookups); 76 more read by the GPU over PCIe or from another GPU (15.8% of all 480 routed)
strata serve: resident RAM: 63.28 GiB of experts in RAM, 0 exchanged with the VRAM tier, 0 blob reads from the file
safetensors residency metrics: ram_bytes=67948118016 os_locked_bytes=0 cuda_pinned_bytes=67948118016 promotions=0 promoted_payload_bytes=0 expert_file_bytes=0 (cumulative; payload is not a physical PCIe counter)
safetensors ngram metrics: ple io: 2272 rows, 9.9% row-cache hits, 2048 SSD reads (8.7 MB), read p50 154 us p99 588 us, blocked 7.323 ms total (submit 1.953 ms), cache 2048/1048576 rows, SSD kept awake by 3 reads (slowest 0.3 ms)
strata serve: expert tiers: GPU 114 hits this request; since the start RAM 44472 blobs, files 0 blobs 0.0 MB read
strata serve: prompt 53 tokens = 52 reused + 1 read in 0 ms (30211.5 tok/s), 1 generated in 26 ms (39.2 tok/s), drafts accepted 0 of 0, 1 checkpoints
strata serve: decode expert cache hit rate: 25.8% (103 hits / 399 lookups); 81 more read by the GPU over PCIe or from another GPU (16.9% of all 480 routed)
strata serve: resident RAM: 63.28 GiB of experts in RAM, 0 exchanged with the VRAM tier, 0 blob reads from the file
safetensors residency metrics: ram_bytes=67948118016 os_locked_bytes=0 cuda_pinned_bytes=67948118016 promotions=0 promoted_payload_bytes=0 expert_file_bytes=0 (cumulative; payload is not a physical PCIe counter)
safetensors ngram metrics: ple io: 2288 rows, 9.8% row-cache hits, 2064 SSD reads (8.8 MB), read p50 154 us p99 586 us, blocked 7.324 ms total (submit 1.965 ms), cache 2064/1048576 rows, SSD kept awake by 3 reads (slowest 0.3 ms)
strata serve: expert tiers: GPU 103 hits this request; since the start RAM 44849 blobs, files 0 blobs 0.0 MB read
strata serve: prompt 54 tokens = 53 reused + 1 read in 0 ms (29585.8 tok/s), 1 generated in 27 ms (37.1 tok/s), drafts accepted 0 of 0, 1 checkpoints
strata serve: decode expert cache hit rate: 25.6% (103 hits / 403 lookups); 77 more read by the GPU over PCIe or from another GPU (16.0% of all 480 routed)
strata serve: resident RAM: 63.28 GiB of experts in RAM, 0 exchanged with the VRAM tier, 0 blob reads from the file
safetensors residency metrics: ram_bytes=67948118016 os_locked_bytes=0 cuda_pinned_bytes=67948118016 promotions=0 promoted_payload_bytes=0 expert_file_bytes=0 (cumulative; payload is not a physical PCIe counter)
safetensors ngram metrics: ple io: 2304 rows, 9.7% row-cache hits, 2080 SSD reads (8.9 MB), read p50 154 us p99 586 us, blocked 7.324 ms total (submit 1.978 ms), cache 2080/1048576 rows, SSD kept awake by 3 reads (slowest 0.3 ms)
strata serve: expert tiers: GPU 103 hits this request; since the start RAM 45226 blobs, files 0 blobs 0.0 MB read
strata serve: prompt 55 tokens = 54 reused + 1 read in 0 ms (29761.9 tok/s), 1 generated in 26 ms (38.4 tok/s), drafts accepted 0 of 0, 1 checkpoints
strata serve: decode expert cache hit rate: 27.8% (113 hits / 406 lookups); 74 more read by the GPU over PCIe or from another GPU (15.4% of all 480 routed)
strata serve: resident RAM: 63.28 GiB of experts in RAM, 0 exchanged with the VRAM tier, 0 blob reads from the file
safetensors residency metrics: ram_bytes=67948118016 os_locked_bytes=0 cuda_pinned_bytes=67948118016 promotions=0 promoted_payload_bytes=0 expert_file_bytes=0 (cumulative; payload is not a physical PCIe counter)
safetensors ngram metrics: ple io: 2320 rows, 9.7% row-cache hits, 2096 SSD reads (8.9 MB), read p50 154 us p99 586 us, blocked 7.325 ms total (submit 1.997 ms), cache 2096/1048576 rows, SSD kept awake by 3 reads (slowest 0.3 ms)
strata serve: expert tiers: GPU 113 hits this request; since the start RAM 45593 blobs, files 0 blobs 0.0 MB read
strata serve: prompt 56 tokens = 55 reused + 1 read in 0 ms (26109.7 tok/s), 1 generated in 26 ms (38.9 tok/s), drafts accepted 0 of 0, 1 checkpoints
strata serve: decode expert cache hit rate: 24.7% (99 hits / 401 lookups); 79 more read by the GPU over PCIe or from another GPU (16.5% of all 480 routed)
strata serve: resident RAM: 63.28 GiB of experts in RAM, 0 exchanged with the VRAM tier, 0 blob reads from the file
safetensors residency metrics: ram_bytes=67948118016 os_locked_bytes=0 cuda_pinned_bytes=67948118016 promotions=0 promoted_payload_bytes=0 expert_file_bytes=0 (cumulative; payload is not a physical PCIe counter)
safetensors ngram metrics: ple io: 2336 rows, 9.6% row-cache hits, 2112 SSD reads (9.0 MB), read p50 154 us p99 586 us, blocked 7.325 ms total (submit 2.015 ms), cache 2112/1048576 rows, SSD kept awake by 3 reads (slowest 0.3 ms)
strata serve: expert tiers: GPU 99 hits this request; since the start RAM 45974 blobs, files 0 blobs 0.0 MB read
strata serve: prompt 57 tokens = 56 reused + 1 read in 0 ms (31250.0 tok/s), 1 generated in 25 ms (39.3 tok/s), drafts accepted 0 of 0, 1 checkpoints
strata serve: decode expert cache hit rate: 21.1% (84 hits / 399 lookups); 81 more read by the GPU over PCIe or from another GPU (16.9% of all 480 routed)
strata serve: resident RAM: 63.28 GiB of experts in RAM, 0 exchanged with the VRAM tier, 0 blob reads from the file
safetensors residency metrics: ram_bytes=67948118016 os_locked_bytes=0 cuda_pinned_bytes=67948118016 promotions=0 promoted_payload_bytes=0 expert_file_bytes=0 (cumulative; payload is not a physical PCIe counter)
safetensors ngram metrics: ple io: 2352 rows, 9.5% row-cache hits, 2128 SSD reads (9.1 MB), read p50 154 us p99 586 us, blocked 7.326 ms total (submit 2.030 ms), cache 2128/1048576 rows, SSD kept awake by 3 reads (slowest 0.3 ms)
strata serve: expert tiers: GPU 84 hits this request; since the start RAM 46370 blobs, files 0 blobs 0.0 MB read
strata serve: prompt 58 tokens = 57 reused + 1 read in 0 ms (31250.0 tok/s), 1 generated in 35 ms (28.8 tok/s), drafts accepted 0 of 0, 1 checkpoints
strata serve: decode expert cache hit rate: 28.0% (113 hits / 404 lookups); 76 more read by the GPU over PCIe or from another GPU (15.8% of all 480 routed)
strata serve: resident RAM: 63.28 GiB of experts in RAM, 0 exchanged with the VRAM tier, 0 blob reads from the file
safetensors residency metrics: ram_bytes=67948118016 os_locked_bytes=0 cuda_pinned_bytes=67948118016 promotions=0 promoted_payload_bytes=0 expert_file_bytes=0 (cumulative; payload is not a physical PCIe counter)
safetensors ngram metrics: ple io: 2368 rows, 9.5% row-cache hits, 2144 SSD reads (9.2 MB), read p50 154 us p99 586 us, blocked 7.326 ms total (submit 2.050 ms), cache 2144/1048576 rows, SSD kept awake by 3 reads (slowest 0.3 ms)
strata serve: expert tiers: GPU 113 hits this request; since the start RAM 46737 blobs, files 0 blobs 0.0 MB read
strata serve: prompt 59 tokens = 58 reused + 1 read in 0 ms (30030.0 tok/s), 1 generated in 22 ms (45.6 tok/s), drafts accepted 0 of 0, 1 checkpoints
strata serve: decode expert cache hit rate: 42.7% (179 hits / 419 lookups); 61 more read by the GPU over PCIe or from another GPU (12.7% of all 480 routed)
strata serve: resident RAM: 63.28 GiB of experts in RAM, 0 exchanged with the VRAM tier, 0 blob reads from the file
safetensors residency metrics: ram_bytes=67948118016 os_locked_bytes=0 cuda_pinned_bytes=67948118016 promotions=0 promoted_payload_bytes=0 expert_file_bytes=0 (cumulative; payload is not a physical PCIe counter)
safetensors ngram metrics: ple io: 2384 rows, 9.4% row-cache hits, 2160 SSD reads (9.2 MB), read p50 154 us p99 572 us, blocked 7.326 ms total (submit 2.064 ms), cache 2160/1048576 rows, SSD kept awake by 3 reads (slowest 0.3 ms)
strata serve: expert tiers: GPU 179 hits this request; since the start RAM 47038 blobs, files 0 blobs 0.0 MB read
strata serve: prompt 60 tokens = 59 reused + 1 read in 0 ms (33333.3 tok/s), 1 generated in 23 ms (42.6 tok/s), drafts accepted 0 of 0, 1 checkpoints
strata serve: decode expert cache hit rate: 33.2% (136 hits / 410 lookups); 70 more read by the GPU over PCIe or from another GPU (14.6% of all 480 routed)
strata serve: resident RAM: 63.28 GiB of experts in RAM, 0 exchanged with the VRAM tier, 0 blob reads from the file
safetensors residency metrics: ram_bytes=67948118016 os_locked_bytes=0 cuda_pinned_bytes=67948118016 promotions=0 promoted_payload_bytes=0 expert_file_bytes=0 (cumulative; payload is not a physical PCIe counter)
safetensors ngram metrics: ple io: 2400 rows, 9.3% row-cache hits, 2176 SSD reads (9.3 MB), read p50 154 us p99 572 us, blocked 7.327 ms total (submit 2.087 ms), cache 2176/1048576 rows, SSD kept awake by 3 reads (slowest 0.3 ms)
strata serve: expert tiers: GPU 136 hits this request; since the start RAM 47382 blobs, files 0 blobs 0.0 MB read
strata serve: prompt 61 tokens = 60 reused + 1 read in 0 ms (31847.1 tok/s), 1 generated in 24 ms (42.0 tok/s), drafts accepted 0 of 0, 1 checkpoints
strata serve: decode expert cache hit rate: 43.9% (188 hits / 428 lookups); 52 more read by the GPU over PCIe or from another GPU (10.8% of all 480 routed)
strata serve: resident RAM: 63.28 GiB of experts in RAM, 0 exchanged with the VRAM tier, 0 blob reads from the file
safetensors residency metrics: ram_bytes=67948118016 os_locked_bytes=0 cuda_pinned_bytes=67948118016 promotions=0 promoted_payload_bytes=0 expert_file_bytes=0 (cumulative; payload is not a physical PCIe counter)
safetensors ngram metrics: ple io: 2416 rows, 9.3% row-cache hits, 2192 SSD reads (9.4 MB), read p50 154 us p99 572 us, blocked 7.327 ms total (submit 2.101 ms), cache 2192/1048576 rows, SSD kept awake by 3 reads (slowest 0.3 ms)
strata serve: expert tiers: GPU 188 hits this request; since the start RAM 47674 blobs, files 0 blobs 0.0 MB read
strata serve: prompt 62 tokens = 61 reused + 1 read in 0 ms (30395.1 tok/s), 1 generated in 25 ms (40.4 tok/s), drafts accepted 0 of 0, 1 checkpoints
strata serve: decode expert cache hit rate: 25.5% (102 hits / 400 lookups); 80 more read by the GPU over PCIe or from another GPU (16.7% of all 480 routed)
strata serve: resident RAM: 63.28 GiB of experts in RAM, 0 exchanged with the VRAM tier, 0 blob reads from the file
safetensors residency metrics: ram_bytes=67948118016 os_locked_bytes=0 cuda_pinned_bytes=67948118016 promotions=0 promoted_payload_bytes=0 expert_file_bytes=0 (cumulative; payload is not a physical PCIe counter)
safetensors ngram metrics: ple io: 2432 rows, 9.2% row-cache hits, 2208 SSD reads (9.4 MB), read p50 154 us p99 572 us, blocked 7.328 ms total (submit 2.117 ms), cache 2208/1048576 rows, SSD kept awake by 3 reads (slowest 0.3 ms)
strata serve: expert tiers: GPU 102 hits this request; since the start RAM 48052 blobs, files 0 blobs 0.0 MB read
strata serve: prompt 63 tokens = 62 reused + 1 read in 0 ms (30211.5 tok/s), 1 generated in 23 ms (43.5 tok/s), drafts accepted 0 of 0, 1 checkpoints
strata serve: decode expert cache hit rate: 29.6% (120 hits / 406 lookups); 74 more read by the GPU over PCIe or from another GPU (15.4% of all 480 routed)
strata serve: resident RAM: 63.28 GiB of experts in RAM, 0 exchanged with the VRAM tier, 0 blob reads from the file
safetensors residency metrics: ram_bytes=67948118016 os_locked_bytes=0 cuda_pinned_bytes=67948118016 promotions=0 promoted_payload_bytes=0 expert_file_bytes=0 (cumulative; payload is not a physical PCIe counter)
safetensors ngram metrics: ple io: 2448 rows, 9.2% row-cache hits, 2224 SSD reads (9.5 MB), read p50 154 us p99 572 us, blocked 7.328 ms total (submit 2.132 ms), cache 2224/1048576 rows, SSD kept awake by 3 reads (slowest 0.3 ms)
strata serve: expert tiers: GPU 120 hits this request; since the start RAM 48412 blobs, files 0 blobs 0.0 MB read
strata serve: prompt 64 tokens = 63 reused + 1 read in 0 ms (27777.8 tok/s), 1 generated in 24 ms (42.3 tok/s), drafts accepted 0 of 0, 1 checkpoints
strata serve: decode expert cache hit rate: 24.9% (100 hits / 401 lookups); 79 more read by the GPU over PCIe or from another GPU (16.5% of all 480 routed)
strata serve: resident RAM: 63.28 GiB of experts in RAM, 0 exchanged with the VRAM tier, 0 blob reads from the file
safetensors residency metrics: ram_bytes=67948118016 os_locked_bytes=0 cuda_pinned_bytes=67948118016 promotions=0 promoted_payload_bytes=0 expert_file_bytes=0 (cumulative; payload is not a physical PCIe counter)
safetensors ngram metrics: ple io: 2464 rows, 9.1% row-cache hits, 2240 SSD reads (9.6 MB), read p50 154 us p99 572 us, blocked 7.329 ms total (submit 2.148 ms), cache 2240/1048576 rows, SSD kept awake by 3 reads (slowest 0.3 ms)
strata serve: expert tiers: GPU 100 hits this request; since the start RAM 48792 blobs, files 0 blobs 0.0 MB read
strata serve: prompt 65 tokens = 64 reused + 1 read in 0 ms (30487.8 tok/s), 1 generated in 24 ms (42.0 tok/s), drafts accepted 0 of 0, 1 checkpoints
strata serve: decode expert cache hit rate: 29.7% (121 hits / 408 lookups); 72 more read by the GPU over PCIe or from another GPU (15.0% of all 480 routed)
strata serve: resident RAM: 63.28 GiB of experts in RAM, 0 exchanged with the VRAM tier, 0 blob reads from the file
safetensors residency metrics: ram_bytes=67948118016 os_locked_bytes=0 cuda_pinned_bytes=67948118016 promotions=0 promoted_payload_bytes=0 expert_file_bytes=0 (cumulative; payload is not a physical PCIe counter)
safetensors ngram metrics: ple io: 2480 rows, 9.0% row-cache hits, 2256 SSD reads (9.6 MB), read p50 154 us p99 566 us, blocked 7.329 ms total (submit 2.170 ms), cache 2256/1048576 rows, SSD kept awake by 3 reads (slowest 0.3 ms)
strata serve: expert tiers: GPU 121 hits this request; since the start RAM 49151 blobs, files 0 blobs 0.0 MB read
strata serve: prompt 66 tokens = 65 reused + 1 read in 0 ms (29325.5 tok/s), 1 generated in 23 ms (43.8 tok/s), drafts accepted 0 of 0, 1 checkpoints
strata serve: decode expert cache hit rate: 35.3% (146 hits / 414 lookups); 66 more read by the GPU over PCIe or from another GPU (13.8% of all 480 routed)
strata serve: resident RAM: 63.28 GiB of experts in RAM, 0 exchanged with the VRAM tier, 0 blob reads from the file
safetensors residency metrics: ram_bytes=67948118016 os_locked_bytes=0 cuda_pinned_bytes=67948118016 promotions=0 promoted_payload_bytes=0 expert_file_bytes=0 (cumulative; payload is not a physical PCIe counter)
safetensors ngram metrics: ple io: 2496 rows, 9.3% row-cache hits, 2264 SSD reads (9.7 MB), read p50 154 us p99 566 us, blocked 7.330 ms total (submit 2.186 ms), cache 2264/1048576 rows, SSD kept awake by 3 reads (slowest 0.3 ms)
strata serve: expert tiers: GPU 146 hits this request; since the start RAM 49485 blobs, files 0 blobs 0.0 MB read
strata serve: prompt 67 tokens = 66 reused + 1 read in 0 ms (30864.2 tok/s), 1 generated in 24 ms (41.7 tok/s), drafts accepted 0 of 0, 1 checkpoints
strata serve: decode expert cache hit rate: 26.0% (104 hits / 400 lookups); 80 more read by the GPU over PCIe or from another GPU (16.7% of all 480 routed)
strata serve: resident RAM: 63.28 GiB of experts in RAM, 0 exchanged with the VRAM tier, 0 blob reads from the file
safetensors residency metrics: ram_bytes=67948118016 os_locked_bytes=0 cuda_pinned_bytes=67948118016 promotions=0 promoted_payload_bytes=0 expert_file_bytes=0 (cumulative; payload is not a physical PCIe counter)
safetensors ngram metrics: ple io: 2512 rows, 9.9% row-cache hits, 2264 SSD reads (9.7 MB), read p50 154 us p99 566 us, blocked 7.330 ms total (submit 2.186 ms), cache 2264/1048576 rows, SSD kept awake by 3 reads (slowest 0.3 ms)
strata serve: expert tiers: GPU 104 hits this request; since the start RAM 49861 blobs, files 0 blobs 0.0 MB read
strata serve: prompt 68 tokens = 67 reused + 1 read in 0 ms (30487.8 tok/s), 1 generated in 23 ms (44.0 tok/s), drafts accepted 0 of 0, 1 checkpoints
strata serve: decode expert cache hit rate: 30.5% (124 hits / 407 lookups); 73 more read by the GPU over PCIe or from another GPU (15.2% of all 480 routed)
strata serve: resident RAM: 63.28 GiB of experts in RAM, 0 exchanged with the VRAM tier, 0 blob reads from the file
safetensors residency metrics: ram_bytes=67948118016 os_locked_bytes=0 cuda_pinned_bytes=67948118016 promotions=0 promoted_payload_bytes=0 expert_file_bytes=0 (cumulative; payload is not a physical PCIe counter)
safetensors ngram metrics: ple io: 2528 rows, 10.4% row-cache hits, 2264 SSD reads (9.7 MB), read p50 154 us p99 566 us, blocked 7.330 ms total (submit 2.186 ms), cache 2264/1048576 rows, SSD kept awake by 4 reads (slowest 0.3 ms)
strata serve: expert tiers: GPU 124 hits this request; since the start RAM 50217 blobs, files 0 blobs 0.0 MB read
strata serve: prompt 69 tokens = 68 reused + 1 read in 0 ms (32154.3 tok/s), 1 generated in 21 ms (47.2 tok/s), drafts accepted 0 of 0, 1 checkpoints
strata serve: decode expert cache hit rate: 51.2% (221 hits / 432 lookups); 48 more read by the GPU over PCIe or from another GPU (10.0% of all 480 routed)
strata serve: resident RAM: 63.28 GiB of experts in RAM, 0 exchanged with the VRAM tier, 0 blob reads from the file
safetensors residency metrics: ram_bytes=67948118016 os_locked_bytes=0 cuda_pinned_bytes=67948118016 promotions=0 promoted_payload_bytes=0 expert_file_bytes=0 (cumulative; payload is not a physical PCIe counter)
safetensors ngram metrics: ple io: 2544 rows, 10.4% row-cache hits, 2280 SSD reads (9.7 MB), read p50 154 us p99 566 us, blocked 7.331 ms total (submit 2.207 ms), cache 2280/1048576 rows, SSD kept awake by 4 reads (slowest 0.3 ms)
strata serve: expert tiers: GPU 221 hits this request; since the start RAM 50476 blobs, files 0 blobs 0.0 MB read
strata serve: prompt 70 tokens = 69 reused + 1 read in 0 ms (30959.8 tok/s), 1 generated in 23 ms (44.1 tok/s), drafts accepted 0 of 0, 1 checkpoints
strata serve: decode expert cache hit rate: 30.6% (125 hits / 408 lookups); 72 more read by the GPU over PCIe or from another GPU (15.0% of all 480 routed)
strata serve: resident RAM: 63.28 GiB of experts in RAM, 0 exchanged with the VRAM tier, 0 blob reads from the file
safetensors residency metrics: ram_bytes=67948118016 os_locked_bytes=0 cuda_pinned_bytes=67948118016 promotions=0 promoted_payload_bytes=0 expert_file_bytes=0 (cumulative; payload is not a physical PCIe counter)
safetensors ngram metrics: ple io: 2560 rows, 10.3% row-cache hits, 2296 SSD reads (9.8 MB), read p50 154 us p99 566 us, blocked 7.331 ms total (submit 2.218 ms), cache 2296/1048576 rows, SSD kept awake by 4 reads (slowest 0.3 ms)
strata serve: expert tiers: GPU 125 hits this request; since the start RAM 50831 blobs, files 0 blobs 0.0 MB read
strata serve: prompt 71 tokens = 70 reused + 1 read in 0 ms (30120.5 tok/s), 1 generated in 24 ms (41.2 tok/s), drafts accepted 0 of 0, 1 checkpoints
strata serve: decode expert cache hit rate: 26.0% (104 hits / 400 lookups); 80 more read by the GPU over PCIe or from another GPU (16.7% of all 480 routed)
strata serve: resident RAM: 63.28 GiB of experts in RAM, 0 exchanged with the VRAM tier, 0 blob reads from the file
safetensors residency metrics: ram_bytes=67948118016 os_locked_bytes=0 cuda_pinned_bytes=67948118016 promotions=0 promoted_payload_bytes=0 expert_file_bytes=0 (cumulative; payload is not a physical PCIe counter)
safetensors ngram metrics: ple io: 2576 rows, 10.2% row-cache hits, 2312 SSD reads (9.9 MB), read p50 154 us p99 566 us, blocked 7.332 ms total (submit 2.232 ms), cache 2312/1048576 rows, SSD kept awake by 4 reads (slowest 0.3 ms)
strata serve: expert tiers: GPU 104 hits this request; since the start RAM 51207 blobs, files 0 blobs 0.0 MB read
strata serve: prompt 72 tokens = 71 reused + 1 read in 0 ms (32154.3 tok/s), 1 generated in 24 ms (41.0 tok/s), drafts accepted 0 of 0, 1 checkpoints
strata serve: decode expert cache hit rate: 27.2% (110 hits / 405 lookups); 75 more read by the GPU over PCIe or from another GPU (15.6% of all 480 routed)
strata serve: resident RAM: 63.28 GiB of experts in RAM, 0 exchanged with the VRAM tier, 0 blob reads from the file
safetensors residency metrics: ram_bytes=67948118016 os_locked_bytes=0 cuda_pinned_bytes=67948118016 promotions=0 promoted_payload_bytes=0 expert_file_bytes=0 (cumulative; payload is not a physical PCIe counter)
safetensors ngram metrics: ple io: 2592 rows, 10.2% row-cache hits, 2328 SSD reads (9.9 MB), read p50 154 us p99 566 us, blocked 7.332 ms total (submit 2.247 ms), cache 2328/1048576 rows, SSD kept awake by 4 reads (slowest 0.3 ms)
strata serve: expert tiers: GPU 110 hits this request; since the start RAM 51577 blobs, files 0 blobs 0.0 MB read
strata serve: prompt 73 tokens = 72 reused + 1 read in 0 ms (32573.3 tok/s), 1 generated in 25 ms (39.5 tok/s), drafts accepted 0 of 0, 1 checkpoints
strata serve: decode expert cache hit rate: 25.3% (102 hits / 403 lookups); 77 more read by the GPU over PCIe or from another GPU (16.0% of all 480 routed)
strata serve: resident RAM: 63.28 GiB of experts in RAM, 0 exchanged with the VRAM tier, 0 blob reads from the file
safetensors residency metrics: ram_bytes=67948118016 os_locked_bytes=0 cuda_pinned_bytes=67948118016 promotions=0 promoted_payload_bytes=0 expert_file_bytes=0 (cumulative; payload is not a physical PCIe counter)
safetensors ngram metrics: ple io: 2608 rows, 10.1% row-cache hits, 2344 SSD reads (10.0 MB), read p50 154 us p99 566 us, blocked 7.332 ms total (submit 2.268 ms), cache 2344/1048576 rows, SSD kept awake by 4 reads (slowest 0.3 ms)
strata serve: expert tiers: GPU 102 hits this request; since the start RAM 51955 blobs, files 0 blobs 0.0 MB read
strata serve: prompt 74 tokens = 73 reused + 1 read in 0 ms (31645.6 tok/s), 1 generated in 24 ms (41.5 tok/s), drafts accepted 0 of 0, 1 checkpoints
strata serve: decode expert cache hit rate: 26.2% (105 hits / 400 lookups); 80 more read by the GPU over PCIe or from another GPU (16.7% of all 480 routed)
strata serve: resident RAM: 63.28 GiB of experts in RAM, 0 exchanged with the VRAM tier, 0 blob reads from the file
safetensors residency metrics: ram_bytes=67948118016 os_locked_bytes=0 cuda_pinned_bytes=67948118016 promotions=0 promoted_payload_bytes=0 expert_file_bytes=0 (cumulative; payload is not a physical PCIe counter)
safetensors ngram metrics: ple io: 2624 rows, 10.1% row-cache hits, 2360 SSD reads (10.1 MB), read p50 155 us p99 564 us, blocked 7.333 ms total (submit 2.287 ms), cache 2360/1048576 rows, SSD kept awake by 4 reads (slowest 0.3 ms)
strata serve: expert tiers: GPU 105 hits this request; since the start RAM 52330 blobs, files 0 blobs 0.0 MB read
strata serve: prompt 75 tokens = 74 reused + 1 read in 0 ms (32679.7 tok/s), 1 generated in 24 ms (41.8 tok/s), drafts accepted 0 of 0, 1 checkpoints
strata serve: decode expert cache hit rate: 29.4% (120 hits / 408 lookups); 72 more read by the GPU over PCIe or from another GPU (15.0% of all 480 routed)
strata serve: resident RAM: 63.28 GiB of experts in RAM, 0 exchanged with the VRAM tier, 0 blob reads from the file
safetensors residency metrics: ram_bytes=67948118016 os_locked_bytes=0 cuda_pinned_bytes=67948118016 promotions=0 promoted_payload_bytes=0 expert_file_bytes=0 (cumulative; payload is not a physical PCIe counter)
safetensors ngram metrics: ple io: 2640 rows, 10.0% row-cache hits, 2376 SSD reads (10.1 MB), read p50 154 us p99 564 us, blocked 7.333 ms total (submit 2.306 ms), cache 2376/1048576 rows, SSD kept awake by 4 reads (slowest 0.3 ms)
strata serve: expert tiers: GPU 120 hits this request; since the start RAM 52690 blobs, files 0 blobs 0.0 MB read
strata serve: prompt 76 tokens = 75 reused + 1 read in 0 ms (30864.2 tok/s), 1 generated in 24 ms (41.2 tok/s), drafts accepted 0 of 0, 1 checkpoints
strata serve: decode expert cache hit rate: 27.7% (112 hits / 404 lookups); 76 more read by the GPU over PCIe or from another GPU (15.8% of all 480 routed)
strata serve: resident RAM: 63.28 GiB of experts in RAM, 0 exchanged with the VRAM tier, 0 blob reads from the file
safetensors residency metrics: ram_bytes=67948118016 os_locked_bytes=0 cuda_pinned_bytes=67948118016 promotions=0 promoted_payload_bytes=0 expert_file_bytes=0 (cumulative; payload is not a physical PCIe counter)
safetensors ngram metrics: ple io: 2656 rows, 9.9% row-cache hits, 2392 SSD reads (10.2 MB), read p50 155 us p99 564 us, blocked 7.334 ms total (submit 2.321 ms), cache 2392/1048576 rows, SSD kept awake by 4 reads (slowest 0.3 ms)
strata serve: expert tiers: GPU 112 hits this request; since the start RAM 53058 blobs, files 0 blobs 0.0 MB read
strata serve: prompt 77 tokens = 76 reused + 1 read in 0 ms (31055.9 tok/s), 1 generated in 25 ms (39.4 tok/s), drafts accepted 0 of 0, 1 checkpoints
strata serve: decode expert cache hit rate: 27.6% (111 hits / 402 lookups); 78 more read by the GPU over PCIe or from another GPU (16.2% of all 480 routed)
strata serve: resident RAM: 63.28 GiB of experts in RAM, 0 exchanged with the VRAM tier, 0 blob reads from the file
safetensors residency metrics: ram_bytes=67948118016 os_locked_bytes=0 cuda_pinned_bytes=67948118016 promotions=0 promoted_payload_bytes=0 expert_file_bytes=0 (cumulative; payload is not a physical PCIe counter)
safetensors ngram metrics: ple io: 2672 rows, 9.9% row-cache hits, 2408 SSD reads (10.3 MB), read p50 154 us p99 564 us, blocked 7.334 ms total (submit 2.346 ms), cache 2408/1048576 rows, SSD kept awake by 4 reads (slowest 0.3 ms)
strata serve: expert tiers: GPU 111 hits this request; since the start RAM 53427 blobs, files 0 blobs 0.0 MB read
strata serve: prompt 78 tokens = 77 reused + 1 read in 0 ms (32154.3 tok/s), 1 generated in 25 ms (39.9 tok/s), drafts accepted 0 of 0, 1 checkpoints
strata serve: decode expert cache hit rate: 20.3% (80 hits / 394 lookups); 86 more read by the GPU over PCIe or from another GPU (17.9% of all 480 routed)
strata serve: resident RAM: 63.28 GiB of experts in RAM, 0 exchanged with the VRAM tier, 0 blob reads from the file
safetensors residency metrics: ram_bytes=67948118016 os_locked_bytes=0 cuda_pinned_bytes=67948118016 promotions=0 promoted_payload_bytes=0 expert_file_bytes=0 (cumulative; payload is not a physical PCIe counter)
safetensors ngram metrics: ple io: 2688 rows, 9.8% row-cache hits, 2424 SSD reads (10.4 MB), read p50 154 us p99 564 us, blocked 7.335 ms total (submit 2.366 ms), cache 2424/1048576 rows, SSD kept awake by 4 reads (slowest 0.3 ms)
strata serve: expert tiers: GPU 80 hits this request; since the start RAM 53827 blobs, files 0 blobs 0.0 MB read
strata serve: prompt 79 tokens = 78 reused + 1 read in 0 ms (29239.8 tok/s), 1 generated in 28 ms (36.1 tok/s), drafts accepted 0 of 0, 1 checkpoints
strata serve: decode expert cache hit rate: 20.2% (80 hits / 397 lookups); 83 more read by the GPU over PCIe or from another GPU (17.3% of all 480 routed)
strata serve: resident RAM: 63.28 GiB of experts in RAM, 0 exchanged with the VRAM tier, 0 blob reads from the file
safetensors residency metrics: ram_bytes=67948118016 os_locked_bytes=0 cuda_pinned_bytes=67948118016 promotions=0 promoted_payload_bytes=0 expert_file_bytes=0 (cumulative; payload is not a physical PCIe counter)
safetensors ngram metrics: ple io: 2704 rows, 9.8% row-cache hits, 2440 SSD reads (10.4 MB), read p50 154 us p99 564 us, blocked 7.335 ms total (submit 2.381 ms), cache 2440/1048576 rows, SSD kept awake by 4 reads (slowest 0.3 ms)
strata serve: expert tiers: GPU 80 hits this request; since the start RAM 54227 blobs, files 0 blobs 0.0 MB read
strata serve: prompt 80 tokens = 79 reused + 1 read in 0 ms (29585.8 tok/s), 1 generated in 26 ms (38.2 tok/s), drafts accepted 0 of 0, 1 checkpoints
strata serve: decode expert cache hit rate: 34.6% (143 hits / 413 lookups); 67 more read by the GPU over PCIe or from another GPU (14.0% of all 480 routed)
strata serve: resident RAM: 63.28 GiB of experts in RAM, 0 exchanged with the VRAM tier, 0 blob reads from the file
safetensors residency metrics: ram_bytes=67948118016 os_locked_bytes=0 cuda_pinned_bytes=67948118016 promotions=0 promoted_payload_bytes=0 expert_file_bytes=0 (cumulative; payload is not a physical PCIe counter)
safetensors ngram metrics: ple io: 2720 rows, 9.7% row-cache hits, 2456 SSD reads (10.5 MB), read p50 154 us p99 535 us, blocked 7.336 ms total (submit 2.398 ms), cache 2456/1048576 rows, SSD kept awake by 4 reads (slowest 0.3 ms)
strata serve: expert tiers: GPU 143 hits this request; since the start RAM 54564 blobs, files 0 blobs 0.0 MB read
strata serve: prompt 81 tokens = 80 reused + 1 read in 0 ms (30211.5 tok/s), 1 generated in 23 ms (44.2 tok/s), drafts accepted 0 of 0, 1 checkpoints
strata serve: decode expert cache hit rate: 53.2% (233 hits / 438 lookups); 42 more read by the GPU over PCIe or from another GPU (8.8% of all 480 routed)
strata serve: resident RAM: 63.28 GiB of experts in RAM, 0 exchanged with the VRAM tier, 0 blob reads from the file
safetensors residency metrics: ram_bytes=67948118016 os_locked_bytes=0 cuda_pinned_bytes=67948118016 promotions=0 promoted_payload_bytes=0 expert_file_bytes=0 (cumulative; payload is not a physical PCIe counter)
safetensors ngram metrics: ple io: 2736 rows, 9.6% row-cache hits, 2472 SSD reads (10.6 MB), read p50 154 us p99 535 us, blocked 7.336 ms total (submit 2.412 ms), cache 2472/1048576 rows, SSD kept awake by 4 reads (slowest 0.3 ms)
strata serve: expert tiers: GPU 233 hits this request; since the start RAM 54811 blobs, files 0 blobs 0.0 MB read
strata serve: prompt 82 tokens = 81 reused + 1 read in 0 ms (30395.1 tok/s), 1 generated in 25 ms (40.3 tok/s), drafts accepted 0 of 0, 1 checkpoints
strata serve: decode expert cache hit rate: 31.6% (130 hits / 412 lookups); 68 more read by the GPU over PCIe or from another GPU (14.2% of all 480 routed)
strata serve: resident RAM: 63.28 GiB of experts in RAM, 0 exchanged with the VRAM tier, 0 blob reads from the file
safetensors residency metrics: ram_bytes=67948118016 os_locked_bytes=0 cuda_pinned_bytes=67948118016 promotions=0 promoted_payload_bytes=0 expert_file_bytes=0 (cumulative; payload is not a physical PCIe counter)
safetensors ngram metrics: ple io: 2752 rows, 9.6% row-cache hits, 2488 SSD reads (10.6 MB), read p50 154 us p99 535 us, blocked 7.337 ms total (submit 2.431 ms), cache 2488/1048576 rows, SSD kept awake by 4 reads (slowest 0.3 ms)
strata serve: expert tiers: GPU 130 hits this request; since the start RAM 55161 blobs, files 0 blobs 0.0 MB read
strata serve: prompt 83 tokens = 82 reused + 1 read in 0 ms (29761.9 tok/s), 1 generated in 23 ms (42.7 tok/s), drafts accepted 0 of 0, 1 checkpoints
strata serve: decode expert cache hit rate: 33.6% (138 hits / 411 lookups); 69 more read by the GPU over PCIe or from another GPU (14.4% of all 480 routed)
strata serve: resident RAM: 63.28 GiB of experts in RAM, 0 exchanged with the VRAM tier, 0 blob reads from the file
safetensors residency metrics: ram_bytes=67948118016 os_locked_bytes=0 cuda_pinned_bytes=67948118016 promotions=0 promoted_payload_bytes=0 expert_file_bytes=0 (cumulative; payload is not a physical PCIe counter)
safetensors ngram metrics: ple io: 2768 rows, 9.5% row-cache hits, 2504 SSD reads (10.7 MB), read p50 154 us p99 556 us, blocked 7.337 ms total (submit 2.449 ms), cache 2504/1048576 rows, SSD kept awake by 4 reads (slowest 0.3 ms)
strata serve: expert tiers: GPU 138 hits this request; since the start RAM 55503 blobs, files 0 blobs 0.0 MB read
strata serve: prompt 84 tokens = 83 reused + 1 read in 0 ms (28011.2 tok/s), 1 generated in 30 ms (33.0 tok/s), drafts accepted 0 of 0, 1 checkpoints
strata serve: decode expert cache hit rate: 33.6% (138 hits / 411 lookups); 69 more read by the GPU over PCIe or from another GPU (14.4% of all 480 routed)
strata serve: resident RAM: 63.28 GiB of experts in RAM, 0 exchanged with the VRAM tier, 0 blob reads from the file
safetensors residency metrics: ram_bytes=67948118016 os_locked_bytes=0 cuda_pinned_bytes=67948118016 promotions=0 promoted_payload_bytes=0 expert_file_bytes=0 (cumulative; payload is not a physical PCIe counter)
safetensors ngram metrics: ple io: 2784 rows, 9.5% row-cache hits, 2520 SSD reads (10.8 MB), read p50 154 us p99 556 us, blocked 7.337 ms total (submit 2.494 ms), cache 2520/1048576 rows, SSD kept awake by 4 reads (slowest 0.3 ms)
strata serve: expert tiers: GPU 138 hits this request; since the start RAM 55845 blobs, files 0 blobs 0.0 MB read
strata serve: prompt 85 tokens = 84 reused + 1 read in 0 ms (27472.5 tok/s), 1 generated in 33 ms (30.6 tok/s), drafts accepted 0 of 0, 1 checkpoints
strata serve: decode expert cache hit rate: 26.9% (108 hits / 401 lookups); 79 more read by the GPU over PCIe or from another GPU (16.5% of all 480 routed)
strata serve: resident RAM: 63.28 GiB of experts in RAM, 0 exchanged with the VRAM tier, 0 blob reads from the file
safetensors residency metrics: ram_bytes=67948118016 os_locked_bytes=0 cuda_pinned_bytes=67948118016 promotions=0 promoted_payload_bytes=0 expert_file_bytes=0 (cumulative; payload is not a physical PCIe counter)
safetensors ngram metrics: ple io: 2800 rows, 9.4% row-cache hits, 2536 SSD reads (10.8 MB), read p50 154 us p99 556 us, blocked 7.338 ms total (submit 2.512 ms), cache 2536/1048576 rows, SSD kept awake by 4 reads (slowest 0.3 ms)
strata serve: expert tiers: GPU 108 hits this request; since the start RAM 56217 blobs, files 0 blobs 0.0 MB read
strata serve: prompt 86 tokens = 85 reused + 1 read in 0 ms (29411.8 tok/s), 1 generated in 25 ms (39.3 tok/s), drafts accepted 0 of 0, 1 checkpoints
strata serve: decode expert cache hit rate: 30.6% (126 hits / 412 lookups); 68 more read by the GPU over PCIe or from another GPU (14.2% of all 480 routed)
strata serve: resident RAM: 63.28 GiB of experts in RAM, 0 exchanged with the VRAM tier, 0 blob reads from the file
safetensors residency metrics: ram_bytes=67948118016 os_locked_bytes=0 cuda_pinned_bytes=67948118016 promotions=0 promoted_payload_bytes=0 expert_file_bytes=0 (cumulative; payload is not a physical PCIe counter)
safetensors ngram metrics: ple io: 2816 rows, 9.4% row-cache hits, 2552 SSD reads (10.9 MB), read p50 154 us p99 548 us, blocked 7.338 ms total (submit 2.529 ms), cache 2552/1048576 rows, SSD kept awake by 4 reads (slowest 0.3 ms)
strata serve: expert tiers: GPU 126 hits this request; since the start RAM 56571 blobs, files 0 blobs 0.0 MB read
strata serve: prompt 87 tokens = 86 reused + 1 read in 0 ms (25706.9 tok/s), 1 generated in 24 ms (42.5 tok/s), drafts accepted 0 of 0, 1 checkpoints
strata serve: decode expert cache hit rate: 29.5% (119 hits / 404 lookups); 76 more read by the GPU over PCIe or from another GPU (15.8% of all 480 routed)
strata serve: resident RAM: 63.28 GiB of experts in RAM, 0 exchanged with the VRAM tier, 0 blob reads from the file
safetensors residency metrics: ram_bytes=67948118016 os_locked_bytes=0 cuda_pinned_bytes=67948118016 promotions=0 promoted_payload_bytes=0 expert_file_bytes=0 (cumulative; payload is not a physical PCIe counter)
safetensors ngram metrics: ple io: 2832 rows, 9.3% row-cache hits, 2568 SSD reads (11.0 MB), read p50 154 us p99 548 us, blocked 7.338 ms total (submit 2.543 ms), cache 2568/1048576 rows, SSD kept awake by 4 reads (slowest 0.3 ms)
strata serve: expert tiers: GPU 119 hits this request; since the start RAM 56932 blobs, files 0 blobs 0.0 MB read
strata serve: prompt 88 tokens = 87 reused + 1 read in 0 ms (29239.8 tok/s), 1 generated in 24 ms (41.7 tok/s), drafts accepted 0 of 0, 1 checkpoints
strata serve: decode expert cache hit rate: 30.2% (124 hits / 411 lookups); 69 more read by the GPU over PCIe or from another GPU (14.4% of all 480 routed)
strata serve: resident RAM: 63.28 GiB of experts in RAM, 0 exchanged with the VRAM tier, 0 blob reads from the file
safetensors residency metrics: ram_bytes=67948118016 os_locked_bytes=0 cuda_pinned_bytes=67948118016 promotions=0 promoted_payload_bytes=0 expert_file_bytes=0 (cumulative; payload is not a physical PCIe counter)
safetensors ngram metrics: ple io: 2848 rows, 9.3% row-cache hits, 2584 SSD reads (11.0 MB), read p50 154 us p99 548 us, blocked 7.339 ms total (submit 2.563 ms), cache 2584/1048576 rows, SSD kept awake by 4 reads (slowest 0.3 ms)
strata serve: expert tiers: GPU 124 hits this request; since the start RAM 57288 blobs, files 0 blobs 0.0 MB read
strata serve: prompt 89 tokens = 88 reused + 1 read in 0 ms (25773.2 tok/s), 1 generated in 25 ms (40.0 tok/s), drafts accepted 0 of 0, 1 checkpoints
strata serve: decode expert cache hit rate: 28.9% (118 hits / 408 lookups); 72 more read by the GPU over PCIe or from another GPU (15.0% of all 480 routed)
strata serve: resident RAM: 63.28 GiB of experts in RAM, 0 exchanged with the VRAM tier, 0 blob reads from the file
safetensors residency metrics: ram_bytes=67948118016 os_locked_bytes=0 cuda_pinned_bytes=67948118016 promotions=0 promoted_payload_bytes=0 expert_file_bytes=0 (cumulative; payload is not a physical PCIe counter)
safetensors ngram metrics: ple io: 2864 rows, 9.2% row-cache hits, 2600 SSD reads (11.1 MB), read p50 154 us p99 548 us, blocked 7.339 ms total (submit 2.577 ms), cache 2600/1048576 rows, SSD kept awake by 4 reads (slowest 0.3 ms)
strata serve: expert tiers: GPU 118 hits this request; since the start RAM 57650 blobs, files 0 blobs 0.0 MB read
strata serve: prompt 90 tokens = 89 reused + 1 read in 0 ms (14641.3 tok/s), 1 generated in 22 ms (45.2 tok/s), drafts accepted 0 of 0, 1 checkpoints
strata serve: decode expert cache hit rate: 33.8% (139 hits / 411 lookups); 69 more read by the GPU over PCIe or from another GPU (14.4% of all 480 routed)
strata serve: resident RAM: 63.28 GiB of experts in RAM, 0 exchanged with the VRAM tier, 0 blob reads from the file
safetensors residency metrics: ram_bytes=67948118016 os_locked_bytes=0 cuda_pinned_bytes=67948118016 promotions=0 promoted_payload_bytes=0 expert_file_bytes=0 (cumulative; payload is not a physical PCIe counter)
safetensors ngram metrics: ple io: 2880 rows, 9.2% row-cache hits, 2616 SSD reads (11.2 MB), read p50 154 us p99 548 us, blocked 7.339 ms total (submit 2.606 ms), cache 2616/1048576 rows, SSD kept awake by 4 reads (slowest 0.3 ms)
strata serve: expert tiers: GPU 139 hits this request; since the start RAM 57991 blobs, files 0 blobs 0.0 MB read
strata serve: prompt 91 tokens = 90 reused + 1 read in 0 ms (31446.5 tok/s), 1 generated in 24 ms (41.2 tok/s), drafts accepted 0 of 0, 1 checkpoints
strata serve: decode expert cache hit rate: 26.6% (107 hits / 402 lookups); 78 more read by the GPU over PCIe or from another GPU (16.2% of all 480 routed)
strata serve: resident RAM: 63.28 GiB of experts in RAM, 0 exchanged with the VRAM tier, 0 blob reads from the file
safetensors residency metrics: ram_bytes=67948118016 os_locked_bytes=0 cuda_pinned_bytes=67948118016 promotions=0 promoted_payload_bytes=0 expert_file_bytes=0 (cumulative; payload is not a physical PCIe counter)
safetensors ngram metrics: ple io: 2896 rows, 9.1% row-cache hits, 2632 SSD reads (11.3 MB), read p50 154 us p99 548 us, blocked 7.340 ms total (submit 2.622 ms), cache 2632/1048576 rows, SSD kept awake by 4 reads (slowest 0.3 ms)
strata serve: expert tiers: GPU 107 hits this request; since the start RAM 58364 blobs, files 0 blobs 0.0 MB read
strata serve: prompt 92 tokens = 91 reused + 1 read in 0 ms (30120.5 tok/s), 1 generated in 23 ms (42.8 tok/s), drafts accepted 0 of 0, 1 checkpoints
strata serve: decode expert cache hit rate: 27.5% (112 hits / 407 lookups); 73 more read by the GPU over PCIe or from another GPU (15.2% of all 480 routed)
strata serve: resident RAM: 63.28 GiB of experts in RAM, 0 exchanged with the VRAM tier, 0 blob reads from the file
safetensors residency metrics: ram_bytes=67948118016 os_locked_bytes=0 cuda_pinned_bytes=67948118016 promotions=0 promoted_payload_bytes=0 expert_file_bytes=0 (cumulative; payload is not a physical PCIe counter)
safetensors ngram metrics: ple io: 2912 rows, 9.1% row-cache hits, 2648 SSD reads (11.3 MB), read p50 154 us p99 548 us, blocked 7.340 ms total (submit 2.638 ms), cache 2648/1048576 rows, SSD kept awake by 4 reads (slowest 0.3 ms)
strata serve: expert tiers: GPU 112 hits this request; since the start RAM 58732 blobs, files 0 blobs 0.0 MB read
strata serve: prompt 93 tokens = 92 reused + 1 read in 0 ms (30395.1 tok/s), 1 generated in 25 ms (40.2 tok/s), drafts accepted 0 of 0, 1 checkpoints
strata serve: decode expert cache hit rate: 24.7% (99 hits / 401 lookups); 79 more read by the GPU over PCIe or from another GPU (16.5% of all 480 routed)
strata serve: resident RAM: 63.28 GiB of experts in RAM, 0 exchanged with the VRAM tier, 0 blob reads from the file
safetensors residency metrics: ram_bytes=67948118016 os_locked_bytes=0 cuda_pinned_bytes=67948118016 promotions=0 promoted_payload_bytes=0 expert_file_bytes=0 (cumulative; payload is not a physical PCIe counter)
safetensors ngram metrics: ple io: 2928 rows, 9.0% row-cache hits, 2664 SSD reads (11.4 MB), read p50 154 us p99 544 us, blocked 7.341 ms total (submit 2.657 ms), cache 2664/1048576 rows, SSD kept awake by 4 reads (slowest 0.3 ms)
strata serve: expert tiers: GPU 99 hits this request; since the start RAM 59113 blobs, files 0 blobs 0.0 MB read
strata serve: prompt 94 tokens = 93 reused + 1 read in 0 ms (19607.8 tok/s), 1 generated in 24 ms (41.2 tok/s), drafts accepted 0 of 0, 1 checkpoints
strata serve: decode expert cache hit rate: 25.9% (104 hits / 401 lookups); 79 more read by the GPU over PCIe or from another GPU (16.5% of all 480 routed)
strata serve: resident RAM: 63.28 GiB of experts in RAM, 0 exchanged with the VRAM tier, 0 blob reads from the file
safetensors residency metrics: ram_bytes=67948118016 os_locked_bytes=0 cuda_pinned_bytes=67948118016 promotions=0 promoted_payload_bytes=0 expert_file_bytes=0 (cumulative; payload is not a physical PCIe counter)
safetensors ngram metrics: ple io: 2944 rows, 9.0% row-cache hits, 2680 SSD reads (11.5 MB), read p50 154 us p99 544 us, blocked 7.341 ms total (submit 2.671 ms), cache 2680/1048576 rows, SSD kept awake by 4 reads (slowest 0.3 ms)
strata serve: expert tiers: GPU 104 hits this request; since the start RAM 59489 blobs, files 0 blobs 0.0 MB read
strata serve: prompt 95 tokens = 94 reused + 1 read in 0 ms (31348.0 tok/s), 1 generated in 23 ms (44.1 tok/s), drafts accepted 0 of 0, 1 checkpoints
strata serve: decode expert cache hit rate: 35.5% (146 hits / 411 lookups); 69 more read by the GPU over PCIe or from another GPU (14.4% of all 480 routed)
strata serve: resident RAM: 63.28 GiB of experts in RAM, 0 exchanged with the VRAM tier, 0 blob reads from the file
safetensors residency metrics: ram_bytes=67948118016 os_locked_bytes=0 cuda_pinned_bytes=67948118016 promotions=0 promoted_payload_bytes=0 expert_file_bytes=0 (cumulative; payload is not a physical PCIe counter)
safetensors ngram metrics: ple io: 2960 rows, 8.9% row-cache hits, 2696 SSD reads (11.5 MB), read p50 154 us p99 544 us, blocked 7.342 ms total (submit 2.686 ms), cache 2696/1048576 rows, SSD kept awake by 4 reads (slowest 0.3 ms)
strata serve: expert tiers: GPU 146 hits this request; since the start RAM 59823 blobs, files 0 blobs 0.0 MB read
strata serve: prompt 96 tokens = 95 reused + 1 read in 0 ms (26525.2 tok/s), 1 generated in 26 ms (39.2 tok/s), drafts accepted 0 of 0, 1 checkpoints
strata serve: decode expert cache hit rate: 52.6% (231 hits / 439 lookups); 41 more read by the GPU over PCIe or from another GPU (8.5% of all 480 routed)
strata serve: resident RAM: 63.28 GiB of experts in RAM, 0 exchanged with the VRAM tier, 0 blob reads from the file
safetensors residency metrics: ram_bytes=67948118016 os_locked_bytes=0 cuda_pinned_bytes=67948118016 promotions=0 promoted_payload_bytes=0 expert_file_bytes=0 (cumulative; payload is not a physical PCIe counter)
safetensors ngram metrics: ple io: 2976 rows, 8.9% row-cache hits, 2712 SSD reads (11.6 MB), read p50 154 us p99 544 us, blocked 7.342 ms total (submit 2.699 ms), cache 2712/1048576 rows, SSD kept awake by 4 reads (slowest 0.3 ms)
strata serve: expert tiers: GPU 231 hits this request; since the start RAM 60072 blobs, files 0 blobs 0.0 MB read
strata serve: prompt 97 tokens = 96 reused + 1 read in 0 ms (29940.1 tok/s), 1 generated in 24 ms (41.1 tok/s), drafts accepted 0 of 0, 1 checkpoints
strata serve: decode expert cache hit rate: 31.2% (128 hits / 410 lookups); 70 more read by the GPU over PCIe or from another GPU (14.6% of all 480 routed)
strata serve: resident RAM: 63.28 GiB of experts in RAM, 0 exchanged with the VRAM tier, 0 blob reads from the file
safetensors residency metrics: ram_bytes=67948118016 os_locked_bytes=0 cuda_pinned_bytes=67948118016 promotions=0 promoted_payload_bytes=0 expert_file_bytes=0 (cumulative; payload is not a physical PCIe counter)
safetensors ngram metrics: ple io: 2992 rows, 8.8% row-cache hits, 2728 SSD reads (11.7 MB), read p50 153 us p99 544 us, blocked 7.342 ms total (submit 2.734 ms), cache 2728/1048576 rows, SSD kept awake by 4 reads (slowest 0.3 ms)
strata serve: expert tiers: GPU 128 hits this request; since the start RAM 60424 blobs, files 0 blobs 0.0 MB read
strata serve: prompt 98 tokens = 97 reused + 1 read in 0 ms (28985.5 tok/s), 1 generated in 25 ms (40.0 tok/s), drafts accepted 0 of 0, 1 checkpoints
strata serve: decode expert cache hit rate: 30.6% (125 hits / 408 lookups); 72 more read by the GPU over PCIe or from another GPU (15.0% of all 480 routed)
strata serve: resident RAM: 63.28 GiB of experts in RAM, 0 exchanged with the VRAM tier, 0 blob reads from the file
safetensors residency metrics: ram_bytes=67948118016 os_locked_bytes=0 cuda_pinned_bytes=67948118016 promotions=0 promoted_payload_bytes=0 expert_file_bytes=0 (cumulative; payload is not a physical PCIe counter)
safetensors ngram metrics: ple io: 3008 rows, 8.8% row-cache hits, 2744 SSD reads (11.7 MB), read p50 154 us p99 544 us, blocked 7.343 ms total (submit 2.750 ms), cache 2744/1048576 rows, SSD kept awake by 4 reads (slowest 0.3 ms)
strata serve: expert tiers: GPU 125 hits this request; since the start RAM 60779 blobs, files 0 blobs 0.0 MB read
strata serve: prompt 99 tokens = 98 reused + 1 read in 0 ms (29850.7 tok/s), 1 generated in 26 ms (38.9 tok/s), drafts accepted 0 of 0, 1 checkpoints
strata serve: decode expert cache hit rate: 25.0% (100 hits / 400 lookups); 80 more read by the GPU over PCIe or from another GPU (16.7% of all 480 routed)
strata serve: resident RAM: 63.28 GiB of experts in RAM, 0 exchanged with the VRAM tier, 0 blob reads from the file
safetensors residency metrics: ram_bytes=67948118016 os_locked_bytes=0 cuda_pinned_bytes=67948118016 promotions=0 promoted_payload_bytes=0 expert_file_bytes=0 (cumulative; payload is not a physical PCIe counter)
safetensors ngram metrics: ple io: 3024 rows, 8.7% row-cache hits, 2760 SSD reads (11.8 MB), read p50 153 us p99 537 us, blocked 7.343 ms total (submit 2.774 ms), cache 2760/1048576 rows, SSD kept awake by 4 reads (slowest 0.3 ms)
strata serve: expert tiers: GPU 100 hits this request; since the start RAM 61159 blobs, files 0 blobs 0.0 MB read
strata serve: prompt 100 tokens = 99 reused + 1 read in 0 ms (30959.8 tok/s), 1 generated in 24 ms (42.0 tok/s), drafts accepted 0 of 0, 1 checkpoints
strata serve: decode expert cache hit rate: 23.2% (92 hits / 396 lookups); 84 more read by the GPU over PCIe or from another GPU (17.5% of all 480 routed)
strata serve: resident RAM: 63.28 GiB of experts in RAM, 0 exchanged with the VRAM tier, 0 blob reads from the file
safetensors residency metrics: ram_bytes=67948118016 os_locked_bytes=0 cuda_pinned_bytes=67948118016 promotions=0 promoted_payload_bytes=0 expert_file_bytes=0 (cumulative; payload is not a physical PCIe counter)
safetensors ngram metrics: ple io: 3040 rows, 8.7% row-cache hits, 2776 SSD reads (11.9 MB), read p50 154 us p99 537 us, blocked 7.344 ms total (submit 2.792 ms), cache 2776/1048576 rows, SSD kept awake by 4 reads (slowest 0.3 ms)
strata serve: expert tiers: GPU 92 hits this request; since the start RAM 61547 blobs, files 0 blobs 0.0 MB read
strata serve: prompt 101 tokens = 100 reused + 1 read in 0 ms (30769.2 tok/s), 1 generated in 24 ms (41.0 tok/s), drafts accepted 0 of 0, 1 checkpoints
strata serve: decode expert cache hit rate: 22.6% (90 hits / 398 lookups); 82 more read by the GPU over PCIe or from another GPU (17.1% of all 480 routed)
strata serve: resident RAM: 63.28 GiB of experts in RAM, 0 exchanged with the VRAM tier, 0 blob reads from the file
safetensors residency metrics: ram_bytes=67948118016 os_locked_bytes=0 cuda_pinned_bytes=67948118016 promotions=0 promoted_payload_bytes=0 expert_file_bytes=0 (cumulative; payload is not a physical PCIe counter)
safetensors ngram metrics: ple io: 3056 rows, 8.6% row-cache hits, 2792 SSD reads (11.9 MB), read p50 154 us p99 537 us, blocked 7.344 ms total (submit 2.808 ms), cache 2792/1048576 rows, SSD kept awake by 4 reads (slowest 0.3 ms)
strata serve: expert tiers: GPU 90 hits this request; since the start RAM 61937 blobs, files 0 blobs 0.0 MB read
strata serve: prompt 102 tokens = 101 reused + 1 read in 0 ms (26881.7 tok/s), 1 generated in 24 ms (42.2 tok/s), drafts accepted 0 of 0, 1 checkpoints
strata serve: decode expert cache hit rate: 32.8% (135 hits / 411 lookups); 69 more read by the GPU over PCIe or from another GPU (14.4% of all 480 routed)
strata serve: resident RAM: 63.28 GiB of experts in RAM, 0 exchanged with the VRAM tier, 0 blob reads from the file
safetensors residency metrics: ram_bytes=67948118016 os_locked_bytes=0 cuda_pinned_bytes=67948118016 promotions=0 promoted_payload_bytes=0 expert_file_bytes=0 (cumulative; payload is not a physical PCIe counter)
safetensors ngram metrics: ple io: 3072 rows, 8.6% row-cache hits, 2808 SSD reads (12.0 MB), read p50 154 us p99 537 us, blocked 7.345 ms total (submit 2.822 ms), cache 2808/1048576 rows, SSD kept awake by 4 reads (slowest 0.3 ms)
strata serve: expert tiers: GPU 135 hits this request; since the start RAM 62282 blobs, files 0 blobs 0.0 MB read
strata serve: conversation cache: parked 102 tokens in 56.6 ms; parked=2 bytes=475254344 evictions=0 snapshot_bytes=237718776 reused_kv_bytes=0
strata serve: prompt 25 tokens = 0 reused + 25 read in 435 ms (57.5 tok/s), 1 generated in 19 ms (53.5 tok/s), drafts accepted 0 of 0, 1 checkpoints
strata serve: decode expert cache hit rate: 55.5% (246 hits / 443 lookups); 37 more read by the GPU over PCIe or from another GPU (7.7% of all 480 routed)
strata serve: resident RAM: 63.28 GiB of experts in RAM, 0 exchanged with the VRAM tier, 0 blob reads from the file
safetensors residency metrics: ram_bytes=67948118016 os_locked_bytes=0 cuda_pinned_bytes=67948118016 promotions=0 promoted_payload_bytes=0 expert_file_bytes=0 (cumulative; payload is not a physical PCIe counter)
safetensors ngram metrics: ple io: 3472 rows, 12.9% row-cache hits, 3024 SSD reads (12.9 MB), read p50 158 us p99 535 us, blocked 7.349 ms total (submit 2.972 ms), cache 3024/1048576 rows, SSD kept awake by 6 reads (slowest 0.4 ms)
strata serve: expert tiers: GPU 246 hits this request; since the start RAM 68910 blobs, files 0 blobs 0.0 MB read
strata serve: prompt 26 tokens = 25 reused + 1 read in 0 ms (30959.8 tok/s), 1 generated in 25 ms (39.4 tok/s), drafts accepted 0 of 0, 1 checkpoints
strata serve: decode expert cache hit rate: 39.1% (164 hits / 419 lookups); 61 more read by the GPU over PCIe or from another GPU (12.7% of all 480 routed)
strata serve: resident RAM: 63.28 GiB of experts in RAM, 0 exchanged with the VRAM tier, 0 blob reads from the file
safetensors residency metrics: ram_bytes=67948118016 os_locked_bytes=0 cuda_pinned_bytes=67948118016 promotions=0 promoted_payload_bytes=0 expert_file_bytes=0 (cumulative; payload is not a physical PCIe counter)
safetensors ngram metrics: ple io: 3488 rows, 12.8% row-cache hits, 3040 SSD reads (13.0 MB), read p50 158 us p99 691 us, blocked 11.510 ms total (submit 2.989 ms), cache 3040/1048576 rows, SSD kept awake by 6 reads (slowest 0.4 ms)
strata serve: expert tiers: GPU 164 hits this request; since the start RAM 69226 blobs, files 0 blobs 0.0 MB read
strata serve: prompt 27 tokens = 26 reused + 1 read in 0 ms (26738.0 tok/s), 1 generated in 23 ms (43.0 tok/s), drafts accepted 0 of 0, 1 checkpoints
strata serve: decode expert cache hit rate: 25.9% (104 hits / 402 lookups); 78 more read by the GPU over PCIe or from another GPU (16.2% of all 480 routed)
strata serve: resident RAM: 63.28 GiB of experts in RAM, 0 exchanged with the VRAM tier, 0 blob reads from the file
safetensors residency metrics: ram_bytes=67948118016 os_locked_bytes=0 cuda_pinned_bytes=67948118016 promotions=0 promoted_payload_bytes=0 expert_file_bytes=0 (cumulative; payload is not a physical PCIe counter)
safetensors ngram metrics: ple io: 3504 rows, 12.8% row-cache hits, 3056 SSD reads (13.1 MB), read p50 158 us p99 679 us, blocked 11.511 ms total (submit 3.003 ms), cache 3056/1048576 rows, SSD kept awake by 6 reads (slowest 0.4 ms)
strata serve: expert tiers: GPU 104 hits this request; since the start RAM 69602 blobs, files 0 blobs 0.0 MB read
strata serve: prompt 28 tokens = 27 reused + 1 read in 0 ms (26109.7 tok/s), 1 generated in 26 ms (39.2 tok/s), drafts accepted 0 of 0, 1 checkpoints
strata serve: decode expert cache hit rate: 21.6% (87 hits / 403 lookups); 77 more read by the GPU over PCIe or from another GPU (16.0% of all 480 routed)
strata serve: resident RAM: 63.28 GiB of experts in RAM, 0 exchanged with the VRAM tier, 0 blob reads from the file
safetensors residency metrics: ram_bytes=67948118016 os_locked_bytes=0 cuda_pinned_bytes=67948118016 promotions=0 promoted_payload_bytes=0 expert_file_bytes=0 (cumulative; payload is not a physical PCIe counter)
safetensors ngram metrics: ple io: 3520 rows, 12.7% row-cache hits, 3072 SSD reads (13.1 MB), read p50 157 us p99 679 us, blocked 11.511 ms total (submit 3.015 ms), cache 3072/1048576 rows, SSD kept awake by 6 reads (slowest 0.4 ms)
strata serve: expert tiers: GPU 87 hits this request; since the start RAM 69995 blobs, files 0 blobs 0.0 MB read
strata serve: prompt 29 tokens = 28 reused + 1 read in 0 ms (30769.2 tok/s), 1 generated in 26 ms (38.8 tok/s), drafts accepted 0 of 0, 1 checkpoints
strata serve: decode expert cache hit rate: 19.0% (75 hits / 394 lookups); 86 more read by the GPU over PCIe or from another GPU (17.9% of all 480 routed)
strata serve: resident RAM: 63.28 GiB of experts in RAM, 0 exchanged with the VRAM tier, 0 blob reads from the file
safetensors residency metrics: ram_bytes=67948118016 os_locked_bytes=0 cuda_pinned_bytes=67948118016 promotions=0 promoted_payload_bytes=0 expert_file_bytes=0 (cumulative; payload is not a physical PCIe counter)
safetensors ngram metrics: ple io: 3536 rows, 12.7% row-cache hits, 3088 SSD reads (13.2 MB), read p50 158 us p99 679 us, blocked 11.512 ms total (submit 3.043 ms), cache 3088/1048576 rows, SSD kept awake by 6 reads (slowest 0.4 ms)
strata serve: expert tiers: GPU 75 hits this request; since the start RAM 70400 blobs, files 0 blobs 0.0 MB read
strata serve: prompt 30 tokens = 29 reused + 1 read in 0 ms (25575.4 tok/s), 1 generated in 25 ms (40.2 tok/s), drafts accepted 0 of 0, 1 checkpoints
strata serve: decode expert cache hit rate: 13.6% (53 hits / 390 lookups); 90 more read by the GPU over PCIe or from another GPU (18.8% of all 480 routed)
strata serve: resident RAM: 63.28 GiB of experts in RAM, 0 exchanged with the VRAM tier, 0 blob reads from the file
safetensors residency metrics: ram_bytes=67948118016 os_locked_bytes=0 cuda_pinned_bytes=67948118016 promotions=0 promoted_payload_bytes=0 expert_file_bytes=0 (cumulative; payload is not a physical PCIe counter)
safetensors ngram metrics: ple io: 3552 rows, 12.6% row-cache hits, 3104 SSD reads (13.3 MB), read p50 158 us p99 679 us, blocked 11.512 ms total (submit 3.059 ms), cache 3104/1048576 rows, SSD kept awake by 6 reads (slowest 0.4 ms)
strata serve: expert tiers: GPU 53 hits this request; since the start RAM 70827 blobs, files 0 blobs 0.0 MB read
strata serve: prompt 31 tokens = 30 reused + 1 read in 0 ms (27173.9 tok/s), 1 generated in 26 ms (38.2 tok/s), drafts accepted 0 of 0, 1 checkpoints
strata serve: decode expert cache hit rate: 16.0% (63 hits / 394 lookups); 86 more read by the GPU over PCIe or from another GPU (17.9% of all 480 routed)
strata serve: resident RAM: 63.28 GiB of experts in RAM, 0 exchanged with the VRAM tier, 0 blob reads from the file
safetensors residency metrics: ram_bytes=67948118016 os_locked_bytes=0 cuda_pinned_bytes=67948118016 promotions=0 promoted_payload_bytes=0 expert_file_bytes=0 (cumulative; payload is not a physical PCIe counter)
safetensors ngram metrics: ple io: 3568 rows, 12.6% row-cache hits, 3120 SSD reads (13.3 MB), read p50 158 us p99 679 us, blocked 11.513 ms total (submit 3.072 ms), cache 3120/1048576 rows, SSD kept awake by 6 reads (slowest 0.4 ms)
strata serve: expert tiers: GPU 63 hits this request; since the start RAM 71244 blobs, files 0 blobs 0.0 MB read
strata serve: prompt 32 tokens = 31 reused + 1 read in 0 ms (27248.0 tok/s), 1 generated in 25 ms (39.3 tok/s), drafts accepted 0 of 0, 1 checkpoints
strata serve: decode expert cache hit rate: 17.1% (67 hits / 392 lookups); 88 more read by the GPU over PCIe or from another GPU (18.3% of all 480 routed)
strata serve: resident RAM: 63.28 GiB of experts in RAM, 0 exchanged with the VRAM tier, 0 blob reads from the file
safetensors residency metrics: ram_bytes=67948118016 os_locked_bytes=0 cuda_pinned_bytes=67948118016 promotions=0 promoted_payload_bytes=0 expert_file_bytes=0 (cumulative; payload is not a physical PCIe counter)
safetensors ngram metrics: ple io: 3584 rows, 12.5% row-cache hits, 3136 SSD reads (13.4 MB), read p50 158 us p99 679 us, blocked 11.513 ms total (submit 3.086 ms), cache 3136/1048576 rows, SSD kept awake by 6 reads (slowest 0.4 ms)
strata serve: expert tiers: GPU 67 hits this request; since the start RAM 71657 blobs, files 0 blobs 0.0 MB read
strata serve: prompt 33 tokens = 32 reused + 1 read in 0 ms (26525.2 tok/s), 1 generated in 23 ms (43.8 tok/s), drafts accepted 0 of 0, 1 checkpoints
strata serve: decode expert cache hit rate: 36.8% (151 hits / 410 lookups); 70 more read by the GPU over PCIe or from another GPU (14.6% of all 480 routed)
strata serve: resident RAM: 63.28 GiB of experts in RAM, 0 exchanged with the VRAM tier, 0 blob reads from the file
safetensors residency metrics: ram_bytes=67948118016 os_locked_bytes=0 cuda_pinned_bytes=67948118016 promotions=0 promoted_payload_bytes=0 expert_file_bytes=0 (cumulative; payload is not a physical PCIe counter)
safetensors ngram metrics: ple io: 3600 rows, 12.4% row-cache hits, 3152 SSD reads (13.5 MB), read p50 158 us p99 647 us, blocked 11.513 ms total (submit 3.098 ms), cache 3152/1048576 rows, SSD kept awake by 6 reads (slowest 0.4 ms)
strata serve: expert tiers: GPU 151 hits this request; since the start RAM 71986 blobs, files 0 blobs 0.0 MB read
strata serve: prompt 34 tokens = 33 reused + 1 read in 0 ms (24630.5 tok/s), 1 generated in 26 ms (38.4 tok/s), drafts accepted 0 of 0, 1 checkpoints
strata serve: decode expert cache hit rate: 18.7% (74 hits / 396 lookups); 84 more read by the GPU over PCIe or from another GPU (17.5% of all 480 routed)
strata serve: resident RAM: 63.28 GiB of experts in RAM, 0 exchanged with the VRAM tier, 0 blob reads from the file
safetensors residency metrics: ram_bytes=67948118016 os_locked_bytes=0 cuda_pinned_bytes=67948118016 promotions=0 promoted_payload_bytes=0 expert_file_bytes=0 (cumulative; payload is not a physical PCIe counter)
safetensors ngram metrics: ple io: 3616 rows, 12.4% row-cache hits, 3168 SSD reads (13.5 MB), read p50 158 us p99 647 us, blocked 11.514 ms total (submit 3.115 ms), cache 3168/1048576 rows, SSD kept awake by 6 reads (slowest 0.4 ms)
strata serve: expert tiers: GPU 74 hits this request; since the start RAM 72392 blobs, files 0 blobs 0.0 MB read
strata serve: prompt 35 tokens = 34 reused + 1 read in 0 ms (25974.0 tok/s), 1 generated in 26 ms (38.5 tok/s), drafts accepted 0 of 0, 1 checkpoints
strata serve: decode expert cache hit rate: 14.1% (55 hits / 391 lookups); 89 more read by the GPU over PCIe or from another GPU (18.5% of all 480 routed)
strata serve: resident RAM: 63.28 GiB of experts in RAM, 0 exchanged with the VRAM tier, 0 blob reads from the file
safetensors residency metrics: ram_bytes=67948118016 os_locked_bytes=0 cuda_pinned_bytes=67948118016 promotions=0 promoted_payload_bytes=0 expert_file_bytes=0 (cumulative; payload is not a physical PCIe counter)
safetensors ngram metrics: ple io: 3632 rows, 12.3% row-cache hits, 3184 SSD reads (13.6 MB), read p50 158 us p99 647 us, blocked 11.514 ms total (submit 3.127 ms), cache 3184/1048576 rows, SSD kept awake by 6 reads (slowest 0.4 ms)
strata serve: expert tiers: GPU 55 hits this request; since the start RAM 72817 blobs, files 0 blobs 0.0 MB read
strata serve: prompt 36 tokens = 35 reused + 1 read in 0 ms (32258.1 tok/s), 1 generated in 25 ms (40.0 tok/s), drafts accepted 0 of 0, 1 checkpoints
strata serve: decode expert cache hit rate: 21.9% (87 hits / 398 lookups); 82 more read by the GPU over PCIe or from another GPU (17.1% of all 480 routed)
strata serve: resident RAM: 63.28 GiB of experts in RAM, 0 exchanged with the VRAM tier, 0 blob reads from the file
safetensors residency metrics: ram_bytes=67948118016 os_locked_bytes=0 cuda_pinned_bytes=67948118016 promotions=0 promoted_payload_bytes=0 expert_file_bytes=0 (cumulative; payload is not a physical PCIe counter)
safetensors ngram metrics: ple io: 3648 rows, 12.3% row-cache hits, 3200 SSD reads (13.7 MB), read p50 158 us p99 647 us, blocked 11.515 ms total (submit 3.147 ms), cache 3200/1048576 rows, SSD kept awake by 6 reads (slowest 0.4 ms)
strata serve: expert tiers: GPU 87 hits this request; since the start RAM 73210 blobs, files 0 blobs 0.0 MB read
strata serve: prompt 37 tokens = 36 reused + 1 read in 0 ms (27027.0 tok/s), 1 generated in 29 ms (34.9 tok/s), drafts accepted 0 of 0, 1 checkpoints
strata serve: decode expert cache hit rate: 15.3% (60 hits / 392 lookups); 88 more read by the GPU over PCIe or from another GPU (18.3% of all 480 routed)
strata serve: resident RAM: 63.28 GiB of experts in RAM, 0 exchanged with the VRAM tier, 0 blob reads from the file
safetensors residency metrics: ram_bytes=67948118016 os_locked_bytes=0 cuda_pinned_bytes=67948118016 promotions=0 promoted_payload_bytes=0 expert_file_bytes=0 (cumulative; payload is not a physical PCIe counter)
safetensors ngram metrics: ple io: 3664 rows, 12.4% row-cache hits, 3208 SSD reads (13.7 MB), read p50 158 us p99 647 us, blocked 11.515 ms total (submit 3.159 ms), cache 3208/1048576 rows, SSD kept awake by 6 reads (slowest 0.4 ms)
strata serve: expert tiers: GPU 60 hits this request; since the start RAM 73630 blobs, files 0 blobs 0.0 MB read
strata serve: prompt 38 tokens = 37 reused + 1 read in 0 ms (28901.7 tok/s), 1 generated in 25 ms (39.6 tok/s), drafts accepted 0 of 0, 1 checkpoints
strata serve: decode expert cache hit rate: 22.0% (88 hits / 400 lookups); 80 more read by the GPU over PCIe or from another GPU (16.7% of all 480 routed)
strata serve: resident RAM: 63.28 GiB of experts in RAM, 0 exchanged with the VRAM tier, 0 blob reads from the file
safetensors residency metrics: ram_bytes=67948118016 os_locked_bytes=0 cuda_pinned_bytes=67948118016 promotions=0 promoted_payload_bytes=0 expert_file_bytes=0 (cumulative; payload is not a physical PCIe counter)
safetensors ngram metrics: ple io: 3680 rows, 12.4% row-cache hits, 3224 SSD reads (13.8 MB), read p50 158 us p99 647 us, blocked 11.516 ms total (submit 3.175 ms), cache 3224/1048576 rows, SSD kept awake by 6 reads (slowest 0.4 ms)
strata serve: expert tiers: GPU 88 hits this request; since the start RAM 74022 blobs, files 0 blobs 0.0 MB read
strata serve: prompt 39 tokens = 38 reused + 1 read in 0 ms (26954.2 tok/s), 1 generated in 23 ms (43.4 tok/s), drafts accepted 0 of 0, 1 checkpoints
strata serve: decode expert cache hit rate: 36.5% (152 hits / 416 lookups); 64 more read by the GPU over PCIe or from another GPU (13.3% of all 480 routed)
strata serve: resident RAM: 63.28 GiB of experts in RAM, 0 exchanged with the VRAM tier, 0 blob reads from the file
safetensors residency metrics: ram_bytes=67948118016 os_locked_bytes=0 cuda_pinned_bytes=67948118016 promotions=0 promoted_payload_bytes=0 expert_file_bytes=0 (cumulative; payload is not a physical PCIe counter)
safetensors ngram metrics: ple io: 3696 rows, 12.3% row-cache hits, 3240 SSD reads (13.8 MB), read p50 158 us p99 647 us, blocked 11.516 ms total (submit 3.192 ms), cache 3240/1048576 rows, SSD kept awake by 6 reads (slowest 0.4 ms)
strata serve: expert tiers: GPU 152 hits this request; since the start RAM 74350 blobs, files 0 blobs 0.0 MB read
strata serve: prompt 40 tokens = 39 reused + 1 read in 0 ms (29850.7 tok/s), 1 generated in 25 ms (39.7 tok/s), drafts accepted 0 of 0, 1 checkpoints
strata serve: decode expert cache hit rate: 16.8% (66 hits / 392 lookups); 88 more read by the GPU over PCIe or from another GPU (18.3% of all 480 routed)
strata serve: resident RAM: 63.28 GiB of experts in RAM, 0 exchanged with the VRAM tier, 0 blob reads from the file
safetensors residency metrics: ram_bytes=67948118016 os_locked_bytes=0 cuda_pinned_bytes=67948118016 promotions=0 promoted_payload_bytes=0 expert_file_bytes=0 (cumulative; payload is not a physical PCIe counter)
safetensors ngram metrics: ple io: 3712 rows, 12.3% row-cache hits, 3256 SSD reads (13.9 MB), read p50 158 us p99 636 us, blocked 11.517 ms total (submit 3.205 ms), cache 3256/1048576 rows, SSD kept awake by 6 reads (slowest 0.4 ms)
strata serve: expert tiers: GPU 66 hits this request; since the start RAM 74764 blobs, files 0 blobs 0.0 MB read
strata serve: prompt 41 tokens = 40 reused + 1 read in 0 ms (31948.9 tok/s), 1 generated in 28 ms (36.2 tok/s), drafts accepted 0 of 0, 1 checkpoints
strata serve: decode expert cache hit rate: 10.3% (40 hits / 389 lookups); 91 more read by the GPU over PCIe or from another GPU (19.0% of all 480 routed)
strata serve: resident RAM: 63.28 GiB of experts in RAM, 0 exchanged with the VRAM tier, 0 blob reads from the file
safetensors residency metrics: ram_bytes=67948118016 os_locked_bytes=0 cuda_pinned_bytes=67948118016 promotions=0 promoted_payload_bytes=0 expert_file_bytes=0 (cumulative; payload is not a physical PCIe counter)
safetensors ngram metrics: ple io: 3728 rows, 12.2% row-cache hits, 3272 SSD reads (14.0 MB), read p50 158 us p99 636 us, blocked 11.517 ms total (submit 3.221 ms), cache 3272/1048576 rows, SSD kept awake by 6 reads (slowest 0.4 ms)
strata serve: expert tiers: GPU 40 hits this request; since the start RAM 75204 blobs, files 0 blobs 0.0 MB read
strata serve: prompt 42 tokens = 41 reused + 1 read in 0 ms (29239.8 tok/s), 1 generated in 24 ms (41.5 tok/s), drafts accepted 0 of 0, 1 checkpoints
strata serve: decode expert cache hit rate: 20.5% (81 hits / 396 lookups); 84 more read by the GPU over PCIe or from another GPU (17.5% of all 480 routed)
strata serve: resident RAM: 63.28 GiB of experts in RAM, 0 exchanged with the VRAM tier, 0 blob reads from the file
safetensors residency metrics: ram_bytes=67948118016 os_locked_bytes=0 cuda_pinned_bytes=67948118016 promotions=0 promoted_payload_bytes=0 expert_file_bytes=0 (cumulative; payload is not a physical PCIe counter)
safetensors ngram metrics: ple io: 3744 rows, 12.2% row-cache hits, 3288 SSD reads (14.0 MB), read p50 158 us p99 636 us, blocked 11.517 ms total (submit 3.238 ms), cache 3288/1048576 rows, SSD kept awake by 6 reads (slowest 0.4 ms)
strata serve: expert tiers: GPU 81 hits this request; since the start RAM 75603 blobs, files 0 blobs 0.0 MB read
strata serve: prompt 43 tokens = 42 reused + 1 read in 0 ms (28735.6 tok/s), 1 generated in 26 ms (38.8 tok/s), drafts accepted 0 of 0, 1 checkpoints
strata serve: decode expert cache hit rate: 20.7% (82 hits / 396 lookups); 84 more read by the GPU over PCIe or from another GPU (17.5% of all 480 routed)
strata serve: resident RAM: 63.28 GiB of experts in RAM, 0 exchanged with the VRAM tier, 0 blob reads from the file
safetensors residency metrics: ram_bytes=67948118016 os_locked_bytes=0 cuda_pinned_bytes=67948118016 promotions=0 promoted_payload_bytes=0 expert_file_bytes=0 (cumulative; payload is not a physical PCIe counter)
safetensors ngram metrics: ple io: 3760 rows, 12.1% row-cache hits, 3304 SSD reads (14.1 MB), read p50 158 us p99 636 us, blocked 11.518 ms total (submit 3.256 ms), cache 3304/1048576 rows, SSD kept awake by 6 reads (slowest 0.4 ms)
strata serve: expert tiers: GPU 82 hits this request; since the start RAM 76001 blobs, files 0 blobs 0.0 MB read
strata serve: prompt 44 tokens = 43 reused + 1 read in 0 ms (32362.5 tok/s), 1 generated in 25 ms (40.1 tok/s), drafts accepted 0 of 0, 1 checkpoints
strata serve: decode expert cache hit rate: 28.3% (115 hits / 407 lookups); 73 more read by the GPU over PCIe or from another GPU (15.2% of all 480 routed)
strata serve: resident RAM: 63.28 GiB of experts in RAM, 0 exchanged with the VRAM tier, 0 blob reads from the file
safetensors residency metrics: ram_bytes=67948118016 os_locked_bytes=0 cuda_pinned_bytes=67948118016 promotions=0 promoted_payload_bytes=0 expert_file_bytes=0 (cumulative; payload is not a physical PCIe counter)
safetensors ngram metrics: ple io: 3776 rows, 12.1% row-cache hits, 3320 SSD reads (14.2 MB), read p50 158 us p99 636 us, blocked 11.518 ms total (submit 3.268 ms), cache 3320/1048576 rows, SSD kept awake by 6 reads (slowest 0.4 ms)
strata serve: expert tiers: GPU 115 hits this request; since the start RAM 76366 blobs, files 0 blobs 0.0 MB read
strata serve: prompt 45 tokens = 44 reused + 1 read in 0 ms (33333.3 tok/s), 1 generated in 25 ms (39.7 tok/s), drafts accepted 0 of 0, 1 checkpoints
strata serve: decode expert cache hit rate: 17.7% (69 hits / 390 lookups); 90 more read by the GPU over PCIe or from another GPU (18.8% of all 480 routed)
strata serve: resident RAM: 63.28 GiB of experts in RAM, 0 exchanged with the VRAM tier, 0 blob reads from the file
safetensors residency metrics: ram_bytes=67948118016 os_locked_bytes=0 cuda_pinned_bytes=67948118016 promotions=0 promoted_payload_bytes=0 expert_file_bytes=0 (cumulative; payload is not a physical PCIe counter)
safetensors ngram metrics: ple io: 3792 rows, 12.0% row-cache hits, 3336 SSD reads (14.2 MB), read p50 158 us p99 636 us, blocked 11.518 ms total (submit 3.282 ms), cache 3336/1048576 rows, SSD kept awake by 6 reads (slowest 0.4 ms)
strata serve: expert tiers: GPU 69 hits this request; since the start RAM 76777 blobs, files 0 blobs 0.0 MB read
strata serve: prompt 46 tokens = 45 reused + 1 read in 0 ms (30030.0 tok/s), 1 generated in 26 ms (38.2 tok/s), drafts accepted 0 of 0, 1 checkpoints
strata serve: decode expert cache hit rate: 11.0% (43 hits / 390 lookups); 90 more read by the GPU over PCIe or from another GPU (18.8% of all 480 routed)
strata serve: resident RAM: 63.28 GiB of experts in RAM, 0 exchanged with the VRAM tier, 0 blob reads from the file
safetensors residency metrics: ram_bytes=67948118016 os_locked_bytes=0 cuda_pinned_bytes=67948118016 promotions=0 promoted_payload_bytes=0 expert_file_bytes=0 (cumulative; payload is not a physical PCIe counter)
safetensors ngram metrics: ple io: 3808 rows, 12.2% row-cache hits, 3344 SSD reads (14.3 MB), read p50 158 us p99 636 us, blocked 11.519 ms total (submit 3.295 ms), cache 3344/1048576 rows, SSD kept awake by 6 reads (slowest 0.4 ms)
strata serve: expert tiers: GPU 43 hits this request; since the start RAM 77214 blobs, files 0 blobs 0.0 MB read
strata serve: prompt 47 tokens = 46 reused + 1 read in 0 ms (30395.1 tok/s), 1 generated in 26 ms (38.9 tok/s), drafts accepted 0 of 0, 1 checkpoints
strata serve: decode expert cache hit rate: 15.1% (59 hits / 392 lookups); 88 more read by the GPU over PCIe or from another GPU (18.3% of all 480 routed)
strata serve: resident RAM: 63.28 GiB of experts in RAM, 0 exchanged with the VRAM tier, 0 blob reads from the file
safetensors residency metrics: ram_bytes=67948118016 os_locked_bytes=0 cuda_pinned_bytes=67948118016 promotions=0 promoted_payload_bytes=0 expert_file_bytes=0 (cumulative; payload is not a physical PCIe counter)
safetensors ngram metrics: ple io: 3824 rows, 12.1% row-cache hits, 3360 SSD reads (14.3 MB), read p50 158 us p99 604 us, blocked 11.519 ms total (submit 3.310 ms), cache 3360/1048576 rows, SSD kept awake by 6 reads (slowest 0.4 ms)
strata serve: expert tiers: GPU 59 hits this request; since the start RAM 77635 blobs, files 0 blobs 0.0 MB read
strata serve: prompt 48 tokens = 47 reused + 1 read in 0 ms (27173.9 tok/s), 1 generated in 26 ms (39.1 tok/s), drafts accepted 0 of 0, 1 checkpoints
strata serve: decode expert cache hit rate: 13.0% (51 hits / 391 lookups); 89 more read by the GPU over PCIe or from another GPU (18.5% of all 480 routed)
strata serve: resident RAM: 63.28 GiB of experts in RAM, 0 exchanged with the VRAM tier, 0 blob reads from the file
safetensors residency metrics: ram_bytes=67948118016 os_locked_bytes=0 cuda_pinned_bytes=67948118016 promotions=0 promoted_payload_bytes=0 expert_file_bytes=0 (cumulative; payload is not a physical PCIe counter)
safetensors ngram metrics: ple io: 3840 rows, 12.1% row-cache hits, 3376 SSD reads (14.4 MB), read p50 158 us p99 604 us, blocked 11.520 ms total (submit 3.326 ms), cache 3376/1048576 rows, SSD kept awake by 6 reads (slowest 0.4 ms)
strata serve: expert tiers: GPU 51 hits this request; since the start RAM 78064 blobs, files 0 blobs 0.0 MB read
strata serve: prompt 49 tokens = 48 reused + 1 read in 0 ms (31746.0 tok/s), 1 generated in 25 ms (39.3 tok/s), drafts accepted 0 of 0, 1 checkpoints
strata serve: decode expert cache hit rate: 16.8% (66 hits / 394 lookups); 86 more read by the GPU over PCIe or from another GPU (17.9% of all 480 routed)
strata serve: resident RAM: 63.28 GiB of experts in RAM, 0 exchanged with the VRAM tier, 0 blob reads from the file
safetensors residency metrics: ram_bytes=67948118016 os_locked_bytes=0 cuda_pinned_bytes=67948118016 promotions=0 promoted_payload_bytes=0 expert_file_bytes=0 (cumulative; payload is not a physical PCIe counter)
safetensors ngram metrics: ple io: 3856 rows, 12.0% row-cache hits, 3392 SSD reads (14.5 MB), read p50 158 us p99 604 us, blocked 11.520 ms total (submit 3.346 ms), cache 3392/1048576 rows, SSD kept awake by 6 reads (slowest 0.4 ms)
strata serve: expert tiers: GPU 66 hits this request; since the start RAM 78478 blobs, files 0 blobs 0.0 MB read
strata serve: prompt 50 tokens = 49 reused + 1 read in 0 ms (29673.6 tok/s), 1 generated in 25 ms (40.4 tok/s), drafts accepted 0 of 0, 1 checkpoints
strata serve: decode expert cache hit rate: 16.5% (65 hits / 394 lookups); 86 more read by the GPU over PCIe or from another GPU (17.9% of all 480 routed)
strata serve: resident RAM: 63.28 GiB of experts in RAM, 0 exchanged with the VRAM tier, 0 blob reads from the file
safetensors residency metrics: ram_bytes=67948118016 os_locked_bytes=0 cuda_pinned_bytes=67948118016 promotions=0 promoted_payload_bytes=0 expert_file_bytes=0 (cumulative; payload is not a physical PCIe counter)
safetensors ngram metrics: ple io: 3872 rows, 12.0% row-cache hits, 3408 SSD reads (14.5 MB), read p50 157 us p99 604 us, blocked 11.521 ms total (submit 3.368 ms), cache 3408/1048576 rows, SSD kept awake by 6 reads (slowest 0.4 ms)
strata serve: expert tiers: GPU 65 hits this request; since the start RAM 78893 blobs, files 0 blobs 0.0 MB read
strata serve: prompt 51 tokens = 50 reused + 1 read in 0 ms (31545.7 tok/s), 1 generated in 25 ms (39.6 tok/s), drafts accepted 0 of 0, 1 checkpoints
strata serve: decode expert cache hit rate: 20.6% (81 hits / 394 lookups); 86 more read by the GPU over PCIe or from another GPU (17.9% of all 480 routed)
strata serve: resident RAM: 63.28 GiB of experts in RAM, 0 exchanged with the VRAM tier, 0 blob reads from the file
safetensors residency metrics: ram_bytes=67948118016 os_locked_bytes=0 cuda_pinned_bytes=67948118016 promotions=0 promoted_payload_bytes=0 expert_file_bytes=0 (cumulative; payload is not a physical PCIe counter)
safetensors ngram metrics: ple io: 3888 rows, 11.9% row-cache hits, 3424 SSD reads (14.6 MB), read p50 157 us p99 604 us, blocked 11.521 ms total (submit 3.383 ms), cache 3424/1048576 rows, SSD kept awake by 6 reads (slowest 0.4 ms)
strata serve: expert tiers: GPU 81 hits this request; since the start RAM 79292 blobs, files 0 blobs 0.0 MB read
strata serve: prompt 52 tokens = 51 reused + 1 read in 0 ms (31545.7 tok/s), 1 generated in 26 ms (37.8 tok/s), drafts accepted 0 of 0, 1 checkpoints
strata serve: decode expert cache hit rate: 13.4% (52 hits / 389 lookups); 91 more read by the GPU over PCIe or from another GPU (19.0% of all 480 routed)
strata serve: resident RAM: 63.28 GiB of experts in RAM, 0 exchanged with the VRAM tier, 0 blob reads from the file
safetensors residency metrics: ram_bytes=67948118016 os_locked_bytes=0 cuda_pinned_bytes=67948118016 promotions=0 promoted_payload_bytes=0 expert_file_bytes=0 (cumulative; payload is not a physical PCIe counter)
safetensors ngram metrics: ple io: 3904 rows, 11.9% row-cache hits, 3440 SSD reads (14.7 MB), read p50 157 us p99 604 us, blocked 11.521 ms total (submit 3.400 ms), cache 3440/1048576 rows, SSD kept awake by 6 reads (slowest 0.4 ms)
strata serve: expert tiers: GPU 52 hits this request; since the start RAM 79720 blobs, files 0 blobs 0.0 MB read
strata serve: prompt 53 tokens = 52 reused + 1 read in 0 ms (28735.6 tok/s), 1 generated in 25 ms (39.4 tok/s), drafts accepted 0 of 0, 1 checkpoints
strata serve: decode expert cache hit rate: 9.5% (37 hits / 388 lookups); 92 more read by the GPU over PCIe or from another GPU (19.2% of all 480 routed)
strata serve: resident RAM: 63.28 GiB of experts in RAM, 0 exchanged with the VRAM tier, 0 blob reads from the file
safetensors residency metrics: ram_bytes=67948118016 os_locked_bytes=0 cuda_pinned_bytes=67948118016 promotions=0 promoted_payload_bytes=0 expert_file_bytes=0 (cumulative; payload is not a physical PCIe counter)
safetensors ngram metrics: ple io: 3920 rows, 11.8% row-cache hits, 3456 SSD reads (14.7 MB), read p50 157 us p99 599 us, blocked 11.522 ms total (submit 3.412 ms), cache 3456/1048576 rows, SSD kept awake by 6 reads (slowest 0.4 ms)
strata serve: expert tiers: GPU 37 hits this request; since the start RAM 80163 blobs, files 0 blobs 0.0 MB read
strata serve: prompt 54 tokens = 53 reused + 1 read in 0 ms (32258.1 tok/s), 1 generated in 26 ms (38.3 tok/s), drafts accepted 0 of 0, 1 checkpoints
strata serve: decode expert cache hit rate: 12.1% (47 hits / 387 lookups); 93 more read by the GPU over PCIe or from another GPU (19.4% of all 480 routed)
strata serve: resident RAM: 63.28 GiB of experts in RAM, 0 exchanged with the VRAM tier, 0 blob reads from the file
safetensors residency metrics: ram_bytes=67948118016 os_locked_bytes=0 cuda_pinned_bytes=67948118016 promotions=0 promoted_payload_bytes=0 expert_file_bytes=0 (cumulative; payload is not a physical PCIe counter)
safetensors ngram metrics: ple io: 3936 rows, 11.8% row-cache hits, 3472 SSD reads (14.8 MB), read p50 157 us p99 599 us, blocked 11.522 ms total (submit 3.433 ms), cache 3472/1048576 rows, SSD kept awake by 6 reads (slowest 0.4 ms)
strata serve: expert tiers: GPU 47 hits this request; since the start RAM 80596 blobs, files 0 blobs 0.0 MB read
strata serve: prompt 55 tokens = 54 reused + 1 read in 0 ms (30581.0 tok/s), 1 generated in 27 ms (37.1 tok/s), drafts accepted 0 of 0, 1 checkpoints
strata serve: decode expert cache hit rate: 7.2% (28 hits / 387 lookups); 93 more read by the GPU over PCIe or from another GPU (19.4% of all 480 routed)
strata serve: resident RAM: 63.28 GiB of experts in RAM, 0 exchanged with the VRAM tier, 0 blob reads from the file
safetensors residency metrics: ram_bytes=67948118016 os_locked_bytes=0 cuda_pinned_bytes=67948118016 promotions=0 promoted_payload_bytes=0 expert_file_bytes=0 (cumulative; payload is not a physical PCIe counter)
safetensors ngram metrics: ple io: 3952 rows, 11.7% row-cache hits, 3488 SSD reads (14.9 MB), read p50 158 us p99 599 us, blocked 11.523 ms total (submit 3.449 ms), cache 3488/1048576 rows, SSD kept awake by 6 reads (slowest 0.4 ms)
strata serve: expert tiers: GPU 28 hits this request; since the start RAM 81048 blobs, files 0 blobs 0.0 MB read
strata serve: prompt 56 tokens = 55 reused + 1 read in 0 ms (21834.1 tok/s), 1 generated in 25 ms (39.6 tok/s), drafts accepted 0 of 0, 1 checkpoints
strata serve: decode expert cache hit rate: 13.6% (53 hits / 391 lookups); 89 more read by the GPU over PCIe or from another GPU (18.5% of all 480 routed)
strata serve: resident RAM: 63.28 GiB of experts in RAM, 0 exchanged with the VRAM tier, 0 blob reads from the file
safetensors residency metrics: ram_bytes=67948118016 os_locked_bytes=0 cuda_pinned_bytes=67948118016 promotions=0 promoted_payload_bytes=0 expert_file_bytes=0 (cumulative; payload is not a physical PCIe counter)
safetensors ngram metrics: ple io: 3968 rows, 11.7% row-cache hits, 3504 SSD reads (14.9 MB), read p50 157 us p99 599 us, blocked 11.523 ms total (submit 3.466 ms), cache 3504/1048576 rows, SSD kept awake by 6 reads (slowest 0.4 ms)
strata serve: expert tiers: GPU 53 hits this request; since the start RAM 81475 blobs, files 0 blobs 0.0 MB read
strata serve: prompt 57 tokens = 56 reused + 1 read in 0 ms (26809.7 tok/s), 1 generated in 26 ms (37.8 tok/s), drafts accepted 0 of 0, 1 checkpoints
strata serve: decode expert cache hit rate: 12.0% (47 hits / 391 lookups); 89 more read by the GPU over PCIe or from another GPU (18.5% of all 480 routed)
strata serve: resident RAM: 63.28 GiB of experts in RAM, 0 exchanged with the VRAM tier, 0 blob reads from the file
safetensors residency metrics: ram_bytes=67948118016 os_locked_bytes=0 cuda_pinned_bytes=67948118016 promotions=0 promoted_payload_bytes=0 expert_file_bytes=0 (cumulative; payload is not a physical PCIe counter)
safetensors ngram metrics: ple io: 3984 rows, 11.6% row-cache hits, 3520 SSD reads (15.0 MB), read p50 157 us p99 599 us, blocked 11.523 ms total (submit 3.489 ms), cache 3520/1048576 rows, SSD kept awake by 6 reads (slowest 0.4 ms)
strata serve: expert tiers: GPU 47 hits this request; since the start RAM 81908 blobs, files 0 blobs 0.0 MB read
strata serve: prompt 58 tokens = 57 reused + 1 read in 0 ms (30581.0 tok/s), 1 generated in 24 ms (42.1 tok/s), drafts accepted 0 of 0, 1 checkpoints
strata serve: decode expert cache hit rate: 22.8% (91 hits / 400 lookups); 80 more read by the GPU over PCIe or from another GPU (16.7% of all 480 routed)
strata serve: resident RAM: 63.28 GiB of experts in RAM, 0 exchanged with the VRAM tier, 0 blob reads from the file
safetensors residency metrics: ram_bytes=67948118016 os_locked_bytes=0 cuda_pinned_bytes=67948118016 promotions=0 promoted_payload_bytes=0 expert_file_bytes=0 (cumulative; payload is not a physical PCIe counter)
safetensors ngram metrics: ple io: 4000 rows, 11.6% row-cache hits, 3536 SSD reads (15.1 MB), read p50 157 us p99 599 us, blocked 11.524 ms total (submit 3.504 ms), cache 3536/1048576 rows, SSD kept awake by 6 reads (slowest 0.4 ms)
strata serve: expert tiers: GPU 91 hits this request; since the start RAM 82297 blobs, files 0 blobs 0.0 MB read
strata serve: prompt 59 tokens = 58 reused + 1 read in 0 ms (28248.6 tok/s), 1 generated in 27 ms (36.7 tok/s), drafts accepted 0 of 0, 1 checkpoints
strata serve: decode expert cache hit rate: 8.3% (32 hits / 387 lookups); 93 more read by the GPU over PCIe or from another GPU (19.4% of all 480 routed)
strata serve: resident RAM: 63.28 GiB of experts in RAM, 0 exchanged with the VRAM tier, 0 blob reads from the file
safetensors residency metrics: ram_bytes=67948118016 os_locked_bytes=0 cuda_pinned_bytes=67948118016 promotions=0 promoted_payload_bytes=0 expert_file_bytes=0 (cumulative; payload is not a physical PCIe counter)
safetensors ngram metrics: ple io: 4016 rows, 11.6% row-cache hits, 3552 SSD reads (15.1 MB), read p50 157 us p99 597 us, blocked 11.524 ms total (submit 3.519 ms), cache 3552/1048576 rows, SSD kept awake by 6 reads (slowest 0.4 ms)
strata serve: expert tiers: GPU 32 hits this request; since the start RAM 82745 blobs, files 0 blobs 0.0 MB read
strata serve: prompt 60 tokens = 59 reused + 1 read in 0 ms (27173.9 tok/s), 1 generated in 24 ms (42.0 tok/s), drafts accepted 0 of 0, 1 checkpoints
strata serve: decode expert cache hit rate: 27.6% (112 hits / 406 lookups); 74 more read by the GPU over PCIe or from another GPU (15.4% of all 480 routed)
strata serve: resident RAM: 63.28 GiB of experts in RAM, 0 exchanged with the VRAM tier, 0 blob reads from the file
safetensors residency metrics: ram_bytes=67948118016 os_locked_bytes=0 cuda_pinned_bytes=67948118016 promotions=0 promoted_payload_bytes=0 expert_file_bytes=0 (cumulative; payload is not a physical PCIe counter)
safetensors ngram metrics: ple io: 4032 rows, 11.5% row-cache hits, 3568 SSD reads (15.2 MB), read p50 157 us p99 597 us, blocked 11.525 ms total (submit 3.539 ms), cache 3568/1048576 rows, SSD kept awake by 6 reads (slowest 0.4 ms)
strata serve: expert tiers: GPU 112 hits this request; since the start RAM 83113 blobs, files 0 blobs 0.0 MB read
strata serve: prompt 61 tokens = 60 reused + 1 read in 0 ms (29940.1 tok/s), 1 generated in 25 ms (39.5 tok/s), drafts accepted 0 of 0, 1 checkpoints
strata serve: decode expert cache hit rate: 19.4% (77 hits / 397 lookups); 83 more read by the GPU over PCIe or from another GPU (17.3% of all 480 routed)
strata serve: resident RAM: 63.28 GiB of experts in RAM, 0 exchanged with the VRAM tier, 0 blob reads from the file
safetensors residency metrics: ram_bytes=67948118016 os_locked_bytes=0 cuda_pinned_bytes=67948118016 promotions=0 promoted_payload_bytes=0 expert_file_bytes=0 (cumulative; payload is not a physical PCIe counter)
safetensors ngram metrics: ple io: 4048 rows, 11.5% row-cache hits, 3584 SSD reads (15.3 MB), read p50 157 us p99 597 us, blocked 11.525 ms total (submit 3.551 ms), cache 3584/1048576 rows, SSD kept awake by 6 reads (slowest 0.4 ms)
strata serve: expert tiers: GPU 77 hits this request; since the start RAM 83516 blobs, files 0 blobs 0.0 MB read
strata serve: prompt 62 tokens = 61 reused + 1 read in 0 ms (26525.2 tok/s), 1 generated in 22 ms (44.9 tok/s), drafts accepted 0 of 0, 1 checkpoints
strata serve: decode expert cache hit rate: 38.7% (162 hits / 419 lookups); 61 more read by the GPU over PCIe or from another GPU (12.7% of all 480 routed)
strata serve: resident RAM: 63.28 GiB of experts in RAM, 0 exchanged with the VRAM tier, 0 blob reads from the file
safetensors residency metrics: ram_bytes=67948118016 os_locked_bytes=0 cuda_pinned_bytes=67948118016 promotions=0 promoted_payload_bytes=0 expert_file_bytes=0 (cumulative; payload is not a physical PCIe counter)
safetensors ngram metrics: ple io: 4064 rows, 11.4% row-cache hits, 3600 SSD reads (15.4 MB), read p50 157 us p99 597 us, blocked 11.526 ms total (submit 3.565 ms), cache 3600/1048576 rows, SSD kept awake by 6 reads (slowest 0.4 ms)
strata serve: expert tiers: GPU 162 hits this request; since the start RAM 83834 blobs, files 0 blobs 0.0 MB read
strata serve: prompt 63 tokens = 62 reused + 1 read in 0 ms (32362.5 tok/s), 1 generated in 25 ms (40.3 tok/s), drafts accepted 0 of 0, 1 checkpoints
strata serve: decode expert cache hit rate: 20.0% (79 hits / 395 lookups); 85 more read by the GPU over PCIe or from another GPU (17.7% of all 480 routed)
strata serve: resident RAM: 63.28 GiB of experts in RAM, 0 exchanged with the VRAM tier, 0 blob reads from the file
safetensors residency metrics: ram_bytes=67948118016 os_locked_bytes=0 cuda_pinned_bytes=67948118016 promotions=0 promoted_payload_bytes=0 expert_file_bytes=0 (cumulative; payload is not a physical PCIe counter)
safetensors ngram metrics: ple io: 4080 rows, 11.4% row-cache hits, 3616 SSD reads (15.4 MB), read p50 157 us p99 597 us, blocked 11.634 ms total (submit 3.581 ms), cache 3616/1048576 rows, SSD kept awake by 6 reads (slowest 0.4 ms)
strata serve: expert tiers: GPU 79 hits this request; since the start RAM 84235 blobs, files 0 blobs 0.0 MB read
strata serve: prompt 64 tokens = 63 reused + 1 read in 0 ms (30959.8 tok/s), 1 generated in 25 ms (39.8 tok/s), drafts accepted 0 of 0, 1 checkpoints
strata serve: decode expert cache hit rate: 12.6% (49 hits / 389 lookups); 91 more read by the GPU over PCIe or from another GPU (19.0% of all 480 routed)
strata serve: resident RAM: 63.28 GiB of experts in RAM, 0 exchanged with the VRAM tier, 0 blob reads from the file
safetensors residency metrics: ram_bytes=67948118016 os_locked_bytes=0 cuda_pinned_bytes=67948118016 promotions=0 promoted_payload_bytes=0 expert_file_bytes=0 (cumulative; payload is not a physical PCIe counter)
safetensors ngram metrics: ple io: 4096 rows, 11.3% row-cache hits, 3632 SSD reads (15.5 MB), read p50 157 us p99 597 us, blocked 11.634 ms total (submit 3.600 ms), cache 3632/1048576 rows, SSD kept awake by 6 reads (slowest 0.4 ms)
strata serve: expert tiers: GPU 49 hits this request; since the start RAM 84666 blobs, files 0 blobs 0.0 MB read
strata serve: prompt 65 tokens = 64 reused + 1 read in 0 ms (30211.5 tok/s), 1 generated in 27 ms (37.4 tok/s), drafts accepted 0 of 0, 1 checkpoints
strata serve: decode expert cache hit rate: 11.0% (43 hits / 392 lookups); 88 more read by the GPU over PCIe or from another GPU (18.3% of all 480 routed)
strata serve: resident RAM: 63.28 GiB of experts in RAM, 0 exchanged with the VRAM tier, 0 blob reads from the file
safetensors residency metrics: ram_bytes=67948118016 os_locked_bytes=0 cuda_pinned_bytes=67948118016 promotions=0 promoted_payload_bytes=0 expert_file_bytes=0 (cumulative; payload is not a physical PCIe counter)
safetensors ngram metrics: ple io: 4112 rows, 11.5% row-cache hits, 3640 SSD reads (15.5 MB), read p50 157 us p99 597 us, blocked 11.635 ms total (submit 3.615 ms), cache 3640/1048576 rows, SSD kept awake by 6 reads (slowest 0.4 ms)
strata serve: expert tiers: GPU 43 hits this request; since the start RAM 85103 blobs, files 0 blobs 0.0 MB read
strata serve: prompt 66 tokens = 65 reused + 1 read in 0 ms (30303.0 tok/s), 1 generated in 26 ms (39.2 tok/s), drafts accepted 0 of 0, 1 checkpoints
strata serve: decode expert cache hit rate: 10.0% (39 hits / 389 lookups); 91 more read by the GPU over PCIe or from another GPU (19.0% of all 480 routed)
strata serve: resident RAM: 63.28 GiB of experts in RAM, 0 exchanged with the VRAM tier, 0 blob reads from the file
safetensors residency metrics: ram_bytes=67948118016 os_locked_bytes=0 cuda_pinned_bytes=67948118016 promotions=0 promoted_payload_bytes=0 expert_file_bytes=0 (cumulative; payload is not a physical PCIe counter)
safetensors ngram metrics: ple io: 4128 rows, 11.4% row-cache hits, 3656 SSD reads (15.6 MB), read p50 157 us p99 588 us, blocked 11.635 ms total (submit 3.629 ms), cache 3656/1048576 rows, SSD kept awake by 6 reads (slowest 0.4 ms)
strata serve: expert tiers: GPU 39 hits this request; since the start RAM 85544 blobs, files 0 blobs 0.0 MB read
strata serve: prompt 67 tokens = 66 reused + 1 read in 0 ms (30303.0 tok/s), 1 generated in 25 ms (39.5 tok/s), drafts accepted 0 of 0, 1 checkpoints
strata serve: decode expert cache hit rate: 18.3% (72 hits / 393 lookups); 87 more read by the GPU over PCIe or from another GPU (18.1% of all 480 routed)
strata serve: resident RAM: 63.28 GiB of experts in RAM, 0 exchanged with the VRAM tier, 0 blob reads from the file
safetensors residency metrics: ram_bytes=67948118016 os_locked_bytes=0 cuda_pinned_bytes=67948118016 promotions=0 promoted_payload_bytes=0 expert_file_bytes=0 (cumulative; payload is not a physical PCIe counter)
safetensors ngram metrics: ple io: 4144 rows, 11.4% row-cache hits, 3672 SSD reads (15.7 MB), read p50 157 us p99 588 us, blocked 11.636 ms total (submit 3.649 ms), cache 3672/1048576 rows, SSD kept awake by 6 reads (slowest 0.4 ms)
strata serve: expert tiers: GPU 72 hits this request; since the start RAM 85952 blobs, files 0 blobs 0.0 MB read
strata serve: prompt 68 tokens = 67 reused + 1 read in 0 ms (28328.6 tok/s), 1 generated in 26 ms (38.6 tok/s), drafts accepted 0 of 0, 1 checkpoints
strata serve: decode expert cache hit rate: 11.8% (46 hits / 391 lookups); 89 more read by the GPU over PCIe or from another GPU (18.5% of all 480 routed)
strata serve: resident RAM: 63.28 GiB of experts in RAM, 0 exchanged with the VRAM tier, 0 blob reads from the file
safetensors residency metrics: ram_bytes=67948118016 os_locked_bytes=0 cuda_pinned_bytes=67948118016 promotions=0 promoted_payload_bytes=0 expert_file_bytes=0 (cumulative; payload is not a physical PCIe counter)
safetensors ngram metrics: ple io: 4160 rows, 11.3% row-cache hits, 3688 SSD reads (15.7 MB), read p50 157 us p99 588 us, blocked 11.637 ms total (submit 3.661 ms), cache 3688/1048576 rows, SSD kept awake by 6 reads (slowest 0.4 ms)
strata serve: expert tiers: GPU 46 hits this request; since the start RAM 86386 blobs, files 0 blobs 0.0 MB read
strata serve: prompt 69 tokens = 68 reused + 1 read in 0 ms (31446.5 tok/s), 1 generated in 26 ms (38.9 tok/s), drafts accepted 0 of 0, 1 checkpoints
strata serve: decode expert cache hit rate: 9.5% (37 hits / 388 lookups); 92 more read by the GPU over PCIe or from another GPU (19.2% of all 480 routed)
strata serve: resident RAM: 63.28 GiB of experts in RAM, 0 exchanged with the VRAM tier, 0 blob reads from the file
safetensors residency metrics: ram_bytes=67948118016 os_locked_bytes=0 cuda_pinned_bytes=67948118016 promotions=0 promoted_payload_bytes=0 expert_file_bytes=0 (cumulative; payload is not a physical PCIe counter)
safetensors ngram metrics: ple io: 4176 rows, 11.3% row-cache hits, 3704 SSD reads (15.8 MB), read p50 157 us p99 588 us, blocked 11.637 ms total (submit 3.677 ms), cache 3704/1048576 rows, SSD kept awake by 6 reads (slowest 0.4 ms)
strata serve: expert tiers: GPU 37 hits this request; since the start RAM 86829 blobs, files 0 blobs 0.0 MB read
strata serve: prompt 70 tokens = 69 reused + 1 read in 0 ms (30674.8 tok/s), 1 generated in 25 ms (39.9 tok/s), drafts accepted 0 of 0, 1 checkpoints
strata serve: decode expert cache hit rate: 19.9% (79 hits / 396 lookups); 84 more read by the GPU over PCIe or from another GPU (17.5% of all 480 routed)
strata serve: resident RAM: 63.28 GiB of experts in RAM, 0 exchanged with the VRAM tier, 0 blob reads from the file
safetensors residency metrics: ram_bytes=67948118016 os_locked_bytes=0 cuda_pinned_bytes=67948118016 promotions=0 promoted_payload_bytes=0 expert_file_bytes=0 (cumulative; payload is not a physical PCIe counter)
safetensors ngram metrics: ple io: 4192 rows, 11.3% row-cache hits, 3720 SSD reads (15.9 MB), read p50 157 us p99 588 us, blocked 11.637 ms total (submit 3.696 ms), cache 3720/1048576 rows, SSD kept awake by 6 reads (slowest 0.4 ms)
strata serve: expert tiers: GPU 79 hits this request; since the start RAM 87230 blobs, files 0 blobs 0.0 MB read
strata serve: prompt 71 tokens = 70 reused + 1 read in 0 ms (31645.6 tok/s), 1 generated in 25 ms (40.8 tok/s), drafts accepted 0 of 0, 1 checkpoints
strata serve: decode expert cache hit rate: 18.3% (72 hits / 393 lookups); 87 more read by the GPU over PCIe or from another GPU (18.1% of all 480 routed)
strata serve: resident RAM: 63.28 GiB of experts in RAM, 0 exchanged with the VRAM tier, 0 blob reads from the file
safetensors residency metrics: ram_bytes=67948118016 os_locked_bytes=0 cuda_pinned_bytes=67948118016 promotions=0 promoted_payload_bytes=0 expert_file_bytes=0 (cumulative; payload is not a physical PCIe counter)
safetensors ngram metrics: ple io: 4208 rows, 11.2% row-cache hits, 3736 SSD reads (15.9 MB), read p50 156 us p99 588 us, blocked 11.638 ms total (submit 3.710 ms), cache 3736/1048576 rows, SSD kept awake by 6 reads (slowest 0.4 ms)
strata serve: expert tiers: GPU 72 hits this request; since the start RAM 87638 blobs, files 0 blobs 0.0 MB read
strata serve: prompt 72 tokens = 71 reused + 1 read in 0 ms (29761.9 tok/s), 1 generated in 26 ms (38.9 tok/s), drafts accepted 0 of 0, 1 checkpoints
strata serve: decode expert cache hit rate: 15.3% (60 hits / 393 lookups); 87 more read by the GPU over PCIe or from another GPU (18.1% of all 480 routed)
strata serve: resident RAM: 63.28 GiB of experts in RAM, 0 exchanged with the VRAM tier, 0 blob reads from the file
safetensors residency metrics: ram_bytes=67948118016 os_locked_bytes=0 cuda_pinned_bytes=67948118016 promotions=0 promoted_payload_bytes=0 expert_file_bytes=0 (cumulative; payload is not a physical PCIe counter)
safetensors ngram metrics: ple io: 4224 rows, 11.2% row-cache hits, 3752 SSD reads (16.0 MB), read p50 156 us p99 586 us, blocked 11.638 ms total (submit 3.728 ms), cache 3752/1048576 rows, SSD kept awake by 6 reads (slowest 0.4 ms)
strata serve: expert tiers: GPU 60 hits this request; since the start RAM 88058 blobs, files 0 blobs 0.0 MB read
strata serve: prompt 73 tokens = 72 reused + 1 read in 0 ms (31055.9 tok/s), 1 generated in 26 ms (38.5 tok/s), drafts accepted 0 of 0, 1 checkpoints
strata serve: decode expert cache hit rate: 13.0% (51 hits / 391 lookups); 89 more read by the GPU over PCIe or from another GPU (18.5% of all 480 routed)
strata serve: resident RAM: 63.28 GiB of experts in RAM, 0 exchanged with the VRAM tier, 0 blob reads from the file
safetensors residency metrics: ram_bytes=67948118016 os_locked_bytes=0 cuda_pinned_bytes=67948118016 promotions=0 promoted_payload_bytes=0 expert_file_bytes=0 (cumulative; payload is not a physical PCIe counter)
safetensors ngram metrics: ple io: 4240 rows, 11.3% row-cache hits, 3760 SSD reads (16.0 MB), read p50 156 us p99 586 us, blocked 11.639 ms total (submit 3.742 ms), cache 3760/1048576 rows, SSD kept awake by 6 reads (slowest 0.4 ms)
strata serve: expert tiers: GPU 51 hits this request; since the start RAM 88487 blobs, files 0 blobs 0.0 MB read
strata serve: prompt 74 tokens = 73 reused + 1 read in 0 ms (25380.7 tok/s), 1 generated in 25 ms (39.4 tok/s), drafts accepted 0 of 0, 1 checkpoints
strata serve: decode expert cache hit rate: 21.4% (85 hits / 398 lookups); 82 more read by the GPU over PCIe or from another GPU (17.1% of all 480 routed)
strata serve: resident RAM: 63.28 GiB of experts in RAM, 0 exchanged with the VRAM tier, 0 blob reads from the file
safetensors residency metrics: ram_bytes=67948118016 os_locked_bytes=0 cuda_pinned_bytes=67948118016 promotions=0 promoted_payload_bytes=0 expert_file_bytes=0 (cumulative; payload is not a physical PCIe counter)
safetensors ngram metrics: ple io: 4256 rows, 11.3% row-cache hits, 3776 SSD reads (16.1 MB), read p50 156 us p99 586 us, blocked 11.639 ms total (submit 3.764 ms), cache 3776/1048576 rows, SSD kept awake by 6 reads (slowest 0.4 ms)
strata serve: expert tiers: GPU 85 hits this request; since the start RAM 88882 blobs, files 0 blobs 0.0 MB read
strata serve: prompt 75 tokens = 74 reused + 1 read in 0 ms (30581.0 tok/s), 1 generated in 29 ms (35.1 tok/s), drafts accepted 0 of 0, 1 checkpoints
strata serve: decode expert cache hit rate: 15.6% (61 hits / 391 lookups); 89 more read by the GPU over PCIe or from another GPU (18.5% of all 480 routed)
strata serve: resident RAM: 63.28 GiB of experts in RAM, 0 exchanged with the VRAM tier, 0 blob reads from the file
safetensors residency metrics: ram_bytes=67948118016 os_locked_bytes=0 cuda_pinned_bytes=67948118016 promotions=0 promoted_payload_bytes=0 expert_file_bytes=0 (cumulative; payload is not a physical PCIe counter)
safetensors ngram metrics: ple io: 4272 rows, 11.2% row-cache hits, 3792 SSD reads (16.2 MB), read p50 157 us p99 586 us, blocked 11.640 ms total (submit 3.779 ms), cache 3792/1048576 rows, SSD kept awake by 6 reads (slowest 0.4 ms)
strata serve: expert tiers: GPU 61 hits this request; since the start RAM 89301 blobs, files 0 blobs 0.0 MB read
strata serve: prompt 76 tokens = 75 reused + 1 read in 0 ms (29411.8 tok/s), 1 generated in 26 ms (38.4 tok/s), drafts accepted 0 of 0, 1 checkpoints
strata serve: decode expert cache hit rate: 14.5% (57 hits / 393 lookups); 87 more read by the GPU over PCIe or from another GPU (18.1% of all 480 routed)
strata serve: resident RAM: 63.28 GiB of experts in RAM, 0 exchanged with the VRAM tier, 0 blob reads from the file
safetensors residency metrics: ram_bytes=67948118016 os_locked_bytes=0 cuda_pinned_bytes=67948118016 promotions=0 promoted_payload_bytes=0 expert_file_bytes=0 (cumulative; payload is not a physical PCIe counter)
safetensors ngram metrics: ple io: 4288 rows, 11.2% row-cache hits, 3808 SSD reads (16.2 MB), read p50 156 us p99 586 us, blocked 11.640 ms total (submit 3.799 ms), cache 3808/1048576 rows, SSD kept awake by 6 reads (slowest 0.4 ms)
strata serve: expert tiers: GPU 57 hits this request; since the start RAM 89724 blobs, files 0 blobs 0.0 MB read
strata serve: prompt 77 tokens = 76 reused + 1 read in 0 ms (30674.8 tok/s), 1 generated in 26 ms (37.9 tok/s), drafts accepted 0 of 0, 1 checkpoints
strata serve: decode expert cache hit rate: 14.5% (57 hits / 393 lookups); 87 more read by the GPU over PCIe or from another GPU (18.1% of all 480 routed)
strata serve: resident RAM: 63.28 GiB of experts in RAM, 0 exchanged with the VRAM tier, 0 blob reads from the file
safetensors residency metrics: ram_bytes=67948118016 os_locked_bytes=0 cuda_pinned_bytes=67948118016 promotions=0 promoted_payload_bytes=0 expert_file_bytes=0 (cumulative; payload is not a physical PCIe counter)
safetensors ngram metrics: ple io: 4304 rows, 11.2% row-cache hits, 3824 SSD reads (16.3 MB), read p50 156 us p99 586 us, blocked 11.641 ms total (submit 3.814 ms), cache 3824/1048576 rows, SSD kept awake by 6 reads (slowest 0.4 ms)
strata serve: expert tiers: GPU 57 hits this request; since the start RAM 90147 blobs, files 0 blobs 0.0 MB read
strata serve: prompt 78 tokens = 77 reused + 1 read in 0 ms (27933.0 tok/s), 1 generated in 24 ms (41.1 tok/s), drafts accepted 0 of 0, 1 checkpoints
strata serve: decode expert cache hit rate: 19.0% (76 hits / 399 lookups); 81 more read by the GPU over PCIe or from another GPU (16.9% of all 480 routed)
strata serve: resident RAM: 63.28 GiB of experts in RAM, 0 exchanged with the VRAM tier, 0 blob reads from the file
safetensors residency metrics: ram_bytes=67948118016 os_locked_bytes=0 cuda_pinned_bytes=67948118016 promotions=0 promoted_payload_bytes=0 expert_file_bytes=0 (cumulative; payload is not a physical PCIe counter)
safetensors ngram metrics: ple io: 4320 rows, 11.3% row-cache hits, 3832 SSD reads (16.3 MB), read p50 156 us p99 586 us, blocked 11.641 ms total (submit 3.828 ms), cache 3832/1048576 rows, SSD kept awake by 6 reads (slowest 0.4 ms)
strata serve: expert tiers: GPU 76 hits this request; since the start RAM 90551 blobs, files 0 blobs 0.0 MB read
strata serve: prompt 79 tokens = 78 reused + 1 read in 0 ms (24752.5 tok/s), 1 generated in 24 ms (42.5 tok/s), drafts accepted 0 of 0, 1 checkpoints
strata serve: decode expert cache hit rate: 26.7% (107 hits / 401 lookups); 79 more read by the GPU over PCIe or from another GPU (16.5% of all 480 routed)
strata serve: resident RAM: 63.28 GiB of experts in RAM, 0 exchanged with the VRAM tier, 0 blob reads from the file
safetensors residency metrics: ram_bytes=67948118016 os_locked_bytes=0 cuda_pinned_bytes=67948118016 promotions=0 promoted_payload_bytes=0 expert_file_bytes=0 (cumulative; payload is not a physical PCIe counter)
safetensors ngram metrics: ple io: 4336 rows, 11.6% row-cache hits, 3832 SSD reads (16.3 MB), read p50 156 us p99 586 us, blocked 11.641 ms total (submit 3.828 ms), cache 3832/1048576 rows, SSD kept awake by 6 reads (slowest 0.4 ms)
strata serve: expert tiers: GPU 107 hits this request; since the start RAM 90924 blobs, files 0 blobs 0.0 MB read
strata serve: prompt 80 tokens = 79 reused + 1 read in 0 ms (30581.0 tok/s), 1 generated in 25 ms (40.0 tok/s), drafts accepted 0 of 0, 1 checkpoints
strata serve: decode expert cache hit rate: 20.2% (80 hits / 396 lookups); 84 more read by the GPU over PCIe or from another GPU (17.5% of all 480 routed)
strata serve: resident RAM: 63.28 GiB of experts in RAM, 0 exchanged with the VRAM tier, 0 blob reads from the file
safetensors residency metrics: ram_bytes=67948118016 os_locked_bytes=0 cuda_pinned_bytes=67948118016 promotions=0 promoted_payload_bytes=0 expert_file_bytes=0 (cumulative; payload is not a physical PCIe counter)
safetensors ngram metrics: ple io: 4352 rows, 11.9% row-cache hits, 3832 SSD reads (16.3 MB), read p50 156 us p99 586 us, blocked 11.642 ms total (submit 3.828 ms), cache 3832/1048576 rows, SSD kept awake by 7 reads (slowest 0.4 ms)
strata serve: expert tiers: GPU 80 hits this request; since the start RAM 91324 blobs, files 0 blobs 0.0 MB read
strata serve: prompt 81 tokens = 80 reused + 1 read in 0 ms (27173.9 tok/s), 1 generated in 23 ms (43.7 tok/s), drafts accepted 0 of 0, 1 checkpoints
strata serve: decode expert cache hit rate: 34.6% (143 hits / 413 lookups); 67 more read by the GPU over PCIe or from another GPU (14.0% of all 480 routed)
strata serve: resident RAM: 63.28 GiB of experts in RAM, 0 exchanged with the VRAM tier, 0 blob reads from the file
safetensors residency metrics: ram_bytes=67948118016 os_locked_bytes=0 cuda_pinned_bytes=67948118016 promotions=0 promoted_payload_bytes=0 expert_file_bytes=0 (cumulative; payload is not a physical PCIe counter)
safetensors ngram metrics: ple io: 4368 rows, 11.9% row-cache hits, 3848 SSD reads (16.4 MB), read p50 157 us p99 586 us, blocked 11.642 ms total (submit 3.849 ms), cache 3848/1048576 rows, SSD kept awake by 7 reads (slowest 0.4 ms)
strata serve: expert tiers: GPU 143 hits this request; since the start RAM 91661 blobs, files 0 blobs 0.0 MB read
strata serve: prompt 82 tokens = 81 reused + 1 read in 0 ms (27472.5 tok/s), 1 generated in 26 ms (38.7 tok/s), drafts accepted 0 of 0, 1 checkpoints
strata serve: decode expert cache hit rate: 16.0% (63 hits / 394 lookups); 86 more read by the GPU over PCIe or from another GPU (17.9% of all 480 routed)
strata serve: resident RAM: 63.28 GiB of experts in RAM, 0 exchanged with the VRAM tier, 0 blob reads from the file
safetensors residency metrics: ram_bytes=67948118016 os_locked_bytes=0 cuda_pinned_bytes=67948118016 promotions=0 promoted_payload_bytes=0 expert_file_bytes=0 (cumulative; payload is not a physical PCIe counter)
safetensors ngram metrics: ple io: 4384 rows, 12.0% row-cache hits, 3856 SSD reads (16.4 MB), read p50 156 us p99 572 us, blocked 11.643 ms total (submit 3.863 ms), cache 3856/1048576 rows, SSD kept awake by 7 reads (slowest 0.4 ms)
strata serve: expert tiers: GPU 63 hits this request; since the start RAM 92078 blobs, files 0 blobs 0.0 MB read
strata serve: prompt 83 tokens = 82 reused + 1 read in 0 ms (29850.7 tok/s), 1 generated in 24 ms (41.0 tok/s), drafts accepted 0 of 0, 1 checkpoints
strata serve: decode expert cache hit rate: 19.0% (75 hits / 394 lookups); 86 more read by the GPU over PCIe or from another GPU (17.9% of all 480 routed)
strata serve: resident RAM: 63.28 GiB of experts in RAM, 0 exchanged with the VRAM tier, 0 blob reads from the file
safetensors residency metrics: ram_bytes=67948118016 os_locked_bytes=0 cuda_pinned_bytes=67948118016 promotions=0 promoted_payload_bytes=0 expert_file_bytes=0 (cumulative; payload is not a physical PCIe counter)
safetensors ngram metrics: ple io: 4400 rows, 12.0% row-cache hits, 3872 SSD reads (16.5 MB), read p50 156 us p99 572 us, blocked 11.643 ms total (submit 3.878 ms), cache 3872/1048576 rows, SSD kept awake by 7 reads (slowest 0.4 ms)
strata serve: expert tiers: GPU 75 hits this request; since the start RAM 92483 blobs, files 0 blobs 0.0 MB read
strata serve: prompt 84 tokens = 83 reused + 1 read in 0 ms (29850.7 tok/s), 1 generated in 24 ms (41.9 tok/s), drafts accepted 0 of 0, 1 checkpoints
strata serve: decode expert cache hit rate: 35.8% (147 hits / 411 lookups); 69 more read by the GPU over PCIe or from another GPU (14.4% of all 480 routed)
strata serve: resident RAM: 63.28 GiB of experts in RAM, 0 exchanged with the VRAM tier, 0 blob reads from the file
safetensors residency metrics: ram_bytes=67948118016 os_locked_bytes=0 cuda_pinned_bytes=67948118016 promotions=0 promoted_payload_bytes=0 expert_file_bytes=0 (cumulative; payload is not a physical PCIe counter)
safetensors ngram metrics: ple io: 4416 rows, 12.0% row-cache hits, 3888 SSD reads (16.6 MB), read p50 157 us p99 586 us, blocked 11.644 ms total (submit 3.898 ms), cache 3888/1048576 rows, SSD kept awake by 7 reads (slowest 0.4 ms)
strata serve: expert tiers: GPU 147 hits this request; since the start RAM 92816 blobs, files 0 blobs 0.0 MB read
strata serve: prompt 85 tokens = 84 reused + 1 read in 0 ms (32051.3 tok/s), 1 generated in 26 ms (39.0 tok/s), drafts accepted 0 of 0, 1 checkpoints
strata serve: decode expert cache hit rate: 16.3% (64 hits / 392 lookups); 88 more read by the GPU over PCIe or from another GPU (18.3% of all 480 routed)
strata serve: resident RAM: 63.28 GiB of experts in RAM, 0 exchanged with the VRAM tier, 0 blob reads from the file
safetensors residency metrics: ram_bytes=67948118016 os_locked_bytes=0 cuda_pinned_bytes=67948118016 promotions=0 promoted_payload_bytes=0 expert_file_bytes=0 (cumulative; payload is not a physical PCIe counter)
safetensors ngram metrics: ple io: 4432 rows, 12.1% row-cache hits, 3896 SSD reads (16.6 MB), read p50 157 us p99 586 us, blocked 11.644 ms total (submit 3.911 ms), cache 3896/1048576 rows, SSD kept awake by 7 reads (slowest 0.4 ms)
strata serve: expert tiers: GPU 64 hits this request; since the start RAM 93232 blobs, files 0 blobs 0.0 MB read
strata serve: prompt 86 tokens = 85 reused + 1 read in 0 ms (26666.7 tok/s), 1 generated in 23 ms (43.6 tok/s), drafts accepted 0 of 0, 1 checkpoints
strata serve: decode expert cache hit rate: 33.5% (138 hits / 412 lookups); 68 more read by the GPU over PCIe or from another GPU (14.2% of all 480 routed)
strata serve: resident RAM: 63.28 GiB of experts in RAM, 0 exchanged with the VRAM tier, 0 blob reads from the file
safetensors residency metrics: ram_bytes=67948118016 os_locked_bytes=0 cuda_pinned_bytes=67948118016 promotions=0 promoted_payload_bytes=0 expert_file_bytes=0 (cumulative; payload is not a physical PCIe counter)
safetensors ngram metrics: ple io: 4448 rows, 12.4% row-cache hits, 3896 SSD reads (16.6 MB), read p50 157 us p99 586 us, blocked 11.644 ms total (submit 3.911 ms), cache 3896/1048576 rows, SSD kept awake by 7 reads (slowest 0.4 ms)
strata serve: expert tiers: GPU 138 hits this request; since the start RAM 93574 blobs, files 0 blobs 0.0 MB read
strata serve: prompt 87 tokens = 86 reused + 1 read in 0 ms (30211.5 tok/s), 1 generated in 26 ms (38.8 tok/s), drafts accepted 0 of 0, 1 checkpoints
strata serve: decode expert cache hit rate: 16.2% (64 hits / 394 lookups); 86 more read by the GPU over PCIe or from another GPU (17.9% of all 480 routed)
strata serve: resident RAM: 63.28 GiB of experts in RAM, 0 exchanged with the VRAM tier, 0 blob reads from the file
safetensors residency metrics: ram_bytes=67948118016 os_locked_bytes=0 cuda_pinned_bytes=67948118016 promotions=0 promoted_payload_bytes=0 expert_file_bytes=0 (cumulative; payload is not a physical PCIe counter)
safetensors ngram metrics: ple io: 4464 rows, 12.4% row-cache hits, 3912 SSD reads (16.7 MB), read p50 157 us p99 586 us, blocked 11.644 ms total (submit 3.926 ms), cache 3912/1048576 rows, SSD kept awake by 7 reads (slowest 0.4 ms)
strata serve: expert tiers: GPU 64 hits this request; since the start RAM 93990 blobs, files 0 blobs 0.0 MB read
strata serve: prompt 88 tokens = 87 reused + 1 read in 0 ms (30211.5 tok/s), 1 generated in 25 ms (40.1 tok/s), drafts accepted 0 of 0, 1 checkpoints
strata serve: decode expert cache hit rate: 19.8% (79 hits / 399 lookups); 81 more read by the GPU over PCIe or from another GPU (16.9% of all 480 routed)
strata serve: resident RAM: 63.28 GiB of experts in RAM, 0 exchanged with the VRAM tier, 0 blob reads from the file
safetensors residency metrics: ram_bytes=67948118016 os_locked_bytes=0 cuda_pinned_bytes=67948118016 promotions=0 promoted_payload_bytes=0 expert_file_bytes=0 (cumulative; payload is not a physical PCIe counter)
safetensors ngram metrics: ple io: 4480 rows, 12.5% row-cache hits, 3920 SSD reads (16.7 MB), read p50 157 us p99 586 us, blocked 11.645 ms total (submit 3.941 ms), cache 3920/1048576 rows, SSD kept awake by 7 reads (slowest 0.4 ms)
strata serve: expert tiers: GPU 79 hits this request; since the start RAM 94391 blobs, files 0 blobs 0.0 MB read
strata serve: prompt 89 tokens = 88 reused + 1 read in 0 ms (30581.0 tok/s), 1 generated in 25 ms (39.6 tok/s), drafts accepted 0 of 0, 1 checkpoints
strata serve: decode expert cache hit rate: 11.6% (45 hits / 388 lookups); 92 more read by the GPU over PCIe or from another GPU (19.2% of all 480 routed)
strata serve: resident RAM: 63.28 GiB of experts in RAM, 0 exchanged with the VRAM tier, 0 blob reads from the file
safetensors residency metrics: ram_bytes=67948118016 os_locked_bytes=0 cuda_pinned_bytes=67948118016 promotions=0 promoted_payload_bytes=0 expert_file_bytes=0 (cumulative; payload is not a physical PCIe counter)
safetensors ngram metrics: ple io: 4496 rows, 12.6% row-cache hits, 3928 SSD reads (16.7 MB), read p50 157 us p99 586 us, blocked 11.645 ms total (submit 3.951 ms), cache 3928/1048576 rows, SSD kept awake by 7 reads (slowest 0.4 ms)
strata serve: expert tiers: GPU 45 hits this request; since the start RAM 94826 blobs, files 0 blobs 0.0 MB read
strata serve: prompt 90 tokens = 89 reused + 1 read in 0 ms (28901.7 tok/s), 1 generated in 27 ms (37.5 tok/s), drafts accepted 0 of 0, 1 checkpoints
strata serve: decode expert cache hit rate: 13.4% (52 hits / 388 lookups); 92 more read by the GPU over PCIe or from another GPU (19.2% of all 480 routed)
strata serve: resident RAM: 63.28 GiB of experts in RAM, 0 exchanged with the VRAM tier, 0 blob reads from the file
safetensors residency metrics: ram_bytes=67948118016 os_locked_bytes=0 cuda_pinned_bytes=67948118016 promotions=0 promoted_payload_bytes=0 expert_file_bytes=0 (cumulative; payload is not a physical PCIe counter)
safetensors ngram metrics: ple io: 4512 rows, 12.6% row-cache hits, 3944 SSD reads (16.8 MB), read p50 157 us p99 586 us, blocked 11.646 ms total (submit 3.963 ms), cache 3944/1048576 rows, SSD kept awake by 7 reads (slowest 0.4 ms)
strata serve: expert tiers: GPU 52 hits this request; since the start RAM 95254 blobs, files 0 blobs 0.0 MB read
strata serve: prompt 91 tokens = 90 reused + 1 read in 0 ms (31152.6 tok/s), 1 generated in 26 ms (38.7 tok/s), drafts accepted 0 of 0, 1 checkpoints
strata serve: decode expert cache hit rate: 10.3% (40 hits / 388 lookups); 92 more read by the GPU over PCIe or from another GPU (19.2% of all 480 routed)
strata serve: resident RAM: 63.28 GiB of experts in RAM, 0 exchanged with the VRAM tier, 0 blob reads from the file
safetensors residency metrics: ram_bytes=67948118016 os_locked_bytes=0 cuda_pinned_bytes=67948118016 promotions=0 promoted_payload_bytes=0 expert_file_bytes=0 (cumulative; payload is not a physical PCIe counter)
safetensors ngram metrics: ple io: 4528 rows, 12.7% row-cache hits, 3952 SSD reads (16.8 MB), read p50 157 us p99 572 us, blocked 11.646 ms total (submit 3.976 ms), cache 3952/1048576 rows, SSD kept awake by 7 reads (slowest 0.4 ms)
strata serve: expert tiers: GPU 40 hits this request; since the start RAM 95694 blobs, files 0 blobs 0.0 MB read
strata serve: prompt 92 tokens = 91 reused + 1 read in 0 ms (26246.7 tok/s), 1 generated in 25 ms (39.4 tok/s), drafts accepted 0 of 0, 1 checkpoints
strata serve: decode expert cache hit rate: 10.6% (41 hits / 387 lookups); 93 more read by the GPU over PCIe or from another GPU (19.4% of all 480 routed)
strata serve: resident RAM: 63.28 GiB of experts in RAM, 0 exchanged with the VRAM tier, 0 blob reads from the file
safetensors residency metrics: ram_bytes=67948118016 os_locked_bytes=0 cuda_pinned_bytes=67948118016 promotions=0 promoted_payload_bytes=0 expert_file_bytes=0 (cumulative; payload is not a physical PCIe counter)
safetensors ngram metrics: ple io: 4544 rows, 12.7% row-cache hits, 3968 SSD reads (16.9 MB), read p50 157 us p99 572 us, blocked 11.647 ms total (submit 3.989 ms), cache 3968/1048576 rows, SSD kept awake by 7 reads (slowest 0.4 ms)
strata serve: expert tiers: GPU 41 hits this request; since the start RAM 96133 blobs, files 0 blobs 0.0 MB read
strata serve: prompt 93 tokens = 92 reused + 1 read in 0 ms (29069.8 tok/s), 1 generated in 26 ms (38.6 tok/s), drafts accepted 0 of 0, 1 checkpoints
strata serve: decode expert cache hit rate: 13.1% (51 hits / 389 lookups); 91 more read by the GPU over PCIe or from another GPU (19.0% of all 480 routed)
strata serve: resident RAM: 63.28 GiB of experts in RAM, 0 exchanged with the VRAM tier, 0 blob reads from the file
safetensors residency metrics: ram_bytes=67948118016 os_locked_bytes=0 cuda_pinned_bytes=67948118016 promotions=0 promoted_payload_bytes=0 expert_file_bytes=0 (cumulative; payload is not a physical PCIe counter)
safetensors ngram metrics: ple io: 4560 rows, 12.6% row-cache hits, 3984 SSD reads (17.0 MB), read p50 157 us p99 572 us, blocked 11.647 ms total (submit 4.004 ms), cache 3984/1048576 rows, SSD kept awake by 7 reads (slowest 0.4 ms)
strata serve: expert tiers: GPU 51 hits this request; since the start RAM 96562 blobs, files 0 blobs 0.0 MB read
strata serve: prompt 94 tokens = 93 reused + 1 read in 0 ms (29498.5 tok/s), 1 generated in 25 ms (39.9 tok/s), drafts accepted 0 of 0, 1 checkpoints
strata serve: decode expert cache hit rate: 13.6% (53 hits / 389 lookups); 91 more read by the GPU over PCIe or from another GPU (19.0% of all 480 routed)
strata serve: resident RAM: 63.28 GiB of experts in RAM, 0 exchanged with the VRAM tier, 0 blob reads from the file
safetensors residency metrics: ram_bytes=67948118016 os_locked_bytes=0 cuda_pinned_bytes=67948118016 promotions=0 promoted_payload_bytes=0 expert_file_bytes=0 (cumulative; payload is not a physical PCIe counter)
safetensors ngram metrics: ple io: 4576 rows, 12.6% row-cache hits, 4000 SSD reads (17.1 MB), read p50 157 us p99 572 us, blocked 11.647 ms total (submit 4.017 ms), cache 4000/1048576 rows, SSD kept awake by 7 reads (slowest 0.4 ms)
strata serve: expert tiers: GPU 53 hits this request; since the start RAM 96989 blobs, files 0 blobs 0.0 MB read
strata serve: prompt 95 tokens = 94 reused + 1 read in 0 ms (28985.5 tok/s), 1 generated in 27 ms (37.6 tok/s), drafts accepted 0 of 0, 1 checkpoints
strata serve: decode expert cache hit rate: 10.1% (39 hits / 386 lookups); 94 more read by the GPU over PCIe or from another GPU (19.6% of all 480 routed)
strata serve: resident RAM: 63.28 GiB of experts in RAM, 0 exchanged with the VRAM tier, 0 blob reads from the file
safetensors residency metrics: ram_bytes=67948118016 os_locked_bytes=0 cuda_pinned_bytes=67948118016 promotions=0 promoted_payload_bytes=0 expert_file_bytes=0 (cumulative; payload is not a physical PCIe counter)
safetensors ngram metrics: ple io: 4592 rows, 12.5% row-cache hits, 4016 SSD reads (17.1 MB), read p50 157 us p99 572 us, blocked 11.648 ms total (submit 4.044 ms), cache 4016/1048576 rows, SSD kept awake by 7 reads (slowest 0.4 ms)
strata serve: expert tiers: GPU 39 hits this request; since the start RAM 97430 blobs, files 0 blobs 0.0 MB read
strata serve: prompt 96 tokens = 95 reused + 1 read in 0 ms (26595.7 tok/s), 1 generated in 28 ms (35.6 tok/s), drafts accepted 0 of 0, 1 checkpoints
strata serve: decode expert cache hit rate: 12.8% (50 hits / 392 lookups); 88 more read by the GPU over PCIe or from another GPU (18.3% of all 480 routed)
strata serve: resident RAM: 63.28 GiB of experts in RAM, 0 exchanged with the VRAM tier, 0 blob reads from the file
safetensors residency metrics: ram_bytes=67948118016 os_locked_bytes=0 cuda_pinned_bytes=67948118016 promotions=0 promoted_payload_bytes=0 expert_file_bytes=0 (cumulative; payload is not a physical PCIe counter)
safetensors ngram metrics: ple io: 4608 rows, 12.7% row-cache hits, 4024 SSD reads (17.2 MB), read p50 157 us p99 572 us, blocked 11.648 ms total (submit 4.055 ms), cache 4024/1048576 rows, SSD kept awake by 7 reads (slowest 0.4 ms)
strata serve: expert tiers: GPU 50 hits this request; since the start RAM 97860 blobs, files 0 blobs 0.0 MB read
strata serve: prompt 97 tokens = 96 reused + 1 read in 0 ms (29761.9 tok/s), 1 generated in 24 ms (41.3 tok/s), drafts accepted 0 of 0, 1 checkpoints
strata serve: decode expert cache hit rate: 20.6% (82 hits / 398 lookups); 82 more read by the GPU over PCIe or from another GPU (17.1% of all 480 routed)
strata serve: resident RAM: 63.28 GiB of experts in RAM, 0 exchanged with the VRAM tier, 0 blob reads from the file
safetensors residency metrics: ram_bytes=67948118016 os_locked_bytes=0 cuda_pinned_bytes=67948118016 promotions=0 promoted_payload_bytes=0 expert_file_bytes=0 (cumulative; payload is not a physical PCIe counter)
safetensors ngram metrics: ple io: 4624 rows, 12.6% row-cache hits, 4040 SSD reads (17.2 MB), read p50 157 us p99 572 us, blocked 11.649 ms total (submit 4.070 ms), cache 4040/1048576 rows, SSD kept awake by 7 reads (slowest 0.4 ms)
strata serve: expert tiers: GPU 82 hits this request; since the start RAM 98258 blobs, files 0 blobs 0.0 MB read
strata serve: prompt 98 tokens = 97 reused + 1 read in 0 ms (25773.2 tok/s), 1 generated in 26 ms (39.1 tok/s), drafts accepted 0 of 0, 1 checkpoints
strata serve: decode expert cache hit rate: 18.2% (72 hits / 395 lookups); 85 more read by the GPU over PCIe or from another GPU (17.7% of all 480 routed)
strata serve: resident RAM: 63.28 GiB of experts in RAM, 0 exchanged with the VRAM tier, 0 blob reads from the file
safetensors residency metrics: ram_bytes=67948118016 os_locked_bytes=0 cuda_pinned_bytes=67948118016 promotions=0 promoted_payload_bytes=0 expert_file_bytes=0 (cumulative; payload is not a physical PCIe counter)
safetensors ngram metrics: ple io: 4640 rows, 12.8% row-cache hits, 4048 SSD reads (17.3 MB), read p50 157 us p99 572 us, blocked 11.649 ms total (submit 4.081 ms), cache 4048/1048576 rows, SSD kept awake by 7 reads (slowest 0.4 ms)
strata serve: expert tiers: GPU 72 hits this request; since the start RAM 98666 blobs, files 0 blobs 0.0 MB read
strata serve: prompt 99 tokens = 98 reused + 1 read in 0 ms (31250.0 tok/s), 1 generated in 25 ms (40.0 tok/s), drafts accepted 0 of 0, 1 checkpoints
strata serve: decode expert cache hit rate: 22.4% (89 hits / 398 lookups); 82 more read by the GPU over PCIe or from another GPU (17.1% of all 480 routed)
strata serve: resident RAM: 63.28 GiB of experts in RAM, 0 exchanged with the VRAM tier, 0 blob reads from the file
safetensors residency metrics: ram_bytes=67948118016 os_locked_bytes=0 cuda_pinned_bytes=67948118016 promotions=0 promoted_payload_bytes=0 expert_file_bytes=0 (cumulative; payload is not a physical PCIe counter)
safetensors ngram metrics: ple io: 4656 rows, 13.1% row-cache hits, 4048 SSD reads (17.3 MB), read p50 157 us p99 572 us, blocked 11.650 ms total (submit 4.081 ms), cache 4048/1048576 rows, SSD kept awake by 7 reads (slowest 0.4 ms)
strata serve: expert tiers: GPU 89 hits this request; since the start RAM 99057 blobs, files 0 blobs 0.0 MB read
strata serve: prompt 100 tokens = 99 reused + 1 read in 0 ms (31746.0 tok/s), 1 generated in 26 ms (38.7 tok/s), drafts accepted 0 of 0, 1 checkpoints
strata serve: decode expert cache hit rate: 15.1% (59 hits / 392 lookups); 88 more read by the GPU over PCIe or from another GPU (18.3% of all 480 routed)
strata serve: resident RAM: 63.28 GiB of experts in RAM, 0 exchanged with the VRAM tier, 0 blob reads from the file
safetensors residency metrics: ram_bytes=67948118016 os_locked_bytes=0 cuda_pinned_bytes=67948118016 promotions=0 promoted_payload_bytes=0 expert_file_bytes=0 (cumulative; payload is not a physical PCIe counter)
safetensors ngram metrics: ple io: 4672 rows, 13.0% row-cache hits, 4064 SSD reads (17.3 MB), read p50 157 us p99 566 us, blocked 11.650 ms total (submit 4.107 ms), cache 4064/1048576 rows, SSD kept awake by 7 reads (slowest 0.4 ms)
strata serve: expert tiers: GPU 59 hits this request; since the start RAM 99478 blobs, files 0 blobs 0.0 MB read
strata serve: prompt 101 tokens = 100 reused + 1 read in 0 ms (26954.2 tok/s), 1 generated in 24 ms (41.0 tok/s), drafts accepted 0 of 0, 1 checkpoints
strata serve: decode expert cache hit rate: 16.7% (66 hits / 396 lookups); 84 more read by the GPU over PCIe or from another GPU (17.5% of all 480 routed)
strata serve: resident RAM: 63.28 GiB of experts in RAM, 0 exchanged with the VRAM tier, 0 blob reads from the file
safetensors residency metrics: ram_bytes=67948118016 os_locked_bytes=0 cuda_pinned_bytes=67948118016 promotions=0 promoted_payload_bytes=0 expert_file_bytes=0 (cumulative; payload is not a physical PCIe counter)
safetensors ngram metrics: ple io: 4688 rows, 13.0% row-cache hits, 4080 SSD reads (17.4 MB), read p50 157 us p99 566 us, blocked 11.650 ms total (submit 4.121 ms), cache 4080/1048576 rows, SSD kept awake by 7 reads (slowest 0.4 ms)
strata serve: expert tiers: GPU 66 hits this request; since the start RAM 99892 blobs, files 0 blobs 0.0 MB read
strata serve: prompt 102 tokens = 101 reused + 1 read in 0 ms (30864.2 tok/s), 1 generated in 25 ms (40.0 tok/s), drafts accepted 0 of 0, 1 checkpoints
strata serve: decode expert cache hit rate: 17.0% (67 hits / 394 lookups); 86 more read by the GPU over PCIe or from another GPU (17.9% of all 480 routed)
strata serve: resident RAM: 63.28 GiB of experts in RAM, 0 exchanged with the VRAM tier, 0 blob reads from the file
safetensors residency metrics: ram_bytes=67948118016 os_locked_bytes=0 cuda_pinned_bytes=67948118016 promotions=0 promoted_payload_bytes=0 expert_file_bytes=0 (cumulative; payload is not a physical PCIe counter)
safetensors ngram metrics: ple io: 4704 rows, 12.9% row-cache hits, 4096 SSD reads (17.5 MB), read p50 157 us p99 566 us, blocked 11.651 ms total (submit 4.139 ms), cache 4096/1048576 rows, SSD kept awake by 7 reads (slowest 0.4 ms)
strata serve: expert tiers: GPU 67 hits this request; since the start RAM 100305 blobs, files 0 blobs 0.0 MB read
strata serve: prompt 103 tokens = 102 reused + 1 read in 0 ms (28328.6 tok/s), 1 generated in 23 ms (42.6 tok/s), drafts accepted 0 of 0, 1 checkpoints
strata serve: decode expert cache hit rate: 24.7% (100 hits / 405 lookups); 75 more read by the GPU over PCIe or from another GPU (15.6% of all 480 routed)
strata serve: resident RAM: 63.28 GiB of experts in RAM, 0 exchanged with the VRAM tier, 0 blob reads from the file
safetensors residency metrics: ram_bytes=67948118016 os_locked_bytes=0 cuda_pinned_bytes=67948118016 promotions=0 promoted_payload_bytes=0 expert_file_bytes=0 (cumulative; payload is not a physical PCIe counter)
safetensors ngram metrics: ple io: 4720 rows, 12.9% row-cache hits, 4112 SSD reads (17.5 MB), read p50 157 us p99 566 us, blocked 11.651 ms total (submit 4.153 ms), cache 4112/1048576 rows, SSD kept awake by 7 reads (slowest 0.4 ms)
strata serve: expert tiers: GPU 100 hits this request; since the start RAM 100685 blobs, files 0 blobs 0.0 MB read
strata serve: prompt 104 tokens = 103 reused + 1 read in 0 ms (29940.1 tok/s), 1 generated in 26 ms (39.1 tok/s), drafts accepted 0 of 0, 1 checkpoints
strata serve: decode expert cache hit rate: 19.1% (76 hits / 397 lookups); 83 more read by the GPU over PCIe or from another GPU (17.3% of all 480 routed)
strata serve: resident RAM: 63.28 GiB of experts in RAM, 0 exchanged with the VRAM tier, 0 blob reads from the file
safetensors residency metrics: ram_bytes=67948118016 os_locked_bytes=0 cuda_pinned_bytes=67948118016 promotions=0 promoted_payload_bytes=0 expert_file_bytes=0 (cumulative; payload is not a physical PCIe counter)
safetensors ngram metrics: ple io: 4736 rows, 12.8% row-cache hits, 4128 SSD reads (17.6 MB), read p50 157 us p99 566 us, blocked 11.652 ms total (submit 4.168 ms), cache 4128/1048576 rows, SSD kept awake by 7 reads (slowest 0.4 ms)
strata serve: expert tiers: GPU 76 hits this request; since the start RAM 101089 blobs, files 0 blobs 0.0 MB read
strata serve: prompt 105 tokens = 104 reused + 1 read in 0 ms (29325.5 tok/s), 1 generated in 24 ms (40.9 tok/s), drafts accepted 0 of 0, 1 checkpoints
strata serve: decode expert cache hit rate: 19.2% (76 hits / 395 lookups); 85 more read by the GPU over PCIe or from another GPU (17.7% of all 480 routed)
strata serve: resident RAM: 63.28 GiB of experts in RAM, 0 exchanged with the VRAM tier, 0 blob reads from the file
safetensors residency metrics: ram_bytes=67948118016 os_locked_bytes=0 cuda_pinned_bytes=67948118016 promotions=0 promoted_payload_bytes=0 expert_file_bytes=0 (cumulative; payload is not a physical PCIe counter)
safetensors ngram metrics: ple io: 4752 rows, 12.8% row-cache hits, 4144 SSD reads (17.7 MB), read p50 157 us p99 566 us, blocked 11.652 ms total (submit 4.201 ms), cache 4144/1048576 rows, SSD kept awake by 7 reads (slowest 0.4 ms)
strata serve: expert tiers: GPU 76 hits this request; since the start RAM 101493 blobs, files 0 blobs 0.0 MB read
strata serve: prompt 106 tokens = 105 reused + 1 read in 0 ms (30864.2 tok/s), 1 generated in 26 ms (38.4 tok/s), drafts accepted 0 of 0, 1 checkpoints
strata serve: decode expert cache hit rate: 18.6% (73 hits / 393 lookups); 87 more read by the GPU over PCIe or from another GPU (18.1% of all 480 routed)
strata serve: resident RAM: 63.28 GiB of experts in RAM, 0 exchanged with the VRAM tier, 0 blob reads from the file
safetensors residency metrics: ram_bytes=67948118016 os_locked_bytes=0 cuda_pinned_bytes=67948118016 promotions=0 promoted_payload_bytes=0 expert_file_bytes=0 (cumulative; payload is not a physical PCIe counter)
safetensors ngram metrics: ple io: 4768 rows, 12.8% row-cache hits, 4160 SSD reads (17.7 MB), read p50 157 us p99 564 us, blocked 11.653 ms total (submit 4.216 ms), cache 4160/1048576 rows, SSD kept awake by 7 reads (slowest 0.4 ms)
strata serve: expert tiers: GPU 73 hits this request; since the start RAM 101900 blobs, files 0 blobs 0.0 MB read
strata serve: prompt 107 tokens = 106 reused + 1 read in 0 ms (29761.9 tok/s), 1 generated in 25 ms (40.0 tok/s), drafts accepted 0 of 0, 1 checkpoints
strata serve: decode expert cache hit rate: 23.4% (94 hits / 402 lookups); 78 more read by the GPU over PCIe or from another GPU (16.2% of all 480 routed)
strata serve: resident RAM: 63.28 GiB of experts in RAM, 0 exchanged with the VRAM tier, 0 blob reads from the file
safetensors residency metrics: ram_bytes=67948118016 os_locked_bytes=0 cuda_pinned_bytes=67948118016 promotions=0 promoted_payload_bytes=0 expert_file_bytes=0 (cumulative; payload is not a physical PCIe counter)
safetensors ngram metrics: ple io: 4784 rows, 12.7% row-cache hits, 4176 SSD reads (17.8 MB), read p50 157 us p99 564 us, blocked 11.653 ms total (submit 4.233 ms), cache 4176/1048576 rows, SSD kept awake by 7 reads (slowest 0.4 ms)
strata serve: expert tiers: GPU 94 hits this request; since the start RAM 102286 blobs, files 0 blobs 0.0 MB read
strata serve: prompt 108 tokens = 107 reused + 1 read in 0 ms (27397.3 tok/s), 1 generated in 23 ms (43.0 tok/s), drafts accepted 0 of 0, 1 checkpoints
strata serve: decode expert cache hit rate: 26.7% (107 hits / 401 lookups); 79 more read by the GPU over PCIe or from another GPU (16.5% of all 480 routed)
strata serve: resident RAM: 63.28 GiB of experts in RAM, 0 exchanged with the VRAM tier, 0 blob reads from the file
safetensors residency metrics: ram_bytes=67948118016 os_locked_bytes=0 cuda_pinned_bytes=67948118016 promotions=0 promoted_payload_bytes=0 expert_file_bytes=0 (cumulative; payload is not a physical PCIe counter)
safetensors ngram metrics: ple io: 4800 rows, 12.8% row-cache hits, 4184 SSD reads (17.9 MB), read p50 157 us p99 564 us, blocked 11.654 ms total (submit 4.251 ms), cache 4184/1048576 rows, SSD kept awake by 7 reads (slowest 0.4 ms)
strata serve: expert tiers: GPU 107 hits this request; since the start RAM 102659 blobs, files 0 blobs 0.0 MB read
safetensors: post-residency expert source bytes=0
safetensors: post-residency MTP source bytes=0
