[strata] 2026-10-10 22:39:45 engine started: G:\Strata\Strata-Safetensors\build-native-engine\strata-efficiency17.exe --serve --model D:\迅雷下载\Qwen3.8-flash-next-nvfp4 --max-context 262144 --prefill 4096 --expert-cache auto --vram-reserve-mib 1024 --spec 3 --suffix-draft 0 --pcie-frac 0.25 --pcie-mode kernel --kv int8 --no-prefill-borrow --adapt-every 4 --adapt-swaps 96 --conversation-cache-mib 4096 --conversation-cache-slots 4 --prompt-cache 6 --stats --check-logits --expert-profile G:\Strata\Strata-Safetensors\data\expert-profile.bin --mtp native --mtp-max-t 1 --spec-min-p 0 --pool-tasks 40 --vision --spec-min-drafts 2
strata generate: native pack:  experts (largest blob 2.76 MB), token embedding BF16 in mapped host memory (1212 MiB, 1.7 s)
strata generate: 7016 MiB of weights loaded from  in 9.9 s (1 canonical tensors skipped: served natively)
strata generate: GPU 0: NVIDIA GeForce RTX 5090, compute capability 12.0
strata generate: the SSD is kept awake while rows are read: one page of the table after 100 ms without a read, until 60 s after the last request (STRATA_SSD_KEEPALIVE=0 turns it off)
strata generate: profile G:\Strata\Strata-Safetensors\data\expert-profile.bin: 24576 ranked pairs, built for 24576 slots
safetensors MTP: 29 dense tensors, 512 original FP8 experts; 2573.1 MiB, no requantization
strata mtp: original safetensors draft, 2620 MiB total VRAM, startup 2.10 s
strata generate: native BF16 head, 1271398400 bytes, in 1.4 s
safetensors: allocating 63.282 GiB expert RAM (CUDA pinned); startup batch=64 workers=4
safetensors: expert RAM allocated and locked in 5.34 s
safetensors: resident experts 1/48 layers (elapsed 5.85 s, read 0.41 s, pack 0.07 s)
safetensors: resident experts 2/48 layers (elapsed 6.33 s, read 0.81 s, pack 0.14 s)
safetensors: resident experts 3/48 layers (elapsed 6.80 s, read 1.22 s, pack 0.20 s)
safetensors: resident experts 4/48 layers (elapsed 7.28 s, read 1.63 s, pack 0.27 s)
safetensors: resident experts 5/48 layers (elapsed 7.72 s, read 2.00 s, pack 0.33 s)
safetensors: resident experts 6/48 layers (elapsed 8.21 s, read 2.43 s, pack 0.40 s)
safetensors: resident experts 7/48 layers (elapsed 8.69 s, read 2.84 s, pack 0.46 s)
safetensors: resident experts 8/48 layers (elapsed 9.16 s, read 3.26 s, pack 0.52 s)
safetensors: resident experts 9/48 layers (elapsed 9.58 s, read 3.61 s, pack 0.59 s)
safetensors: resident experts 10/48 layers (elapsed 10.06 s, read 4.02 s, pack 0.65 s)
safetensors: resident experts 11/48 layers (elapsed 10.59 s, read 4.49 s, pack 0.72 s)
safetensors: resident experts 12/48 layers (elapsed 11.11 s, read 4.94 s, pack 0.78 s)
safetensors: resident experts 13/48 layers (elapsed 11.87 s, read 5.63 s, pack 0.85 s)
safetensors: resident experts 14/48 layers (elapsed 12.35 s, read 6.05 s, pack 0.91 s)
safetensors: resident experts 15/48 layers (elapsed 12.78 s, read 6.42 s, pack 0.98 s)
safetensors: resident experts 16/48 layers (elapsed 13.22 s, read 6.80 s, pack 1.04 s)
safetensors: resident experts 17/48 layers (elapsed 13.66 s, read 7.17 s, pack 1.10 s)
safetensors: resident experts 18/48 layers (elapsed 14.11 s, read 7.55 s, pack 1.17 s)
safetensors: resident experts 19/48 layers (elapsed 14.57 s, read 7.95 s, pack 1.23 s)
safetensors: resident experts 20/48 layers (elapsed 15.06 s, read 8.38 s, pack 1.30 s)
safetensors: resident experts 21/48 layers (elapsed 15.53 s, read 8.78 s, pack 1.36 s)
safetensors: resident experts 22/48 layers (elapsed 16.08 s, read 9.26 s, pack 1.42 s)
safetensors: resident experts 23/48 layers (elapsed 16.57 s, read 9.69 s, pack 1.49 s)
safetensors: resident experts 24/48 layers (elapsed 17.09 s, read 10.15 s, pack 1.55 s)
safetensors: resident experts 25/48 layers (elapsed 17.58 s, read 10.57 s, pack 1.62 s)
safetensors: resident experts 26/48 layers (elapsed 18.03 s, read 10.95 s, pack 1.68 s)
safetensors: resident experts 27/48 layers (elapsed 18.47 s, read 11.33 s, pack 1.74 s)
safetensors: resident experts 28/48 layers (elapsed 18.89 s, read 11.68 s, pack 1.81 s)
safetensors: resident experts 29/48 layers (elapsed 19.34 s, read 12.07 s, pack 1.87 s)
safetensors: resident experts 30/48 layers (elapsed 19.79 s, read 12.45 s, pack 1.94 s)
safetensors: resident experts 31/48 layers (elapsed 20.24 s, read 12.84 s, pack 2.00 s)
safetensors: resident experts 32/48 layers (elapsed 20.69 s, read 13.23 s, pack 2.06 s)
safetensors: resident experts 33/48 layers (elapsed 21.15 s, read 13.62 s, pack 2.13 s)
safetensors: resident experts 34/48 layers (elapsed 21.60 s, read 14.00 s, pack 2.19 s)
safetensors: resident experts 35/48 layers (elapsed 22.06 s, read 14.40 s, pack 2.26 s)
safetensors: resident experts 36/48 layers (elapsed 22.54 s, read 14.81 s, pack 2.32 s)
safetensors: resident experts 37/48 layers (elapsed 23.03 s, read 15.24 s, pack 2.38 s)
safetensors: resident experts 38/48 layers (elapsed 23.48 s, read 15.62 s, pack 2.45 s)
safetensors: resident experts 39/48 layers (elapsed 23.93 s, read 16.00 s, pack 2.51 s)
safetensors: resident experts 40/48 layers (elapsed 24.38 s, read 16.39 s, pack 2.58 s)
safetensors: resident experts 41/48 layers (elapsed 24.78 s, read 16.73 s, pack 2.64 s)
safetensors: resident experts 42/48 layers (elapsed 25.24 s, read 17.12 s, pack 2.70 s)
safetensors: resident experts 43/48 layers (elapsed 25.68 s, read 17.50 s, pack 2.77 s)
safetensors: resident experts 44/48 layers (elapsed 26.14 s, read 17.90 s, pack 2.83 s)
safetensors: resident experts 45/48 layers (elapsed 26.59 s, read 18.28 s, pack 2.90 s)
safetensors: resident experts 46/48 layers (elapsed 27.05 s, read 18.68 s, pack 2.96 s)
safetensors: resident experts 47/48 layers (elapsed 27.48 s, read 19.04 s, pack 3.02 s)
safetensors: resident experts 48/48 layers (elapsed 27.93 s, read 19.43 s, pack 3.09 s)
safetensors: 63.282 GiB physically page-locked and GPU-mapped via cudaHostAlloc, 0.0 MiB GPU staging
safetensors: startup weight handles closed; all resident payload reads sealed
safetensors: expert startup complete: 27.93 s, batch=64 workers=4 scratch_peak_mib=168.75 read_s=19.43 pack_s=3.09 source_read_calls=29980
safetensors: all expert weights in locked RAM; expert source reads sealed
strata generate: CPU pool tasks/phase: 40 (capped by rows), participating threads: 16
strata generate: 15 pool workers on logical processors 2,4,6,8,10,12,14,16,18,20,22,24,26,28,30, the host thread on 0 (draining too) (--host-core first)
strata prefill allocation: requested=4096 effective=4096 capacity=4096 workspace_bytes=2906123008 free_vram_bytes=16428040192
safetensors: prefill-first: 4096 rows allocated and touched before expert cache sizing; 512 MiB startup headroom held; experts use the remaining budget
strata generate: expert cache auto: 15.30 GiB free, 1024 MiB reserved (+2 MiB for the draft head) -> 5528 slots
strata generate: only 0 MiB free once the slots are written (reserve 1024 MiB); shrinking the expert cache
safetensors: written-cache budget also keeps 3 MiB for the late MTP head
strata generate: only 301 MiB free once the slots are written (reserve 1024 MiB); shrinking the expert cache
safetensors: written-cache budget also keeps 3 MiB for the late MTP head
strata generate: expert cache 4813 slots, 12.39 GiB of VRAM; policy is
strata generate: native NVFP4 CPU/GPU FP32 canonical arithmetic enabled
                 (32-lane reduction and double exp rounded to float).
                 PROFILE, ranked by routing frequency, no eviction.
strata generate: the profile fill asks for 0 pairs ahead (STRATA_FILL_AHEAD)
strata generate: pre-filled 4813 of 4813 slots from the profile in 0.3 s (39404 MB/s); slot 0 verified
strata generate: R4 hit path ON - resident experts are computed on the GPU
strata generate: 15 expert-pool workers + the host thread
strata generate: session is up (engine 0.1.41)
strata generate: token graph hit path: 4813 resident experts, decided on the device
strata generate: resident RAM mode: 63.28 GiB of experts in RAM (page-locked), 4813 in the GPU cache; adaptive swaps exchange them with the GPU cache (no file reads)
strata serve: the prompt path allocates its own buffers (dedicated workspace: --no-prefill-borrow)
strata serve prefill selection: configured=4096 selected=4096 auto=0 reduced=0
strata generate: elastic K/V: 16384 of 262144 cells in VRAM (0.25 of 3.35 GiB); the expert cache (4813 slots) gives the K/V room below slot 4813 as the context grows
strata hc: CUDA0: the hyper-connection read runs as staged (the norm per token and stream, the down projection's activations staged ahead by cp.async); checked bit for bit against the plain read on this card (STRATA_HC_SPLIT=1 or 0 for the earlier ones)
strata verify: window up to 3 tokens, 355.1 MiB of device buffers
strata serve: STRATA_ADAPT_FETCH is off (the resident RAM mode)
strata serve: the adaptive tier's evictions reach the device's table before the next window (STRATA_ADAPT_EVICT_SYNC=0: when its copies land)
safetensors: startup MTP weight warm: 2573.1 MiB read on device in 3.7 ms; original weights, KV and sampling state unchanged
safetensors: startup immutable weight warm completed in 15.4 ms using the 512 MiB guard; no forward pass or expert source read
safetensors: prefill-first ready: configured=4096 allocated=4096; startup headroom released; 1243 MiB free
strata serve: 1243 MiB of VRAM free with everything loaded
safetensors: engine ready after 57.05 s from main entry
strata: K/V grown to 32768 cells (0.46 GiB); the expert cache gave 80 slots for it, 0 hotter experts moved to colder ones' slots (4733 of 4813 slots hold experts)
strata serve prefill segment: start=0 end=24597 root=0 turn=1 message=0 pin=0 reread=0
strata ple batch phases: rows=65536 misses=65536 pages=42323 total_ms=195.634 call_lock_ms=0.000 lookup_ms=1.001 plan_ms=2.961 group_wait_ms=184.333 cache_insert_ms=4.779 callback_ms=2.260 reader_drain_ms=0.000
strata ple gather phases: tokens=4096 rows=65536 total_ms=197.618 raw_resize_ms=1.801 host_available_mib=14939
strata ple: chunk 0: read started 0.6 ms into the run, layer 1 reached at 328.7, waited 0.0 ms
strata ple batch phases: rows=65536 misses=50677 pages=45007 total_ms=118.671 call_lock_ms=0.000 lookup_ms=1.675 plan_ms=2.226 group_wait_ms=109.092 cache_insert_ms=3.336 callback_ms=2.105 reader_drain_ms=0.000
strata ple gather phases: tokens=4096 rows=65536 total_ms=118.704 raw_resize_ms=0.005 host_available_mib=14815
strata draft batch: weights=bf16 math=bf16x3 start=0 rows=4096 batch=3840
strata prefill callback: start=0 rows=4096 draft_path=batched draft_ms=38.230 checkpoint_ms=0.002 total_ms=38.258
strata prefill chunk: start=0 rows=4096 main_and_wait_ms=1648.991 callback_ms=38.563 total_ms=1687.554
strata ple: chunk 4096: read started 328.9 ms into the run, layer 1 reached at 1704.8, waited 0.0 ms
strata ple batch phases: rows=65536 misses=42636 pages=38409 total_ms=60.262 call_lock_ms=0.000 lookup_ms=1.972 plan_ms=1.659 group_wait_ms=52.141 cache_insert_ms=2.212 callback_ms=2.158 reader_drain_ms=0.000
strata ple gather phases: tokens=4096 rows=65536 total_ms=60.293 raw_resize_ms=0.005 host_available_mib=14812
strata draft batch: weights=bf16 math=bf16x3 start=4096 rows=4096 batch=3840
strata prefill callback: start=4096 rows=4096 draft_path=batched draft_ms=9.857 checkpoint_ms=0.002 total_ms=9.882
strata prefill chunk: start=4096 rows=4096 main_and_wait_ms=1353.681 callback_ms=9.891 total_ms=1363.572
strata ple: chunk 8192: read started 1704.9 ms into the run, layer 1 reached at 3068.6, waited 0.0 ms
strata ple batch phases: rows=65536 misses=45361 pages=42642 total_ms=46.725 call_lock_ms=0.000 lookup_ms=1.738 plan_ms=1.832 group_wait_ms=38.850 cache_insert_ms=2.045 callback_ms=2.132 reader_drain_ms=0.000
strata ple gather phases: tokens=4096 rows=65536 total_ms=46.757 raw_resize_ms=0.005 host_available_mib=14803
strata draft batch: weights=bf16 math=bf16x3 start=8192 rows=4096 batch=3840
strata prefill callback: start=8192 rows=4096 draft_path=batched draft_ms=9.960 checkpoint_ms=0.002 total_ms=9.987
strata prefill chunk: start=8192 rows=4096 main_and_wait_ms=1369.407 callback_ms=9.999 total_ms=1379.405
strata ple: chunk 12288: read started 3068.7 ms into the run, layer 1 reached at 4447.9, waited 0.0 ms
strata ple batch phases: rows=65536 misses=47138 pages=43692 total_ms=46.177 call_lock_ms=0.000 lookup_ms=1.699 plan_ms=1.886 group_wait_ms=38.177 cache_insert_ms=2.063 callback_ms=2.220 reader_drain_ms=0.000
strata ple gather phases: tokens=4096 rows=65536 total_ms=46.212 raw_resize_ms=0.005 host_available_mib=14807
strata draft batch: weights=bf16 math=bf16x3 start=12288 rows=4096 batch=3840
strata prefill callback: start=12288 rows=4096 draft_path=batched draft_ms=9.507 checkpoint_ms=26.448 total_ms=36.000
strata prefill chunk: start=12288 rows=4096 main_and_wait_ms=1389.213 callback_ms=36.015 total_ms=1425.227
strata ple: chunk 16384: read started 4448.0 ms into the run, layer 1 reached at 5877.6, waited 0.0 ms
strata ple batch phases: rows=65536 misses=45892 pages=43775 total_ms=47.098 call_lock_ms=0.000 lookup_ms=1.685 plan_ms=1.842 group_wait_ms=38.918 cache_insert_ms=2.066 callback_ms=2.452 reader_drain_ms=0.000
strata ple gather phases: tokens=4096 rows=65536 total_ms=47.124 raw_resize_ms=0.004 host_available_mib=14709
strata draft batch: weights=bf16 math=bf16x3 start=16384 rows=4096 batch=3840
strata prefill callback: start=16384 rows=4096 draft_path=batched draft_ms=8.892 checkpoint_ms=0.002 total_ms=8.919
strata prefill chunk: start=16384 rows=4096 main_and_wait_ms=1187.938 callback_ms=8.930 total_ms=1196.868
strata ple: chunk 20480: read started 5877.6 ms into the run, layer 1 reached at 7068.9, waited 0.0 ms
strata draft batch: weights=bf16 math=bf16x3 start=20480 rows=4096 batch=3840
strata prefill callback: start=20480 rows=4096 draft_path=batched draft_ms=8.801 checkpoint_ms=0.002 total_ms=8.829
strata prefill chunk: start=20480 rows=4096 main_and_wait_ms=1159.937 callback_ms=8.840 total_ms=1168.778
strata ple: chunk 24576: read started 7069.0 ms into the run, layer 1 reached at 8275.0, waited 0.0 ms
strata: the hyper-connection read v4 (programmatic dependent launch)
strata prefill callback: start=24576 rows=21 draft_path=token draft_ms=3.414 checkpoint_ms=0.002 total_ms=3.473
strata prefill chunk: start=24576 rows=21 main_and_wait_ms=281.792 callback_ms=3.482 total_ms=285.274
strata prefill executed: tokens=24597 max_chunk=4096 capacity=4096 start=0
strata serve prefill segment: start=24597 end=24603 root=0 turn=0 message=0 pin=0 reread=0
strata verify: capturing the 3-token window (1181 MiB of VRAM free)
strata verify: captured the 3-token window (upload no error, sync no error)
strata verify: capturing the 1-token window (1177 MiB of VRAM free)
strata verify: captured the 1-token window (upload no error, sync no error)
strata serve: prompt 24604 tokens = 0 reused + 24604 read in 8621 ms (2854.0 tok/s), 1 generated in 28 ms (35.6 tok/s), drafts accepted 0 of 0, 2 checkpoints
strata serve: decode expert cache hit rate: 62.1% (277 hits / 446 lookups); 34 more read by the GPU over PCIe or from another GPU (7.1% of all 480 routed)
strata serve: resident RAM: 63.28 GiB of experts in RAM, 0 exchanged with the VRAM tier, 0 blob reads from the file
safetensors residency metrics: ram_bytes=67948118016 os_locked_bytes=0 cuda_pinned_bytes=67948118016 promotions=0 promoted_payload_bytes=0 expert_file_bytes=0 (cumulative; payload is not a physical PCIe counter)
safetensors ngram metrics: ple io: 393664 rows, 24.4% row-cache hits, 256256 SSD reads (1049.7 MB), read p50 227 us p99 555 us, blocked 494.774 ms total (submit 0.209 ms), cache 247116/1048576 rows, SSD kept awake by 76 reads (slowest 13.9 ms)
strata serve: expert tiers: GPU 277 hits this request; since the start RAM 127984 blobs, files 0 blobs 0.0 MB read
strata serve: prompt 24605 tokens = 24604 reused + 1 read in 0 ms (19723.9 tok/s), 1 generated in 18 ms (55.2 tok/s), drafts accepted 0 of 0, 2 checkpoints
strata serve: decode expert cache hit rate: 64.7% (292 hits / 451 lookups); 29 more read by the GPU over PCIe or from another GPU (6.0% of all 480 routed)
strata serve: resident RAM: 63.28 GiB of experts in RAM, 0 exchanged with the VRAM tier, 0 blob reads from the file
safetensors residency metrics: ram_bytes=67948118016 os_locked_bytes=0 cuda_pinned_bytes=67948118016 promotions=0 promoted_payload_bytes=0 expert_file_bytes=0 (cumulative; payload is not a physical PCIe counter)
safetensors ngram metrics: ple io: 393680 rows, 24.4% row-cache hits, 256264 SSD reads (1049.7 MB), read p50 227 us p99 555 us, blocked 494.853 ms total (submit 0.222 ms), cache 247124/1048576 rows, SSD kept awake by 76 reads (slowest 13.9 ms)
strata serve: expert tiers: GPU 292 hits this request; since the start RAM 128172 blobs, files 0 blobs 0.0 MB read
strata serve: prompt 24606 tokens = 24605 reused + 1 read in 0 ms (20790.0 tok/s), 1 generated in 20 ms (49.4 tok/s), drafts accepted 0 of 0, 2 checkpoints
strata serve: decode expert cache hit rate: 49.0% (211 hits / 431 lookups); 49 more read by the GPU over PCIe or from another GPU (10.2% of all 480 routed)
strata serve: resident RAM: 63.28 GiB of experts in RAM, 0 exchanged with the VRAM tier, 0 blob reads from the file
safetensors residency metrics: ram_bytes=67948118016 os_locked_bytes=0 cuda_pinned_bytes=67948118016 promotions=0 promoted_payload_bytes=0 expert_file_bytes=0 (cumulative; payload is not a physical PCIe counter)
safetensors ngram metrics: ple io: 393696 rows, 24.4% row-cache hits, 256280 SSD reads (1049.8 MB), read p50 227 us p99 555 us, blocked 494.853 ms total (submit 0.238 ms), cache 247140/1048576 rows, SSD kept awake by 76 reads (slowest 13.9 ms)
strata serve: expert tiers: GPU 211 hits this request; since the start RAM 128441 blobs, files 0 blobs 0.0 MB read
strata serve: prompt 24607 tokens = 24606 reused + 1 read in 0 ms (19607.8 tok/s), 1 generated in 23 ms (43.7 tok/s), drafts accepted 0 of 0, 2 checkpoints
strata serve: decode expert cache hit rate: 42.8% (182 hits / 425 lookups); 55 more read by the GPU over PCIe or from another GPU (11.5% of all 480 routed)
strata serve: resident RAM: 63.28 GiB of experts in RAM, 0 exchanged with the VRAM tier, 0 blob reads from the file
safetensors residency metrics: ram_bytes=67948118016 os_locked_bytes=0 cuda_pinned_bytes=67948118016 promotions=0 promoted_payload_bytes=0 expert_file_bytes=0 (cumulative; payload is not a physical PCIe counter)
safetensors ngram metrics: ple io: 393712 rows, 24.4% row-cache hits, 256288 SSD reads (1049.8 MB), read p50 227 us p99 555 us, blocked 494.853 ms total (submit 0.252 ms), cache 247148/1048576 rows, SSD kept awake by 76 reads (slowest 13.9 ms)
strata serve: expert tiers: GPU 182 hits this request; since the start RAM 128835 blobs, files 0 blobs 0.0 MB read
strata serve: prompt 24608 tokens = 24607 reused + 1 read in 0 ms (7722.0 tok/s), 1 generated in 21 ms (48.5 tok/s), drafts accepted 0 of 0, 2 checkpoints
strata serve: decode expert cache hit rate: 45.5% (193 hits / 424 lookups); 56 more read by the GPU over PCIe or from another GPU (11.7% of all 480 routed)
strata serve: resident RAM: 63.28 GiB of experts in RAM, 0 exchanged with the VRAM tier, 0 blob reads from the file
safetensors residency metrics: ram_bytes=67948118016 os_locked_bytes=0 cuda_pinned_bytes=67948118016 promotions=96 promoted_payload_bytes=265422336 expert_file_bytes=0 (cumulative; payload is not a physical PCIe counter)
safetensors ngram metrics: ple io: 393728 rows, 24.4% row-cache hits, 256288 SSD reads (1049.8 MB), read p50 227 us p99 555 us, blocked 494.853 ms total (submit 0.252 ms), cache 247148/1048576 rows, SSD kept awake by 76 reads (slowest 13.9 ms)
strata serve: expert tiers: GPU 193 hits this request; since the start RAM 129122 blobs, files 0 blobs 0.0 MB read
strata serve: prompt 24609 tokens = 24608 reused + 1 read in 0 ms (19193.9 tok/s), 1 generated in 19 ms (53.4 tok/s), drafts accepted 0 of 0, 2 checkpoints
strata serve: decode expert cache hit rate: 59.7% (265 hits / 444 lookups); 36 more read by the GPU over PCIe or from another GPU (7.5% of all 480 routed)
strata serve: resident RAM: 63.28 GiB of experts in RAM, 0 exchanged with the VRAM tier, 0 blob reads from the file
safetensors residency metrics: ram_bytes=67948118016 os_locked_bytes=0 cuda_pinned_bytes=67948118016 promotions=96 promoted_payload_bytes=265422336 expert_file_bytes=0 (cumulative; payload is not a physical PCIe counter)
safetensors ngram metrics: ple io: 393744 rows, 24.4% row-cache hits, 256288 SSD reads (1049.8 MB), read p50 227 us p99 555 us, blocked 494.854 ms total (submit 0.252 ms), cache 247148/1048576 rows, SSD kept awake by 76 reads (slowest 13.9 ms)
strata serve: expert tiers: GPU 265 hits this request; since the start RAM 129337 blobs, files 0 blobs 0.0 MB read
strata serve: prompt 24610 tokens = 24609 reused + 1 read in 0 ms (20161.3 tok/s), 1 generated in 20 ms (50.8 tok/s), drafts accepted 0 of 0, 2 checkpoints
strata serve: decode expert cache hit rate: 58.9% (261 hits / 443 lookups); 37 more read by the GPU over PCIe or from another GPU (7.7% of all 480 routed)
strata serve: resident RAM: 63.28 GiB of experts in RAM, 0 exchanged with the VRAM tier, 0 blob reads from the file
safetensors residency metrics: ram_bytes=67948118016 os_locked_bytes=0 cuda_pinned_bytes=67948118016 promotions=96 promoted_payload_bytes=265422336 expert_file_bytes=0 (cumulative; payload is not a physical PCIe counter)
safetensors ngram metrics: ple io: 393760 rows, 24.4% row-cache hits, 256304 SSD reads (1049.9 MB), read p50 227 us p99 555 us, blocked 494.854 ms total (submit 0.268 ms), cache 247164/1048576 rows, SSD kept awake by 76 reads (slowest 13.9 ms)
strata serve: expert tiers: GPU 261 hits this request; since the start RAM 129556 blobs, files 0 blobs 0.0 MB read
strata serve: prompt 24611 tokens = 24610 reused + 1 read in 0 ms (21186.4 tok/s), 1 generated in 22 ms (45.9 tok/s), drafts accepted 0 of 0, 2 checkpoints
strata serve: decode expert cache hit rate: 50.6% (219 hits / 433 lookups); 47 more read by the GPU over PCIe or from another GPU (9.8% of all 480 routed)
strata serve: resident RAM: 63.28 GiB of experts in RAM, 0 exchanged with the VRAM tier, 0 blob reads from the file
safetensors residency metrics: ram_bytes=67948118016 os_locked_bytes=0 cuda_pinned_bytes=67948118016 promotions=96 promoted_payload_bytes=265422336 expert_file_bytes=0 (cumulative; payload is not a physical PCIe counter)
safetensors ngram metrics: ple io: 393776 rows, 24.4% row-cache hits, 256320 SSD reads (1050.0 MB), read p50 227 us p99 555 us, blocked 494.855 ms total (submit 0.282 ms), cache 247180/1048576 rows, SSD kept awake by 76 reads (slowest 13.9 ms)
strata serve: expert tiers: GPU 219 hits this request; since the start RAM 129913 blobs, files 0 blobs 0.0 MB read
strata serve: prompt 24612 tokens = 24611 reused + 1 read in 0 ms (7230.7 tok/s), 1 generated in 19 ms (52.6 tok/s), drafts accepted 0 of 0, 2 checkpoints
strata serve: decode expert cache hit rate: 58.6% (258 hits / 440 lookups); 40 more read by the GPU over PCIe or from another GPU (8.3% of all 480 routed)
strata serve: resident RAM: 63.28 GiB of experts in RAM, 0 exchanged with the VRAM tier, 0 blob reads from the file
safetensors residency metrics: ram_bytes=67948118016 os_locked_bytes=0 cuda_pinned_bytes=67948118016 promotions=192 promoted_payload_bytes=530844672 expert_file_bytes=0 (cumulative; payload is not a physical PCIe counter)
safetensors ngram metrics: ple io: 393792 rows, 24.4% row-cache hits, 256336 SSD reads (1050.1 MB), read p50 227 us p99 555 us, blocked 494.855 ms total (submit 0.299 ms), cache 247196/1048576 rows, SSD kept awake by 76 reads (slowest 13.9 ms)
strata serve: expert tiers: GPU 258 hits this request; since the start RAM 130135 blobs, files 0 blobs 0.0 MB read
strata serve: prompt 24613 tokens = 24612 reused + 1 read in 0 ms (20746.9 tok/s), 1 generated in 17 ms (57.7 tok/s), drafts accepted 0 of 0, 2 checkpoints
strata serve: decode expert cache hit rate: 68.5% (313 hits / 457 lookups); 23 more read by the GPU over PCIe or from another GPU (4.8% of all 480 routed)
strata serve: resident RAM: 63.28 GiB of experts in RAM, 0 exchanged with the VRAM tier, 0 blob reads from the file
safetensors residency metrics: ram_bytes=67948118016 os_locked_bytes=0 cuda_pinned_bytes=67948118016 promotions=192 promoted_payload_bytes=530844672 expert_file_bytes=0 (cumulative; payload is not a physical PCIe counter)
safetensors ngram metrics: ple io: 393808 rows, 24.4% row-cache hits, 256352 SSD reads (1050.1 MB), read p50 227 us p99 555 us, blocked 494.856 ms total (submit 0.313 ms), cache 247212/1048576 rows, SSD kept awake by 76 reads (slowest 13.9 ms)
strata serve: expert tiers: GPU 313 hits this request; since the start RAM 130302 blobs, files 0 blobs 0.0 MB read
strata serve: prompt 24614 tokens = 24613 reused + 1 read in 0 ms (20161.3 tok/s), 1 generated in 20 ms (50.4 tok/s), drafts accepted 0 of 0, 2 checkpoints
strata serve: decode expert cache hit rate: 55.1% (242 hits / 439 lookups); 41 more read by the GPU over PCIe or from another GPU (8.5% of all 480 routed)
strata serve: resident RAM: 63.28 GiB of experts in RAM, 0 exchanged with the VRAM tier, 0 blob reads from the file
safetensors residency metrics: ram_bytes=67948118016 os_locked_bytes=0 cuda_pinned_bytes=67948118016 promotions=192 promoted_payload_bytes=530844672 expert_file_bytes=0 (cumulative; payload is not a physical PCIe counter)
safetensors ngram metrics: ple io: 393824 rows, 24.4% row-cache hits, 256368 SSD reads (1050.2 MB), read p50 227 us p99 555 us, blocked 494.856 ms total (submit 0.328 ms), cache 247228/1048576 rows, SSD kept awake by 76 reads (slowest 13.9 ms)
strata serve: expert tiers: GPU 242 hits this request; since the start RAM 130540 blobs, files 0 blobs 0.0 MB read
strata serve: prompt 24615 tokens = 24614 reused + 1 read in 0 ms (19379.8 tok/s), 1 generated in 21 ms (47.7 tok/s), drafts accepted 0 of 0, 2 checkpoints
strata serve: decode expert cache hit rate: 58.5% (258 hits / 441 lookups); 39 more read by the GPU over PCIe or from another GPU (8.1% of all 480 routed)
strata serve: resident RAM: 63.28 GiB of experts in RAM, 0 exchanged with the VRAM tier, 0 blob reads from the file
safetensors residency metrics: ram_bytes=67948118016 os_locked_bytes=0 cuda_pinned_bytes=67948118016 promotions=192 promoted_payload_bytes=530844672 expert_file_bytes=0 (cumulative; payload is not a physical PCIe counter)
safetensors ngram metrics: ple io: 393840 rows, 24.4% row-cache hits, 256376 SSD reads (1050.2 MB), read p50 227 us p99 555 us, blocked 494.856 ms total (submit 0.341 ms), cache 247236/1048576 rows, SSD kept awake by 76 reads (slowest 13.9 ms)
strata serve: expert tiers: GPU 258 hits this request; since the start RAM 130858 blobs, files 0 blobs 0.0 MB read
strata serve: prompt 24616 tokens = 24615 reused + 1 read in 0 ms (7692.3 tok/s), 1 generated in 19 ms (53.8 tok/s), drafts accepted 0 of 0, 2 checkpoints
strata serve: decode expert cache hit rate: 63.5% (287 hits / 452 lookups); 28 more read by the GPU over PCIe or from another GPU (5.8% of all 480 routed)
strata serve: resident RAM: 63.28 GiB of experts in RAM, 0 exchanged with the VRAM tier, 0 blob reads from the file
safetensors residency metrics: ram_bytes=67948118016 os_locked_bytes=0 cuda_pinned_bytes=67948118016 promotions=288 promoted_payload_bytes=796267008 expert_file_bytes=0 (cumulative; payload is not a physical PCIe counter)
safetensors ngram metrics: ple io: 393856 rows, 24.4% row-cache hits, 256392 SSD reads (1050.3 MB), read p50 227 us p99 555 us, blocked 494.857 ms total (submit 0.357 ms), cache 247252/1048576 rows, SSD kept awake by 76 reads (slowest 13.9 ms)
strata serve: expert tiers: GPU 287 hits this request; since the start RAM 131051 blobs, files 0 blobs 0.0 MB read
strata serve: prompt 24617 tokens = 24616 reused + 1 read in 0 ms (20790.0 tok/s), 1 generated in 18 ms (56.5 tok/s), drafts accepted 0 of 0, 2 checkpoints
strata serve: decode expert cache hit rate: 68.4% (314 hits / 459 lookups); 21 more read by the GPU over PCIe or from another GPU (4.4% of all 480 routed)
strata serve: resident RAM: 63.28 GiB of experts in RAM, 0 exchanged with the VRAM tier, 0 blob reads from the file
safetensors residency metrics: ram_bytes=67948118016 os_locked_bytes=0 cuda_pinned_bytes=67948118016 promotions=288 promoted_payload_bytes=796267008 expert_file_bytes=0 (cumulative; payload is not a physical PCIe counter)
safetensors ngram metrics: ple io: 393872 rows, 24.4% row-cache hits, 256408 SSD reads (1050.4 MB), read p50 227 us p99 555 us, blocked 494.857 ms total (submit 0.373 ms), cache 247268/1048576 rows, SSD kept awake by 76 reads (slowest 13.9 ms)
strata serve: expert tiers: GPU 314 hits this request; since the start RAM 131217 blobs, files 0 blobs 0.0 MB read
strata serve: prompt 24618 tokens = 24617 reused + 1 read in 0 ms (20408.2 tok/s), 1 generated in 17 ms (59.3 tok/s), drafts accepted 0 of 0, 2 checkpoints
strata serve: decode expert cache hit rate: 73.9% (345 hits / 467 lookups); 13 more read by the GPU over PCIe or from another GPU (2.7% of all 480 routed)
strata serve: resident RAM: 63.28 GiB of experts in RAM, 0 exchanged with the VRAM tier, 0 blob reads from the file
safetensors residency metrics: ram_bytes=67948118016 os_locked_bytes=0 cuda_pinned_bytes=67948118016 promotions=288 promoted_payload_bytes=796267008 expert_file_bytes=0 (cumulative; payload is not a physical PCIe counter)
safetensors ngram metrics: ple io: 393888 rows, 24.4% row-cache hits, 256424 SSD reads (1050.4 MB), read p50 227 us p99 555 us, blocked 494.858 ms total (submit 0.388 ms), cache 247284/1048576 rows, SSD kept awake by 76 reads (slowest 13.9 ms)
strata serve: expert tiers: GPU 345 hits this request; since the start RAM 131352 blobs, files 0 blobs 0.0 MB read
strata serve: prompt 24619 tokens = 24618 reused + 1 read in 0 ms (9756.1 tok/s), 1 generated in 18 ms (56.3 tok/s), drafts accepted 0 of 0, 2 checkpoints
strata serve: decode expert cache hit rate: 77.9% (367 hits / 471 lookups); 9 more read by the GPU over PCIe or from another GPU (1.9% of all 480 routed)
strata serve: resident RAM: 63.28 GiB of experts in RAM, 0 exchanged with the VRAM tier, 0 blob reads from the file
safetensors residency metrics: ram_bytes=67948118016 os_locked_bytes=0 cuda_pinned_bytes=67948118016 promotions=288 promoted_payload_bytes=796267008 expert_file_bytes=0 (cumulative; payload is not a physical PCIe counter)
safetensors ngram metrics: ple io: 393904 rows, 24.4% row-cache hits, 256440 SSD reads (1050.5 MB), read p50 227 us p99 555 us, blocked 494.858 ms total (submit 0.406 ms), cache 247300/1048576 rows, SSD kept awake by 76 reads (slowest 13.9 ms)
strata serve: expert tiers: GPU 367 hits this request; since the start RAM 131561 blobs, files 0 blobs 0.0 MB read
strata serve: prompt 24620 tokens = 24619 reused + 1 read in 0 ms (7462.7 tok/s), 1 generated in 17 ms (59.0 tok/s), drafts accepted 0 of 0, 2 checkpoints
strata serve: decode expert cache hit rate: 77.8% (364 hits / 468 lookups); 12 more read by the GPU over PCIe or from another GPU (2.5% of all 480 routed)
strata serve: resident RAM: 63.28 GiB of experts in RAM, 0 exchanged with the VRAM tier, 0 blob reads from the file
safetensors residency metrics: ram_bytes=67948118016 os_locked_bytes=0 cuda_pinned_bytes=67948118016 promotions=384 promoted_payload_bytes=1061689344 expert_file_bytes=0 (cumulative; payload is not a physical PCIe counter)
safetensors ngram metrics: ple io: 393920 rows, 24.4% row-cache hits, 256448 SSD reads (1050.5 MB), read p50 227 us p99 555 us, blocked 494.859 ms total (submit 0.419 ms), cache 247308/1048576 rows, SSD kept awake by 76 reads (slowest 13.9 ms)
strata serve: expert tiers: GPU 364 hits this request; since the start RAM 131677 blobs, files 0 blobs 0.0 MB read
strata serve: prompt 24621 tokens = 24620 reused + 1 read in 0 ms (22271.7 tok/s), 1 generated in 19 ms (51.8 tok/s), drafts accepted 0 of 0, 2 checkpoints
strata serve: decode expert cache hit rate: 78.1% (367 hits / 470 lookups); 10 more read by the GPU over PCIe or from another GPU (2.1% of all 480 routed)
strata serve: resident RAM: 63.28 GiB of experts in RAM, 0 exchanged with the VRAM tier, 0 blob reads from the file
safetensors residency metrics: ram_bytes=67948118016 os_locked_bytes=0 cuda_pinned_bytes=67948118016 promotions=384 promoted_payload_bytes=1061689344 expert_file_bytes=0 (cumulative; payload is not a physical PCIe counter)
safetensors ngram metrics: ple io: 393936 rows, 24.4% row-cache hits, 256464 SSD reads (1050.6 MB), read p50 227 us p99 556 us, blocked 495.045 ms total (submit 0.437 ms), cache 247324/1048576 rows, SSD kept awake by 76 reads (slowest 13.9 ms)
strata serve: expert tiers: GPU 367 hits this request; since the start RAM 131790 blobs, files 0 blobs 0.0 MB read
strata serve: prompt 24622 tokens = 24621 reused + 1 read in 0 ms (19762.8 tok/s), 1 generated in 18 ms (54.2 tok/s), drafts accepted 0 of 0, 2 checkpoints
strata serve: decode expert cache hit rate: 65.3% (295 hits / 452 lookups); 28 more read by the GPU over PCIe or from another GPU (5.8% of all 480 routed)
strata serve: resident RAM: 63.28 GiB of experts in RAM, 0 exchanged with the VRAM tier, 0 blob reads from the file
safetensors residency metrics: ram_bytes=67948118016 os_locked_bytes=0 cuda_pinned_bytes=67948118016 promotions=384 promoted_payload_bytes=1061689344 expert_file_bytes=0 (cumulative; payload is not a physical PCIe counter)
safetensors ngram metrics: ple io: 393952 rows, 24.4% row-cache hits, 256480 SSD reads (1050.7 MB), read p50 227 us p99 556 us, blocked 495.045 ms total (submit 0.454 ms), cache 247340/1048576 rows, SSD kept awake by 76 reads (slowest 13.9 ms)
strata serve: expert tiers: GPU 295 hits this request; since the start RAM 131975 blobs, files 0 blobs 0.0 MB read
strata serve: prompt 24623 tokens = 24622 reused + 1 read in 0 ms (20964.4 tok/s), 1 generated in 30 ms (33.4 tok/s), drafts accepted 0 of 0, 2 checkpoints
strata serve: decode expert cache hit rate: 61.1% (273 hits / 447 lookups); 33 more read by the GPU over PCIe or from another GPU (6.9% of all 480 routed)
strata serve: resident RAM: 63.28 GiB of experts in RAM, 0 exchanged with the VRAM tier, 0 blob reads from the file
safetensors residency metrics: ram_bytes=67948118016 os_locked_bytes=0 cuda_pinned_bytes=67948118016 promotions=384 promoted_payload_bytes=1061689344 expert_file_bytes=0 (cumulative; payload is not a physical PCIe counter)
safetensors ngram metrics: ple io: 393968 rows, 24.4% row-cache hits, 256496 SSD reads (1050.7 MB), read p50 227 us p99 556 us, blocked 495.046 ms total (submit 0.471 ms), cache 247356/1048576 rows, SSD kept awake by 76 reads (slowest 13.9 ms)
strata serve: expert tiers: GPU 273 hits this request; since the start RAM 132278 blobs, files 0 blobs 0.0 MB read
strata serve: prompt 24624 tokens = 24623 reused + 1 read in 0 ms (7930.2 tok/s), 1 generated in 21 ms (48.4 tok/s), drafts accepted 0 of 0, 2 checkpoints
strata serve: decode expert cache hit rate: 63.0% (283 hits / 449 lookups); 31 more read by the GPU over PCIe or from another GPU (6.5% of all 480 routed)
strata serve: resident RAM: 63.28 GiB of experts in RAM, 0 exchanged with the VRAM tier, 0 blob reads from the file
safetensors residency metrics: ram_bytes=67948118016 os_locked_bytes=0 cuda_pinned_bytes=67948118016 promotions=480 promoted_payload_bytes=1327111680 expert_file_bytes=0 (cumulative; payload is not a physical PCIe counter)
safetensors ngram metrics: ple io: 393984 rows, 24.4% row-cache hits, 256512 SSD reads (1050.8 MB), read p50 227 us p99 556 us, blocked 495.082 ms total (submit 0.485 ms), cache 247372/1048576 rows, SSD kept awake by 76 reads (slowest 13.9 ms)
strata serve: expert tiers: GPU 283 hits this request; since the start RAM 132475 blobs, files 0 blobs 0.0 MB read
strata serve: prompt 24625 tokens = 24624 reused + 1 read in 0 ms (11376.6 tok/s), 1 generated in 17 ms (58.5 tok/s), drafts accepted 0 of 0, 2 checkpoints
strata serve: decode expert cache hit rate: 74.8% (347 hits / 464 lookups); 16 more read by the GPU over PCIe or from another GPU (3.3% of all 480 routed)
strata serve: resident RAM: 63.28 GiB of experts in RAM, 0 exchanged with the VRAM tier, 0 blob reads from the file
safetensors residency metrics: ram_bytes=67948118016 os_locked_bytes=0 cuda_pinned_bytes=67948118016 promotions=480 promoted_payload_bytes=1327111680 expert_file_bytes=0 (cumulative; payload is not a physical PCIe counter)
safetensors ngram metrics: ple io: 394000 rows, 24.4% row-cache hits, 256528 SSD reads (1050.9 MB), read p50 227 us p99 556 us, blocked 495.083 ms total (submit 0.501 ms), cache 247388/1048576 rows, SSD kept awake by 76 reads (slowest 13.9 ms)
strata serve: expert tiers: GPU 347 hits this request; since the start RAM 132608 blobs, files 0 blobs 0.0 MB read
strata serve: prompt 24626 tokens = 24625 reused + 1 read in 0 ms (19342.4 tok/s), 1 generated in 31 ms (32.2 tok/s), drafts accepted 0 of 0, 2 checkpoints
strata serve: decode expert cache hit rate: 70.7% (325 hits / 460 lookups); 20 more read by the GPU over PCIe or from another GPU (4.2% of all 480 routed)
strata serve: resident RAM: 63.28 GiB of experts in RAM, 0 exchanged with the VRAM tier, 0 blob reads from the file
safetensors residency metrics: ram_bytes=67948118016 os_locked_bytes=0 cuda_pinned_bytes=67948118016 promotions=480 promoted_payload_bytes=1327111680 expert_file_bytes=0 (cumulative; payload is not a physical PCIe counter)
safetensors ngram metrics: ple io: 394016 rows, 24.4% row-cache hits, 256544 SSD reads (1050.9 MB), read p50 227 us p99 556 us, blocked 495.083 ms total (submit 0.520 ms), cache 247404/1048576 rows, SSD kept awake by 76 reads (slowest 13.9 ms)
strata serve: expert tiers: GPU 325 hits this request; since the start RAM 132763 blobs, files 0 blobs 0.0 MB read
strata serve: prompt 24627 tokens = 24626 reused + 1 read in 0 ms (19379.8 tok/s), 1 generated in 22 ms (46.1 tok/s), drafts accepted 0 of 0, 2 checkpoints
strata serve: decode expert cache hit rate: 70.1% (321 hits / 458 lookups); 22 more read by the GPU over PCIe or from another GPU (4.6% of all 480 routed)
strata serve: resident RAM: 63.28 GiB of experts in RAM, 0 exchanged with the VRAM tier, 0 blob reads from the file
safetensors residency metrics: ram_bytes=67948118016 os_locked_bytes=0 cuda_pinned_bytes=67948118016 promotions=480 promoted_payload_bytes=1327111680 expert_file_bytes=0 (cumulative; payload is not a physical PCIe counter)
safetensors ngram metrics: ple io: 394032 rows, 24.4% row-cache hits, 256552 SSD reads (1051.0 MB), read p50 227 us p99 556 us, blocked 495.084 ms total (submit 0.535 ms), cache 247412/1048576 rows, SSD kept awake by 76 reads (slowest 13.9 ms)
strata serve: expert tiers: GPU 321 hits this request; since the start RAM 133018 blobs, files 0 blobs 0.0 MB read
strata serve: prompt 24628 tokens = 24627 reused + 1 read in 0 ms (6502.0 tok/s), 1 generated in 18 ms (55.4 tok/s), drafts accepted 0 of 0, 2 checkpoints
strata serve: decode expert cache hit rate: 80.5% (379 hits / 471 lookups); 9 more read by the GPU over PCIe or from another GPU (1.9% of all 480 routed)
strata serve: resident RAM: 63.28 GiB of experts in RAM, 0 exchanged with the VRAM tier, 0 blob reads from the file
safetensors residency metrics: ram_bytes=67948118016 os_locked_bytes=0 cuda_pinned_bytes=67948118016 promotions=576 promoted_payload_bytes=1592534016 expert_file_bytes=0 (cumulative; payload is not a physical PCIe counter)
safetensors ngram metrics: ple io: 394048 rows, 24.4% row-cache hits, 256552 SSD reads (1051.0 MB), read p50 227 us p99 556 us, blocked 495.084 ms total (submit 0.535 ms), cache 247412/1048576 rows, SSD kept awake by 76 reads (slowest 13.9 ms)
strata serve: expert tiers: GPU 379 hits this request; since the start RAM 133119 blobs, files 0 blobs 0.0 MB read
strata serve: prompt 24629 tokens = 24628 reused + 1 read in 0 ms (20576.1 tok/s), 1 generated in 15 ms (67.4 tok/s), drafts accepted 0 of 0, 2 checkpoints
strata serve: decode expert cache hit rate: 86.2% (412 hits / 478 lookups); 2 more read by the GPU over PCIe or from another GPU (0.4% of all 480 routed)
strata serve: resident RAM: 63.28 GiB of experts in RAM, 0 exchanged with the VRAM tier, 0 blob reads from the file
safetensors residency metrics: ram_bytes=67948118016 os_locked_bytes=0 cuda_pinned_bytes=67948118016 promotions=576 promoted_payload_bytes=1592534016 expert_file_bytes=0 (cumulative; payload is not a physical PCIe counter)
safetensors ngram metrics: ple io: 394064 rows, 24.4% row-cache hits, 256568 SSD reads (1051.0 MB), read p50 227 us p99 556 us, blocked 495.084 ms total (submit 0.551 ms), cache 247428/1048576 rows, SSD kept awake by 76 reads (slowest 13.9 ms)
strata serve: expert tiers: GPU 412 hits this request; since the start RAM 133187 blobs, files 0 blobs 0.0 MB read
strata serve: prompt 24630 tokens = 24629 reused + 1 read in 0 ms (21692.0 tok/s), 1 generated in 17 ms (59.4 tok/s), drafts accepted 0 of 0, 2 checkpoints
strata serve: decode expert cache hit rate: 75.4% (353 hits / 468 lookups); 12 more read by the GPU over PCIe or from another GPU (2.5% of all 480 routed)
strata serve: resident RAM: 63.28 GiB of experts in RAM, 0 exchanged with the VRAM tier, 0 blob reads from the file
safetensors residency metrics: ram_bytes=67948118016 os_locked_bytes=0 cuda_pinned_bytes=67948118016 promotions=576 promoted_payload_bytes=1592534016 expert_file_bytes=0 (cumulative; payload is not a physical PCIe counter)
safetensors ngram metrics: ple io: 394080 rows, 24.4% row-cache hits, 256584 SSD reads (1051.1 MB), read p50 227 us p99 556 us, blocked 495.085 ms total (submit 0.568 ms), cache 247444/1048576 rows, SSD kept awake by 76 reads (slowest 13.9 ms)
strata serve: expert tiers: GPU 353 hits this request; since the start RAM 133314 blobs, files 0 blobs 0.0 MB read
strata serve: prompt 24631 tokens = 24630 reused + 1 read in 0 ms (16750.4 tok/s), 1 generated in 24 ms (41.4 tok/s), drafts accepted 0 of 0, 2 checkpoints
strata serve: decode expert cache hit rate: 69.9% (323 hits / 462 lookups); 18 more read by the GPU over PCIe or from another GPU (3.8% of all 480 routed)
strata serve: resident RAM: 63.28 GiB of experts in RAM, 0 exchanged with the VRAM tier, 0 blob reads from the file
safetensors residency metrics: ram_bytes=67948118016 os_locked_bytes=0 cuda_pinned_bytes=67948118016 promotions=576 promoted_payload_bytes=1592534016 expert_file_bytes=0 (cumulative; payload is not a physical PCIe counter)
safetensors ngram metrics: ple io: 394096 rows, 24.4% row-cache hits, 256600 SSD reads (1051.2 MB), read p50 227 us p99 556 us, blocked 495.085 ms total (submit 0.583 ms), cache 247460/1048576 rows, SSD kept awake by 76 reads (slowest 13.9 ms)
strata serve: expert tiers: GPU 323 hits this request; since the start RAM 133567 blobs, files 0 blobs 0.0 MB read
strata serve: prompt 24632 tokens = 24631 reused + 1 read in 0 ms (7423.9 tok/s), 1 generated in 17 ms (57.4 tok/s), drafts accepted 0 of 0, 2 checkpoints
strata serve: decode expert cache hit rate: 74.5% (344 hits / 462 lookups); 18 more read by the GPU over PCIe or from another GPU (3.8% of all 480 routed)
strata serve: resident RAM: 63.28 GiB of experts in RAM, 0 exchanged with the VRAM tier, 0 blob reads from the file
safetensors residency metrics: ram_bytes=67948118016 os_locked_bytes=0 cuda_pinned_bytes=67948118016 promotions=672 promoted_payload_bytes=1857956352 expert_file_bytes=0 (cumulative; payload is not a physical PCIe counter)
safetensors ngram metrics: ple io: 394112 rows, 24.4% row-cache hits, 256616 SSD reads (1051.2 MB), read p50 227 us p99 556 us, blocked 495.086 ms total (submit 0.602 ms), cache 247476/1048576 rows, SSD kept awake by 76 reads (slowest 13.9 ms)
strata serve: expert tiers: GPU 344 hits this request; since the start RAM 133703 blobs, files 0 blobs 0.0 MB read
strata serve: prompt 24633 tokens = 24632 reused + 1 read in 0 ms (21551.7 tok/s), 1 generated in 19 ms (51.5 tok/s), drafts accepted 0 of 0, 2 checkpoints
strata serve: decode expert cache hit rate: 67.0% (304 hits / 454 lookups); 26 more read by the GPU over PCIe or from another GPU (5.4% of all 480 routed)
strata serve: resident RAM: 63.28 GiB of experts in RAM, 0 exchanged with the VRAM tier, 0 blob reads from the file
safetensors residency metrics: ram_bytes=67948118016 os_locked_bytes=0 cuda_pinned_bytes=67948118016 promotions=672 promoted_payload_bytes=1857956352 expert_file_bytes=0 (cumulative; payload is not a physical PCIe counter)
safetensors ngram metrics: ple io: 394128 rows, 24.4% row-cache hits, 256632 SSD reads (1051.3 MB), read p50 227 us p99 556 us, blocked 495.086 ms total (submit 0.618 ms), cache 247492/1048576 rows, SSD kept awake by 76 reads (slowest 13.9 ms)
strata serve: expert tiers: GPU 304 hits this request; since the start RAM 133879 blobs, files 0 blobs 0.0 MB read
strata serve: prompt 24634 tokens = 24633 reused + 1 read in 0 ms (20618.6 tok/s), 1 generated in 17 ms (57.5 tok/s), drafts accepted 0 of 0, 2 checkpoints
strata serve: decode expert cache hit rate: 73.2% (339 hits / 463 lookups); 17 more read by the GPU over PCIe or from another GPU (3.5% of all 480 routed)
strata serve: resident RAM: 63.28 GiB of experts in RAM, 0 exchanged with the VRAM tier, 0 blob reads from the file
safetensors residency metrics: ram_bytes=67948118016 os_locked_bytes=0 cuda_pinned_bytes=67948118016 promotions=672 promoted_payload_bytes=1857956352 expert_file_bytes=0 (cumulative; payload is not a physical PCIe counter)
safetensors ngram metrics: ple io: 394144 rows, 24.4% row-cache hits, 256648 SSD reads (1051.4 MB), read p50 227 us p99 556 us, blocked 495.087 ms total (submit 0.634 ms), cache 247508/1048576 rows, SSD kept awake by 76 reads (slowest 13.9 ms)
strata serve: expert tiers: GPU 339 hits this request; since the start RAM 134020 blobs, files 0 blobs 0.0 MB read
strata serve: prompt 24635 tokens = 24634 reused + 1 read in 0 ms (21692.0 tok/s), 1 generated in 24 ms (41.2 tok/s), drafts accepted 0 of 0, 2 checkpoints
strata serve: decode expert cache hit rate: 79.8% (375 hits / 470 lookups); 10 more read by the GPU over PCIe or from another GPU (2.1% of all 480 routed)
strata serve: resident RAM: 63.28 GiB of experts in RAM, 0 exchanged with the VRAM tier, 0 blob reads from the file
safetensors residency metrics: ram_bytes=67948118016 os_locked_bytes=0 cuda_pinned_bytes=67948118016 promotions=672 promoted_payload_bytes=1857956352 expert_file_bytes=0 (cumulative; payload is not a physical PCIe counter)
safetensors ngram metrics: ple io: 394160 rows, 24.4% row-cache hits, 256656 SSD reads (1051.4 MB), read p50 227 us p99 556 us, blocked 495.087 ms total (submit 0.649 ms), cache 247516/1048576 rows, SSD kept awake by 76 reads (slowest 13.9 ms)
strata serve: expert tiers: GPU 375 hits this request; since the start RAM 134221 blobs, files 0 blobs 0.0 MB read
strata serve: prompt 24636 tokens = 24635 reused + 1 read in 0 ms (7178.8 tok/s), 1 generated in 19 ms (53.9 tok/s), drafts accepted 0 of 0, 2 checkpoints
strata serve: decode expert cache hit rate: 71.1% (325 hits / 457 lookups); 23 more read by the GPU over PCIe or from another GPU (4.8% of all 480 routed)
strata serve: resident RAM: 63.28 GiB of experts in RAM, 0 exchanged with the VRAM tier, 0 blob reads from the file
safetensors residency metrics: ram_bytes=67948118016 os_locked_bytes=0 cuda_pinned_bytes=67948118016 promotions=768 promoted_payload_bytes=2123378688 expert_file_bytes=0 (cumulative; payload is not a physical PCIe counter)
safetensors ngram metrics: ple io: 394176 rows, 24.4% row-cache hits, 256672 SSD reads (1051.5 MB), read p50 227 us p99 556 us, blocked 495.088 ms total (submit 0.666 ms), cache 247532/1048576 rows, SSD kept awake by 76 reads (slowest 13.9 ms)
strata serve: expert tiers: GPU 325 hits this request; since the start RAM 134376 blobs, files 0 blobs 0.0 MB read
strata serve: prompt 24637 tokens = 24636 reused + 1 read in 0 ms (22222.2 tok/s), 1 generated in 18 ms (54.3 tok/s), drafts accepted 0 of 0, 2 checkpoints
strata serve: decode expert cache hit rate: 63.2% (282 hits / 446 lookups); 34 more read by the GPU over PCIe or from another GPU (7.1% of all 480 routed)
strata serve: resident RAM: 63.28 GiB of experts in RAM, 0 exchanged with the VRAM tier, 0 blob reads from the file
safetensors residency metrics: ram_bytes=67948118016 os_locked_bytes=0 cuda_pinned_bytes=67948118016 promotions=768 promoted_payload_bytes=2123378688 expert_file_bytes=0 (cumulative; payload is not a physical PCIe counter)
safetensors ngram metrics: ple io: 394192 rows, 24.4% row-cache hits, 256688 SSD reads (1051.5 MB), read p50 227 us p99 556 us, blocked 495.088 ms total (submit 0.682 ms), cache 247548/1048576 rows, SSD kept awake by 76 reads (slowest 13.9 ms)
strata serve: expert tiers: GPU 282 hits this request; since the start RAM 134574 blobs, files 0 blobs 0.0 MB read
strata serve: prompt 24638 tokens = 24637 reused + 1 read in 0 ms (19493.2 tok/s), 1 generated in 19 ms (52.8 tok/s), drafts accepted 0 of 0, 2 checkpoints
strata serve: decode expert cache hit rate: 68.9% (315 hits / 457 lookups); 23 more read by the GPU over PCIe or from another GPU (4.8% of all 480 routed)
strata serve: resident RAM: 63.28 GiB of experts in RAM, 0 exchanged with the VRAM tier, 0 blob reads from the file
safetensors residency metrics: ram_bytes=67948118016 os_locked_bytes=0 cuda_pinned_bytes=67948118016 promotions=768 promoted_payload_bytes=2123378688 expert_file_bytes=0 (cumulative; payload is not a physical PCIe counter)
safetensors ngram metrics: ple io: 394208 rows, 24.4% row-cache hits, 256704 SSD reads (1051.6 MB), read p50 227 us p99 556 us, blocked 495.089 ms total (submit 0.699 ms), cache 247564/1048576 rows, SSD kept awake by 76 reads (slowest 13.9 ms)
strata serve: expert tiers: GPU 315 hits this request; since the start RAM 134739 blobs, files 0 blobs 0.0 MB read
strata serve: prompt 24639 tokens = 24638 reused + 1 read in 0 ms (21231.4 tok/s), 1 generated in 21 ms (46.6 tok/s), drafts accepted 0 of 0, 2 checkpoints
strata serve: decode expert cache hit rate: 68.7% (312 hits / 454 lookups); 26 more read by the GPU over PCIe or from another GPU (5.4% of all 480 routed)
strata serve: resident RAM: 63.28 GiB of experts in RAM, 0 exchanged with the VRAM tier, 0 blob reads from the file
safetensors residency metrics: ram_bytes=67948118016 os_locked_bytes=0 cuda_pinned_bytes=67948118016 promotions=768 promoted_payload_bytes=2123378688 expert_file_bytes=0 (cumulative; payload is not a physical PCIe counter)
safetensors ngram metrics: ple io: 394224 rows, 24.4% row-cache hits, 256720 SSD reads (1051.7 MB), read p50 227 us p99 556 us, blocked 495.089 ms total (submit 0.713 ms), cache 247580/1048576 rows, SSD kept awake by 76 reads (slowest 13.9 ms)
strata serve: expert tiers: GPU 312 hits this request; since the start RAM 135003 blobs, files 0 blobs 0.0 MB read
strata serve: prompt 24640 tokens = 24639 reused + 1 read in 0 ms (8354.2 tok/s), 1 generated in 20 ms (49.8 tok/s), drafts accepted 0 of 0, 2 checkpoints
strata serve: decode expert cache hit rate: 82.0% (387 hits / 472 lookups); 8 more read by the GPU over PCIe or from another GPU (1.7% of all 480 routed)
strata serve: resident RAM: 63.28 GiB of experts in RAM, 0 exchanged with the VRAM tier, 0 blob reads from the file
safetensors residency metrics: ram_bytes=67948118016 os_locked_bytes=0 cuda_pinned_bytes=67948118016 promotions=864 promoted_payload_bytes=2388801024 expert_file_bytes=0 (cumulative; payload is not a physical PCIe counter)
safetensors ngram metrics: ple io: 394240 rows, 24.4% row-cache hits, 256736 SSD reads (1051.7 MB), read p50 227 us p99 556 us, blocked 495.090 ms total (submit 0.728 ms), cache 247596/1048576 rows, SSD kept awake by 76 reads (slowest 13.9 ms)
strata serve: expert tiers: GPU 387 hits this request; since the start RAM 135096 blobs, files 0 blobs 0.0 MB read
strata serve: prompt 24641 tokens = 24640 reused + 1 read in 0 ms (18450.2 tok/s), 1 generated in 20 ms (51.0 tok/s), drafts accepted 0 of 0, 2 checkpoints
strata serve: decode expert cache hit rate: 76.1% (353 hits / 464 lookups); 16 more read by the GPU over PCIe or from another GPU (3.3% of all 480 routed)
strata serve: resident RAM: 63.28 GiB of experts in RAM, 0 exchanged with the VRAM tier, 0 blob reads from the file
safetensors residency metrics: ram_bytes=67948118016 os_locked_bytes=0 cuda_pinned_bytes=67948118016 promotions=864 promoted_payload_bytes=2388801024 expert_file_bytes=0 (cumulative; payload is not a physical PCIe counter)
safetensors ngram metrics: ple io: 394256 rows, 24.4% row-cache hits, 256752 SSD reads (1051.8 MB), read p50 227 us p99 556 us, blocked 495.090 ms total (submit 0.743 ms), cache 247612/1048576 rows, SSD kept awake by 76 reads (slowest 13.9 ms)
strata serve: expert tiers: GPU 353 hits this request; since the start RAM 135223 blobs, files 0 blobs 0.0 MB read
strata serve: prompt 24642 tokens = 24641 reused + 1 read in 0 ms (20533.9 tok/s), 1 generated in 22 ms (44.6 tok/s), drafts accepted 0 of 0, 2 checkpoints
strata serve: decode expert cache hit rate: 67.2% (305 hits / 454 lookups); 26 more read by the GPU over PCIe or from another GPU (5.4% of all 480 routed)
strata serve: resident RAM: 63.28 GiB of experts in RAM, 0 exchanged with the VRAM tier, 0 blob reads from the file
safetensors residency metrics: ram_bytes=67948118016 os_locked_bytes=0 cuda_pinned_bytes=67948118016 promotions=864 promoted_payload_bytes=2388801024 expert_file_bytes=0 (cumulative; payload is not a physical PCIe counter)
safetensors ngram metrics: ple io: 394272 rows, 24.4% row-cache hits, 256760 SSD reads (1051.8 MB), read p50 227 us p99 556 us, blocked 495.090 ms total (submit 0.758 ms), cache 247620/1048576 rows, SSD kept awake by 76 reads (slowest 13.9 ms)
strata serve: expert tiers: GPU 305 hits this request; since the start RAM 135398 blobs, files 0 blobs 0.0 MB read
strata serve: prompt 24643 tokens = 24642 reused + 1 read in 0 ms (20161.3 tok/s), 1 generated in 20 ms (49.5 tok/s), drafts accepted 0 of 0, 2 checkpoints
strata serve: decode expert cache hit rate: 64.5% (292 hits / 453 lookups); 27 more read by the GPU over PCIe or from another GPU (5.6% of all 480 routed)
strata serve: resident RAM: 63.28 GiB of experts in RAM, 0 exchanged with the VRAM tier, 0 blob reads from the file
safetensors residency metrics: ram_bytes=67948118016 os_locked_bytes=0 cuda_pinned_bytes=67948118016 promotions=864 promoted_payload_bytes=2388801024 expert_file_bytes=0 (cumulative; payload is not a physical PCIe counter)
safetensors ngram metrics: ple io: 394288 rows, 24.4% row-cache hits, 256768 SSD reads (1051.9 MB), read p50 227 us p99 556 us, blocked 495.091 ms total (submit 0.770 ms), cache 247628/1048576 rows, SSD kept awake by 76 reads (slowest 13.9 ms)
strata serve: expert tiers: GPU 292 hits this request; since the start RAM 135682 blobs, files 0 blobs 0.0 MB read
strata serve: prompt 24644 tokens = 24643 reused + 1 read in 0 ms (7132.7 tok/s), 1 generated in 17 ms (59.3 tok/s), drafts accepted 0 of 0, 2 checkpoints
strata serve: decode expert cache hit rate: 72.0% (334 hits / 464 lookups); 16 more read by the GPU over PCIe or from another GPU (3.3% of all 480 routed)
strata serve: resident RAM: 63.28 GiB of experts in RAM, 0 exchanged with the VRAM tier, 0 blob reads from the file
safetensors residency metrics: ram_bytes=67948118016 os_locked_bytes=0 cuda_pinned_bytes=67948118016 promotions=960 promoted_payload_bytes=2654223360 expert_file_bytes=0 (cumulative; payload is not a physical PCIe counter)
safetensors ngram metrics: ple io: 394304 rows, 24.4% row-cache hits, 256776 SSD reads (1051.9 MB), read p50 227 us p99 556 us, blocked 495.091 ms total (submit 0.783 ms), cache 247636/1048576 rows, SSD kept awake by 76 reads (slowest 13.9 ms)
strata serve: expert tiers: GPU 334 hits this request; since the start RAM 135828 blobs, files 0 blobs 0.0 MB read
strata serve: prompt 24645 tokens = 24644 reused + 1 read in 0 ms (21459.2 tok/s), 1 generated in 16 ms (62.2 tok/s), drafts accepted 0 of 0, 2 checkpoints
strata serve: decode expert cache hit rate: 78.2% (365 hits / 467 lookups); 13 more read by the GPU over PCIe or from another GPU (2.7% of all 480 routed)
strata serve: resident RAM: 63.28 GiB of experts in RAM, 0 exchanged with the VRAM tier, 0 blob reads from the file
safetensors residency metrics: ram_bytes=67948118016 os_locked_bytes=0 cuda_pinned_bytes=67948118016 promotions=960 promoted_payload_bytes=2654223360 expert_file_bytes=0 (cumulative; payload is not a physical PCIe counter)
safetensors ngram metrics: ple io: 394320 rows, 24.4% row-cache hits, 256792 SSD reads (1052.0 MB), read p50 226 us p99 556 us, blocked 495.092 ms total (submit 0.799 ms), cache 247652/1048576 rows, SSD kept awake by 76 reads (slowest 13.9 ms)
strata serve: expert tiers: GPU 365 hits this request; since the start RAM 135943 blobs, files 0 blobs 0.0 MB read
strata serve: prompt 24646 tokens = 24645 reused + 1 read in 0 ms (19230.8 tok/s), 1 generated in 15 ms (65.8 tok/s), drafts accepted 0 of 0, 2 checkpoints
strata serve: decode expert cache hit rate: 83.3% (393 hits / 472 lookups); 8 more read by the GPU over PCIe or from another GPU (1.7% of all 480 routed)
strata serve: resident RAM: 63.28 GiB of experts in RAM, 0 exchanged with the VRAM tier, 0 blob reads from the file
safetensors residency metrics: ram_bytes=67948118016 os_locked_bytes=0 cuda_pinned_bytes=67948118016 promotions=960 promoted_payload_bytes=2654223360 expert_file_bytes=0 (cumulative; payload is not a physical PCIe counter)
safetensors ngram metrics: ple io: 394336 rows, 24.4% row-cache hits, 256808 SSD reads (1052.1 MB), read p50 226 us p99 556 us, blocked 495.092 ms total (submit 0.814 ms), cache 247668/1048576 rows, SSD kept awake by 76 reads (slowest 13.9 ms)
strata serve: expert tiers: GPU 393 hits this request; since the start RAM 136030 blobs, files 0 blobs 0.0 MB read
strata serve: prompt 24647 tokens = 24646 reused + 1 read in 0 ms (18281.5 tok/s), 1 generated in 19 ms (51.3 tok/s), drafts accepted 0 of 0, 2 checkpoints
strata serve: decode expert cache hit rate: 66.8% (302 hits / 452 lookups); 28 more read by the GPU over PCIe or from another GPU (5.8% of all 480 routed)
strata serve: resident RAM: 63.28 GiB of experts in RAM, 0 exchanged with the VRAM tier, 0 blob reads from the file
safetensors residency metrics: ram_bytes=67948118016 os_locked_bytes=0 cuda_pinned_bytes=67948118016 promotions=960 promoted_payload_bytes=2654223360 expert_file_bytes=0 (cumulative; payload is not a physical PCIe counter)
safetensors ngram metrics: ple io: 394352 rows, 24.4% row-cache hits, 256816 SSD reads (1052.1 MB), read p50 226 us p99 556 us, blocked 495.093 ms total (submit 0.827 ms), cache 247676/1048576 rows, SSD kept awake by 76 reads (slowest 13.9 ms)
strata serve: expert tiers: GPU 302 hits this request; since the start RAM 136304 blobs, files 0 blobs 0.0 MB read
strata serve: prompt 24648 tokens = 24647 reused + 1 read in 0 ms (6317.1 tok/s), 1 generated in 17 ms (59.7 tok/s), drafts accepted 0 of 0, 2 checkpoints
strata serve: decode expert cache hit rate: 80.3% (380 hits / 473 lookups); 7 more read by the GPU over PCIe or from another GPU (1.5% of all 480 routed)
strata serve: resident RAM: 63.28 GiB of experts in RAM, 0 exchanged with the VRAM tier, 0 blob reads from the file
safetensors residency metrics: ram_bytes=67948118016 os_locked_bytes=0 cuda_pinned_bytes=67948118016 promotions=1056 promoted_payload_bytes=2919645696 expert_file_bytes=0 (cumulative; payload is not a physical PCIe counter)
safetensors ngram metrics: ple io: 394368 rows, 24.4% row-cache hits, 256832 SSD reads (1052.2 MB), read p50 226 us p99 556 us, blocked 495.093 ms total (submit 0.843 ms), cache 247692/1048576 rows, SSD kept awake by 76 reads (slowest 13.9 ms)
strata serve: expert tiers: GPU 380 hits this request; since the start RAM 136404 blobs, files 0 blobs 0.0 MB read
strata serve: prompt 24649 tokens = 24648 reused + 1 read in 0 ms (19417.5 tok/s), 1 generated in 17 ms (58.5 tok/s), drafts accepted 0 of 0, 2 checkpoints
strata serve: decode expert cache hit rate: 72.2% (330 hits / 457 lookups); 23 more read by the GPU over PCIe or from another GPU (4.8% of all 480 routed)
strata serve: resident RAM: 63.28 GiB of experts in RAM, 0 exchanged with the VRAM tier, 0 blob reads from the file
safetensors residency metrics: ram_bytes=67948118016 os_locked_bytes=0 cuda_pinned_bytes=67948118016 promotions=1056 promoted_payload_bytes=2919645696 expert_file_bytes=0 (cumulative; payload is not a physical PCIe counter)
safetensors ngram metrics: ple io: 394384 rows, 24.4% row-cache hits, 256848 SSD reads (1052.2 MB), read p50 226 us p99 556 us, blocked 495.093 ms total (submit 0.859 ms), cache 247708/1048576 rows, SSD kept awake by 76 reads (slowest 13.9 ms)
strata serve: expert tiers: GPU 330 hits this request; since the start RAM 136554 blobs, files 0 blobs 0.0 MB read
strata serve: prompt 24650 tokens = 24649 reused + 1 read in 0 ms (18832.4 tok/s), 1 generated in 17 ms (59.4 tok/s), drafts accepted 0 of 0, 2 checkpoints
strata serve: decode expert cache hit rate: 73.7% (341 hits / 463 lookups); 17 more read by the GPU over PCIe or from another GPU (3.5% of all 480 routed)
strata serve: resident RAM: 63.28 GiB of experts in RAM, 0 exchanged with the VRAM tier, 0 blob reads from the file
safetensors residency metrics: ram_bytes=67948118016 os_locked_bytes=0 cuda_pinned_bytes=67948118016 promotions=1056 promoted_payload_bytes=2919645696 expert_file_bytes=0 (cumulative; payload is not a physical PCIe counter)
safetensors ngram metrics: ple io: 394400 rows, 24.4% row-cache hits, 256864 SSD reads (1052.3 MB), read p50 226 us p99 556 us, blocked 495.094 ms total (submit 0.874 ms), cache 247724/1048576 rows, SSD kept awake by 76 reads (slowest 13.9 ms)
strata serve: expert tiers: GPU 341 hits this request; since the start RAM 136693 blobs, files 0 blobs 0.0 MB read
strata serve: prompt 24651 tokens = 24650 reused + 1 read in 0 ms (9416.2 tok/s), 1 generated in 19 ms (52.7 tok/s), drafts accepted 0 of 0, 2 checkpoints
strata serve: decode expert cache hit rate: 69.8% (321 hits / 460 lookups); 20 more read by the GPU over PCIe or from another GPU (4.2% of all 480 routed)
strata serve: resident RAM: 63.28 GiB of experts in RAM, 0 exchanged with the VRAM tier, 0 blob reads from the file
safetensors residency metrics: ram_bytes=67948118016 os_locked_bytes=0 cuda_pinned_bytes=67948118016 promotions=1056 promoted_payload_bytes=2919645696 expert_file_bytes=0 (cumulative; payload is not a physical PCIe counter)
safetensors ngram metrics: ple io: 394416 rows, 24.4% row-cache hits, 256880 SSD reads (1052.4 MB), read p50 226 us p99 556 us, blocked 495.094 ms total (submit 0.890 ms), cache 247740/1048576 rows, SSD kept awake by 76 reads (slowest 13.9 ms)
strata serve: expert tiers: GPU 321 hits this request; since the start RAM 136948 blobs, files 0 blobs 0.0 MB read
strata serve: prompt 24652 tokens = 24651 reused + 1 read in 0 ms (6702.4 tok/s), 1 generated in 15 ms (64.7 tok/s), drafts accepted 0 of 0, 2 checkpoints
strata serve: decode expert cache hit rate: 82.0% (388 hits / 473 lookups); 7 more read by the GPU over PCIe or from another GPU (1.5% of all 480 routed)
strata serve: resident RAM: 63.28 GiB of experts in RAM, 0 exchanged with the VRAM tier, 0 blob reads from the file
safetensors residency metrics: ram_bytes=67948118016 os_locked_bytes=0 cuda_pinned_bytes=67948118016 promotions=1152 promoted_payload_bytes=3185068032 expert_file_bytes=0 (cumulative; payload is not a physical PCIe counter)
safetensors ngram metrics: ple io: 394432 rows, 24.4% row-cache hits, 256896 SSD reads (1052.4 MB), read p50 226 us p99 556 us, blocked 495.095 ms total (submit 0.906 ms), cache 247756/1048576 rows, SSD kept awake by 76 reads (slowest 13.9 ms)
strata serve: expert tiers: GPU 388 hits this request; since the start RAM 137040 blobs, files 0 blobs 0.0 MB read
strata serve: prompt 24653 tokens = 24652 reused + 1 read in 0 ms (19841.3 tok/s), 1 generated in 16 ms (63.8 tok/s), drafts accepted 0 of 0, 2 checkpoints
strata serve: decode expert cache hit rate: 81.1% (382 hits / 471 lookups); 9 more read by the GPU over PCIe or from another GPU (1.9% of all 480 routed)
strata serve: resident RAM: 63.28 GiB of experts in RAM, 0 exchanged with the VRAM tier, 0 blob reads from the file
safetensors residency metrics: ram_bytes=67948118016 os_locked_bytes=0 cuda_pinned_bytes=67948118016 promotions=1152 promoted_payload_bytes=3185068032 expert_file_bytes=0 (cumulative; payload is not a physical PCIe counter)
safetensors ngram metrics: ple io: 394448 rows, 24.4% row-cache hits, 256912 SSD reads (1052.5 MB), read p50 226 us p99 556 us, blocked 495.095 ms total (submit 0.923 ms), cache 247772/1048576 rows, SSD kept awake by 76 reads (slowest 13.9 ms)
strata serve: expert tiers: GPU 382 hits this request; since the start RAM 137138 blobs, files 0 blobs 0.0 MB read
strata serve: prompt 24654 tokens = 24653 reused + 1 read in 0 ms (18050.5 tok/s), 1 generated in 16 ms (61.1 tok/s), drafts accepted 0 of 0, 2 checkpoints
strata serve: decode expert cache hit rate: 82.5% (391 hits / 474 lookups); 6 more read by the GPU over PCIe or from another GPU (1.2% of all 480 routed)
strata serve: resident RAM: 63.28 GiB of experts in RAM, 0 exchanged with the VRAM tier, 0 blob reads from the file
safetensors residency metrics: ram_bytes=67948118016 os_locked_bytes=0 cuda_pinned_bytes=67948118016 promotions=1152 promoted_payload_bytes=3185068032 expert_file_bytes=0 (cumulative; payload is not a physical PCIe counter)
safetensors ngram metrics: ple io: 394464 rows, 24.4% row-cache hits, 256928 SSD reads (1052.6 MB), read p50 226 us p99 556 us, blocked 495.096 ms total (submit 0.941 ms), cache 247788/1048576 rows, SSD kept awake by 76 reads (slowest 13.9 ms)
strata serve: expert tiers: GPU 391 hits this request; since the start RAM 137227 blobs, files 0 blobs 0.0 MB read
strata serve: prompt 24655 tokens = 24654 reused + 1 read in 0 ms (20833.3 tok/s), 1 generated in 20 ms (50.1 tok/s), drafts accepted 0 of 0, 2 checkpoints
strata serve: decode expert cache hit rate: 64.1% (288 hits / 449 lookups); 31 more read by the GPU over PCIe or from another GPU (6.5% of all 480 routed)
strata serve: resident RAM: 63.28 GiB of experts in RAM, 0 exchanged with the VRAM tier, 0 blob reads from the file
safetensors residency metrics: ram_bytes=67948118016 os_locked_bytes=0 cuda_pinned_bytes=67948118016 promotions=1152 promoted_payload_bytes=3185068032 expert_file_bytes=0 (cumulative; payload is not a physical PCIe counter)
safetensors ngram metrics: ple io: 394480 rows, 24.4% row-cache hits, 256944 SSD reads (1052.7 MB), read p50 226 us p99 557 us, blocked 495.159 ms total (submit 0.956 ms), cache 247804/1048576 rows, SSD kept awake by 76 reads (slowest 13.9 ms)
strata serve: expert tiers: GPU 288 hits this request; since the start RAM 137515 blobs, files 0 blobs 0.0 MB read
strata serve: prompt 24656 tokens = 24655 reused + 1 read in 0 ms (7062.1 tok/s), 1 generated in 17 ms (60.4 tok/s), drafts accepted 0 of 0, 2 checkpoints
strata serve: decode expert cache hit rate: 75.6% (350 hits / 463 lookups); 17 more read by the GPU over PCIe or from another GPU (3.5% of all 480 routed)
strata serve: resident RAM: 63.28 GiB of experts in RAM, 0 exchanged with the VRAM tier, 0 blob reads from the file
safetensors residency metrics: ram_bytes=67948118016 os_locked_bytes=0 cuda_pinned_bytes=67948118016 promotions=1248 promoted_payload_bytes=3450490368 expert_file_bytes=0 (cumulative; payload is not a physical PCIe counter)
safetensors ngram metrics: ple io: 394496 rows, 24.4% row-cache hits, 256952 SSD reads (1052.7 MB), read p50 226 us p99 557 us, blocked 495.159 ms total (submit 0.968 ms), cache 247812/1048576 rows, SSD kept awake by 76 reads (slowest 13.9 ms)
strata serve: expert tiers: GPU 350 hits this request; since the start RAM 137645 blobs, files 0 blobs 0.0 MB read
strata serve: prompt 24657 tokens = 24656 reused + 1 read in 0 ms (21231.4 tok/s), 1 generated in 16 ms (63.9 tok/s), drafts accepted 0 of 0, 2 checkpoints
strata serve: decode expert cache hit rate: 81.1% (381 hits / 470 lookups); 10 more read by the GPU over PCIe or from another GPU (2.1% of all 480 routed)
strata serve: resident RAM: 63.28 GiB of experts in RAM, 0 exchanged with the VRAM tier, 0 blob reads from the file
safetensors residency metrics: ram_bytes=67948118016 os_locked_bytes=0 cuda_pinned_bytes=67948118016 promotions=1248 promoted_payload_bytes=3450490368 expert_file_bytes=0 (cumulative; payload is not a physical PCIe counter)
safetensors ngram metrics: ple io: 394512 rows, 24.4% row-cache hits, 256968 SSD reads (1052.7 MB), read p50 226 us p99 557 us, blocked 495.160 ms total (submit 0.982 ms), cache 247828/1048576 rows, SSD kept awake by 76 reads (slowest 13.9 ms)
strata serve: expert tiers: GPU 381 hits this request; since the start RAM 137744 blobs, files 0 blobs 0.0 MB read
strata serve: prompt 24658 tokens = 24657 reused + 1 read in 0 ms (21008.4 tok/s), 1 generated in 17 ms (58.5 tok/s), drafts accepted 0 of 0, 2 checkpoints
strata serve: decode expert cache hit rate: 73.1% (337 hits / 461 lookups); 19 more read by the GPU over PCIe or from another GPU (4.0% of all 480 routed)
strata serve: resident RAM: 63.28 GiB of experts in RAM, 0 exchanged with the VRAM tier, 0 blob reads from the file
safetensors residency metrics: ram_bytes=67948118016 os_locked_bytes=0 cuda_pinned_bytes=67948118016 promotions=1248 promoted_payload_bytes=3450490368 expert_file_bytes=0 (cumulative; payload is not a physical PCIe counter)
safetensors ngram metrics: ple io: 394528 rows, 24.4% row-cache hits, 256984 SSD reads (1052.8 MB), read p50 226 us p99 557 us, blocked 495.160 ms total (submit 0.996 ms), cache 247844/1048576 rows, SSD kept awake by 76 reads (slowest 13.9 ms)
strata serve: expert tiers: GPU 337 hits this request; since the start RAM 137887 blobs, files 0 blobs 0.0 MB read
strata serve: prompt 24659 tokens = 24658 reused + 1 read in 0 ms (10266.9 tok/s), 1 generated in 16 ms (61.1 tok/s), drafts accepted 0 of 0, 2 checkpoints
strata serve: decode expert cache hit rate: 85.3% (406 hits / 476 lookups); 4 more read by the GPU over PCIe or from another GPU (0.8% of all 480 routed)
strata serve: resident RAM: 63.28 GiB of experts in RAM, 0 exchanged with the VRAM tier, 0 blob reads from the file
safetensors residency metrics: ram_bytes=67948118016 os_locked_bytes=0 cuda_pinned_bytes=67948118016 promotions=1248 promoted_payload_bytes=3450490368 expert_file_bytes=0 (cumulative; payload is not a physical PCIe counter)
safetensors ngram metrics: ple io: 394544 rows, 24.4% row-cache hits, 257000 SSD reads (1052.9 MB), read p50 226 us p99 557 us, blocked 495.161 ms total (submit 1.013 ms), cache 247860/1048576 rows, SSD kept awake by 76 reads (slowest 13.9 ms)
strata serve: expert tiers: GPU 406 hits this request; since the start RAM 138057 blobs, files 0 blobs 0.0 MB read
strata serve: prompt 24660 tokens = 24659 reused + 1 read in 0 ms (7423.9 tok/s), 1 generated in 15 ms (64.9 tok/s), drafts accepted 0 of 0, 2 checkpoints
strata serve: decode expert cache hit rate: 81.7% (384 hits / 470 lookups); 10 more read by the GPU over PCIe or from another GPU (2.1% of all 480 routed)
strata serve: resident RAM: 63.28 GiB of experts in RAM, 0 exchanged with the VRAM tier, 0 blob reads from the file
safetensors residency metrics: ram_bytes=67948118016 os_locked_bytes=0 cuda_pinned_bytes=67948118016 promotions=1344 promoted_payload_bytes=3715912704 expert_file_bytes=0 (cumulative; payload is not a physical PCIe counter)
safetensors ngram metrics: ple io: 394560 rows, 24.4% row-cache hits, 257016 SSD reads (1053.0 MB), read p50 226 us p99 557 us, blocked 495.161 ms total (submit 1.029 ms), cache 247876/1048576 rows, SSD kept awake by 76 reads (slowest 13.9 ms)
strata serve: expert tiers: GPU 384 hits this request; since the start RAM 138153 blobs, files 0 blobs 0.0 MB read
strata serve: prompt 24661 tokens = 24660 reused + 1 read in 0 ms (20833.3 tok/s), 1 generated in 15 ms (64.8 tok/s), drafts accepted 0 of 0, 2 checkpoints
strata serve: decode expert cache hit rate: 81.9% (390 hits / 476 lookups); 4 more read by the GPU over PCIe or from another GPU (0.8% of all 480 routed)
strata serve: resident RAM: 63.28 GiB of experts in RAM, 0 exchanged with the VRAM tier, 0 blob reads from the file
safetensors residency metrics: ram_bytes=67948118016 os_locked_bytes=0 cuda_pinned_bytes=67948118016 promotions=1344 promoted_payload_bytes=3715912704 expert_file_bytes=0 (cumulative; payload is not a physical PCIe counter)
safetensors ngram metrics: ple io: 394576 rows, 24.4% row-cache hits, 257032 SSD reads (1053.0 MB), read p50 226 us p99 557 us, blocked 495.162 ms total (submit 1.045 ms), cache 247892/1048576 rows, SSD kept awake by 76 reads (slowest 13.9 ms)
strata serve: expert tiers: GPU 390 hits this request; since the start RAM 138243 blobs, files 0 blobs 0.0 MB read
strata serve: prompt 24662 tokens = 24661 reused + 1 read in 0 ms (20325.2 tok/s), 1 generated in 16 ms (62.4 tok/s), drafts accepted 0 of 0, 2 checkpoints
strata serve: decode expert cache hit rate: 82.2% (387 hits / 471 lookups); 9 more read by the GPU over PCIe or from another GPU (1.9% of all 480 routed)
strata serve: resident RAM: 63.28 GiB of experts in RAM, 0 exchanged with the VRAM tier, 0 blob reads from the file
safetensors residency metrics: ram_bytes=67948118016 os_locked_bytes=0 cuda_pinned_bytes=67948118016 promotions=1344 promoted_payload_bytes=3715912704 expert_file_bytes=0 (cumulative; payload is not a physical PCIe counter)
safetensors ngram metrics: ple io: 394592 rows, 24.4% row-cache hits, 257048 SSD reads (1053.1 MB), read p50 226 us p99 557 us, blocked 495.162 ms total (submit 1.059 ms), cache 247908/1048576 rows, SSD kept awake by 76 reads (slowest 13.9 ms)
strata serve: expert tiers: GPU 387 hits this request; since the start RAM 138336 blobs, files 0 blobs 0.0 MB read
strata serve: prompt 24663 tokens = 24662 reused + 1 read in 0 ms (20618.6 tok/s), 1 generated in 18 ms (56.3 tok/s), drafts accepted 0 of 0, 2 checkpoints
strata serve: decode expert cache hit rate: 81.9% (385 hits / 470 lookups); 10 more read by the GPU over PCIe or from another GPU (2.1% of all 480 routed)
strata serve: resident RAM: 63.28 GiB of experts in RAM, 0 exchanged with the VRAM tier, 0 blob reads from the file
safetensors residency metrics: ram_bytes=67948118016 os_locked_bytes=0 cuda_pinned_bytes=67948118016 promotions=1344 promoted_payload_bytes=3715912704 expert_file_bytes=0 (cumulative; payload is not a physical PCIe counter)
safetensors ngram metrics: ple io: 394608 rows, 24.4% row-cache hits, 257064 SSD reads (1053.2 MB), read p50 226 us p99 557 us, blocked 495.492 ms total (submit 1.075 ms), cache 247924/1048576 rows, SSD kept awake by 76 reads (slowest 13.9 ms)
strata serve: expert tiers: GPU 385 hits this request; since the start RAM 138527 blobs, files 0 blobs 0.0 MB read
strata serve: prompt 24664 tokens = 24663 reused + 1 read in 0 ms (6626.9 tok/s), 1 generated in 22 ms (46.0 tok/s), drafts accepted 0 of 0, 2 checkpoints
strata serve: decode expert cache hit rate: 71.1% (327 hits / 460 lookups); 20 more read by the GPU over PCIe or from another GPU (4.2% of all 480 routed)
strata serve: resident RAM: 63.28 GiB of experts in RAM, 0 exchanged with the VRAM tier, 0 blob reads from the file
safetensors residency metrics: ram_bytes=67948118016 os_locked_bytes=0 cuda_pinned_bytes=67948118016 promotions=1440 promoted_payload_bytes=3981335040 expert_file_bytes=0 (cumulative; payload is not a physical PCIe counter)
safetensors ngram metrics: ple io: 394624 rows, 24.4% row-cache hits, 257080 SSD reads (1053.2 MB), read p50 226 us p99 557 us, blocked 495.493 ms total (submit 1.092 ms), cache 247940/1048576 rows, SSD kept awake by 76 reads (slowest 13.9 ms)
strata serve: expert tiers: GPU 327 hits this request; since the start RAM 138680 blobs, files 0 blobs 0.0 MB read
strata serve: prompt 24665 tokens = 24664 reused + 1 read in 0 ms (20000.0 tok/s), 1 generated in 15 ms (64.9 tok/s), drafts accepted 0 of 0, 2 checkpoints
strata serve: decode expert cache hit rate: 83.5% (394 hits / 472 lookups); 8 more read by the GPU over PCIe or from another GPU (1.7% of all 480 routed)
strata serve: resident RAM: 63.28 GiB of experts in RAM, 0 exchanged with the VRAM tier, 0 blob reads from the file
safetensors residency metrics: ram_bytes=67948118016 os_locked_bytes=0 cuda_pinned_bytes=67948118016 promotions=1440 promoted_payload_bytes=3981335040 expert_file_bytes=0 (cumulative; payload is not a physical PCIe counter)
safetensors ngram metrics: ple io: 394640 rows, 24.4% row-cache hits, 257096 SSD reads (1053.3 MB), read p50 226 us p99 557 us, blocked 495.493 ms total (submit 1.106 ms), cache 247956/1048576 rows, SSD kept awake by 76 reads (slowest 13.9 ms)
strata serve: expert tiers: GPU 394 hits this request; since the start RAM 138766 blobs, files 0 blobs 0.0 MB read
strata serve: prompt 24666 tokens = 24665 reused + 1 read in 0 ms (21141.6 tok/s), 1 generated in 17 ms (58.1 tok/s), drafts accepted 0 of 0, 2 checkpoints
strata serve: decode expert cache hit rate: 72.1% (331 hits / 459 lookups); 21 more read by the GPU over PCIe or from another GPU (4.4% of all 480 routed)
strata serve: resident RAM: 63.28 GiB of experts in RAM, 0 exchanged with the VRAM tier, 0 blob reads from the file
safetensors residency metrics: ram_bytes=67948118016 os_locked_bytes=0 cuda_pinned_bytes=67948118016 promotions=1440 promoted_payload_bytes=3981335040 expert_file_bytes=0 (cumulative; payload is not a physical PCIe counter)
safetensors ngram metrics: ple io: 394656 rows, 24.4% row-cache hits, 257112 SSD reads (1053.4 MB), read p50 226 us p99 557 us, blocked 495.493 ms total (submit 1.120 ms), cache 247972/1048576 rows, SSD kept awake by 76 reads (slowest 13.9 ms)
strata serve: expert tiers: GPU 331 hits this request; since the start RAM 138915 blobs, files 0 blobs 0.0 MB read
strata serve: prompt 24667 tokens = 24666 reused + 1 read in 0 ms (20491.8 tok/s), 1 generated in 18 ms (56.9 tok/s), drafts accepted 0 of 0, 2 checkpoints
strata serve: decode expert cache hit rate: 82.2% (388 hits / 472 lookups); 8 more read by the GPU over PCIe or from another GPU (1.7% of all 480 routed)
strata serve: resident RAM: 63.28 GiB of experts in RAM, 0 exchanged with the VRAM tier, 0 blob reads from the file
safetensors residency metrics: ram_bytes=67948118016 os_locked_bytes=0 cuda_pinned_bytes=67948118016 promotions=1440 promoted_payload_bytes=3981335040 expert_file_bytes=0 (cumulative; payload is not a physical PCIe counter)
safetensors ngram metrics: ple io: 394672 rows, 24.4% row-cache hits, 257128 SSD reads (1053.4 MB), read p50 226 us p99 557 us, blocked 495.494 ms total (submit 1.136 ms), cache 247988/1048576 rows, SSD kept awake by 76 reads (slowest 13.9 ms)
strata serve: expert tiers: GPU 388 hits this request; since the start RAM 139103 blobs, files 0 blobs 0.0 MB read
strata serve: prompt 24668 tokens = 24667 reused + 1 read in 0 ms (7199.4 tok/s), 1 generated in 19 ms (51.9 tok/s), drafts accepted 0 of 0, 2 checkpoints
strata serve: decode expert cache hit rate: 70.1% (323 hits / 461 lookups); 19 more read by the GPU over PCIe or from another GPU (4.0% of all 480 routed)
strata serve: resident RAM: 63.28 GiB of experts in RAM, 0 exchanged with the VRAM tier, 0 blob reads from the file
safetensors residency metrics: ram_bytes=67948118016 os_locked_bytes=0 cuda_pinned_bytes=67948118016 promotions=1536 promoted_payload_bytes=4246757376 expert_file_bytes=0 (cumulative; payload is not a physical PCIe counter)
safetensors ngram metrics: ple io: 394688 rows, 24.4% row-cache hits, 257144 SSD reads (1053.5 MB), read p50 226 us p99 557 us, blocked 495.494 ms total (submit 1.155 ms), cache 248004/1048576 rows, SSD kept awake by 76 reads (slowest 13.9 ms)
strata serve: expert tiers: GPU 323 hits this request; since the start RAM 139260 blobs, files 0 blobs 0.0 MB read
strata serve: prompt 24669 tokens = 24668 reused + 1 read in 0 ms (21692.0 tok/s), 1 generated in 18 ms (55.3 tok/s), drafts accepted 0 of 0, 2 checkpoints
strata serve: decode expert cache hit rate: 64.5% (289 hits / 448 lookups); 32 more read by the GPU over PCIe or from another GPU (6.7% of all 480 routed)
strata serve: resident RAM: 63.28 GiB of experts in RAM, 0 exchanged with the VRAM tier, 0 blob reads from the file
safetensors residency metrics: ram_bytes=67948118016 os_locked_bytes=0 cuda_pinned_bytes=67948118016 promotions=1536 promoted_payload_bytes=4246757376 expert_file_bytes=0 (cumulative; payload is not a physical PCIe counter)
safetensors ngram metrics: ple io: 394704 rows, 24.4% row-cache hits, 257160 SSD reads (1053.6 MB), read p50 226 us p99 557 us, blocked 495.495 ms total (submit 1.173 ms), cache 248020/1048576 rows, SSD kept awake by 76 reads (slowest 13.9 ms)
strata serve: expert tiers: GPU 289 hits this request; since the start RAM 139451 blobs, files 0 blobs 0.0 MB read
strata serve: prompt 24670 tokens = 24669 reused + 1 read in 0 ms (20284.0 tok/s), 1 generated in 19 ms (52.8 tok/s), drafts accepted 0 of 0, 2 checkpoints
strata serve: decode expert cache hit rate: 60.0% (268 hits / 447 lookups); 33 more read by the GPU over PCIe or from another GPU (6.9% of all 480 routed)
strata serve: resident RAM: 63.28 GiB of experts in RAM, 0 exchanged with the VRAM tier, 0 blob reads from the file
safetensors residency metrics: ram_bytes=67948118016 os_locked_bytes=0 cuda_pinned_bytes=67948118016 promotions=1536 promoted_payload_bytes=4246757376 expert_file_bytes=0 (cumulative; payload is not a physical PCIe counter)
safetensors ngram metrics: ple io: 394720 rows, 24.4% row-cache hits, 257176 SSD reads (1053.6 MB), read p50 226 us p99 557 us, blocked 495.495 ms total (submit 1.189 ms), cache 248036/1048576 rows, SSD kept awake by 76 reads (slowest 13.9 ms)
strata serve: expert tiers: GPU 268 hits this request; since the start RAM 139663 blobs, files 0 blobs 0.0 MB read
strata serve: prompt 24671 tokens = 24670 reused + 1 read in 0 ms (19305.0 tok/s), 1 generated in 18 ms (55.4 tok/s), drafts accepted 0 of 0, 2 checkpoints
strata serve: decode expert cache hit rate: 72.8% (338 hits / 464 lookups); 16 more read by the GPU over PCIe or from another GPU (3.3% of all 480 routed)
strata serve: resident RAM: 63.28 GiB of experts in RAM, 0 exchanged with the VRAM tier, 0 blob reads from the file
safetensors residency metrics: ram_bytes=67948118016 os_locked_bytes=0 cuda_pinned_bytes=67948118016 promotions=1536 promoted_payload_bytes=4246757376 expert_file_bytes=0 (cumulative; payload is not a physical PCIe counter)
safetensors ngram metrics: ple io: 394736 rows, 24.4% row-cache hits, 257192 SSD reads (1053.7 MB), read p50 226 us p99 557 us, blocked 495.496 ms total (submit 1.205 ms), cache 248052/1048576 rows, SSD kept awake by 76 reads (slowest 13.9 ms)
strata serve: expert tiers: GPU 338 hits this request; since the start RAM 139901 blobs, files 0 blobs 0.0 MB read
strata serve: conversation cache: parked 24671 tokens in 158.6 ms; parked=1 bytes=731050232 evictions=0 snapshot_bytes=731050232 reused_kv_bytes=0
strata serve prefill segment: start=16384 end=24595 root=0 turn=1 message=0 pin=0 reread=0
strata ple batch phases: rows=65536 misses=2 pages=2 total_ms=5.264 call_lock_ms=0.000 lookup_ms=2.921 plan_ms=0.002 group_wait_ms=0.203 cache_insert_ms=0.001 callback_ms=2.112 reader_drain_ms=0.000
strata ple gather phases: tokens=4096 rows=65536 total_ms=5.304 raw_resize_ms=0.003 host_available_mib=13623
strata ple: chunk 0: read started 0.1 ms into the run, layer 1 reached at 16.2, waited 0.0 ms
strata ple batch phases: rows=65536 misses=0 pages=0 total_ms=5.346 call_lock_ms=0.000 lookup_ms=3.120 plan_ms=0.001 group_wait_ms=0.000 cache_insert_ms=0.000 callback_ms=2.224 reader_drain_ms=0.000
strata ple gather phases: tokens=4096 rows=65536 total_ms=5.390 raw_resize_ms=0.005 host_available_mib=13623
strata draft batch: weights=bf16 math=bf16x3 start=16384 rows=4096 batch=3840
strata prefill callback: start=16384 rows=4096 draft_path=batched draft_ms=8.946 checkpoint_ms=0.002 total_ms=8.973
strata prefill chunk: start=16384 rows=4096 main_and_wait_ms=1165.526 callback_ms=8.982 total_ms=1174.508
strata ple: chunk 4096: read started 16.2 ms into the run, layer 1 reached at 1190.4, waited 0.0 ms
strata draft batch: weights=bf16 math=bf16x3 start=20480 rows=4096 batch=3840
strata prefill callback: start=20480 rows=4096 draft_path=batched draft_ms=8.836 checkpoint_ms=0.002 total_ms=8.860
strata prefill chunk: start=20480 rows=4096 main_and_wait_ms=1162.685 callback_ms=8.868 total_ms=1171.553
strata ple: chunk 8192: read started 1190.5 ms into the run, layer 1 reached at 2350.1, waited 0.0 ms
strata prefill callback: start=24576 rows=19 draft_path=token draft_ms=0.760 checkpoint_ms=0.002 total_ms=0.804
strata prefill chunk: start=24576 rows=19 main_and_wait_ms=202.279 callback_ms=0.815 total_ms=203.095
strata prefill executed: tokens=8211 max_chunk=4096 capacity=4096 start=16384
strata serve prefill segment: start=24595 end=24601 root=0 turn=0 message=0 pin=0 reread=0
strata serve: prompt 24602 tokens = 16384 reused + 8218 read in 2795 ms (2940.0 tok/s), 1 generated in 16 ms (61.7 tok/s), drafts accepted 0 of 0, 2 checkpoints
strata serve: decode expert cache hit rate: 75.7% (352 hits / 465 lookups); 15 more read by the GPU over PCIe or from another GPU (3.1% of all 480 routed)
strata serve: resident RAM: 63.28 GiB of experts in RAM, 0 exchanged with the VRAM tier, 0 blob reads from the file
safetensors residency metrics: ram_bytes=67948118016 os_locked_bytes=0 cuda_pinned_bytes=67948118016 promotions=1632 promoted_payload_bytes=4512179712 expert_file_bytes=0 (cumulative; payload is not a physical PCIe counter)
safetensors ngram metrics: ple io: 526224 rows, 43.2% row-cache hits, 257362 SSD reads (1054.4 MB), read p50 226 us p99 562 us, blocked 498.563 ms total (submit 1.254 ms), cache 248220/1048576 rows, SSD kept awake by 100 reads (slowest 13.9 ms)
strata serve: expert tiers: GPU 352 hits this request; since the start RAM 182947 blobs, files 0 blobs 0.0 MB read
strata serve: prompt 24603 tokens = 24602 reused + 1 read in 0 ms (16129.0 tok/s), 1 generated in 17 ms (57.3 tok/s), drafts accepted 0 of 0, 2 checkpoints
strata serve: decode expert cache hit rate: 67.9% (307 hits / 452 lookups); 28 more read by the GPU over PCIe or from another GPU (5.8% of all 480 routed)
strata serve: resident RAM: 63.28 GiB of experts in RAM, 0 exchanged with the VRAM tier, 0 blob reads from the file
safetensors residency metrics: ram_bytes=67948118016 os_locked_bytes=0 cuda_pinned_bytes=67948118016 promotions=1632 promoted_payload_bytes=4512179712 expert_file_bytes=0 (cumulative; payload is not a physical PCIe counter)
safetensors ngram metrics: ple io: 526240 rows, 43.2% row-cache hits, 257378 SSD reads (1054.5 MB), read p50 226 us p99 562 us, blocked 498.564 ms total (submit 1.272 ms), cache 248236/1048576 rows, SSD kept awake by 100 reads (slowest 13.9 ms)
strata serve: expert tiers: GPU 307 hits this request; since the start RAM 183120 blobs, files 0 blobs 0.0 MB read
strata serve: prompt 24604 tokens = 24603 reused + 1 read in 0 ms (16286.6 tok/s), 1 generated in 19 ms (53.7 tok/s), drafts accepted 0 of 0, 2 checkpoints
strata serve: decode expert cache hit rate: 63.6% (285 hits / 448 lookups); 32 more read by the GPU over PCIe or from another GPU (6.7% of all 480 routed)
strata serve: resident RAM: 63.28 GiB of experts in RAM, 0 exchanged with the VRAM tier, 0 blob reads from the file
safetensors residency metrics: ram_bytes=67948118016 os_locked_bytes=0 cuda_pinned_bytes=67948118016 promotions=1632 promoted_payload_bytes=4512179712 expert_file_bytes=0 (cumulative; payload is not a physical PCIe counter)
safetensors ngram metrics: ple io: 526256 rows, 43.2% row-cache hits, 257386 SSD reads (1054.5 MB), read p50 226 us p99 562 us, blocked 498.564 ms total (submit 1.286 ms), cache 248244/1048576 rows, SSD kept awake by 100 reads (slowest 13.9 ms)
strata serve: expert tiers: GPU 285 hits this request; since the start RAM 183315 blobs, files 0 blobs 0.0 MB read
strata serve: prompt 24605 tokens = 24604 reused + 1 read in 0 ms (17331.0 tok/s), 1 generated in 30 ms (33.3 tok/s), drafts accepted 0 of 0, 2 checkpoints
strata serve: decode expert cache hit rate: 56.5% (248 hits / 439 lookups); 41 more read by the GPU over PCIe or from another GPU (8.5% of all 480 routed)
strata serve: resident RAM: 63.28 GiB of experts in RAM, 0 exchanged with the VRAM tier, 0 blob reads from the file
safetensors residency metrics: ram_bytes=67948118016 os_locked_bytes=0 cuda_pinned_bytes=67948118016 promotions=1632 promoted_payload_bytes=4512179712 expert_file_bytes=0 (cumulative; payload is not a physical PCIe counter)
safetensors ngram metrics: ple io: 526272 rows, 43.2% row-cache hits, 257402 SSD reads (1054.6 MB), read p50 226 us p99 562 us, blocked 498.565 ms total (submit 1.301 ms), cache 248260/1048576 rows, SSD kept awake by 100 reads (slowest 13.9 ms)
strata serve: expert tiers: GPU 248 hits this request; since the start RAM 183643 blobs, files 0 blobs 0.0 MB read
strata serve: prompt 24606 tokens = 24605 reused + 1 read in 0 ms (6724.9 tok/s), 1 generated in 18 ms (54.1 tok/s), drafts accepted 0 of 0, 2 checkpoints
strata serve: decode expert cache hit rate: 60.2% (268 hits / 445 lookups); 35 more read by the GPU over PCIe or from another GPU (7.3% of all 480 routed)
strata serve: resident RAM: 63.28 GiB of experts in RAM, 0 exchanged with the VRAM tier, 0 blob reads from the file
safetensors residency metrics: ram_bytes=67948118016 os_locked_bytes=0 cuda_pinned_bytes=67948118016 promotions=1728 promoted_payload_bytes=4777602048 expert_file_bytes=0 (cumulative; payload is not a physical PCIe counter)
safetensors ngram metrics: ple io: 526288 rows, 43.2% row-cache hits, 257418 SSD reads (1054.7 MB), read p50 226 us p99 562 us, blocked 498.565 ms total (submit 1.313 ms), cache 248276/1048576 rows, SSD kept awake by 100 reads (slowest 13.9 ms)
strata serve: expert tiers: GPU 268 hits this request; since the start RAM 183855 blobs, files 0 blobs 0.0 MB read
strata serve: prompt 24607 tokens = 24606 reused + 1 read in 0 ms (18050.5 tok/s), 1 generated in 18 ms (54.5 tok/s), drafts accepted 0 of 0, 2 checkpoints
strata serve: decode expert cache hit rate: 61.1% (270 hits / 442 lookups); 38 more read by the GPU over PCIe or from another GPU (7.9% of all 480 routed)
strata serve: resident RAM: 63.28 GiB of experts in RAM, 0 exchanged with the VRAM tier, 0 blob reads from the file
safetensors residency metrics: ram_bytes=67948118016 os_locked_bytes=0 cuda_pinned_bytes=67948118016 promotions=1728 promoted_payload_bytes=4777602048 expert_file_bytes=0 (cumulative; payload is not a physical PCIe counter)
safetensors ngram metrics: ple io: 526304 rows, 43.2% row-cache hits, 257434 SSD reads (1054.7 MB), read p50 226 us p99 562 us, blocked 498.565 ms total (submit 1.329 ms), cache 248292/1048576 rows, SSD kept awake by 100 reads (slowest 13.9 ms)
strata serve: expert tiers: GPU 270 hits this request; since the start RAM 184065 blobs, files 0 blobs 0.0 MB read
strata serve: prompt 24608 tokens = 24607 reused + 1 read in 0 ms (18050.5 tok/s), 1 generated in 16 ms (63.2 tok/s), drafts accepted 0 of 0, 2 checkpoints
strata serve: decode expert cache hit rate: 79.3% (372 hits / 469 lookups); 11 more read by the GPU over PCIe or from another GPU (2.3% of all 480 routed)
strata serve: resident RAM: 63.28 GiB of experts in RAM, 0 exchanged with the VRAM tier, 0 blob reads from the file
safetensors residency metrics: ram_bytes=67948118016 os_locked_bytes=0 cuda_pinned_bytes=67948118016 promotions=1728 promoted_payload_bytes=4777602048 expert_file_bytes=0 (cumulative; payload is not a physical PCIe counter)
safetensors ngram metrics: ple io: 526320 rows, 43.2% row-cache hits, 257450 SSD reads (1054.8 MB), read p50 226 us p99 562 us, blocked 498.566 ms total (submit 1.345 ms), cache 248308/1048576 rows, SSD kept awake by 100 reads (slowest 13.9 ms)
strata serve: expert tiers: GPU 372 hits this request; since the start RAM 184173 blobs, files 0 blobs 0.0 MB read
strata serve: prompt 24609 tokens = 24608 reused + 1 read in 0 ms (16920.5 tok/s), 1 generated in 19 ms (52.0 tok/s), drafts accepted 0 of 0, 2 checkpoints
strata serve: decode expert cache hit rate: 64.7% (292 hits / 451 lookups); 29 more read by the GPU over PCIe or from another GPU (6.0% of all 480 routed)
strata serve: resident RAM: 63.28 GiB of experts in RAM, 0 exchanged with the VRAM tier, 0 blob reads from the file
safetensors residency metrics: ram_bytes=67948118016 os_locked_bytes=0 cuda_pinned_bytes=67948118016 promotions=1728 promoted_payload_bytes=4777602048 expert_file_bytes=0 (cumulative; payload is not a physical PCIe counter)
safetensors ngram metrics: ple io: 526336 rows, 43.2% row-cache hits, 257466 SSD reads (1054.9 MB), read p50 226 us p99 562 us, blocked 498.566 ms total (submit 1.362 ms), cache 248324/1048576 rows, SSD kept awake by 100 reads (slowest 13.9 ms)
strata serve: expert tiers: GPU 292 hits this request; since the start RAM 184457 blobs, files 0 blobs 0.0 MB read
strata serve: prompt 24610 tokens = 24609 reused + 1 read in 0 ms (7002.8 tok/s), 1 generated in 17 ms (57.7 tok/s), drafts accepted 0 of 0, 2 checkpoints
strata serve: decode expert cache hit rate: 67.0% (305 hits / 455 lookups); 25 more read by the GPU over PCIe or from another GPU (5.2% of all 480 routed)
strata serve: resident RAM: 63.28 GiB of experts in RAM, 0 exchanged with the VRAM tier, 0 blob reads from the file
safetensors residency metrics: ram_bytes=67948118016 os_locked_bytes=0 cuda_pinned_bytes=67948118016 promotions=1824 promoted_payload_bytes=5043024384 expert_file_bytes=0 (cumulative; payload is not a physical PCIe counter)
safetensors ngram metrics: ple io: 526352 rows, 43.2% row-cache hits, 257482 SSD reads (1054.9 MB), read p50 226 us p99 562 us, blocked 498.567 ms total (submit 1.380 ms), cache 248340/1048576 rows, SSD kept awake by 100 reads (slowest 13.9 ms)
strata serve: expert tiers: GPU 305 hits this request; since the start RAM 184632 blobs, files 0 blobs 0.0 MB read
strata serve: prompt 24611 tokens = 24610 reused + 1 read in 0 ms (18761.7 tok/s), 1 generated in 19 ms (53.0 tok/s), drafts accepted 0 of 0, 2 checkpoints
strata serve: decode expert cache hit rate: 56.5% (247 hits / 437 lookups); 43 more read by the GPU over PCIe or from another GPU (9.0% of all 480 routed)
strata serve: resident RAM: 63.28 GiB of experts in RAM, 0 exchanged with the VRAM tier, 0 blob reads from the file
safetensors residency metrics: ram_bytes=67948118016 os_locked_bytes=0 cuda_pinned_bytes=67948118016 promotions=1824 promoted_payload_bytes=5043024384 expert_file_bytes=0 (cumulative; payload is not a physical PCIe counter)
safetensors ngram metrics: ple io: 526368 rows, 43.2% row-cache hits, 257498 SSD reads (1055.0 MB), read p50 226 us p99 562 us, blocked 498.567 ms total (submit 1.395 ms), cache 248356/1048576 rows, SSD kept awake by 100 reads (slowest 13.9 ms)
strata serve: expert tiers: GPU 247 hits this request; since the start RAM 184865 blobs, files 0 blobs 0.0 MB read
strata serve: prompt 24612 tokens = 24611 reused + 1 read in 0 ms (16611.3 tok/s), 1 generated in 17 ms (58.9 tok/s), drafts accepted 0 of 0, 2 checkpoints
strata serve: decode expert cache hit rate: 70.1% (321 hits / 458 lookups); 22 more read by the GPU over PCIe or from another GPU (4.6% of all 480 routed)
strata serve: resident RAM: 63.28 GiB of experts in RAM, 0 exchanged with the VRAM tier, 0 blob reads from the file
safetensors residency metrics: ram_bytes=67948118016 os_locked_bytes=0 cuda_pinned_bytes=67948118016 promotions=1824 promoted_payload_bytes=5043024384 expert_file_bytes=0 (cumulative; payload is not a physical PCIe counter)
safetensors ngram metrics: ple io: 526384 rows, 43.2% row-cache hits, 257514 SSD reads (1055.1 MB), read p50 226 us p99 562 us, blocked 498.568 ms total (submit 1.411 ms), cache 248372/1048576 rows, SSD kept awake by 100 reads (slowest 13.9 ms)
strata serve: expert tiers: GPU 321 hits this request; since the start RAM 185024 blobs, files 0 blobs 0.0 MB read
strata serve: prompt 24613 tokens = 24612 reused + 1 read in 0 ms (17211.7 tok/s), 1 generated in 19 ms (51.6 tok/s), drafts accepted 0 of 0, 2 checkpoints
strata serve: decode expert cache hit rate: 62.6% (280 hits / 447 lookups); 33 more read by the GPU over PCIe or from another GPU (6.9% of all 480 routed)
strata serve: resident RAM: 63.28 GiB of experts in RAM, 0 exchanged with the VRAM tier, 0 blob reads from the file
safetensors residency metrics: ram_bytes=67948118016 os_locked_bytes=0 cuda_pinned_bytes=67948118016 promotions=1824 promoted_payload_bytes=5043024384 expert_file_bytes=0 (cumulative; payload is not a physical PCIe counter)
safetensors ngram metrics: ple io: 526400 rows, 43.2% row-cache hits, 257530 SSD reads (1055.1 MB), read p50 226 us p99 562 us, blocked 498.568 ms total (submit 1.426 ms), cache 248388/1048576 rows, SSD kept awake by 100 reads (slowest 13.9 ms)
strata serve: expert tiers: GPU 280 hits this request; since the start RAM 185320 blobs, files 0 blobs 0.0 MB read
strata serve: prompt 24614 tokens = 24613 reused + 1 read in 0 ms (6816.6 tok/s), 1 generated in 18 ms (56.5 tok/s), drafts accepted 0 of 0, 2 checkpoints
strata serve: decode expert cache hit rate: 71.3% (326 hits / 457 lookups); 23 more read by the GPU over PCIe or from another GPU (4.8% of all 480 routed)
strata serve: resident RAM: 63.28 GiB of experts in RAM, 0 exchanged with the VRAM tier, 0 blob reads from the file
safetensors residency metrics: ram_bytes=67948118016 os_locked_bytes=0 cuda_pinned_bytes=67948118016 promotions=1920 promoted_payload_bytes=5308446720 expert_file_bytes=0 (cumulative; payload is not a physical PCIe counter)
safetensors ngram metrics: ple io: 526416 rows, 43.2% row-cache hits, 257546 SSD reads (1055.2 MB), read p50 226 us p99 562 us, blocked 498.569 ms total (submit 1.443 ms), cache 248404/1048576 rows, SSD kept awake by 100 reads (slowest 13.9 ms)
strata serve: expert tiers: GPU 326 hits this request; since the start RAM 185474 blobs, files 0 blobs 0.0 MB read
strata serve: prompt 24615 tokens = 24614 reused + 1 read in 0 ms (18248.2 tok/s), 1 generated in 21 ms (48.2 tok/s), drafts accepted 0 of 0, 2 checkpoints
strata serve: decode expert cache hit rate: 44.8% (189 hits / 422 lookups); 58 more read by the GPU over PCIe or from another GPU (12.1% of all 480 routed)
strata serve: resident RAM: 63.28 GiB of experts in RAM, 0 exchanged with the VRAM tier, 0 blob reads from the file
safetensors residency metrics: ram_bytes=67948118016 os_locked_bytes=0 cuda_pinned_bytes=67948118016 promotions=1920 promoted_payload_bytes=5308446720 expert_file_bytes=0 (cumulative; payload is not a physical PCIe counter)
safetensors ngram metrics: ple io: 526432 rows, 43.2% row-cache hits, 257562 SSD reads (1055.3 MB), read p50 226 us p99 562 us, blocked 498.569 ms total (submit 1.461 ms), cache 248420/1048576 rows, SSD kept awake by 100 reads (slowest 13.9 ms)
strata serve: expert tiers: GPU 189 hits this request; since the start RAM 185765 blobs, files 0 blobs 0.0 MB read
strata serve: prompt 24616 tokens = 24615 reused + 1 read in 0 ms (16694.5 tok/s), 1 generated in 20 ms (49.5 tok/s), drafts accepted 0 of 0, 2 checkpoints
strata serve: decode expert cache hit rate: 49.1% (211 hits / 430 lookups); 50 more read by the GPU over PCIe or from another GPU (10.4% of all 480 routed)
strata serve: resident RAM: 63.28 GiB of experts in RAM, 0 exchanged with the VRAM tier, 0 blob reads from the file
safetensors residency metrics: ram_bytes=67948118016 os_locked_bytes=0 cuda_pinned_bytes=67948118016 promotions=1920 promoted_payload_bytes=5308446720 expert_file_bytes=0 (cumulative; payload is not a physical PCIe counter)
safetensors ngram metrics: ple io: 526448 rows, 43.2% row-cache hits, 257578 SSD reads (1055.3 MB), read p50 226 us p99 562 us, blocked 498.570 ms total (submit 1.478 ms), cache 248436/1048576 rows, SSD kept awake by 100 reads (slowest 13.9 ms)
strata serve: expert tiers: GPU 211 hits this request; since the start RAM 186034 blobs, files 0 blobs 0.0 MB read
strata serve: prompt 24617 tokens = 24616 reused + 1 read in 0 ms (17452.0 tok/s), 1 generated in 20 ms (51.0 tok/s), drafts accepted 0 of 0, 2 checkpoints
strata serve: decode expert cache hit rate: 62.9% (282 hits / 448 lookups); 32 more read by the GPU over PCIe or from another GPU (6.7% of all 480 routed)
strata serve: resident RAM: 63.28 GiB of experts in RAM, 0 exchanged with the VRAM tier, 0 blob reads from the file
safetensors residency metrics: ram_bytes=67948118016 os_locked_bytes=0 cuda_pinned_bytes=67948118016 promotions=1920 promoted_payload_bytes=5308446720 expert_file_bytes=0 (cumulative; payload is not a physical PCIe counter)
safetensors ngram metrics: ple io: 526464 rows, 43.2% row-cache hits, 257594 SSD reads (1055.4 MB), read p50 226 us p99 562 us, blocked 498.570 ms total (submit 1.496 ms), cache 248452/1048576 rows, SSD kept awake by 100 reads (slowest 13.9 ms)
strata serve: expert tiers: GPU 282 hits this request; since the start RAM 186328 blobs, files 0 blobs 0.0 MB read
strata serve: prompt 24618 tokens = 24617 reused + 1 read in 0 ms (6775.1 tok/s), 1 generated in 19 ms (52.2 tok/s), drafts accepted 0 of 0, 2 checkpoints
strata serve: decode expert cache hit rate: 54.7% (238 hits / 435 lookups); 45 more read by the GPU over PCIe or from another GPU (9.4% of all 480 routed)
strata serve: resident RAM: 63.28 GiB of experts in RAM, 0 exchanged with the VRAM tier, 0 blob reads from the file
safetensors residency metrics: ram_bytes=67948118016 os_locked_bytes=0 cuda_pinned_bytes=67948118016 promotions=2016 promoted_payload_bytes=5573869056 expert_file_bytes=0 (cumulative; payload is not a physical PCIe counter)
safetensors ngram metrics: ple io: 526480 rows, 43.2% row-cache hits, 257610 SSD reads (1055.5 MB), read p50 226 us p99 562 us, blocked 498.570 ms total (submit 1.515 ms), cache 248468/1048576 rows, SSD kept awake by 100 reads (slowest 13.9 ms)
strata serve: expert tiers: GPU 238 hits this request; since the start RAM 186570 blobs, files 0 blobs 0.0 MB read
strata serve: prompt 24619 tokens = 24618 reused + 1 read in 0 ms (16835.0 tok/s), 1 generated in 17 ms (58.0 tok/s), drafts accepted 0 of 0, 2 checkpoints
strata serve: decode expert cache hit rate: 69.3% (316 hits / 456 lookups); 24 more read by the GPU over PCIe or from another GPU (5.0% of all 480 routed)
strata serve: resident RAM: 63.28 GiB of experts in RAM, 0 exchanged with the VRAM tier, 0 blob reads from the file
safetensors residency metrics: ram_bytes=67948118016 os_locked_bytes=0 cuda_pinned_bytes=67948118016 promotions=2016 promoted_payload_bytes=5573869056 expert_file_bytes=0 (cumulative; payload is not a physical PCIe counter)
safetensors ngram metrics: ple io: 526496 rows, 43.2% row-cache hits, 257626 SSD reads (1055.5 MB), read p50 226 us p99 562 us, blocked 498.571 ms total (submit 1.531 ms), cache 248484/1048576 rows, SSD kept awake by 100 reads (slowest 13.9 ms)
strata serve: expert tiers: GPU 316 hits this request; since the start RAM 186734 blobs, files 0 blobs 0.0 MB read
strata serve: prompt 24620 tokens = 24619 reused + 1 read in 0 ms (16920.5 tok/s), 1 generated in 17 ms (57.9 tok/s), drafts accepted 0 of 0, 2 checkpoints
strata serve: decode expert cache hit rate: 68.9% (315 hits / 457 lookups); 23 more read by the GPU over PCIe or from another GPU (4.8% of all 480 routed)
strata serve: resident RAM: 63.28 GiB of experts in RAM, 0 exchanged with the VRAM tier, 0 blob reads from the file
safetensors residency metrics: ram_bytes=67948118016 os_locked_bytes=0 cuda_pinned_bytes=67948118016 promotions=2016 promoted_payload_bytes=5573869056 expert_file_bytes=0 (cumulative; payload is not a physical PCIe counter)
safetensors ngram metrics: ple io: 526512 rows, 43.2% row-cache hits, 257642 SSD reads (1055.6 MB), read p50 226 us p99 562 us, blocked 498.571 ms total (submit 1.546 ms), cache 248500/1048576 rows, SSD kept awake by 100 reads (slowest 13.9 ms)
strata serve: expert tiers: GPU 315 hits this request; since the start RAM 186899 blobs, files 0 blobs 0.0 MB read
strata serve: prompt 24621 tokens = 24620 reused + 1 read in 0 ms (18181.8 tok/s), 1 generated in 19 ms (53.7 tok/s), drafts accepted 0 of 0, 2 checkpoints
strata serve: decode expert cache hit rate: 70.4% (324 hits / 460 lookups); 20 more read by the GPU over PCIe or from another GPU (4.2% of all 480 routed)
strata serve: resident RAM: 63.28 GiB of experts in RAM, 0 exchanged with the VRAM tier, 0 blob reads from the file
safetensors residency metrics: ram_bytes=67948118016 os_locked_bytes=0 cuda_pinned_bytes=67948118016 promotions=2016 promoted_payload_bytes=5573869056 expert_file_bytes=0 (cumulative; payload is not a physical PCIe counter)
safetensors ngram metrics: ple io: 526528 rows, 43.2% row-cache hits, 257658 SSD reads (1055.7 MB), read p50 226 us p99 562 us, blocked 498.572 ms total (submit 1.563 ms), cache 248516/1048576 rows, SSD kept awake by 100 reads (slowest 13.9 ms)
strata serve: expert tiers: GPU 324 hits this request; since the start RAM 187151 blobs, files 0 blobs 0.0 MB read
strata serve: prompt 24622 tokens = 24621 reused + 1 read in 0 ms (7042.3 tok/s), 1 generated in 16 ms (61.9 tok/s), drafts accepted 0 of 0, 2 checkpoints
strata serve: decode expert cache hit rate: 75.4% (350 hits / 464 lookups); 16 more read by the GPU over PCIe or from another GPU (3.3% of all 480 routed)
strata serve: resident RAM: 63.28 GiB of experts in RAM, 0 exchanged with the VRAM tier, 0 blob reads from the file
safetensors residency metrics: ram_bytes=67948118016 os_locked_bytes=0 cuda_pinned_bytes=67948118016 promotions=2112 promoted_payload_bytes=5839291392 expert_file_bytes=0 (cumulative; payload is not a physical PCIe counter)
safetensors ngram metrics: ple io: 526544 rows, 43.2% row-cache hits, 257674 SSD reads (1055.7 MB), read p50 226 us p99 562 us, blocked 498.572 ms total (submit 1.579 ms), cache 248532/1048576 rows, SSD kept awake by 100 reads (slowest 13.9 ms)
strata serve: expert tiers: GPU 350 hits this request; since the start RAM 187281 blobs, files 0 blobs 0.0 MB read
strata serve: prompt 24623 tokens = 24622 reused + 1 read in 0 ms (17482.5 tok/s), 1 generated in 16 ms (63.6 tok/s), drafts accepted 0 of 0, 2 checkpoints
strata serve: decode expert cache hit rate: 77.0% (362 hits / 470 lookups); 10 more read by the GPU over PCIe or from another GPU (2.1% of all 480 routed)
strata serve: resident RAM: 63.28 GiB of experts in RAM, 0 exchanged with the VRAM tier, 0 blob reads from the file
safetensors residency metrics: ram_bytes=67948118016 os_locked_bytes=0 cuda_pinned_bytes=67948118016 promotions=2112 promoted_payload_bytes=5839291392 expert_file_bytes=0 (cumulative; payload is not a physical PCIe counter)
safetensors ngram metrics: ple io: 526560 rows, 43.2% row-cache hits, 257690 SSD reads (1055.8 MB), read p50 226 us p99 562 us, blocked 498.573 ms total (submit 1.594 ms), cache 248548/1048576 rows, SSD kept awake by 100 reads (slowest 13.9 ms)
strata serve: expert tiers: GPU 362 hits this request; since the start RAM 187399 blobs, files 0 blobs 0.0 MB read
strata serve: prompt 24624 tokens = 24623 reused + 1 read in 0 ms (16286.6 tok/s), 1 generated in 16 ms (63.3 tok/s), drafts accepted 0 of 0, 2 checkpoints
strata serve: decode expert cache hit rate: 77.9% (366 hits / 470 lookups); 10 more read by the GPU over PCIe or from another GPU (2.1% of all 480 routed)
strata serve: resident RAM: 63.28 GiB of experts in RAM, 0 exchanged with the VRAM tier, 0 blob reads from the file
safetensors residency metrics: ram_bytes=67948118016 os_locked_bytes=0 cuda_pinned_bytes=67948118016 promotions=2112 promoted_payload_bytes=5839291392 expert_file_bytes=0 (cumulative; payload is not a physical PCIe counter)
safetensors ngram metrics: ple io: 526576 rows, 43.2% row-cache hits, 257706 SSD reads (1055.9 MB), read p50 226 us p99 562 us, blocked 498.573 ms total (submit 1.612 ms), cache 248564/1048576 rows, SSD kept awake by 100 reads (slowest 13.9 ms)
strata serve: expert tiers: GPU 366 hits this request; since the start RAM 187513 blobs, files 0 blobs 0.0 MB read
strata serve: prompt 24625 tokens = 24624 reused + 1 read in 0 ms (17543.9 tok/s), 1 generated in 16 ms (62.7 tok/s), drafts accepted 0 of 0, 2 checkpoints
strata serve: decode expert cache hit rate: 86.2% (412 hits / 478 lookups); 2 more read by the GPU over PCIe or from another GPU (0.4% of all 480 routed)
strata serve: resident RAM: 63.28 GiB of experts in RAM, 0 exchanged with the VRAM tier, 0 blob reads from the file
safetensors residency metrics: ram_bytes=67948118016 os_locked_bytes=0 cuda_pinned_bytes=67948118016 promotions=2112 promoted_payload_bytes=5839291392 expert_file_bytes=0 (cumulative; payload is not a physical PCIe counter)
safetensors ngram metrics: ple io: 526592 rows, 43.2% row-cache hits, 257722 SSD reads (1055.9 MB), read p50 226 us p99 562 us, blocked 498.632 ms total (submit 1.628 ms), cache 248580/1048576 rows, SSD kept awake by 100 reads (slowest 13.9 ms)
strata serve: expert tiers: GPU 412 hits this request; since the start RAM 187677 blobs, files 0 blobs 0.0 MB read
strata serve: prompt 24626 tokens = 24625 reused + 1 read in 0 ms (7209.8 tok/s), 1 generated in 17 ms (60.4 tok/s), drafts accepted 0 of 0, 2 checkpoints
strata serve: decode expert cache hit rate: 72.7% (338 hits / 465 lookups); 15 more read by the GPU over PCIe or from another GPU (3.1% of all 480 routed)
strata serve: resident RAM: 63.28 GiB of experts in RAM, 0 exchanged with the VRAM tier, 0 blob reads from the file
safetensors residency metrics: ram_bytes=67948118016 os_locked_bytes=0 cuda_pinned_bytes=67948118016 promotions=2208 promoted_payload_bytes=6104713728 expert_file_bytes=0 (cumulative; payload is not a physical PCIe counter)
safetensors ngram metrics: ple io: 526608 rows, 43.2% row-cache hits, 257738 SSD reads (1056.0 MB), read p50 226 us p99 562 us, blocked 498.632 ms total (submit 1.644 ms), cache 248596/1048576 rows, SSD kept awake by 100 reads (slowest 13.9 ms)
strata serve: expert tiers: GPU 338 hits this request; since the start RAM 187819 blobs, files 0 blobs 0.0 MB read
strata serve: prompt 24627 tokens = 24626 reused + 1 read in 0 ms (17391.3 tok/s), 1 generated in 16 ms (64.0 tok/s), drafts accepted 0 of 0, 2 checkpoints
strata serve: decode expert cache hit rate: 78.0% (368 hits / 472 lookups); 8 more read by the GPU over PCIe or from another GPU (1.7% of all 480 routed)
strata serve: resident RAM: 63.28 GiB of experts in RAM, 0 exchanged with the VRAM tier, 0 blob reads from the file
safetensors residency metrics: ram_bytes=67948118016 os_locked_bytes=0 cuda_pinned_bytes=67948118016 promotions=2208 promoted_payload_bytes=6104713728 expert_file_bytes=0 (cumulative; payload is not a physical PCIe counter)
safetensors ngram metrics: ple io: 526624 rows, 43.2% row-cache hits, 257754 SSD reads (1056.1 MB), read p50 226 us p99 562 us, blocked 498.633 ms total (submit 1.663 ms), cache 248612/1048576 rows, SSD kept awake by 100 reads (slowest 13.9 ms)
strata serve: expert tiers: GPU 368 hits this request; since the start RAM 187931 blobs, files 0 blobs 0.0 MB read
strata serve: prompt 24628 tokens = 24627 reused + 1 read in 0 ms (17730.5 tok/s), 1 generated in 15 ms (65.5 tok/s), drafts accepted 0 of 0, 2 checkpoints
strata serve: decode expert cache hit rate: 80.3% (378 hits / 471 lookups); 9 more read by the GPU over PCIe or from another GPU (1.9% of all 480 routed)
strata serve: resident RAM: 63.28 GiB of experts in RAM, 0 exchanged with the VRAM tier, 0 blob reads from the file
safetensors residency metrics: ram_bytes=67948118016 os_locked_bytes=0 cuda_pinned_bytes=67948118016 promotions=2208 promoted_payload_bytes=6104713728 expert_file_bytes=0 (cumulative; payload is not a physical PCIe counter)
safetensors ngram metrics: ple io: 526640 rows, 43.2% row-cache hits, 257762 SSD reads (1056.1 MB), read p50 226 us p99 562 us, blocked 498.633 ms total (submit 1.676 ms), cache 248619/1048576 rows, SSD kept awake by 100 reads (slowest 13.9 ms)
strata serve: expert tiers: GPU 378 hits this request; since the start RAM 188033 blobs, files 0 blobs 0.0 MB read
strata serve: prompt 24629 tokens = 24628 reused + 1 read in 0 ms (19607.8 tok/s), 1 generated in 17 ms (58.6 tok/s), drafts accepted 0 of 0, 2 checkpoints
strata serve: decode expert cache hit rate: 77.0% (359 hits / 466 lookups); 14 more read by the GPU over PCIe or from another GPU (2.9% of all 480 routed)
strata serve: resident RAM: 63.28 GiB of experts in RAM, 0 exchanged with the VRAM tier, 0 blob reads from the file
safetensors residency metrics: ram_bytes=67948118016 os_locked_bytes=0 cuda_pinned_bytes=67948118016 promotions=2208 promoted_payload_bytes=6104713728 expert_file_bytes=0 (cumulative; payload is not a physical PCIe counter)
safetensors ngram metrics: ple io: 526656 rows, 43.2% row-cache hits, 257778 SSD reads (1056.2 MB), read p50 226 us p99 562 us, blocked 498.634 ms total (submit 1.692 ms), cache 248635/1048576 rows, SSD kept awake by 100 reads (slowest 13.9 ms)
strata serve: expert tiers: GPU 359 hits this request; since the start RAM 188250 blobs, files 0 blobs 0.0 MB read
strata serve: prompt 24630 tokens = 24629 reused + 1 read in 0 ms (7722.0 tok/s), 1 generated in 16 ms (62.0 tok/s), drafts accepted 0 of 0, 2 checkpoints
strata serve: decode expert cache hit rate: 74.2% (343 hits / 462 lookups); 18 more read by the GPU over PCIe or from another GPU (3.8% of all 480 routed)
strata serve: resident RAM: 63.28 GiB of experts in RAM, 0 exchanged with the VRAM tier, 0 blob reads from the file
safetensors residency metrics: ram_bytes=67948118016 os_locked_bytes=0 cuda_pinned_bytes=67948118016 promotions=2304 promoted_payload_bytes=6370136064 expert_file_bytes=0 (cumulative; payload is not a physical PCIe counter)
safetensors ngram metrics: ple io: 526672 rows, 43.2% row-cache hits, 257794 SSD reads (1056.3 MB), read p50 226 us p99 562 us, blocked 498.634 ms total (submit 1.707 ms), cache 248651/1048576 rows, SSD kept awake by 100 reads (slowest 13.9 ms)
strata serve: expert tiers: GPU 343 hits this request; since the start RAM 188387 blobs, files 0 blobs 0.0 MB read
strata serve: prompt 24631 tokens = 24630 reused + 1 read in 0 ms (19305.0 tok/s), 1 generated in 15 ms (67.9 tok/s), drafts accepted 0 of 0, 2 checkpoints
strata serve: decode expert cache hit rate: 83.5% (395 hits / 473 lookups); 7 more read by the GPU over PCIe or from another GPU (1.5% of all 480 routed)
strata serve: resident RAM: 63.28 GiB of experts in RAM, 0 exchanged with the VRAM tier, 0 blob reads from the file
safetensors residency metrics: ram_bytes=67948118016 os_locked_bytes=0 cuda_pinned_bytes=67948118016 promotions=2304 promoted_payload_bytes=6370136064 expert_file_bytes=0 (cumulative; payload is not a physical PCIe counter)
safetensors ngram metrics: ple io: 526688 rows, 43.2% row-cache hits, 257810 SSD reads (1056.3 MB), read p50 226 us p99 562 us, blocked 498.635 ms total (submit 1.726 ms), cache 248667/1048576 rows, SSD kept awake by 100 reads (slowest 13.9 ms)
strata serve: expert tiers: GPU 395 hits this request; since the start RAM 188472 blobs, files 0 blobs 0.0 MB read
strata serve: prompt 24632 tokens = 24631 reused + 1 read in 0 ms (19342.4 tok/s), 1 generated in 17 ms (58.0 tok/s), drafts accepted 0 of 0, 2 checkpoints
strata serve: decode expert cache hit rate: 76.4% (357 hits / 467 lookups); 13 more read by the GPU over PCIe or from another GPU (2.7% of all 480 routed)
strata serve: resident RAM: 63.28 GiB of experts in RAM, 0 exchanged with the VRAM tier, 0 blob reads from the file
safetensors residency metrics: ram_bytes=67948118016 os_locked_bytes=0 cuda_pinned_bytes=67948118016 promotions=2304 promoted_payload_bytes=6370136064 expert_file_bytes=0 (cumulative; payload is not a physical PCIe counter)
safetensors ngram metrics: ple io: 526704 rows, 43.2% row-cache hits, 257826 SSD reads (1056.4 MB), read p50 226 us p99 562 us, blocked 498.635 ms total (submit 1.744 ms), cache 248683/1048576 rows, SSD kept awake by 100 reads (slowest 13.9 ms)
strata serve: expert tiers: GPU 357 hits this request; since the start RAM 188595 blobs, files 0 blobs 0.0 MB read
strata serve: prompt 24633 tokens = 24632 reused + 1 read in 0 ms (17985.6 tok/s), 1 generated in 17 ms (57.4 tok/s), drafts accepted 0 of 0, 2 checkpoints
strata serve: decode expert cache hit rate: 76.1% (353 hits / 464 lookups); 16 more read by the GPU over PCIe or from another GPU (3.3% of all 480 routed)
strata serve: resident RAM: 63.28 GiB of experts in RAM, 0 exchanged with the VRAM tier, 0 blob reads from the file
safetensors residency metrics: ram_bytes=67948118016 os_locked_bytes=0 cuda_pinned_bytes=67948118016 promotions=2304 promoted_payload_bytes=6370136064 expert_file_bytes=0 (cumulative; payload is not a physical PCIe counter)
safetensors ngram metrics: ple io: 526720 rows, 43.2% row-cache hits, 257842 SSD reads (1056.5 MB), read p50 226 us p99 562 us, blocked 498.635 ms total (submit 1.757 ms), cache 248699/1048576 rows, SSD kept awake by 100 reads (slowest 13.9 ms)
strata serve: expert tiers: GPU 353 hits this request; since the start RAM 188818 blobs, files 0 blobs 0.0 MB read
strata serve: prompt 24634 tokens = 24633 reused + 1 read in 0 ms (6414.4 tok/s), 1 generated in 18 ms (56.5 tok/s), drafts accepted 0 of 0, 2 checkpoints
strata serve: decode expert cache hit rate: 83.9% (402 hits / 479 lookups); 1 more read by the GPU over PCIe or from another GPU (0.2% of all 480 routed)
strata serve: resident RAM: 63.28 GiB of experts in RAM, 0 exchanged with the VRAM tier, 0 blob reads from the file
safetensors residency metrics: ram_bytes=67948118016 os_locked_bytes=0 cuda_pinned_bytes=67948118016 promotions=2400 promoted_payload_bytes=6635558400 expert_file_bytes=0 (cumulative; payload is not a physical PCIe counter)
safetensors ngram metrics: ple io: 526736 rows, 43.2% row-cache hits, 257858 SSD reads (1056.5 MB), read p50 226 us p99 562 us, blocked 498.636 ms total (submit 1.773 ms), cache 248715/1048576 rows, SSD kept awake by 100 reads (slowest 13.9 ms)
strata serve: expert tiers: GPU 402 hits this request; since the start RAM 188896 blobs, files 0 blobs 0.0 MB read
strata serve: prompt 24635 tokens = 24634 reused + 1 read in 0 ms (19762.8 tok/s), 1 generated in 15 ms (67.7 tok/s), drafts accepted 0 of 0, 2 checkpoints
strata serve: decode expert cache hit rate: 83.6% (397 hits / 475 lookups); 5 more read by the GPU over PCIe or from another GPU (1.0% of all 480 routed)
strata serve: resident RAM: 63.28 GiB of experts in RAM, 0 exchanged with the VRAM tier, 0 blob reads from the file
safetensors residency metrics: ram_bytes=67948118016 os_locked_bytes=0 cuda_pinned_bytes=67948118016 promotions=2400 promoted_payload_bytes=6635558400 expert_file_bytes=0 (cumulative; payload is not a physical PCIe counter)
safetensors ngram metrics: ple io: 526752 rows, 43.2% row-cache hits, 257874 SSD reads (1056.6 MB), read p50 226 us p99 562 us, blocked 498.636 ms total (submit 1.791 ms), cache 248731/1048576 rows, SSD kept awake by 100 reads (slowest 13.9 ms)
strata serve: expert tiers: GPU 397 hits this request; since the start RAM 188979 blobs, files 0 blobs 0.0 MB read
strata serve: prompt 24636 tokens = 24635 reused + 1 read in 0 ms (19762.8 tok/s), 1 generated in 15 ms (68.2 tok/s), drafts accepted 0 of 0, 2 checkpoints
strata serve: decode expert cache hit rate: 83.4% (396 hits / 475 lookups); 5 more read by the GPU over PCIe or from another GPU (1.0% of all 480 routed)
strata serve: resident RAM: 63.28 GiB of experts in RAM, 0 exchanged with the VRAM tier, 0 blob reads from the file
safetensors residency metrics: ram_bytes=67948118016 os_locked_bytes=0 cuda_pinned_bytes=67948118016 promotions=2400 promoted_payload_bytes=6635558400 expert_file_bytes=0 (cumulative; payload is not a physical PCIe counter)
safetensors ngram metrics: ple io: 526768 rows, 43.2% row-cache hits, 257890 SSD reads (1056.7 MB), read p50 226 us p99 562 us, blocked 498.637 ms total (submit 1.819 ms), cache 248747/1048576 rows, SSD kept awake by 100 reads (slowest 13.9 ms)
strata serve: expert tiers: GPU 396 hits this request; since the start RAM 189063 blobs, files 0 blobs 0.0 MB read
strata serve: prompt 24637 tokens = 24636 reused + 1 read in 0 ms (18450.2 tok/s), 1 generated in 17 ms (58.0 tok/s), drafts accepted 0 of 0, 2 checkpoints
strata serve: decode expert cache hit rate: 77.4% (362 hits / 468 lookups); 12 more read by the GPU over PCIe or from another GPU (2.5% of all 480 routed)
strata serve: resident RAM: 63.28 GiB of experts in RAM, 0 exchanged with the VRAM tier, 0 blob reads from the file
safetensors residency metrics: ram_bytes=67948118016 os_locked_bytes=0 cuda_pinned_bytes=67948118016 promotions=2400 promoted_payload_bytes=6635558400 expert_file_bytes=0 (cumulative; payload is not a physical PCIe counter)
safetensors ngram metrics: ple io: 526784 rows, 43.2% row-cache hits, 257906 SSD reads (1056.7 MB), read p50 226 us p99 562 us, blocked 498.637 ms total (submit 1.836 ms), cache 248763/1048576 rows, SSD kept awake by 100 reads (slowest 13.9 ms)
strata serve: expert tiers: GPU 362 hits this request; since the start RAM 189277 blobs, files 0 blobs 0.0 MB read
strata serve: prompt 24638 tokens = 24637 reused + 1 read in 0 ms (6779.7 tok/s), 1 generated in 19 ms (52.9 tok/s), drafts accepted 0 of 0, 2 checkpoints
strata serve: decode expert cache hit rate: 59.6% (266 hits / 446 lookups); 34 more read by the GPU over PCIe or from another GPU (7.1% of all 480 routed)
strata serve: resident RAM: 63.28 GiB of experts in RAM, 0 exchanged with the VRAM tier, 0 blob reads from the file
safetensors residency metrics: ram_bytes=67948118016 os_locked_bytes=0 cuda_pinned_bytes=67948118016 promotions=2496 promoted_payload_bytes=6900980736 expert_file_bytes=0 (cumulative; payload is not a physical PCIe counter)
safetensors ngram metrics: ple io: 526800 rows, 43.2% row-cache hits, 257922 SSD reads (1056.8 MB), read p50 226 us p99 562 us, blocked 498.638 ms total (submit 1.850 ms), cache 248779/1048576 rows, SSD kept awake by 100 reads (slowest 13.9 ms)
strata serve: expert tiers: GPU 266 hits this request; since the start RAM 189491 blobs, files 0 blobs 0.0 MB read
strata serve: prompt 24639 tokens = 24638 reused + 1 read in 0 ms (18315.0 tok/s), 1 generated in 18 ms (55.6 tok/s), drafts accepted 0 of 0, 2 checkpoints
strata serve: decode expert cache hit rate: 63.3% (284 hits / 449 lookups); 31 more read by the GPU over PCIe or from another GPU (6.5% of all 480 routed)
strata serve: resident RAM: 63.28 GiB of experts in RAM, 0 exchanged with the VRAM tier, 0 blob reads from the file
safetensors residency metrics: ram_bytes=67948118016 os_locked_bytes=0 cuda_pinned_bytes=67948118016 promotions=2496 promoted_payload_bytes=6900980736 expert_file_bytes=0 (cumulative; payload is not a physical PCIe counter)
safetensors ngram metrics: ple io: 526816 rows, 43.2% row-cache hits, 257938 SSD reads (1056.9 MB), read p50 226 us p99 562 us, blocked 498.638 ms total (submit 1.865 ms), cache 248795/1048576 rows, SSD kept awake by 100 reads (slowest 13.9 ms)
strata serve: expert tiers: GPU 284 hits this request; since the start RAM 189687 blobs, files 0 blobs 0.0 MB read
strata serve: prompt 24640 tokens = 24639 reused + 1 read in 0 ms (16977.9 tok/s), 1 generated in 16 ms (61.0 tok/s), drafts accepted 0 of 0, 2 checkpoints
strata serve: decode expert cache hit rate: 76.0% (351 hits / 462 lookups); 18 more read by the GPU over PCIe or from another GPU (3.8% of all 480 routed)
strata serve: resident RAM: 63.28 GiB of experts in RAM, 0 exchanged with the VRAM tier, 0 blob reads from the file
safetensors residency metrics: ram_bytes=67948118016 os_locked_bytes=0 cuda_pinned_bytes=67948118016 promotions=2496 promoted_payload_bytes=6900980736 expert_file_bytes=0 (cumulative; payload is not a physical PCIe counter)
safetensors ngram metrics: ple io: 526832 rows, 43.2% row-cache hits, 257946 SSD reads (1056.9 MB), read p50 226 us p99 562 us, blocked 498.638 ms total (submit 1.877 ms), cache 248803/1048576 rows, SSD kept awake by 100 reads (slowest 13.9 ms)
strata serve: expert tiers: GPU 351 hits this request; since the start RAM 189816 blobs, files 0 blobs 0.0 MB read
strata serve: prompt 24641 tokens = 24640 reused + 1 read in 0 ms (16863.4 tok/s), 1 generated in 18 ms (56.8 tok/s), drafts accepted 0 of 0, 2 checkpoints
strata serve: decode expert cache hit rate: 76.5% (354 hits / 463 lookups); 17 more read by the GPU over PCIe or from another GPU (3.5% of all 480 routed)
strata serve: resident RAM: 63.28 GiB of experts in RAM, 0 exchanged with the VRAM tier, 0 blob reads from the file
safetensors residency metrics: ram_bytes=67948118016 os_locked_bytes=0 cuda_pinned_bytes=67948118016 promotions=2496 promoted_payload_bytes=6900980736 expert_file_bytes=0 (cumulative; payload is not a physical PCIe counter)
safetensors ngram metrics: ple io: 526848 rows, 43.2% row-cache hits, 257954 SSD reads (1056.9 MB), read p50 226 us p99 562 us, blocked 498.639 ms total (submit 1.889 ms), cache 248811/1048576 rows, SSD kept awake by 100 reads (slowest 13.9 ms)
strata serve: expert tiers: GPU 354 hits this request; since the start RAM 190038 blobs, files 0 blobs 0.0 MB read
strata serve: prompt 24642 tokens = 24641 reused + 1 read in 0 ms (7209.8 tok/s), 1 generated in 16 ms (63.8 tok/s), drafts accepted 0 of 0, 2 checkpoints
strata serve: decode expert cache hit rate: 79.0% (373 hits / 472 lookups); 8 more read by the GPU over PCIe or from another GPU (1.7% of all 480 routed)
strata serve: resident RAM: 63.28 GiB of experts in RAM, 0 exchanged with the VRAM tier, 0 blob reads from the file
safetensors residency metrics: ram_bytes=67948118016 os_locked_bytes=0 cuda_pinned_bytes=67948118016 promotions=2592 promoted_payload_bytes=7166403072 expert_file_bytes=0 (cumulative; payload is not a physical PCIe counter)
safetensors ngram metrics: ple io: 526864 rows, 43.2% row-cache hits, 257970 SSD reads (1057.0 MB), read p50 226 us p99 562 us, blocked 498.639 ms total (submit 1.905 ms), cache 248827/1048576 rows, SSD kept awake by 100 reads (slowest 13.9 ms)
strata serve: expert tiers: GPU 373 hits this request; since the start RAM 190145 blobs, files 0 blobs 0.0 MB read
strata serve: prompt 24643 tokens = 24642 reused + 1 read in 0 ms (19493.2 tok/s), 1 generated in 16 ms (61.1 tok/s), drafts accepted 0 of 0, 2 checkpoints
strata serve: decode expert cache hit rate: 74.0% (342 hits / 462 lookups); 18 more read by the GPU over PCIe or from another GPU (3.8% of all 480 routed)
strata serve: resident RAM: 63.28 GiB of experts in RAM, 0 exchanged with the VRAM tier, 0 blob reads from the file
safetensors residency metrics: ram_bytes=67948118016 os_locked_bytes=0 cuda_pinned_bytes=67948118016 promotions=2592 promoted_payload_bytes=7166403072 expert_file_bytes=0 (cumulative; payload is not a physical PCIe counter)
safetensors ngram metrics: ple io: 526880 rows, 43.2% row-cache hits, 257986 SSD reads (1057.1 MB), read p50 226 us p99 562 us, blocked 498.640 ms total (submit 1.924 ms), cache 248843/1048576 rows, SSD kept awake by 100 reads (slowest 13.9 ms)
strata serve: expert tiers: GPU 342 hits this request; since the start RAM 190283 blobs, files 0 blobs 0.0 MB read
strata serve: prompt 24644 tokens = 24643 reused + 1 read in 0 ms (17953.3 tok/s), 1 generated in 17 ms (59.9 tok/s), drafts accepted 0 of 0, 2 checkpoints
strata serve: decode expert cache hit rate: 80.4% (381 hits / 474 lookups); 6 more read by the GPU over PCIe or from another GPU (1.2% of all 480 routed)
strata serve: resident RAM: 63.28 GiB of experts in RAM, 0 exchanged with the VRAM tier, 0 blob reads from the file
safetensors residency metrics: ram_bytes=67948118016 os_locked_bytes=0 cuda_pinned_bytes=67948118016 promotions=2592 promoted_payload_bytes=7166403072 expert_file_bytes=0 (cumulative; payload is not a physical PCIe counter)
safetensors ngram metrics: ple io: 526896 rows, 43.2% row-cache hits, 258002 SSD reads (1057.2 MB), read p50 226 us p99 562 us, blocked 498.640 ms total (submit 1.941 ms), cache 248859/1048576 rows, SSD kept awake by 100 reads (slowest 13.9 ms)
strata serve: expert tiers: GPU 381 hits this request; since the start RAM 190382 blobs, files 0 blobs 0.0 MB read
strata serve: prompt 24645 tokens = 24644 reused + 1 read in 0 ms (18939.4 tok/s), 1 generated in 16 ms (60.8 tok/s), drafts accepted 0 of 0, 2 checkpoints
strata serve: decode expert cache hit rate: 84.3% (402 hits / 477 lookups); 3 more read by the GPU over PCIe or from another GPU (0.6% of all 480 routed)
strata serve: resident RAM: 63.28 GiB of experts in RAM, 0 exchanged with the VRAM tier, 0 blob reads from the file
safetensors residency metrics: ram_bytes=67948118016 os_locked_bytes=0 cuda_pinned_bytes=67948118016 promotions=2592 promoted_payload_bytes=7166403072 expert_file_bytes=0 (cumulative; payload is not a physical PCIe counter)
safetensors ngram metrics: ple io: 526912 rows, 43.2% row-cache hits, 258018 SSD reads (1057.2 MB), read p50 226 us p99 562 us, blocked 498.641 ms total (submit 1.958 ms), cache 248875/1048576 rows, SSD kept awake by 100 reads (slowest 13.9 ms)
strata serve: expert tiers: GPU 402 hits this request; since the start RAM 190556 blobs, files 0 blobs 0.0 MB read
strata serve: prompt 24646 tokens = 24645 reused + 1 read in 0 ms (7272.7 tok/s), 1 generated in 16 ms (61.8 tok/s), drafts accepted 0 of 0, 2 checkpoints
strata serve: decode expert cache hit rate: 76.8% (354 hits / 461 lookups); 19 more read by the GPU over PCIe or from another GPU (4.0% of all 480 routed)
strata serve: resident RAM: 63.28 GiB of experts in RAM, 0 exchanged with the VRAM tier, 0 blob reads from the file
safetensors residency metrics: ram_bytes=67948118016 os_locked_bytes=0 cuda_pinned_bytes=67948118016 promotions=2688 promoted_payload_bytes=7431825408 expert_file_bytes=0 (cumulative; payload is not a physical PCIe counter)
safetensors ngram metrics: ple io: 526928 rows, 43.2% row-cache hits, 258034 SSD reads (1057.3 MB), read p50 226 us p99 562 us, blocked 498.641 ms total (submit 1.973 ms), cache 248891/1048576 rows, SSD kept awake by 100 reads (slowest 13.9 ms)
strata serve: expert tiers: GPU 354 hits this request; since the start RAM 190682 blobs, files 0 blobs 0.0 MB read
strata serve: prompt 24647 tokens = 24646 reused + 1 read in 0 ms (18248.2 tok/s), 1 generated in 15 ms (67.4 tok/s), drafts accepted 0 of 0, 2 checkpoints
strata serve: decode expert cache hit rate: 85.1% (404 hits / 475 lookups); 5 more read by the GPU over PCIe or from another GPU (1.0% of all 480 routed)
strata serve: resident RAM: 63.28 GiB of experts in RAM, 0 exchanged with the VRAM tier, 0 blob reads from the file
safetensors residency metrics: ram_bytes=67948118016 os_locked_bytes=0 cuda_pinned_bytes=67948118016 promotions=2688 promoted_payload_bytes=7431825408 expert_file_bytes=0 (cumulative; payload is not a physical PCIe counter)
safetensors ngram metrics: ple io: 526944 rows, 43.2% row-cache hits, 258042 SSD reads (1057.3 MB), read p50 226 us p99 562 us, blocked 498.642 ms total (submit 1.987 ms), cache 248899/1048576 rows, SSD kept awake by 100 reads (slowest 13.9 ms)
strata serve: expert tiers: GPU 404 hits this request; since the start RAM 190758 blobs, files 0 blobs 0.0 MB read
strata serve: prompt 24648 tokens = 24647 reused + 1 read in 0 ms (17605.6 tok/s), 1 generated in 16 ms (62.2 tok/s), drafts accepted 0 of 0, 2 checkpoints
strata serve: decode expert cache hit rate: 75.6% (350 hits / 463 lookups); 17 more read by the GPU over PCIe or from another GPU (3.5% of all 480 routed)
strata serve: resident RAM: 63.28 GiB of experts in RAM, 0 exchanged with the VRAM tier, 0 blob reads from the file
safetensors residency metrics: ram_bytes=67948118016 os_locked_bytes=0 cuda_pinned_bytes=67948118016 promotions=2688 promoted_payload_bytes=7431825408 expert_file_bytes=0 (cumulative; payload is not a physical PCIe counter)
safetensors ngram metrics: ple io: 526960 rows, 43.2% row-cache hits, 258042 SSD reads (1057.3 MB), read p50 226 us p99 562 us, blocked 498.642 ms total (submit 1.987 ms), cache 248899/1048576 rows, SSD kept awake by 100 reads (slowest 13.9 ms)
strata serve: expert tiers: GPU 350 hits this request; since the start RAM 190888 blobs, files 0 blobs 0.0 MB read
strata serve: prompt 24649 tokens = 24648 reused + 1 read in 0 ms (11061.9 tok/s), 1 generated in 17 ms (57.8 tok/s), drafts accepted 0 of 0, 2 checkpoints
strata serve: decode expert cache hit rate: 77.8% (362 hits / 465 lookups); 15 more read by the GPU over PCIe or from another GPU (3.1% of all 480 routed)
strata serve: resident RAM: 63.28 GiB of experts in RAM, 0 exchanged with the VRAM tier, 0 blob reads from the file
safetensors residency metrics: ram_bytes=67948118016 os_locked_bytes=0 cuda_pinned_bytes=67948118016 promotions=2688 promoted_payload_bytes=7431825408 expert_file_bytes=0 (cumulative; payload is not a physical PCIe counter)
safetensors ngram metrics: ple io: 526976 rows, 43.2% row-cache hits, 258042 SSD reads (1057.3 MB), read p50 226 us p99 562 us, blocked 498.642 ms total (submit 1.987 ms), cache 248899/1048576 rows, SSD kept awake by 100 reads (slowest 13.9 ms)
strata serve: expert tiers: GPU 362 hits this request; since the start RAM 191102 blobs, files 0 blobs 0.0 MB read
strata serve: prompt 24650 tokens = 24649 reused + 1 read in 0 ms (7874.0 tok/s), 1 generated in 14 ms (71.9 tok/s), drafts accepted 0 of 0, 2 checkpoints
strata serve: decode expert cache hit rate: 90.4% (432 hits / 478 lookups); 2 more read by the GPU over PCIe or from another GPU (0.4% of all 480 routed)
strata serve: resident RAM: 63.28 GiB of experts in RAM, 0 exchanged with the VRAM tier, 0 blob reads from the file
safetensors residency metrics: ram_bytes=67948118016 os_locked_bytes=0 cuda_pinned_bytes=67948118016 promotions=2784 promoted_payload_bytes=7697247744 expert_file_bytes=0 (cumulative; payload is not a physical PCIe counter)
safetensors ngram metrics: ple io: 526992 rows, 43.2% row-cache hits, 258058 SSD reads (1057.4 MB), read p50 226 us p99 562 us, blocked 498.642 ms total (submit 2.004 ms), cache 248915/1048576 rows, SSD kept awake by 100 reads (slowest 13.9 ms)
strata serve: expert tiers: GPU 432 hits this request; since the start RAM 191150 blobs, files 0 blobs 0.0 MB read
strata serve: prompt 24651 tokens = 24650 reused + 1 read in 0 ms (19802.0 tok/s), 1 generated in 14 ms (69.5 tok/s), drafts accepted 0 of 0, 2 checkpoints
strata serve: decode expert cache hit rate: 89.3% (426 hits / 477 lookups); 3 more read by the GPU over PCIe or from another GPU (0.6% of all 480 routed)
strata serve: resident RAM: 63.28 GiB of experts in RAM, 0 exchanged with the VRAM tier, 0 blob reads from the file
safetensors residency metrics: ram_bytes=67948118016 os_locked_bytes=0 cuda_pinned_bytes=67948118016 promotions=2784 promoted_payload_bytes=7697247744 expert_file_bytes=0 (cumulative; payload is not a physical PCIe counter)
safetensors ngram metrics: ple io: 527008 rows, 43.2% row-cache hits, 258074 SSD reads (1057.5 MB), read p50 226 us p99 562 us, blocked 498.643 ms total (submit 2.020 ms), cache 248931/1048576 rows, SSD kept awake by 100 reads (slowest 13.9 ms)
strata serve: expert tiers: GPU 426 hits this request; since the start RAM 191204 blobs, files 0 blobs 0.0 MB read
strata serve: prompt 24652 tokens = 24651 reused + 1 read in 0 ms (20202.0 tok/s), 1 generated in 15 ms (66.7 tok/s), drafts accepted 0 of 0, 2 checkpoints
strata serve: decode expert cache hit rate: 83.5% (399 hits / 478 lookups); 2 more read by the GPU over PCIe or from another GPU (0.4% of all 480 routed)
strata serve: resident RAM: 63.28 GiB of experts in RAM, 0 exchanged with the VRAM tier, 0 blob reads from the file
safetensors residency metrics: ram_bytes=67948118016 os_locked_bytes=0 cuda_pinned_bytes=67948118016 promotions=2784 promoted_payload_bytes=7697247744 expert_file_bytes=0 (cumulative; payload is not a physical PCIe counter)
safetensors ngram metrics: ple io: 527024 rows, 43.2% row-cache hits, 258090 SSD reads (1057.5 MB), read p50 226 us p99 562 us, blocked 498.643 ms total (submit 2.038 ms), cache 248947/1048576 rows, SSD kept awake by 100 reads (slowest 13.9 ms)
strata serve: expert tiers: GPU 399 hits this request; since the start RAM 191285 blobs, files 0 blobs 0.0 MB read
strata serve: prompt 24653 tokens = 24652 reused + 1 read in 0 ms (18552.9 tok/s), 1 generated in 17 ms (59.7 tok/s), drafts accepted 0 of 0, 2 checkpoints
strata serve: decode expert cache hit rate: 81.3% (383 hits / 471 lookups); 9 more read by the GPU over PCIe or from another GPU (1.9% of all 480 routed)
strata serve: resident RAM: 63.28 GiB of experts in RAM, 0 exchanged with the VRAM tier, 0 blob reads from the file
safetensors residency metrics: ram_bytes=67948118016 os_locked_bytes=0 cuda_pinned_bytes=67948118016 promotions=2784 promoted_payload_bytes=7697247744 expert_file_bytes=0 (cumulative; payload is not a physical PCIe counter)
safetensors ngram metrics: ple io: 527040 rows, 43.2% row-cache hits, 258106 SSD reads (1057.6 MB), read p50 226 us p99 562 us, blocked 498.644 ms total (submit 2.053 ms), cache 248963/1048576 rows, SSD kept awake by 100 reads (slowest 13.9 ms)
strata serve: expert tiers: GPU 383 hits this request; since the start RAM 191478 blobs, files 0 blobs 0.0 MB read
strata serve: prompt 24654 tokens = 24653 reused + 1 read in 0 ms (7507.5 tok/s), 1 generated in 14 ms (70.0 tok/s), drafts accepted 0 of 0, 2 checkpoints
strata serve: decode expert cache hit rate: 87.4% (416 hits / 476 lookups); 4 more read by the GPU over PCIe or from another GPU (0.8% of all 480 routed)
strata serve: resident RAM: 63.28 GiB of experts in RAM, 0 exchanged with the VRAM tier, 0 blob reads from the file
safetensors residency metrics: ram_bytes=67948118016 os_locked_bytes=0 cuda_pinned_bytes=67948118016 promotions=2880 promoted_payload_bytes=7962670080 expert_file_bytes=0 (cumulative; payload is not a physical PCIe counter)
safetensors ngram metrics: ple io: 527056 rows, 43.2% row-cache hits, 258122 SSD reads (1057.7 MB), read p50 226 us p99 562 us, blocked 498.644 ms total (submit 2.069 ms), cache 248979/1048576 rows, SSD kept awake by 100 reads (slowest 13.9 ms)
strata serve: expert tiers: GPU 416 hits this request; since the start RAM 191542 blobs, files 0 blobs 0.0 MB read
strata serve: prompt 24655 tokens = 24654 reused + 1 read in 0 ms (18975.3 tok/s), 1 generated in 14 ms (69.6 tok/s), drafts accepted 0 of 0, 2 checkpoints
strata serve: decode expert cache hit rate: 87.1% (413 hits / 474 lookups); 6 more read by the GPU over PCIe or from another GPU (1.2% of all 480 routed)
strata serve: resident RAM: 63.28 GiB of experts in RAM, 0 exchanged with the VRAM tier, 0 blob reads from the file
safetensors residency metrics: ram_bytes=67948118016 os_locked_bytes=0 cuda_pinned_bytes=67948118016 promotions=2880 promoted_payload_bytes=7962670080 expert_file_bytes=0 (cumulative; payload is not a physical PCIe counter)
safetensors ngram metrics: ple io: 527072 rows, 43.2% row-cache hits, 258138 SSD reads (1057.7 MB), read p50 226 us p99 562 us, blocked 498.645 ms total (submit 2.084 ms), cache 248995/1048576 rows, SSD kept awake by 100 reads (slowest 13.9 ms)
strata serve: expert tiers: GPU 413 hits this request; since the start RAM 191609 blobs, files 0 blobs 0.0 MB read
strata serve: prompt 24656 tokens = 24655 reused + 1 read in 0 ms (21231.4 tok/s), 1 generated in 15 ms (65.0 tok/s), drafts accepted 0 of 0, 2 checkpoints
strata serve: decode expert cache hit rate: 80.9% (378 hits / 467 lookups); 13 more read by the GPU over PCIe or from another GPU (2.7% of all 480 routed)
strata serve: resident RAM: 63.28 GiB of experts in RAM, 0 exchanged with the VRAM tier, 0 blob reads from the file
safetensors residency metrics: ram_bytes=67948118016 os_locked_bytes=0 cuda_pinned_bytes=67948118016 promotions=2880 promoted_payload_bytes=7962670080 expert_file_bytes=0 (cumulative; payload is not a physical PCIe counter)
safetensors ngram metrics: ple io: 527088 rows, 43.2% row-cache hits, 258154 SSD reads (1057.8 MB), read p50 226 us p99 562 us, blocked 498.645 ms total (submit 2.099 ms), cache 249011/1048576 rows, SSD kept awake by 100 reads (slowest 13.9 ms)
strata serve: expert tiers: GPU 378 hits this request; since the start RAM 191711 blobs, files 0 blobs 0.0 MB read
strata serve: prompt 24657 tokens = 24656 reused + 1 read in 0 ms (18832.4 tok/s), 1 generated in 17 ms (60.6 tok/s), drafts accepted 0 of 0, 2 checkpoints
strata serve: decode expert cache hit rate: 80.9% (381 hits / 471 lookups); 9 more read by the GPU over PCIe or from another GPU (1.9% of all 480 routed)
strata serve: resident RAM: 63.28 GiB of experts in RAM, 0 exchanged with the VRAM tier, 0 blob reads from the file
safetensors residency metrics: ram_bytes=67948118016 os_locked_bytes=0 cuda_pinned_bytes=67948118016 promotions=2880 promoted_payload_bytes=7962670080 expert_file_bytes=0 (cumulative; payload is not a physical PCIe counter)
safetensors ngram metrics: ple io: 527104 rows, 43.2% row-cache hits, 258170 SSD reads (1057.9 MB), read p50 226 us p99 562 us, blocked 498.646 ms total (submit 2.116 ms), cache 249027/1048576 rows, SSD kept awake by 100 reads (slowest 13.9 ms)
strata serve: expert tiers: GPU 381 hits this request; since the start RAM 191892 blobs, files 0 blobs 0.0 MB read
strata serve: prompt 24658 tokens = 24657 reused + 1 read in 0 ms (7418.4 tok/s), 1 generated in 16 ms (63.5 tok/s), drafts accepted 0 of 0, 2 checkpoints
strata serve: decode expert cache hit rate: 84.2% (399 hits / 474 lookups); 6 more read by the GPU over PCIe or from another GPU (1.2% of all 480 routed)
strata serve: resident RAM: 63.28 GiB of experts in RAM, 0 exchanged with the VRAM tier, 0 blob reads from the file
safetensors residency metrics: ram_bytes=67948118016 os_locked_bytes=0 cuda_pinned_bytes=67948118016 promotions=2962 promoted_payload_bytes=8189384992 expert_file_bytes=0 (cumulative; payload is not a physical PCIe counter)
safetensors ngram metrics: ple io: 527120 rows, 43.2% row-cache hits, 258186 SSD reads (1057.9 MB), read p50 226 us p99 562 us, blocked 498.646 ms total (submit 2.130 ms), cache 249043/1048576 rows, SSD kept awake by 100 reads (slowest 13.9 ms)
strata serve: expert tiers: GPU 399 hits this request; since the start RAM 191973 blobs, files 0 blobs 0.0 MB read
strata serve: prompt 24659 tokens = 24658 reused + 1 read in 0 ms (20366.6 tok/s), 1 generated in 15 ms (68.2 tok/s), drafts accepted 0 of 0, 2 checkpoints
strata serve: decode expert cache hit rate: 85.0% (402 hits / 473 lookups); 7 more read by the GPU over PCIe or from another GPU (1.5% of all 480 routed)
strata serve: resident RAM: 63.28 GiB of experts in RAM, 0 exchanged with the VRAM tier, 0 blob reads from the file
safetensors residency metrics: ram_bytes=67948118016 os_locked_bytes=0 cuda_pinned_bytes=67948118016 promotions=2962 promoted_payload_bytes=8189384992 expert_file_bytes=0 (cumulative; payload is not a physical PCIe counter)
safetensors ngram metrics: ple io: 527136 rows, 43.2% row-cache hits, 258202 SSD reads (1058.0 MB), read p50 226 us p99 562 us, blocked 498.646 ms total (submit 2.144 ms), cache 249059/1048576 rows, SSD kept awake by 100 reads (slowest 13.9 ms)
strata serve: expert tiers: GPU 402 hits this request; since the start RAM 192051 blobs, files 0 blobs 0.0 MB read
strata serve: prompt 24660 tokens = 24659 reused + 1 read in 0 ms (20491.8 tok/s), 1 generated in 15 ms (67.7 tok/s), drafts accepted 0 of 0, 2 checkpoints
strata serve: decode expert cache hit rate: 84.0% (399 hits / 475 lookups); 5 more read by the GPU over PCIe or from another GPU (1.0% of all 480 routed)
strata serve: resident RAM: 63.28 GiB of experts in RAM, 0 exchanged with the VRAM tier, 0 blob reads from the file
safetensors residency metrics: ram_bytes=67948118016 os_locked_bytes=0 cuda_pinned_bytes=67948118016 promotions=2962 promoted_payload_bytes=8189384992 expert_file_bytes=0 (cumulative; payload is not a physical PCIe counter)
safetensors ngram metrics: ple io: 527152 rows, 43.2% row-cache hits, 258218 SSD reads (1058.1 MB), read p50 226 us p99 562 us, blocked 498.647 ms total (submit 2.160 ms), cache 249075/1048576 rows, SSD kept awake by 100 reads (slowest 13.9 ms)
strata serve: expert tiers: GPU 399 hits this request; since the start RAM 192132 blobs, files 0 blobs 0.0 MB read
strata serve: prompt 24661 tokens = 24660 reused + 1 read in 0 ms (20408.2 tok/s), 1 generated in 16 ms (64.4 tok/s), drafts accepted 0 of 0, 2 checkpoints
strata serve: decode expert cache hit rate: 87.7% (419 hits / 478 lookups); 2 more read by the GPU over PCIe or from another GPU (0.4% of all 480 routed)
strata serve: resident RAM: 63.28 GiB of experts in RAM, 0 exchanged with the VRAM tier, 0 blob reads from the file
safetensors residency metrics: ram_bytes=67948118016 os_locked_bytes=0 cuda_pinned_bytes=67948118016 promotions=2962 promoted_payload_bytes=8189384992 expert_file_bytes=0 (cumulative; payload is not a physical PCIe counter)
safetensors ngram metrics: ple io: 527168 rows, 43.2% row-cache hits, 258234 SSD reads (1058.2 MB), read p50 226 us p99 562 us, blocked 498.647 ms total (submit 2.177 ms), cache 249091/1048576 rows, SSD kept awake by 100 reads (slowest 13.9 ms)
strata serve: expert tiers: GPU 419 hits this request; since the start RAM 192271 blobs, files 0 blobs 0.0 MB read
strata serve: prompt 24662 tokens = 24661 reused + 1 read in 0 ms (7501.9 tok/s), 1 generated in 14 ms (73.0 tok/s), drafts accepted 0 of 0, 2 checkpoints
strata serve: decode expert cache hit rate: 91.9% (440 hits / 479 lookups); 1 more read by the GPU over PCIe or from another GPU (0.2% of all 480 routed)
strata serve: resident RAM: 63.28 GiB of experts in RAM, 0 exchanged with the VRAM tier, 0 blob reads from the file
safetensors residency metrics: ram_bytes=67948118016 os_locked_bytes=0 cuda_pinned_bytes=67948118016 promotions=3040 promoted_payload_bytes=8405040640 expert_file_bytes=0 (cumulative; payload is not a physical PCIe counter)
safetensors ngram metrics: ple io: 527184 rows, 43.2% row-cache hits, 258250 SSD reads (1058.2 MB), read p50 226 us p99 562 us, blocked 498.719 ms total (submit 2.193 ms), cache 249107/1048576 rows, SSD kept awake by 100 reads (slowest 13.9 ms)
strata serve: expert tiers: GPU 440 hits this request; since the start RAM 192311 blobs, files 0 blobs 0.0 MB read
strata serve: prompt 24663 tokens = 24662 reused + 1 read in 0 ms (21186.4 tok/s), 1 generated in 15 ms (68.4 tok/s), drafts accepted 0 of 0, 2 checkpoints
strata serve: decode expert cache hit rate: 84.8% (401 hits / 473 lookups); 7 more read by the GPU over PCIe or from another GPU (1.5% of all 480 routed)
strata serve: resident RAM: 63.28 GiB of experts in RAM, 0 exchanged with the VRAM tier, 0 blob reads from the file
safetensors residency metrics: ram_bytes=67948118016 os_locked_bytes=0 cuda_pinned_bytes=67948118016 promotions=3040 promoted_payload_bytes=8405040640 expert_file_bytes=0 (cumulative; payload is not a physical PCIe counter)
safetensors ngram metrics: ple io: 527200 rows, 43.2% row-cache hits, 258266 SSD reads (1058.3 MB), read p50 226 us p99 562 us, blocked 498.719 ms total (submit 2.207 ms), cache 249123/1048576 rows, SSD kept awake by 100 reads (slowest 13.9 ms)
strata serve: expert tiers: GPU 401 hits this request; since the start RAM 192390 blobs, files 0 blobs 0.0 MB read
strata serve: prompt 24664 tokens = 24663 reused + 1 read in 0 ms (21231.4 tok/s), 1 generated in 16 ms (62.4 tok/s), drafts accepted 0 of 0, 2 checkpoints
strata serve: decode expert cache hit rate: 76.1% (356 hits / 468 lookups); 12 more read by the GPU over PCIe or from another GPU (2.5% of all 480 routed)
strata serve: resident RAM: 63.28 GiB of experts in RAM, 0 exchanged with the VRAM tier, 0 blob reads from the file
safetensors residency metrics: ram_bytes=67948118016 os_locked_bytes=0 cuda_pinned_bytes=67948118016 promotions=3040 promoted_payload_bytes=8405040640 expert_file_bytes=0 (cumulative; payload is not a physical PCIe counter)
safetensors ngram metrics: ple io: 527216 rows, 43.2% row-cache hits, 258282 SSD reads (1058.4 MB), read p50 226 us p99 562 us, blocked 498.719 ms total (submit 2.221 ms), cache 249139/1048576 rows, SSD kept awake by 100 reads (slowest 13.9 ms)
strata serve: expert tiers: GPU 356 hits this request; since the start RAM 192514 blobs, files 0 blobs 0.0 MB read
strata serve: prompt 24665 tokens = 24664 reused + 1 read in 0 ms (18518.5 tok/s), 1 generated in 17 ms (60.5 tok/s), drafts accepted 0 of 0, 2 checkpoints
strata serve: decode expert cache hit rate: 81.9% (384 hits / 469 lookups); 11 more read by the GPU over PCIe or from another GPU (2.3% of all 480 routed)
strata serve: resident RAM: 63.28 GiB of experts in RAM, 0 exchanged with the VRAM tier, 0 blob reads from the file
safetensors residency metrics: ram_bytes=67948118016 os_locked_bytes=0 cuda_pinned_bytes=67948118016 promotions=3040 promoted_payload_bytes=8405040640 expert_file_bytes=0 (cumulative; payload is not a physical PCIe counter)
safetensors ngram metrics: ple io: 527232 rows, 43.2% row-cache hits, 258298 SSD reads (1058.4 MB), read p50 226 us p99 562 us, blocked 498.720 ms total (submit 2.236 ms), cache 249155/1048576 rows, SSD kept awake by 100 reads (slowest 13.9 ms)
strata serve: expert tiers: GPU 384 hits this request; since the start RAM 192685 blobs, files 0 blobs 0.0 MB read
strata serve: prompt 24666 tokens = 24665 reused + 1 read in 0 ms (7541.5 tok/s), 1 generated in 15 ms (67.4 tok/s), drafts accepted 0 of 0, 2 checkpoints
strata serve: decode expert cache hit rate: 83.1% (394 hits / 474 lookups); 6 more read by the GPU over PCIe or from another GPU (1.2% of all 480 routed)
strata serve: resident RAM: 63.28 GiB of experts in RAM, 0 exchanged with the VRAM tier, 0 blob reads from the file
safetensors residency metrics: ram_bytes=67948118016 os_locked_bytes=0 cuda_pinned_bytes=67948118016 promotions=3115 promoted_payload_bytes=8612401840 expert_file_bytes=0 (cumulative; payload is not a physical PCIe counter)
safetensors ngram metrics: ple io: 527248 rows, 43.2% row-cache hits, 258314 SSD reads (1058.5 MB), read p50 226 us p99 562 us, blocked 498.720 ms total (submit 2.252 ms), cache 249171/1048576 rows, SSD kept awake by 100 reads (slowest 13.9 ms)
strata serve: expert tiers: GPU 394 hits this request; since the start RAM 192771 blobs, files 0 blobs 0.0 MB read
strata serve: prompt 24667 tokens = 24666 reused + 1 read in 0 ms (18622.0 tok/s), 1 generated in 14 ms (73.9 tok/s), drafts accepted 0 of 0, 2 checkpoints
strata serve: decode expert cache hit rate: 92.5% (443 hits / 479 lookups); 1 more read by the GPU over PCIe or from another GPU (0.2% of all 480 routed)
strata serve: resident RAM: 63.28 GiB of experts in RAM, 0 exchanged with the VRAM tier, 0 blob reads from the file
safetensors residency metrics: ram_bytes=67948118016 os_locked_bytes=0 cuda_pinned_bytes=67948118016 promotions=3115 promoted_payload_bytes=8612401840 expert_file_bytes=0 (cumulative; payload is not a physical PCIe counter)
safetensors ngram metrics: ple io: 527264 rows, 43.2% row-cache hits, 258330 SSD reads (1058.6 MB), read p50 226 us p99 562 us, blocked 498.721 ms total (submit 2.266 ms), cache 249187/1048576 rows, SSD kept awake by 100 reads (slowest 13.9 ms)
strata serve: expert tiers: GPU 443 hits this request; since the start RAM 192808 blobs, files 0 blobs 0.0 MB read
strata serve: prompt 24668 tokens = 24667 reused + 1 read in 0 ms (21231.4 tok/s), 1 generated in 15 ms (65.1 tok/s), drafts accepted 0 of 0, 2 checkpoints
strata serve: decode expert cache hit rate: 81.3% (382 hits / 470 lookups); 10 more read by the GPU over PCIe or from another GPU (2.1% of all 480 routed)
strata serve: resident RAM: 63.28 GiB of experts in RAM, 0 exchanged with the VRAM tier, 0 blob reads from the file
safetensors residency metrics: ram_bytes=67948118016 os_locked_bytes=0 cuda_pinned_bytes=67948118016 promotions=3115 promoted_payload_bytes=8612401840 expert_file_bytes=0 (cumulative; payload is not a physical PCIe counter)
safetensors ngram metrics: ple io: 527280 rows, 43.2% row-cache hits, 258346 SSD reads (1058.6 MB), read p50 226 us p99 562 us, blocked 498.721 ms total (submit 2.280 ms), cache 249203/1048576 rows, SSD kept awake by 100 reads (slowest 13.9 ms)
strata serve: expert tiers: GPU 382 hits this request; since the start RAM 192906 blobs, files 0 blobs 0.0 MB read
strata serve: prompt 24669 tokens = 24668 reused + 1 read in 0 ms (15174.5 tok/s), 1 generated in 19 ms (51.8 tok/s), drafts accepted 0 of 0, 2 checkpoints
strata serve: decode expert cache hit rate: 80.9% (382 hits / 472 lookups); 8 more read by the GPU over PCIe or from another GPU (1.7% of all 480 routed)
strata serve: resident RAM: 63.28 GiB of experts in RAM, 0 exchanged with the VRAM tier, 0 blob reads from the file
safetensors residency metrics: ram_bytes=67948118016 os_locked_bytes=0 cuda_pinned_bytes=67948118016 promotions=3115 promoted_payload_bytes=8612401840 expert_file_bytes=0 (cumulative; payload is not a physical PCIe counter)
safetensors ngram metrics: ple io: 527296 rows, 43.2% row-cache hits, 258362 SSD reads (1058.7 MB), read p50 226 us p99 562 us, blocked 498.722 ms total (submit 2.293 ms), cache 249219/1048576 rows, SSD kept awake by 100 reads (slowest 13.9 ms)
strata serve: expert tiers: GPU 382 hits this request; since the start RAM 193053 blobs, files 0 blobs 0.0 MB read
strata serve: prompt 24670 tokens = 24669 reused + 1 read in 0 ms (7418.4 tok/s), 1 generated in 15 ms (68.2 tok/s), drafts accepted 0 of 0, 2 checkpoints
strata serve: decode expert cache hit rate: 85.7% (408 hits / 476 lookups); 4 more read by the GPU over PCIe or from another GPU (0.8% of all 480 routed)
strata serve: resident RAM: 63.28 GiB of experts in RAM, 0 exchanged with the VRAM tier, 0 blob reads from the file
safetensors residency metrics: ram_bytes=67948118016 os_locked_bytes=0 cuda_pinned_bytes=67948118016 promotions=3164 promoted_payload_bytes=8747877824 expert_file_bytes=0 (cumulative; payload is not a physical PCIe counter)
safetensors ngram metrics: ple io: 527312 rows, 43.2% row-cache hits, 258378 SSD reads (1058.8 MB), read p50 226 us p99 562 us, blocked 498.722 ms total (submit 2.310 ms), cache 249235/1048576 rows, SSD kept awake by 100 reads (slowest 13.9 ms)
strata serve: expert tiers: GPU 408 hits this request; since the start RAM 193125 blobs, files 0 blobs 0.0 MB read
strata serve: prompt 24671 tokens = 24670 reused + 1 read in 0 ms (20408.2 tok/s), 1 generated in 16 ms (61.4 tok/s), drafts accepted 0 of 0, 2 checkpoints
strata serve: decode expert cache hit rate: 75.1% (346 hits / 461 lookups); 19 more read by the GPU over PCIe or from another GPU (4.0% of all 480 routed)
strata serve: resident RAM: 63.28 GiB of experts in RAM, 0 exchanged with the VRAM tier, 0 blob reads from the file
safetensors residency metrics: ram_bytes=67948118016 os_locked_bytes=0 cuda_pinned_bytes=67948118016 promotions=3164 promoted_payload_bytes=8747877824 expert_file_bytes=0 (cumulative; payload is not a physical PCIe counter)
safetensors ngram metrics: ple io: 527328 rows, 43.1% row-cache hits, 258394 SSD reads (1058.8 MB), read p50 226 us p99 562 us, blocked 498.723 ms total (submit 2.327 ms), cache 249251/1048576 rows, SSD kept awake by 100 reads (slowest 13.9 ms)
strata serve: expert tiers: GPU 346 hits this request; since the start RAM 193259 blobs, files 0 blobs 0.0 MB read
strata serve: prompt 24672 tokens = 24671 reused + 1 read in 0 ms (16528.9 tok/s), 1 generated in 15 ms (68.8 tok/s), drafts accepted 0 of 0, 2 checkpoints
strata serve: decode expert cache hit rate: 85.9% (408 hits / 475 lookups); 5 more read by the GPU over PCIe or from another GPU (1.0% of all 480 routed)
strata serve: resident RAM: 63.28 GiB of experts in RAM, 0 exchanged with the VRAM tier, 0 blob reads from the file
safetensors residency metrics: ram_bytes=67948118016 os_locked_bytes=0 cuda_pinned_bytes=67948118016 promotions=3164 promoted_payload_bytes=8747877824 expert_file_bytes=0 (cumulative; payload is not a physical PCIe counter)
safetensors ngram metrics: ple io: 527344 rows, 43.1% row-cache hits, 258410 SSD reads (1058.9 MB), read p50 226 us p99 562 us, blocked 498.777 ms total (submit 2.344 ms), cache 249267/1048576 rows, SSD kept awake by 100 reads (slowest 13.9 ms)
strata serve: expert tiers: GPU 408 hits this request; since the start RAM 193331 blobs, files 0 blobs 0.0 MB read
strata serve: prompt 24673 tokens = 24672 reused + 1 read in 0 ms (18281.5 tok/s), 1 generated in 15 ms (65.7 tok/s), drafts accepted 0 of 0, 2 checkpoints
strata serve: decode expert cache hit rate: 89.1% (426 hits / 478 lookups); 2 more read by the GPU over PCIe or from another GPU (0.4% of all 480 routed)
strata serve: resident RAM: 63.28 GiB of experts in RAM, 0 exchanged with the VRAM tier, 0 blob reads from the file
safetensors residency metrics: ram_bytes=67948118016 os_locked_bytes=0 cuda_pinned_bytes=67948118016 promotions=3164 promoted_payload_bytes=8747877824 expert_file_bytes=0 (cumulative; payload is not a physical PCIe counter)
safetensors ngram metrics: ple io: 527360 rows, 43.1% row-cache hits, 258426 SSD reads (1059.0 MB), read p50 226 us p99 562 us, blocked 498.777 ms total (submit 2.361 ms), cache 249283/1048576 rows, SSD kept awake by 100 reads (slowest 13.9 ms)
strata serve: expert tiers: GPU 426 hits this request; since the start RAM 193450 blobs, files 0 blobs 0.0 MB read
strata serve: prompt 24674 tokens = 24673 reused + 1 read in 0 ms (7137.8 tok/s), 1 generated in 15 ms (68.3 tok/s), drafts accepted 0 of 0, 2 checkpoints
strata serve: decode expert cache hit rate: 84.8% (402 hits / 474 lookups); 6 more read by the GPU over PCIe or from another GPU (1.2% of all 480 routed)
strata serve: resident RAM: 63.28 GiB of experts in RAM, 0 exchanged with the VRAM tier, 0 blob reads from the file
safetensors residency metrics: ram_bytes=67948118016 os_locked_bytes=0 cuda_pinned_bytes=67948118016 promotions=3229 promoted_payload_bytes=8927590864 expert_file_bytes=0 (cumulative; payload is not a physical PCIe counter)
safetensors ngram metrics: ple io: 527376 rows, 43.1% row-cache hits, 258442 SSD reads (1059.0 MB), read p50 226 us p99 562 us, blocked 498.778 ms total (submit 2.374 ms), cache 249299/1048576 rows, SSD kept awake by 100 reads (slowest 13.9 ms)
strata serve: expert tiers: GPU 402 hits this request; since the start RAM 193528 blobs, files 0 blobs 0.0 MB read
strata serve: prompt 24675 tokens = 24674 reused + 1 read in 0 ms (16000.0 tok/s), 1 generated in 14 ms (71.3 tok/s), drafts accepted 0 of 0, 2 checkpoints
strata serve: decode expert cache hit rate: 88.9% (425 hits / 478 lookups); 2 more read by the GPU over PCIe or from another GPU (0.4% of all 480 routed)
strata serve: resident RAM: 63.28 GiB of experts in RAM, 0 exchanged with the VRAM tier, 0 blob reads from the file
safetensors residency metrics: ram_bytes=67948118016 os_locked_bytes=0 cuda_pinned_bytes=67948118016 promotions=3229 promoted_payload_bytes=8927590864 expert_file_bytes=0 (cumulative; payload is not a physical PCIe counter)
safetensors ngram metrics: ple io: 527392 rows, 43.1% row-cache hits, 258458 SSD reads (1059.1 MB), read p50 226 us p99 562 us, blocked 498.778 ms total (submit 2.392 ms), cache 249315/1048576 rows, SSD kept awake by 100 reads (slowest 13.9 ms)
strata serve: expert tiers: GPU 425 hits this request; since the start RAM 193583 blobs, files 0 blobs 0.0 MB read
strata serve: prompt 24676 tokens = 24675 reused + 1 read in 0 ms (17421.6 tok/s), 1 generated in 14 ms (70.3 tok/s), drafts accepted 0 of 0, 2 checkpoints
strata serve: decode expert cache hit rate: 88.1% (421 hits / 478 lookups); 2 more read by the GPU over PCIe or from another GPU (0.4% of all 480 routed)
strata serve: resident RAM: 63.28 GiB of experts in RAM, 0 exchanged with the VRAM tier, 0 blob reads from the file
safetensors residency metrics: ram_bytes=67948118016 os_locked_bytes=0 cuda_pinned_bytes=67948118016 promotions=3229 promoted_payload_bytes=8927590864 expert_file_bytes=0 (cumulative; payload is not a physical PCIe counter)
safetensors ngram metrics: ple io: 527408 rows, 43.1% row-cache hits, 258474 SSD reads (1059.2 MB), read p50 226 us p99 562 us, blocked 498.779 ms total (submit 2.408 ms), cache 249331/1048576 rows, SSD kept awake by 100 reads (slowest 13.9 ms)
strata serve: expert tiers: GPU 421 hits this request; since the start RAM 193642 blobs, files 0 blobs 0.0 MB read
strata serve: prompt 24677 tokens = 24676 reused + 1 read in 0 ms (16778.5 tok/s), 1 generated in 15 ms (64.9 tok/s), drafts accepted 0 of 0, 2 checkpoints
strata serve: decode expert cache hit rate: 92.5% (444 hits / 480 lookups)
strata serve: resident RAM: 63.28 GiB of experts in RAM, 0 exchanged with the VRAM tier, 0 blob reads from the file
safetensors residency metrics: ram_bytes=67948118016 os_locked_bytes=0 cuda_pinned_bytes=67948118016 promotions=3229 promoted_payload_bytes=8927590864 expert_file_bytes=0 (cumulative; payload is not a physical PCIe counter)
safetensors ngram metrics: ple io: 527424 rows, 43.1% row-cache hits, 258490 SSD reads (1059.3 MB), read p50 226 us p99 562 us, blocked 498.825 ms total (submit 2.423 ms), cache 249347/1048576 rows, SSD kept awake by 100 reads (slowest 13.9 ms)
strata serve: expert tiers: GPU 444 hits this request; since the start RAM 193748 blobs, files 0 blobs 0.0 MB read
strata serve: prompt 24678 tokens = 24677 reused + 1 read in 0 ms (7117.4 tok/s), 1 generated in 15 ms (65.2 tok/s), drafts accepted 0 of 0, 2 checkpoints
strata serve: decode expert cache hit rate: 80.6% (378 hits / 469 lookups); 11 more read by the GPU over PCIe or from another GPU (2.3% of all 480 routed)
strata serve: resident RAM: 63.28 GiB of experts in RAM, 0 exchanged with the VRAM tier, 0 blob reads from the file
safetensors residency metrics: ram_bytes=67948118016 os_locked_bytes=0 cuda_pinned_bytes=67948118016 promotions=3299 promoted_payload_bytes=9121127984 expert_file_bytes=0 (cumulative; payload is not a physical PCIe counter)
safetensors ngram metrics: ple io: 527440 rows, 43.1% row-cache hits, 258506 SSD reads (1059.3 MB), read p50 226 us p99 562 us, blocked 498.826 ms total (submit 2.440 ms), cache 249363/1048576 rows, SSD kept awake by 100 reads (slowest 13.9 ms)
strata serve: expert tiers: GPU 378 hits this request; since the start RAM 193850 blobs, files 0 blobs 0.0 MB read
strata serve: prompt 24679 tokens = 24678 reused + 1 read in 0 ms (17152.7 tok/s), 1 generated in 16 ms (62.2 tok/s), drafts accepted 0 of 0, 2 checkpoints
strata serve: decode expert cache hit rate: 73.9% (343 hits / 464 lookups); 16 more read by the GPU over PCIe or from another GPU (3.3% of all 480 routed)
strata serve: resident RAM: 63.28 GiB of experts in RAM, 0 exchanged with the VRAM tier, 0 blob reads from the file
safetensors residency metrics: ram_bytes=67948118016 os_locked_bytes=0 cuda_pinned_bytes=67948118016 promotions=3299 promoted_payload_bytes=9121127984 expert_file_bytes=0 (cumulative; payload is not a physical PCIe counter)
safetensors ngram metrics: ple io: 527456 rows, 43.1% row-cache hits, 258522 SSD reads (1059.4 MB), read p50 226 us p99 562 us, blocked 498.826 ms total (submit 2.458 ms), cache 249379/1048576 rows, SSD kept awake by 100 reads (slowest 13.9 ms)
strata serve: expert tiers: GPU 343 hits this request; since the start RAM 193987 blobs, files 0 blobs 0.0 MB read
strata serve: prompt 24680 tokens = 24679 reused + 1 read in 0 ms (17452.0 tok/s), 1 generated in 16 ms (62.0 tok/s), drafts accepted 0 of 0, 2 checkpoints
strata serve: decode expert cache hit rate: 73.8% (344 hits / 466 lookups); 14 more read by the GPU over PCIe or from another GPU (2.9% of all 480 routed)
strata serve: resident RAM: 63.28 GiB of experts in RAM, 0 exchanged with the VRAM tier, 0 blob reads from the file
safetensors residency metrics: ram_bytes=67948118016 os_locked_bytes=0 cuda_pinned_bytes=67948118016 promotions=3299 promoted_payload_bytes=9121127984 expert_file_bytes=0 (cumulative; payload is not a physical PCIe counter)
safetensors ngram metrics: ple io: 527472 rows, 43.1% row-cache hits, 258538 SSD reads (1059.5 MB), read p50 226 us p99 562 us, blocked 498.827 ms total (submit 2.475 ms), cache 249395/1048576 rows, SSD kept awake by 100 reads (slowest 13.9 ms)
strata serve: expert tiers: GPU 344 hits this request; since the start RAM 194123 blobs, files 0 blobs 0.0 MB read
strata serve: prompt 24681 tokens = 24680 reused + 1 read in 0 ms (15723.3 tok/s), 1 generated in 21 ms (48.0 tok/s), drafts accepted 0 of 0, 2 checkpoints
strata serve: decode expert cache hit rate: 54.3% (238 hits / 438 lookups); 42 more read by the GPU over PCIe or from another GPU (8.8% of all 480 routed)
strata serve: resident RAM: 63.28 GiB of experts in RAM, 0 exchanged with the VRAM tier, 0 blob reads from the file
safetensors residency metrics: ram_bytes=67948118016 os_locked_bytes=0 cuda_pinned_bytes=67948118016 promotions=3299 promoted_payload_bytes=9121127984 expert_file_bytes=0 (cumulative; payload is not a physical PCIe counter)
safetensors ngram metrics: ple io: 527488 rows, 43.1% row-cache hits, 258554 SSD reads (1059.5 MB), read p50 226 us p99 562 us, blocked 498.827 ms total (submit 2.488 ms), cache 249411/1048576 rows, SSD kept awake by 100 reads (slowest 13.9 ms)
strata serve: expert tiers: GPU 238 hits this request; since the start RAM 194461 blobs, files 0 blobs 0.0 MB read
strata serve: prompt 24682 tokens = 24681 reused + 1 read in 0 ms (5285.4 tok/s), 1 generated in 17 ms (59.6 tok/s), drafts accepted 0 of 0, 2 checkpoints
strata serve: decode expert cache hit rate: 70.6% (322 hits / 456 lookups); 24 more read by the GPU over PCIe or from another GPU (5.0% of all 480 routed)
strata serve: resident RAM: 63.28 GiB of experts in RAM, 0 exchanged with the VRAM tier, 0 blob reads from the file
safetensors residency metrics: ram_bytes=67948118016 os_locked_bytes=0 cuda_pinned_bytes=67948118016 promotions=3395 promoted_payload_bytes=9386550320 expert_file_bytes=0 (cumulative; payload is not a physical PCIe counter)
safetensors ngram metrics: ple io: 527504 rows, 43.1% row-cache hits, 258570 SSD reads (1059.6 MB), read p50 226 us p99 562 us, blocked 498.828 ms total (submit 2.504 ms), cache 249427/1048576 rows, SSD kept awake by 100 reads (slowest 13.9 ms)
strata serve: expert tiers: GPU 322 hits this request; since the start RAM 194619 blobs, files 0 blobs 0.0 MB read
strata serve: prompt 24683 tokens = 24682 reused + 1 read in 0 ms (16051.4 tok/s), 1 generated in 16 ms (61.5 tok/s), drafts accepted 0 of 0, 2 checkpoints
strata serve: decode expert cache hit rate: 75.1% (346 hits / 461 lookups); 19 more read by the GPU over PCIe or from another GPU (4.0% of all 480 routed)
strata serve: resident RAM: 63.28 GiB of experts in RAM, 0 exchanged with the VRAM tier, 0 blob reads from the file
safetensors residency metrics: ram_bytes=67948118016 os_locked_bytes=0 cuda_pinned_bytes=67948118016 promotions=3395 promoted_payload_bytes=9386550320 expert_file_bytes=0 (cumulative; payload is not a physical PCIe counter)
safetensors ngram metrics: ple io: 527520 rows, 43.1% row-cache hits, 258586 SSD reads (1059.7 MB), read p50 226 us p99 562 us, blocked 498.828 ms total (submit 2.519 ms), cache 249443/1048576 rows, SSD kept awake by 100 reads (slowest 13.9 ms)
strata serve: expert tiers: GPU 346 hits this request; since the start RAM 194753 blobs, files 0 blobs 0.0 MB read
strata serve: conversation cache: parked 24683 tokens in 162.3 ms; parked=2 bytes=1462283672 evictions=0 snapshot_bytes=731233440 reused_kv_bytes=0
strata serve prefill segment: start=16384 end=24599 root=0 turn=1 message=0 pin=0 reread=0
strata ple batch phases: rows=65536 misses=1 pages=1 total_ms=10.034 call_lock_ms=0.000 lookup_ms=2.924 plan_ms=0.002 group_wait_ms=4.484 cache_insert_ms=0.001 callback_ms=2.598 reader_drain_ms=0.000
strata ple gather phases: tokens=4096 rows=65536 total_ms=10.071 raw_resize_ms=0.004 host_available_mib=12868
strata ple: chunk 0: read started 0.1 ms into the run, layer 1 reached at 16.1, waited 0.0 ms
strata ple batch phases: rows=65536 misses=0 pages=0 total_ms=5.297 call_lock_ms=0.000 lookup_ms=3.067 plan_ms=0.001 group_wait_ms=0.000 cache_insert_ms=0.000 callback_ms=2.228 reader_drain_ms=0.000
strata ple gather phases: tokens=4096 rows=65536 total_ms=5.345 raw_resize_ms=0.005 host_available_mib=12868
strata draft batch: weights=bf16 math=bf16x3 start=16384 rows=4096 batch=3840
strata prefill callback: start=16384 rows=4096 draft_path=batched draft_ms=8.915 checkpoint_ms=0.002 total_ms=8.941
strata prefill chunk: start=16384 rows=4096 main_and_wait_ms=1164.675 callback_ms=8.950 total_ms=1173.625
strata ple: chunk 4096: read started 16.2 ms into the run, layer 1 reached at 1189.5, waited 0.0 ms
strata draft batch: weights=bf16 math=bf16x3 start=20480 rows=4096 batch=3840
strata prefill callback: start=20480 rows=4096 draft_path=batched draft_ms=8.767 checkpoint_ms=0.002 total_ms=8.793
strata prefill chunk: start=20480 rows=4096 main_and_wait_ms=1165.674 callback_ms=8.801 total_ms=1174.475
strata ple: chunk 8192: read started 1189.6 ms into the run, layer 1 reached at 2352.7, waited 0.0 ms
strata prefill callback: start=24576 rows=23 draft_path=token draft_ms=0.884 checkpoint_ms=0.002 total_ms=0.929
strata prefill chunk: start=24576 rows=23 main_and_wait_ms=223.038 callback_ms=0.939 total_ms=223.978
strata prefill executed: tokens=8215 max_chunk=4096 capacity=4096 start=16384
strata serve prefill segment: start=24599 end=24605 root=0 turn=0 message=0 pin=0 reread=0
strata serve: prompt 24606 tokens = 16384 reused + 8222 read in 2820 ms (2915.4 tok/s), 1 generated in 15 ms (67.2 tok/s), drafts accepted 0 of 0, 2 checkpoints
strata serve: decode expert cache hit rate: 85.0% (402 hits / 473 lookups); 7 more read by the GPU over PCIe or from another GPU (1.5% of all 480 routed)
strata serve: resident RAM: 63.28 GiB of experts in RAM, 0 exchanged with the VRAM tier, 0 blob reads from the file
safetensors residency metrics: ram_bytes=67948118016 os_locked_bytes=0 cuda_pinned_bytes=67948118016 promotions=3395 promoted_payload_bytes=9386550320 expert_file_bytes=0 (cumulative; payload is not a physical PCIe counter)
safetensors ngram metrics: ple io: 659072 rows, 54.5% row-cache hits, 258771 SSD reads (1060.5 MB), read p50 226 us p99 590 us, blocked 506.867 ms total (submit 2.604 ms), cache 249627/1048576 rows, SSD kept awake by 125 reads (slowest 13.9 ms)
strata serve: expert tiers: GPU 402 hits this request; since the start RAM 238096 blobs, files 0 blobs 0.0 MB read
strata serve: prompt 24607 tokens = 24606 reused + 1 read in 0 ms (13927.6 tok/s), 1 generated in 29 ms (33.9 tok/s), drafts accepted 0 of 0, 2 checkpoints
strata serve: decode expert cache hit rate: 59.9% (266 hits / 444 lookups); 36 more read by the GPU over PCIe or from another GPU (7.5% of all 480 routed)
strata serve: resident RAM: 63.28 GiB of experts in RAM, 0 exchanged with the VRAM tier, 0 blob reads from the file
safetensors residency metrics: ram_bytes=67948118016 os_locked_bytes=0 cuda_pinned_bytes=67948118016 promotions=3395 promoted_payload_bytes=9386550320 expert_file_bytes=0 (cumulative; payload is not a physical PCIe counter)
safetensors ngram metrics: ple io: 659088 rows, 54.5% row-cache hits, 258787 SSD reads (1060.5 MB), read p50 226 us p99 590 us, blocked 506.868 ms total (submit 2.621 ms), cache 249643/1048576 rows, SSD kept awake by 125 reads (slowest 13.9 ms)
strata serve: expert tiers: GPU 266 hits this request; since the start RAM 238406 blobs, files 0 blobs 0.0 MB read
strata serve: prompt 24608 tokens = 24607 reused + 1 read in 0 ms (6784.3 tok/s), 1 generated in 18 ms (54.6 tok/s), drafts accepted 0 of 0, 2 checkpoints
strata serve: decode expert cache hit rate: 63.5% (283 hits / 446 lookups); 34 more read by the GPU over PCIe or from another GPU (7.1% of all 480 routed)
strata serve: resident RAM: 63.28 GiB of experts in RAM, 0 exchanged with the VRAM tier, 0 blob reads from the file
safetensors residency metrics: ram_bytes=67948118016 os_locked_bytes=0 cuda_pinned_bytes=67948118016 promotions=3491 promoted_payload_bytes=9651972656 expert_file_bytes=0 (cumulative; payload is not a physical PCIe counter)
safetensors ngram metrics: ple io: 659104 rows, 54.5% row-cache hits, 258803 SSD reads (1060.6 MB), read p50 226 us p99 590 us, blocked 506.868 ms total (submit 2.641 ms), cache 249659/1048576 rows, SSD kept awake by 125 reads (slowest 13.9 ms)
strata serve: expert tiers: GPU 283 hits this request; since the start RAM 238603 blobs, files 0 blobs 0.0 MB read
strata serve: prompt 24609 tokens = 24608 reused + 1 read in 0 ms (13003.9 tok/s), 1 generated in 19 ms (52.8 tok/s), drafts accepted 0 of 0, 2 checkpoints
strata serve: decode expert cache hit rate: 57.4% (251 hits / 437 lookups); 43 more read by the GPU over PCIe or from another GPU (9.0% of all 480 routed)
strata serve: resident RAM: 63.28 GiB of experts in RAM, 0 exchanged with the VRAM tier, 0 blob reads from the file
safetensors residency metrics: ram_bytes=67948118016 os_locked_bytes=0 cuda_pinned_bytes=67948118016 promotions=3491 promoted_payload_bytes=9651972656 expert_file_bytes=0 (cumulative; payload is not a physical PCIe counter)
safetensors ngram metrics: ple io: 659120 rows, 54.5% row-cache hits, 258819 SSD reads (1060.7 MB), read p50 226 us p99 590 us, blocked 506.868 ms total (submit 2.654 ms), cache 249675/1048576 rows, SSD kept awake by 125 reads (slowest 13.9 ms)
strata serve: expert tiers: GPU 251 hits this request; since the start RAM 238832 blobs, files 0 blobs 0.0 MB read
strata serve: prompt 24610 tokens = 24609 reused + 1 read in 0 ms (13245.0 tok/s), 1 generated in 20 ms (50.6 tok/s), drafts accepted 0 of 0, 2 checkpoints
strata serve: decode expert cache hit rate: 56.4% (246 hits / 436 lookups); 44 more read by the GPU over PCIe or from another GPU (9.2% of all 480 routed)
strata serve: resident RAM: 63.28 GiB of experts in RAM, 0 exchanged with the VRAM tier, 0 blob reads from the file
safetensors residency metrics: ram_bytes=67948118016 os_locked_bytes=0 cuda_pinned_bytes=67948118016 promotions=3491 promoted_payload_bytes=9651972656 expert_file_bytes=0 (cumulative; payload is not a physical PCIe counter)
safetensors ngram metrics: ple io: 659136 rows, 54.5% row-cache hits, 258835 SSD reads (1060.7 MB), read p50 226 us p99 590 us, blocked 506.869 ms total (submit 2.672 ms), cache 249691/1048576 rows, SSD kept awake by 125 reads (slowest 13.9 ms)
strata serve: expert tiers: GPU 246 hits this request; since the start RAM 239066 blobs, files 0 blobs 0.0 MB read
strata serve: prompt 24611 tokens = 24610 reused + 1 read in 0 ms (13717.4 tok/s), 1 generated in 22 ms (44.8 tok/s), drafts accepted 0 of 0, 2 checkpoints
strata serve: decode expert cache hit rate: 50.0% (216 hits / 432 lookups); 48 more read by the GPU over PCIe or from another GPU (10.0% of all 480 routed)
strata serve: resident RAM: 63.28 GiB of experts in RAM, 0 exchanged with the VRAM tier, 0 blob reads from the file
safetensors residency metrics: ram_bytes=67948118016 os_locked_bytes=0 cuda_pinned_bytes=67948118016 promotions=3491 promoted_payload_bytes=9651972656 expert_file_bytes=0 (cumulative; payload is not a physical PCIe counter)
safetensors ngram metrics: ple io: 659152 rows, 54.5% row-cache hits, 258851 SSD reads (1060.8 MB), read p50 226 us p99 590 us, blocked 506.869 ms total (submit 2.689 ms), cache 249706/1048576 rows, SSD kept awake by 125 reads (slowest 13.9 ms)
strata serve: expert tiers: GPU 216 hits this request; since the start RAM 239426 blobs, files 0 blobs 0.0 MB read
strata serve: prompt 24612 tokens = 24611 reused + 1 read in 0 ms (6261.7 tok/s), 1 generated in 16 ms (60.8 tok/s), drafts accepted 0 of 0, 2 checkpoints
strata serve: decode expert cache hit rate: 72.8% (332 hits / 456 lookups); 24 more read by the GPU over PCIe or from another GPU (5.0% of all 480 routed)
strata serve: resident RAM: 63.28 GiB of experts in RAM, 0 exchanged with the VRAM tier, 0 blob reads from the file
safetensors residency metrics: ram_bytes=67948118016 os_locked_bytes=0 cuda_pinned_bytes=67948118016 promotions=3587 promoted_payload_bytes=9917394992 expert_file_bytes=0 (cumulative; payload is not a physical PCIe counter)
safetensors ngram metrics: ple io: 659168 rows, 54.4% row-cache hits, 258867 SSD reads (1060.9 MB), read p50 226 us p99 590 us, blocked 506.870 ms total (submit 2.703 ms), cache 249722/1048576 rows, SSD kept awake by 125 reads (slowest 13.9 ms)
strata serve: expert tiers: GPU 332 hits this request; since the start RAM 239574 blobs, files 0 blobs 0.0 MB read
strata serve: prompt 24613 tokens = 24612 reused + 1 read in 0 ms (15174.5 tok/s), 1 generated in 19 ms (53.1 tok/s), drafts accepted 0 of 0, 2 checkpoints
strata serve: decode expert cache hit rate: 58.2% (256 hits / 440 lookups); 40 more read by the GPU over PCIe or from another GPU (8.3% of all 480 routed)
strata serve: resident RAM: 63.28 GiB of experts in RAM, 0 exchanged with the VRAM tier, 0 blob reads from the file
safetensors residency metrics: ram_bytes=67948118016 os_locked_bytes=0 cuda_pinned_bytes=67948118016 promotions=3587 promoted_payload_bytes=9917394992 expert_file_bytes=0 (cumulative; payload is not a physical PCIe counter)
safetensors ngram metrics: ple io: 659184 rows, 54.4% row-cache hits, 258883 SSD reads (1060.9 MB), read p50 226 us p99 590 us, blocked 506.870 ms total (submit 2.719 ms), cache 249738/1048576 rows, SSD kept awake by 125 reads (slowest 13.9 ms)
strata serve: expert tiers: GPU 256 hits this request; since the start RAM 239798 blobs, files 0 blobs 0.0 MB read
strata serve: prompt 24614 tokens = 24613 reused + 1 read in 0 ms (14164.3 tok/s), 1 generated in 17 ms (58.6 tok/s), drafts accepted 0 of 0, 2 checkpoints
strata serve: decode expert cache hit rate: 69.1% (316 hits / 457 lookups); 23 more read by the GPU over PCIe or from another GPU (4.8% of all 480 routed)
strata serve: resident RAM: 63.28 GiB of experts in RAM, 0 exchanged with the VRAM tier, 0 blob reads from the file
safetensors residency metrics: ram_bytes=67948118016 os_locked_bytes=0 cuda_pinned_bytes=67948118016 promotions=3587 promoted_payload_bytes=9917394992 expert_file_bytes=0 (cumulative; payload is not a physical PCIe counter)
safetensors ngram metrics: ple io: 659200 rows, 54.4% row-cache hits, 258891 SSD reads (1061.0 MB), read p50 226 us p99 590 us, blocked 506.870 ms total (submit 2.732 ms), cache 249746/1048576 rows, SSD kept awake by 125 reads (slowest 13.9 ms)
strata serve: expert tiers: GPU 316 hits this request; since the start RAM 239962 blobs, files 0 blobs 0.0 MB read
strata serve: prompt 24615 tokens = 24614 reused + 1 read in 0 ms (14265.3 tok/s), 1 generated in 19 ms (51.3 tok/s), drafts accepted 0 of 0, 2 checkpoints
strata serve: decode expert cache hit rate: 63.1% (280 hits / 444 lookups); 36 more read by the GPU over PCIe or from another GPU (7.5% of all 480 routed)
strata serve: resident RAM: 63.28 GiB of experts in RAM, 0 exchanged with the VRAM tier, 0 blob reads from the file
safetensors residency metrics: ram_bytes=67948118016 os_locked_bytes=0 cuda_pinned_bytes=67948118016 promotions=3587 promoted_payload_bytes=9917394992 expert_file_bytes=0 (cumulative; payload is not a physical PCIe counter)
safetensors ngram metrics: ple io: 659216 rows, 54.4% row-cache hits, 258899 SSD reads (1061.0 MB), read p50 226 us p99 590 us, blocked 506.871 ms total (submit 2.745 ms), cache 249754/1048576 rows, SSD kept awake by 125 reads (slowest 13.9 ms)
strata serve: expert tiers: GPU 280 hits this request; since the start RAM 240258 blobs, files 0 blobs 0.0 MB read
strata serve: prompt 24616 tokens = 24615 reused + 1 read in 0 ms (6812.0 tok/s), 1 generated in 16 ms (63.9 tok/s), drafts accepted 0 of 0, 2 checkpoints
strata serve: decode expert cache hit rate: 77.9% (363 hits / 466 lookups); 14 more read by the GPU over PCIe or from another GPU (2.9% of all 480 routed)
strata serve: resident RAM: 63.28 GiB of experts in RAM, 0 exchanged with the VRAM tier, 0 blob reads from the file
safetensors residency metrics: ram_bytes=67948118016 os_locked_bytes=0 cuda_pinned_bytes=67948118016 promotions=3683 promoted_payload_bytes=10182817328 expert_file_bytes=0 (cumulative; payload is not a physical PCIe counter)
safetensors ngram metrics: ple io: 659232 rows, 54.4% row-cache hits, 258915 SSD reads (1061.1 MB), read p50 226 us p99 590 us, blocked 506.871 ms total (submit 2.762 ms), cache 249770/1048576 rows, SSD kept awake by 125 reads (slowest 13.9 ms)
strata serve: expert tiers: GPU 363 hits this request; since the start RAM 240375 blobs, files 0 blobs 0.0 MB read
strata serve: prompt 24617 tokens = 24616 reused + 1 read in 0 ms (13947.0 tok/s), 1 generated in 18 ms (56.7 tok/s), drafts accepted 0 of 0, 2 checkpoints
strata serve: decode expert cache hit rate: 65.0% (294 hits / 452 lookups); 28 more read by the GPU over PCIe or from another GPU (5.8% of all 480 routed)
strata serve: resident RAM: 63.28 GiB of experts in RAM, 0 exchanged with the VRAM tier, 0 blob reads from the file
safetensors residency metrics: ram_bytes=67948118016 os_locked_bytes=0 cuda_pinned_bytes=67948118016 promotions=3683 promoted_payload_bytes=10182817328 expert_file_bytes=0 (cumulative; payload is not a physical PCIe counter)
safetensors ngram metrics: ple io: 659248 rows, 54.4% row-cache hits, 258931 SSD reads (1061.1 MB), read p50 226 us p99 590 us, blocked 506.872 ms total (submit 2.777 ms), cache 249786/1048576 rows, SSD kept awake by 125 reads (slowest 13.9 ms)
strata serve: expert tiers: GPU 294 hits this request; since the start RAM 240561 blobs, files 0 blobs 0.0 MB read
strata serve: prompt 24618 tokens = 24617 reused + 1 read in 0 ms (15384.6 tok/s), 1 generated in 17 ms (57.9 tok/s), drafts accepted 0 of 0, 2 checkpoints
strata serve: decode expert cache hit rate: 67.2% (307 hits / 457 lookups); 23 more read by the GPU over PCIe or from another GPU (4.8% of all 480 routed)
strata serve: resident RAM: 63.28 GiB of experts in RAM, 0 exchanged with the VRAM tier, 0 blob reads from the file
safetensors residency metrics: ram_bytes=67948118016 os_locked_bytes=0 cuda_pinned_bytes=67948118016 promotions=3683 promoted_payload_bytes=10182817328 expert_file_bytes=0 (cumulative; payload is not a physical PCIe counter)
safetensors ngram metrics: ple io: 659264 rows, 54.4% row-cache hits, 258939 SSD reads (1061.2 MB), read p50 226 us p99 590 us, blocked 506.872 ms total (submit 2.790 ms), cache 249794/1048576 rows, SSD kept awake by 125 reads (slowest 13.9 ms)
strata serve: expert tiers: GPU 307 hits this request; since the start RAM 240734 blobs, files 0 blobs 0.0 MB read
strata serve: prompt 24619 tokens = 24618 reused + 1 read in 0 ms (14044.9 tok/s), 1 generated in 24 ms (41.8 tok/s), drafts accepted 0 of 0, 2 checkpoints
strata serve: decode expert cache hit rate: 63.5% (284 hits / 447 lookups); 33 more read by the GPU over PCIe or from another GPU (6.9% of all 480 routed)
strata serve: resident RAM: 63.28 GiB of experts in RAM, 0 exchanged with the VRAM tier, 0 blob reads from the file
safetensors residency metrics: ram_bytes=67948118016 os_locked_bytes=0 cuda_pinned_bytes=67948118016 promotions=3683 promoted_payload_bytes=10182817328 expert_file_bytes=0 (cumulative; payload is not a physical PCIe counter)
safetensors ngram metrics: ple io: 659280 rows, 54.4% row-cache hits, 258955 SSD reads (1061.2 MB), read p50 226 us p99 590 us, blocked 506.873 ms total (submit 2.805 ms), cache 249810/1048576 rows, SSD kept awake by 125 reads (slowest 13.9 ms)
strata serve: expert tiers: GPU 284 hits this request; since the start RAM 241026 blobs, files 0 blobs 0.0 MB read
strata serve: prompt 24620 tokens = 24619 reused + 1 read in 0 ms (6317.1 tok/s), 1 generated in 16 ms (61.8 tok/s), drafts accepted 0 of 0, 2 checkpoints
strata serve: decode expert cache hit rate: 75.6% (351 hits / 464 lookups); 16 more read by the GPU over PCIe or from another GPU (3.3% of all 480 routed)
strata serve: resident RAM: 63.28 GiB of experts in RAM, 0 exchanged with the VRAM tier, 0 blob reads from the file
safetensors residency metrics: ram_bytes=67948118016 os_locked_bytes=0 cuda_pinned_bytes=67948118016 promotions=3779 promoted_payload_bytes=10448239664 expert_file_bytes=0 (cumulative; payload is not a physical PCIe counter)
safetensors ngram metrics: ple io: 659296 rows, 54.4% row-cache hits, 258963 SSD reads (1061.3 MB), read p50 226 us p99 590 us, blocked 506.873 ms total (submit 2.820 ms), cache 249818/1048576 rows, SSD kept awake by 125 reads (slowest 13.9 ms)
strata serve: expert tiers: GPU 351 hits this request; since the start RAM 241155 blobs, files 0 blobs 0.0 MB read
strata serve: prompt 24621 tokens = 24620 reused + 1 read in 0 ms (13908.2 tok/s), 1 generated in 19 ms (53.7 tok/s), drafts accepted 0 of 0, 2 checkpoints
strata serve: decode expert cache hit rate: 62.5% (282 hits / 451 lookups); 29 more read by the GPU over PCIe or from another GPU (6.0% of all 480 routed)
strata serve: resident RAM: 63.28 GiB of experts in RAM, 0 exchanged with the VRAM tier, 0 blob reads from the file
safetensors residency metrics: ram_bytes=67948118016 os_locked_bytes=0 cuda_pinned_bytes=67948118016 promotions=3779 promoted_payload_bytes=10448239664 expert_file_bytes=0 (cumulative; payload is not a physical PCIe counter)
safetensors ngram metrics: ple io: 659312 rows, 54.4% row-cache hits, 258971 SSD reads (1061.3 MB), read p50 226 us p99 590 us, blocked 506.873 ms total (submit 2.833 ms), cache 249826/1048576 rows, SSD kept awake by 125 reads (slowest 13.9 ms)
strata serve: expert tiers: GPU 282 hits this request; since the start RAM 241353 blobs, files 0 blobs 0.0 MB read
strata serve: prompt 24622 tokens = 24621 reused + 1 read in 0 ms (13679.9 tok/s), 1 generated in 18 ms (54.6 tok/s), drafts accepted 0 of 0, 2 checkpoints
strata serve: decode expert cache hit rate: 59.7% (262 hits / 439 lookups); 41 more read by the GPU over PCIe or from another GPU (8.5% of all 480 routed)
strata serve: resident RAM: 63.28 GiB of experts in RAM, 0 exchanged with the VRAM tier, 0 blob reads from the file
safetensors residency metrics: ram_bytes=67948118016 os_locked_bytes=0 cuda_pinned_bytes=67948118016 promotions=3779 promoted_payload_bytes=10448239664 expert_file_bytes=0 (cumulative; payload is not a physical PCIe counter)
safetensors ngram metrics: ple io: 659328 rows, 54.4% row-cache hits, 258971 SSD reads (1061.3 MB), read p50 226 us p99 590 us, blocked 506.874 ms total (submit 2.833 ms), cache 249826/1048576 rows, SSD kept awake by 125 reads (slowest 13.9 ms)
strata serve: expert tiers: GPU 262 hits this request; since the start RAM 241571 blobs, files 0 blobs 0.0 MB read
strata serve: prompt 24623 tokens = 24622 reused + 1 read in 0 ms (13297.9 tok/s), 1 generated in 20 ms (50.0 tok/s), drafts accepted 0 of 0, 2 checkpoints
strata serve: decode expert cache hit rate: 64.7% (291 hits / 450 lookups); 30 more read by the GPU over PCIe or from another GPU (6.2% of all 480 routed)
strata serve: resident RAM: 63.28 GiB of experts in RAM, 0 exchanged with the VRAM tier, 0 blob reads from the file
safetensors residency metrics: ram_bytes=67948118016 os_locked_bytes=0 cuda_pinned_bytes=67948118016 promotions=3779 promoted_payload_bytes=10448239664 expert_file_bytes=0 (cumulative; payload is not a physical PCIe counter)
safetensors ngram metrics: ple io: 659344 rows, 54.4% row-cache hits, 258987 SSD reads (1061.4 MB), read p50 226 us p99 590 us, blocked 506.874 ms total (submit 2.847 ms), cache 249842/1048576 rows, SSD kept awake by 125 reads (slowest 13.9 ms)
strata serve: expert tiers: GPU 291 hits this request; since the start RAM 241856 blobs, files 0 blobs 0.0 MB read
strata serve: prompt 24624 tokens = 24623 reused + 1 read in 0 ms (6180.5 tok/s), 1 generated in 17 ms (59.9 tok/s), drafts accepted 0 of 0, 2 checkpoints
strata serve: decode expert cache hit rate: 70.8% (322 hits / 455 lookups); 25 more read by the GPU over PCIe or from another GPU (5.2% of all 480 routed)
strata serve: resident RAM: 63.28 GiB of experts in RAM, 0 exchanged with the VRAM tier, 0 blob reads from the file
safetensors residency metrics: ram_bytes=67948118016 os_locked_bytes=0 cuda_pinned_bytes=67948118016 promotions=3875 promoted_payload_bytes=10713662000 expert_file_bytes=0 (cumulative; payload is not a physical PCIe counter)
safetensors ngram metrics: ple io: 659360 rows, 54.4% row-cache hits, 259003 SSD reads (1061.4 MB), read p50 226 us p99 590 us, blocked 506.875 ms total (submit 2.864 ms), cache 249858/1048576 rows, SSD kept awake by 125 reads (slowest 13.9 ms)
strata serve: expert tiers: GPU 322 hits this request; since the start RAM 242014 blobs, files 0 blobs 0.0 MB read
strata serve: prompt 24625 tokens = 24624 reused + 1 read in 0 ms (13736.3 tok/s), 1 generated in 16 ms (60.6 tok/s), drafts accepted 0 of 0, 2 checkpoints
strata serve: decode expert cache hit rate: 73.8% (338 hits / 458 lookups); 22 more read by the GPU over PCIe or from another GPU (4.6% of all 480 routed)
strata serve: resident RAM: 63.28 GiB of experts in RAM, 0 exchanged with the VRAM tier, 0 blob reads from the file
safetensors residency metrics: ram_bytes=67948118016 os_locked_bytes=0 cuda_pinned_bytes=67948118016 promotions=3875 promoted_payload_bytes=10713662000 expert_file_bytes=0 (cumulative; payload is not a physical PCIe counter)
safetensors ngram metrics: ple io: 659376 rows, 54.4% row-cache hits, 259019 SSD reads (1061.5 MB), read p50 226 us p99 590 us, blocked 506.875 ms total (submit 2.882 ms), cache 249874/1048576 rows, SSD kept awake by 125 reads (slowest 13.9 ms)
strata serve: expert tiers: GPU 338 hits this request; since the start RAM 242156 blobs, files 0 blobs 0.0 MB read
strata serve: prompt 24626 tokens = 24625 reused + 1 read in 0 ms (14025.2 tok/s), 1 generated in 17 ms (58.1 tok/s), drafts accepted 0 of 0, 2 checkpoints
strata serve: decode expert cache hit rate: 68.6% (313 hits / 456 lookups); 24 more read by the GPU over PCIe or from another GPU (5.0% of all 480 routed)
strata serve: resident RAM: 63.28 GiB of experts in RAM, 0 exchanged with the VRAM tier, 0 blob reads from the file
safetensors residency metrics: ram_bytes=67948118016 os_locked_bytes=0 cuda_pinned_bytes=67948118016 promotions=3875 promoted_payload_bytes=10713662000 expert_file_bytes=0 (cumulative; payload is not a physical PCIe counter)
safetensors ngram metrics: ple io: 659392 rows, 54.4% row-cache hits, 259027 SSD reads (1061.5 MB), read p50 226 us p99 590 us, blocked 506.876 ms total (submit 2.895 ms), cache 249882/1048576 rows, SSD kept awake by 125 reads (slowest 13.9 ms)
strata serve: expert tiers: GPU 313 hits this request; since the start RAM 242323 blobs, files 0 blobs 0.0 MB read
strata serve: prompt 24627 tokens = 24626 reused + 1 read in 0 ms (8019.2 tok/s), 1 generated in 18 ms (54.2 tok/s), drafts accepted 0 of 0, 2 checkpoints
strata serve: decode expert cache hit rate: 70.4% (318 hits / 452 lookups); 28 more read by the GPU over PCIe or from another GPU (5.8% of all 480 routed)
strata serve: resident RAM: 63.28 GiB of experts in RAM, 0 exchanged with the VRAM tier, 0 blob reads from the file
safetensors residency metrics: ram_bytes=67948118016 os_locked_bytes=0 cuda_pinned_bytes=67948118016 promotions=3875 promoted_payload_bytes=10713662000 expert_file_bytes=0 (cumulative; payload is not a physical PCIe counter)
safetensors ngram metrics: ple io: 659408 rows, 54.4% row-cache hits, 259035 SSD reads (1061.6 MB), read p50 226 us p99 590 us, blocked 506.876 ms total (submit 2.906 ms), cache 249890/1048576 rows, SSD kept awake by 125 reads (slowest 13.9 ms)
strata serve: expert tiers: GPU 318 hits this request; since the start RAM 242581 blobs, files 0 blobs 0.0 MB read
strata serve: prompt 24628 tokens = 24627 reused + 1 read in 0 ms (6596.3 tok/s), 1 generated in 18 ms (55.8 tok/s), drafts accepted 0 of 0, 2 checkpoints
strata serve: decode expert cache hit rate: 70.0% (317 hits / 453 lookups); 27 more read by the GPU over PCIe or from another GPU (5.6% of all 480 routed)
strata serve: resident RAM: 63.28 GiB of experts in RAM, 0 exchanged with the VRAM tier, 0 blob reads from the file
safetensors residency metrics: ram_bytes=67948118016 os_locked_bytes=0 cuda_pinned_bytes=67948118016 promotions=3971 promoted_payload_bytes=10979084336 expert_file_bytes=0 (cumulative; payload is not a physical PCIe counter)
safetensors ngram metrics: ple io: 659424 rows, 54.4% row-cache hits, 259051 SSD reads (1061.6 MB), read p50 226 us p99 590 us, blocked 506.877 ms total (submit 2.922 ms), cache 249906/1048576 rows, SSD kept awake by 125 reads (slowest 13.9 ms)
strata serve: expert tiers: GPU 317 hits this request; since the start RAM 242744 blobs, files 0 blobs 0.0 MB read
strata serve: prompt 24629 tokens = 24628 reused + 1 read in 0 ms (14104.4 tok/s), 1 generated in 17 ms (59.6 tok/s), drafts accepted 0 of 0, 2 checkpoints
strata serve: decode expert cache hit rate: 70.9% (326 hits / 460 lookups); 20 more read by the GPU over PCIe or from another GPU (4.2% of all 480 routed)
strata serve: resident RAM: 63.28 GiB of experts in RAM, 0 exchanged with the VRAM tier, 0 blob reads from the file
safetensors residency metrics: ram_bytes=67948118016 os_locked_bytes=0 cuda_pinned_bytes=67948118016 promotions=3971 promoted_payload_bytes=10979084336 expert_file_bytes=0 (cumulative; payload is not a physical PCIe counter)
safetensors ngram metrics: ple io: 659440 rows, 54.4% row-cache hits, 259067 SSD reads (1061.7 MB), read p50 225 us p99 590 us, blocked 506.877 ms total (submit 2.940 ms), cache 249922/1048576 rows, SSD kept awake by 125 reads (slowest 13.9 ms)
strata serve: expert tiers: GPU 326 hits this request; since the start RAM 242898 blobs, files 0 blobs 0.0 MB read
strata serve: prompt 24630 tokens = 24629 reused + 1 read in 0 ms (9708.7 tok/s), 1 generated in 18 ms (54.1 tok/s), drafts accepted 0 of 0, 2 checkpoints
strata serve: decode expert cache hit rate: 66.7% (302 hits / 453 lookups); 27 more read by the GPU over PCIe or from another GPU (5.6% of all 480 routed)
strata serve: resident RAM: 63.28 GiB of experts in RAM, 0 exchanged with the VRAM tier, 0 blob reads from the file
safetensors residency metrics: ram_bytes=67948118016 os_locked_bytes=0 cuda_pinned_bytes=67948118016 promotions=3971 promoted_payload_bytes=10979084336 expert_file_bytes=0 (cumulative; payload is not a physical PCIe counter)
safetensors ngram metrics: ple io: 659456 rows, 54.4% row-cache hits, 259083 SSD reads (1061.8 MB), read p50 225 us p99 590 us, blocked 506.878 ms total (submit 2.955 ms), cache 249938/1048576 rows, SSD kept awake by 125 reads (slowest 13.9 ms)
strata serve: expert tiers: GPU 302 hits this request; since the start RAM 243076 blobs, files 0 blobs 0.0 MB read
strata serve: prompt 24631 tokens = 24630 reused + 1 read in 0 ms (15698.6 tok/s), 1 generated in 23 ms (43.3 tok/s), drafts accepted 0 of 0, 2 checkpoints
strata serve: decode expert cache hit rate: 69.7% (319 hits / 458 lookups); 22 more read by the GPU over PCIe or from another GPU (4.6% of all 480 routed)
strata serve: resident RAM: 63.28 GiB of experts in RAM, 0 exchanged with the VRAM tier, 0 blob reads from the file
safetensors residency metrics: ram_bytes=67948118016 os_locked_bytes=0 cuda_pinned_bytes=67948118016 promotions=3971 promoted_payload_bytes=10979084336 expert_file_bytes=0 (cumulative; payload is not a physical PCIe counter)
safetensors ngram metrics: ple io: 659472 rows, 54.4% row-cache hits, 259099 SSD reads (1061.8 MB), read p50 225 us p99 590 us, blocked 506.878 ms total (submit 2.970 ms), cache 249954/1048576 rows, SSD kept awake by 125 reads (slowest 13.9 ms)
strata serve: expert tiers: GPU 319 hits this request; since the start RAM 243333 blobs, files 0 blobs 0.0 MB read
strata serve: prompt 24632 tokens = 24631 reused + 1 read in 0 ms (6472.5 tok/s), 1 generated in 16 ms (63.8 tok/s), drafts accepted 0 of 0, 2 checkpoints
strata serve: decode expert cache hit rate: 79.0% (369 hits / 467 lookups); 13 more read by the GPU over PCIe or from another GPU (2.7% of all 480 routed)
strata serve: resident RAM: 63.28 GiB of experts in RAM, 0 exchanged with the VRAM tier, 0 blob reads from the file
safetensors residency metrics: ram_bytes=67948118016 os_locked_bytes=0 cuda_pinned_bytes=67948118016 promotions=4067 promoted_payload_bytes=11244506672 expert_file_bytes=0 (cumulative; payload is not a physical PCIe counter)
safetensors ngram metrics: ple io: 659488 rows, 54.4% row-cache hits, 259115 SSD reads (1061.9 MB), read p50 225 us p99 590 us, blocked 506.878 ms total (submit 2.985 ms), cache 249970/1048576 rows, SSD kept awake by 125 reads (slowest 13.9 ms)
strata serve: expert tiers: GPU 369 hits this request; since the start RAM 243444 blobs, files 0 blobs 0.0 MB read
strata serve: prompt 24633 tokens = 24632 reused + 1 read in 0 ms (14184.4 tok/s), 1 generated in 16 ms (61.5 tok/s), drafts accepted 0 of 0, 2 checkpoints
strata serve: decode expert cache hit rate: 74.5% (341 hits / 458 lookups); 22 more read by the GPU over PCIe or from another GPU (4.6% of all 480 routed)
strata serve: resident RAM: 63.28 GiB of experts in RAM, 0 exchanged with the VRAM tier, 0 blob reads from the file
safetensors residency metrics: ram_bytes=67948118016 os_locked_bytes=0 cuda_pinned_bytes=67948118016 promotions=4067 promoted_payload_bytes=11244506672 expert_file_bytes=0 (cumulative; payload is not a physical PCIe counter)
safetensors ngram metrics: ple io: 659504 rows, 54.4% row-cache hits, 259123 SSD reads (1061.9 MB), read p50 225 us p99 590 us, blocked 506.879 ms total (submit 3.000 ms), cache 249978/1048576 rows, SSD kept awake by 125 reads (slowest 13.9 ms)
strata serve: expert tiers: GPU 341 hits this request; since the start RAM 243583 blobs, files 0 blobs 0.0 MB read
strata serve: prompt 24634 tokens = 24633 reused + 1 read in 0 ms (14970.1 tok/s), 1 generated in 17 ms (59.7 tok/s), drafts accepted 0 of 0, 2 checkpoints
strata serve: decode expert cache hit rate: 71.3% (325 hits / 456 lookups); 24 more read by the GPU over PCIe or from another GPU (5.0% of all 480 routed)
strata serve: resident RAM: 63.28 GiB of experts in RAM, 0 exchanged with the VRAM tier, 0 blob reads from the file
safetensors residency metrics: ram_bytes=67948118016 os_locked_bytes=0 cuda_pinned_bytes=67948118016 promotions=4067 promoted_payload_bytes=11244506672 expert_file_bytes=0 (cumulative; payload is not a physical PCIe counter)
safetensors ngram metrics: ple io: 659520 rows, 54.4% row-cache hits, 259131 SSD reads (1062.0 MB), read p50 225 us p99 590 us, blocked 506.879 ms total (submit 3.013 ms), cache 249986/1048576 rows, SSD kept awake by 125 reads (slowest 13.9 ms)
strata serve: expert tiers: GPU 325 hits this request; since the start RAM 243738 blobs, files 0 blobs 0.0 MB read
strata serve: prompt 24635 tokens = 24634 reused + 1 read in 0 ms (15083.0 tok/s), 1 generated in 18 ms (54.8 tok/s), drafts accepted 0 of 0, 2 checkpoints
strata serve: decode expert cache hit rate: 81.8% (382 hits / 467 lookups); 13 more read by the GPU over PCIe or from another GPU (2.7% of all 480 routed)
strata serve: resident RAM: 63.28 GiB of experts in RAM, 0 exchanged with the VRAM tier, 0 blob reads from the file
safetensors residency metrics: ram_bytes=67948118016 os_locked_bytes=0 cuda_pinned_bytes=67948118016 promotions=4067 promoted_payload_bytes=11244506672 expert_file_bytes=0 (cumulative; payload is not a physical PCIe counter)
safetensors ngram metrics: ple io: 659536 rows, 54.4% row-cache hits, 259147 SSD reads (1062.0 MB), read p50 225 us p99 590 us, blocked 506.880 ms total (submit 3.030 ms), cache 250002/1048576 rows, SSD kept awake by 125 reads (slowest 13.9 ms)
strata serve: expert tiers: GPU 382 hits this request; since the start RAM 243932 blobs, files 0 blobs 0.0 MB read
strata serve: prompt 24636 tokens = 24635 reused + 1 read in 0 ms (6605.0 tok/s), 1 generated in 17 ms (58.7 tok/s), drafts accepted 0 of 0, 2 checkpoints
strata serve: decode expert cache hit rate: 70.2% (321 hits / 457 lookups); 23 more read by the GPU over PCIe or from another GPU (4.8% of all 480 routed)
strata serve: resident RAM: 63.28 GiB of experts in RAM, 0 exchanged with the VRAM tier, 0 blob reads from the file
safetensors residency metrics: ram_bytes=67948118016 os_locked_bytes=0 cuda_pinned_bytes=67948118016 promotions=4163 promoted_payload_bytes=11509929008 expert_file_bytes=0 (cumulative; payload is not a physical PCIe counter)
safetensors ngram metrics: ple io: 659552 rows, 54.4% row-cache hits, 259163 SSD reads (1062.1 MB), read p50 225 us p99 590 us, blocked 506.880 ms total (submit 3.044 ms), cache 250018/1048576 rows, SSD kept awake by 125 reads (slowest 13.9 ms)
strata serve: expert tiers: GPU 321 hits this request; since the start RAM 244091 blobs, files 0 blobs 0.0 MB read
strata serve: prompt 24637 tokens = 24636 reused + 1 read in 0 ms (14684.3 tok/s), 1 generated in 18 ms (55.4 tok/s), drafts accepted 0 of 0, 2 checkpoints
strata serve: decode expert cache hit rate: 61.9% (278 hits / 449 lookups); 31 more read by the GPU over PCIe or from another GPU (6.5% of all 480 routed)
strata serve: resident RAM: 63.28 GiB of experts in RAM, 0 exchanged with the VRAM tier, 0 blob reads from the file
safetensors residency metrics: ram_bytes=67948118016 os_locked_bytes=0 cuda_pinned_bytes=67948118016 promotions=4163 promoted_payload_bytes=11509929008 expert_file_bytes=0 (cumulative; payload is not a physical PCIe counter)
safetensors ngram metrics: ple io: 659568 rows, 54.4% row-cache hits, 259179 SSD reads (1062.2 MB), read p50 225 us p99 590 us, blocked 506.881 ms total (submit 3.073 ms), cache 250034/1048576 rows, SSD kept awake by 125 reads (slowest 13.9 ms)
strata serve: expert tiers: GPU 278 hits this request; since the start RAM 244293 blobs, files 0 blobs 0.0 MB read
strata serve: prompt 24638 tokens = 24637 reused + 1 read in 0 ms (14598.5 tok/s), 1 generated in 17 ms (57.4 tok/s), drafts accepted 0 of 0, 2 checkpoints
strata serve: decode expert cache hit rate: 74.5% (344 hits / 462 lookups); 18 more read by the GPU over PCIe or from another GPU (3.8% of all 480 routed)
strata serve: resident RAM: 63.28 GiB of experts in RAM, 0 exchanged with the VRAM tier, 0 blob reads from the file
safetensors residency metrics: ram_bytes=67948118016 os_locked_bytes=0 cuda_pinned_bytes=67948118016 promotions=4163 promoted_payload_bytes=11509929008 expert_file_bytes=0 (cumulative; payload is not a physical PCIe counter)
safetensors ngram metrics: ple io: 659584 rows, 54.4% row-cache hits, 259195 SSD reads (1062.2 MB), read p50 225 us p99 590 us, blocked 506.881 ms total (submit 3.091 ms), cache 250050/1048576 rows, SSD kept awake by 125 reads (slowest 13.9 ms)
strata serve: expert tiers: GPU 344 hits this request; since the start RAM 244429 blobs, files 0 blobs 0.0 MB read
strata serve: prompt 24639 tokens = 24638 reused + 1 read in 0 ms (14104.4 tok/s), 1 generated in 19 ms (52.3 tok/s), drafts accepted 0 of 0, 2 checkpoints
strata serve: decode expert cache hit rate: 64.9% (292 hits / 450 lookups); 30 more read by the GPU over PCIe or from another GPU (6.2% of all 480 routed)
strata serve: resident RAM: 63.28 GiB of experts in RAM, 0 exchanged with the VRAM tier, 0 blob reads from the file
safetensors residency metrics: ram_bytes=67948118016 os_locked_bytes=0 cuda_pinned_bytes=67948118016 promotions=4163 promoted_payload_bytes=11509929008 expert_file_bytes=0 (cumulative; payload is not a physical PCIe counter)
safetensors ngram metrics: ple io: 659600 rows, 54.4% row-cache hits, 259211 SSD reads (1062.3 MB), read p50 225 us p99 590 us, blocked 506.881 ms total (submit 3.110 ms), cache 250066/1048576 rows, SSD kept awake by 125 reads (slowest 13.9 ms)
strata serve: expert tiers: GPU 292 hits this request; since the start RAM 244713 blobs, files 0 blobs 0.0 MB read
strata serve: prompt 24640 tokens = 24639 reused + 1 read in 0 ms (6353.2 tok/s), 1 generated in 19 ms (53.9 tok/s), drafts accepted 0 of 0, 2 checkpoints
strata serve: decode expert cache hit rate: 74.1% (346 hits / 467 lookups); 13 more read by the GPU over PCIe or from another GPU (2.7% of all 480 routed)
strata serve: resident RAM: 63.28 GiB of experts in RAM, 0 exchanged with the VRAM tier, 0 blob reads from the file
safetensors residency metrics: ram_bytes=67948118016 os_locked_bytes=0 cuda_pinned_bytes=67948118016 promotions=4259 promoted_payload_bytes=11775351344 expert_file_bytes=0 (cumulative; payload is not a physical PCIe counter)
safetensors ngram metrics: ple io: 659616 rows, 54.4% row-cache hits, 259227 SSD reads (1062.4 MB), read p50 225 us p99 590 us, blocked 506.882 ms total (submit 3.125 ms), cache 250082/1048576 rows, SSD kept awake by 125 reads (slowest 13.9 ms)
strata serve: expert tiers: GPU 346 hits this request; since the start RAM 244847 blobs, files 0 blobs 0.0 MB read
strata serve: prompt 24641 tokens = 24640 reused + 1 read in 0 ms (14164.3 tok/s), 1 generated in 17 ms (59.2 tok/s), drafts accepted 0 of 0, 2 checkpoints
strata serve: decode expert cache hit rate: 72.1% (331 hits / 459 lookups); 21 more read by the GPU over PCIe or from another GPU (4.4% of all 480 routed)
strata serve: resident RAM: 63.28 GiB of experts in RAM, 0 exchanged with the VRAM tier, 0 blob reads from the file
safetensors residency metrics: ram_bytes=67948118016 os_locked_bytes=0 cuda_pinned_bytes=67948118016 promotions=4259 promoted_payload_bytes=11775351344 expert_file_bytes=0 (cumulative; payload is not a physical PCIe counter)
safetensors ngram metrics: ple io: 659632 rows, 54.4% row-cache hits, 259243 SSD reads (1062.4 MB), read p50 225 us p99 590 us, blocked 506.883 ms total (submit 3.139 ms), cache 250098/1048576 rows, SSD kept awake by 125 reads (slowest 13.9 ms)
strata serve: expert tiers: GPU 331 hits this request; since the start RAM 244996 blobs, files 0 blobs 0.0 MB read
strata serve: prompt 24642 tokens = 24641 reused + 1 read in 0 ms (14326.6 tok/s), 1 generated in 18 ms (55.4 tok/s), drafts accepted 0 of 0, 2 checkpoints
strata serve: decode expert cache hit rate: 64.4% (290 hits / 450 lookups); 30 more read by the GPU over PCIe or from another GPU (6.2% of all 480 routed)
strata serve: resident RAM: 63.28 GiB of experts in RAM, 0 exchanged with the VRAM tier, 0 blob reads from the file
safetensors residency metrics: ram_bytes=67948118016 os_locked_bytes=0 cuda_pinned_bytes=67948118016 promotions=4259 promoted_payload_bytes=11775351344 expert_file_bytes=0 (cumulative; payload is not a physical PCIe counter)
safetensors ngram metrics: ple io: 659648 rows, 54.4% row-cache hits, 259259 SSD reads (1062.5 MB), read p50 225 us p99 590 us, blocked 506.883 ms total (submit 3.157 ms), cache 250114/1048576 rows, SSD kept awake by 125 reads (slowest 13.9 ms)
strata serve: expert tiers: GPU 290 hits this request; since the start RAM 245186 blobs, files 0 blobs 0.0 MB read
strata serve: prompt 24643 tokens = 24642 reused + 1 read in 0 ms (13587.0 tok/s), 1 generated in 17 ms (57.2 tok/s), drafts accepted 0 of 0, 2 checkpoints
strata serve: decode expert cache hit rate: 77.8% (360 hits / 463 lookups); 17 more read by the GPU over PCIe or from another GPU (3.5% of all 480 routed)
strata serve: resident RAM: 63.28 GiB of experts in RAM, 0 exchanged with the VRAM tier, 0 blob reads from the file
safetensors residency metrics: ram_bytes=67948118016 os_locked_bytes=0 cuda_pinned_bytes=67948118016 promotions=4259 promoted_payload_bytes=11775351344 expert_file_bytes=0 (cumulative; payload is not a physical PCIe counter)
safetensors ngram metrics: ple io: 659664 rows, 54.4% row-cache hits, 259275 SSD reads (1062.6 MB), read p50 225 us p99 590 us, blocked 506.884 ms total (submit 3.171 ms), cache 250130/1048576 rows, SSD kept awake by 125 reads (slowest 13.9 ms)
strata serve: expert tiers: GPU 360 hits this request; since the start RAM 245402 blobs, files 0 blobs 0.0 MB read
strata serve: prompt 24644 tokens = 24643 reused + 1 read in 0 ms (6472.5 tok/s), 1 generated in 16 ms (61.1 tok/s), drafts accepted 0 of 0, 2 checkpoints
strata serve: decode expert cache hit rate: 73.8% (340 hits / 461 lookups); 19 more read by the GPU over PCIe or from another GPU (4.0% of all 480 routed)
strata serve: resident RAM: 63.28 GiB of experts in RAM, 0 exchanged with the VRAM tier, 0 blob reads from the file
safetensors residency metrics: ram_bytes=67948118016 os_locked_bytes=0 cuda_pinned_bytes=67948118016 promotions=4355 promoted_payload_bytes=12040773680 expert_file_bytes=0 (cumulative; payload is not a physical PCIe counter)
safetensors ngram metrics: ple io: 659680 rows, 54.4% row-cache hits, 259283 SSD reads (1062.6 MB), read p50 225 us p99 590 us, blocked 506.884 ms total (submit 3.185 ms), cache 250138/1048576 rows, SSD kept awake by 125 reads (slowest 13.9 ms)
strata serve: expert tiers: GPU 340 hits this request; since the start RAM 245542 blobs, files 0 blobs 0.0 MB read
strata serve: prompt 24645 tokens = 24644 reused + 1 read in 0 ms (14727.5 tok/s), 1 generated in 16 ms (60.8 tok/s), drafts accepted 0 of 0, 2 checkpoints
strata serve: decode expert cache hit rate: 74.7% (349 hits / 467 lookups); 13 more read by the GPU over PCIe or from another GPU (2.7% of all 480 routed)
strata serve: resident RAM: 63.28 GiB of experts in RAM, 0 exchanged with the VRAM tier, 0 blob reads from the file
safetensors residency metrics: ram_bytes=67948118016 os_locked_bytes=0 cuda_pinned_bytes=67948118016 promotions=4355 promoted_payload_bytes=12040773680 expert_file_bytes=0 (cumulative; payload is not a physical PCIe counter)
safetensors ngram metrics: ple io: 659696 rows, 54.4% row-cache hits, 259291 SSD reads (1062.7 MB), read p50 225 us p99 590 us, blocked 506.885 ms total (submit 3.197 ms), cache 250146/1048576 rows, SSD kept awake by 125 reads (slowest 13.9 ms)
strata serve: expert tiers: GPU 349 hits this request; since the start RAM 245673 blobs, files 0 blobs 0.0 MB read
strata serve: prompt 24646 tokens = 24645 reused + 1 read in 0 ms (14347.2 tok/s), 1 generated in 16 ms (61.2 tok/s), drafts accepted 0 of 0, 2 checkpoints
strata serve: decode expert cache hit rate: 76.3% (355 hits / 465 lookups); 15 more read by the GPU over PCIe or from another GPU (3.1% of all 480 routed)
strata serve: resident RAM: 63.28 GiB of experts in RAM, 0 exchanged with the VRAM tier, 0 blob reads from the file
safetensors residency metrics: ram_bytes=67948118016 os_locked_bytes=0 cuda_pinned_bytes=67948118016 promotions=4355 promoted_payload_bytes=12040773680 expert_file_bytes=0 (cumulative; payload is not a physical PCIe counter)
safetensors ngram metrics: ple io: 659712 rows, 54.4% row-cache hits, 259299 SSD reads (1062.7 MB), read p50 225 us p99 590 us, blocked 506.885 ms total (submit 3.211 ms), cache 250154/1048576 rows, SSD kept awake by 125 reads (slowest 13.9 ms)
strata serve: expert tiers: GPU 355 hits this request; since the start RAM 245798 blobs, files 0 blobs 0.0 MB read
strata serve: prompt 24647 tokens = 24646 reused + 1 read in 0 ms (13003.9 tok/s), 1 generated in 17 ms (57.8 tok/s), drafts accepted 0 of 0, 2 checkpoints
strata serve: decode expert cache hit rate: 77.8% (361 hits / 464 lookups); 16 more read by the GPU over PCIe or from another GPU (3.3% of all 480 routed)
strata serve: resident RAM: 63.28 GiB of experts in RAM, 0 exchanged with the VRAM tier, 0 blob reads from the file
safetensors residency metrics: ram_bytes=67948118016 os_locked_bytes=0 cuda_pinned_bytes=67948118016 promotions=4355 promoted_payload_bytes=12040773680 expert_file_bytes=0 (cumulative; payload is not a physical PCIe counter)
safetensors ngram metrics: ple io: 659728 rows, 54.4% row-cache hits, 259315 SSD reads (1062.8 MB), read p50 225 us p99 590 us, blocked 506.885 ms total (submit 3.228 ms), cache 250170/1048576 rows, SSD kept awake by 125 reads (slowest 13.9 ms)
strata serve: expert tiers: GPU 361 hits this request; since the start RAM 246013 blobs, files 0 blobs 0.0 MB read
strata serve: prompt 24648 tokens = 24647 reused + 1 read in 0 ms (6697.9 tok/s), 1 generated in 16 ms (63.9 tok/s), drafts accepted 0 of 0, 2 checkpoints
strata serve: decode expert cache hit rate: 78.1% (367 hits / 470 lookups); 10 more read by the GPU over PCIe or from another GPU (2.1% of all 480 routed)
strata serve: resident RAM: 63.28 GiB of experts in RAM, 0 exchanged with the VRAM tier, 0 blob reads from the file
safetensors residency metrics: ram_bytes=67948118016 os_locked_bytes=0 cuda_pinned_bytes=67948118016 promotions=4451 promoted_payload_bytes=12306196016 expert_file_bytes=0 (cumulative; payload is not a physical PCIe counter)
safetensors ngram metrics: ple io: 659744 rows, 54.4% row-cache hits, 259331 SSD reads (1062.8 MB), read p50 225 us p99 590 us, blocked 506.886 ms total (submit 3.245 ms), cache 250186/1048576 rows, SSD kept awake by 125 reads (slowest 13.9 ms)
strata serve: expert tiers: GPU 367 hits this request; since the start RAM 246126 blobs, files 0 blobs 0.0 MB read
strata serve: prompt 24649 tokens = 24648 reused + 1 read in 0 ms (14326.6 tok/s), 1 generated in 15 ms (66.8 tok/s), drafts accepted 0 of 0, 2 checkpoints
strata serve: decode expert cache hit rate: 80.9% (381 hits / 471 lookups); 9 more read by the GPU over PCIe or from another GPU (1.9% of all 480 routed)
strata serve: resident RAM: 63.28 GiB of experts in RAM, 0 exchanged with the VRAM tier, 0 blob reads from the file
safetensors residency metrics: ram_bytes=67948118016 os_locked_bytes=0 cuda_pinned_bytes=67948118016 promotions=4451 promoted_payload_bytes=12306196016 expert_file_bytes=0 (cumulative; payload is not a physical PCIe counter)
safetensors ngram metrics: ple io: 659760 rows, 54.4% row-cache hits, 259347 SSD reads (1062.9 MB), read p50 225 us p99 590 us, blocked 506.887 ms total (submit 3.263 ms), cache 250202/1048576 rows, SSD kept awake by 125 reads (slowest 13.9 ms)
strata serve: expert tiers: GPU 381 hits this request; since the start RAM 246225 blobs, files 0 blobs 0.0 MB read
strata serve: prompt 24650 tokens = 24649 reused + 1 read in 0 ms (8635.6 tok/s), 1 generated in 16 ms (64.3 tok/s), drafts accepted 0 of 0, 2 checkpoints
strata serve: decode expert cache hit rate: 79.4% (373 hits / 470 lookups); 10 more read by the GPU over PCIe or from another GPU (2.1% of all 480 routed)
strata serve: resident RAM: 63.28 GiB of experts in RAM, 0 exchanged with the VRAM tier, 0 blob reads from the file
safetensors residency metrics: ram_bytes=67948118016 os_locked_bytes=0 cuda_pinned_bytes=67948118016 promotions=4451 promoted_payload_bytes=12306196016 expert_file_bytes=0 (cumulative; payload is not a physical PCIe counter)
safetensors ngram metrics: ple io: 659776 rows, 54.4% row-cache hits, 259363 SSD reads (1063.0 MB), read p50 225 us p99 590 us, blocked 506.887 ms total (submit 3.281 ms), cache 250218/1048576 rows, SSD kept awake by 125 reads (slowest 13.9 ms)
strata serve: expert tiers: GPU 373 hits this request; since the start RAM 246332 blobs, files 0 blobs 0.0 MB read
strata serve: prompt 24651 tokens = 24650 reused + 1 read in 0 ms (15361.0 tok/s), 1 generated in 17 ms (60.5 tok/s), drafts accepted 0 of 0, 2 checkpoints
strata serve: decode expert cache hit rate: 81.6% (385 hits / 472 lookups); 8 more read by the GPU over PCIe or from another GPU (1.7% of all 480 routed)
strata serve: resident RAM: 63.28 GiB of experts in RAM, 0 exchanged with the VRAM tier, 0 blob reads from the file
safetensors residency metrics: ram_bytes=67948118016 os_locked_bytes=0 cuda_pinned_bytes=67948118016 promotions=4451 promoted_payload_bytes=12306196016 expert_file_bytes=0 (cumulative; payload is not a physical PCIe counter)
safetensors ngram metrics: ple io: 659792 rows, 54.4% row-cache hits, 259379 SSD reads (1063.0 MB), read p50 225 us p99 590 us, blocked 506.888 ms total (submit 3.295 ms), cache 250234/1048576 rows, SSD kept awake by 125 reads (slowest 13.9 ms)
strata serve: expert tiers: GPU 385 hits this request; since the start RAM 246523 blobs, files 0 blobs 0.0 MB read
strata serve: prompt 24652 tokens = 24651 reused + 1 read in 0 ms (7137.8 tok/s), 1 generated in 15 ms (64.9 tok/s), drafts accepted 0 of 0, 2 checkpoints
strata serve: decode expert cache hit rate: 81.6% (385 hits / 472 lookups); 8 more read by the GPU over PCIe or from another GPU (1.7% of all 480 routed)
strata serve: resident RAM: 63.28 GiB of experts in RAM, 0 exchanged with the VRAM tier, 0 blob reads from the file
safetensors residency metrics: ram_bytes=67948118016 os_locked_bytes=0 cuda_pinned_bytes=67948118016 promotions=4547 promoted_payload_bytes=12571618352 expert_file_bytes=0 (cumulative; payload is not a physical PCIe counter)
safetensors ngram metrics: ple io: 659808 rows, 54.4% row-cache hits, 259395 SSD reads (1063.1 MB), read p50 225 us p99 590 us, blocked 506.888 ms total (submit 3.313 ms), cache 250250/1048576 rows, SSD kept awake by 125 reads (slowest 13.9 ms)
strata serve: expert tiers: GPU 385 hits this request; since the start RAM 246618 blobs, files 0 blobs 0.0 MB read
strata serve: prompt 24653 tokens = 24652 reused + 1 read in 0 ms (14705.9 tok/s), 1 generated in 16 ms (62.5 tok/s), drafts accepted 0 of 0, 2 checkpoints
strata serve: decode expert cache hit rate: 76.4% (357 hits / 467 lookups); 13 more read by the GPU over PCIe or from another GPU (2.7% of all 480 routed)
strata serve: resident RAM: 63.28 GiB of experts in RAM, 0 exchanged with the VRAM tier, 0 blob reads from the file
safetensors residency metrics: ram_bytes=67948118016 os_locked_bytes=0 cuda_pinned_bytes=67948118016 promotions=4547 promoted_payload_bytes=12571618352 expert_file_bytes=0 (cumulative; payload is not a physical PCIe counter)
safetensors ngram metrics: ple io: 659824 rows, 54.4% row-cache hits, 259411 SSD reads (1063.2 MB), read p50 225 us p99 590 us, blocked 506.889 ms total (submit 3.330 ms), cache 250266/1048576 rows, SSD kept awake by 125 reads (slowest 13.9 ms)
strata serve: expert tiers: GPU 357 hits this request; since the start RAM 246741 blobs, files 0 blobs 0.0 MB read
strata serve: prompt 24654 tokens = 24653 reused + 1 read in 0 ms (14224.8 tok/s), 1 generated in 17 ms (57.6 tok/s), drafts accepted 0 of 0, 2 checkpoints
strata serve: decode expert cache hit rate: 66.4% (301 hits / 453 lookups); 27 more read by the GPU over PCIe or from another GPU (5.6% of all 480 routed)
strata serve: resident RAM: 63.28 GiB of experts in RAM, 0 exchanged with the VRAM tier, 0 blob reads from the file
safetensors residency metrics: ram_bytes=67948118016 os_locked_bytes=0 cuda_pinned_bytes=67948118016 promotions=4547 promoted_payload_bytes=12571618352 expert_file_bytes=0 (cumulative; payload is not a physical PCIe counter)
safetensors ngram metrics: ple io: 659840 rows, 54.4% row-cache hits, 259419 SSD reads (1063.2 MB), read p50 225 us p99 590 us, blocked 506.889 ms total (submit 3.343 ms), cache 250274/1048576 rows, SSD kept awake by 125 reads (slowest 13.9 ms)
strata serve: expert tiers: GPU 301 hits this request; since the start RAM 246920 blobs, files 0 blobs 0.0 MB read
strata serve: prompt 24655 tokens = 24654 reused + 1 read in 0 ms (13869.6 tok/s), 1 generated in 18 ms (56.7 tok/s), drafts accepted 0 of 0, 2 checkpoints
strata serve: decode expert cache hit rate: 76.3% (348 hits / 456 lookups); 24 more read by the GPU over PCIe or from another GPU (5.0% of all 480 routed)
strata serve: resident RAM: 63.28 GiB of experts in RAM, 0 exchanged with the VRAM tier, 0 blob reads from the file
safetensors residency metrics: ram_bytes=67948118016 os_locked_bytes=0 cuda_pinned_bytes=67948118016 promotions=4547 promoted_payload_bytes=12571618352 expert_file_bytes=0 (cumulative; payload is not a physical PCIe counter)
safetensors ngram metrics: ple io: 659856 rows, 54.4% row-cache hits, 259427 SSD reads (1063.2 MB), read p50 225 us p99 590 us, blocked 506.946 ms total (submit 3.359 ms), cache 250282/1048576 rows, SSD kept awake by 125 reads (slowest 13.9 ms)
strata serve: expert tiers: GPU 348 hits this request; since the start RAM 247148 blobs, files 0 blobs 0.0 MB read
strata serve: prompt 24656 tokens = 24655 reused + 1 read in 0 ms (6784.3 tok/s), 1 generated in 16 ms (62.9 tok/s), drafts accepted 0 of 0, 2 checkpoints
strata serve: decode expert cache hit rate: 84.2% (400 hits / 475 lookups); 5 more read by the GPU over PCIe or from another GPU (1.0% of all 480 routed)
strata serve: resident RAM: 63.28 GiB of experts in RAM, 0 exchanged with the VRAM tier, 0 blob reads from the file
safetensors residency metrics: ram_bytes=67948118016 os_locked_bytes=0 cuda_pinned_bytes=67948118016 promotions=4643 promoted_payload_bytes=12837040688 expert_file_bytes=0 (cumulative; payload is not a physical PCIe counter)
safetensors ngram metrics: ple io: 659872 rows, 54.4% row-cache hits, 259443 SSD reads (1063.3 MB), read p50 225 us p99 590 us, blocked 506.946 ms total (submit 3.373 ms), cache 250298/1048576 rows, SSD kept awake by 125 reads (slowest 13.9 ms)
strata serve: expert tiers: GPU 400 hits this request; since the start RAM 247228 blobs, files 0 blobs 0.0 MB read
strata serve: prompt 24657 tokens = 24656 reused + 1 read in 0 ms (16051.4 tok/s), 1 generated in 17 ms (58.8 tok/s), drafts accepted 0 of 0, 2 checkpoints
strata serve: decode expert cache hit rate: 70.0% (325 hits / 464 lookups); 16 more read by the GPU over PCIe or from another GPU (3.3% of all 480 routed)
strata serve: resident RAM: 63.28 GiB of experts in RAM, 0 exchanged with the VRAM tier, 0 blob reads from the file
safetensors residency metrics: ram_bytes=67948118016 os_locked_bytes=0 cuda_pinned_bytes=67948118016 promotions=4643 promoted_payload_bytes=12837040688 expert_file_bytes=0 (cumulative; payload is not a physical PCIe counter)
safetensors ngram metrics: ple io: 659888 rows, 54.4% row-cache hits, 259459 SSD reads (1063.4 MB), read p50 225 us p99 590 us, blocked 506.946 ms total (submit 3.390 ms), cache 250314/1048576 rows, SSD kept awake by 125 reads (slowest 13.9 ms)
strata serve: expert tiers: GPU 325 hits this request; since the start RAM 247383 blobs, files 0 blobs 0.0 MB read
strata serve: prompt 24658 tokens = 24657 reused + 1 read in 0 ms (13927.6 tok/s), 1 generated in 18 ms (54.4 tok/s), drafts accepted 0 of 0, 2 checkpoints
strata serve: decode expert cache hit rate: 67.8% (310 hits / 457 lookups); 23 more read by the GPU over PCIe or from another GPU (4.8% of all 480 routed)
strata serve: resident RAM: 63.28 GiB of experts in RAM, 0 exchanged with the VRAM tier, 0 blob reads from the file
safetensors residency metrics: ram_bytes=67948118016 os_locked_bytes=0 cuda_pinned_bytes=67948118016 promotions=4643 promoted_payload_bytes=12837040688 expert_file_bytes=0 (cumulative; payload is not a physical PCIe counter)
safetensors ngram metrics: ple io: 659904 rows, 54.4% row-cache hits, 259475 SSD reads (1063.4 MB), read p50 225 us p99 590 us, blocked 506.947 ms total (submit 3.407 ms), cache 250330/1048576 rows, SSD kept awake by 125 reads (slowest 13.9 ms)
strata serve: expert tiers: GPU 310 hits this request; since the start RAM 247553 blobs, files 0 blobs 0.0 MB read
strata serve: prompt 24659 tokens = 24658 reused + 1 read in 0 ms (13888.9 tok/s), 1 generated in 18 ms (54.5 tok/s), drafts accepted 0 of 0, 2 checkpoints
strata serve: decode expert cache hit rate: 69.7% (320 hits / 459 lookups); 21 more read by the GPU over PCIe or from another GPU (4.4% of all 480 routed)
strata serve: resident RAM: 63.28 GiB of experts in RAM, 0 exchanged with the VRAM tier, 0 blob reads from the file
safetensors residency metrics: ram_bytes=67948118016 os_locked_bytes=0 cuda_pinned_bytes=67948118016 promotions=4643 promoted_payload_bytes=12837040688 expert_file_bytes=0 (cumulative; payload is not a physical PCIe counter)
safetensors ngram metrics: ple io: 659920 rows, 54.4% row-cache hits, 259483 SSD reads (1063.5 MB), read p50 225 us p99 590 us, blocked 506.947 ms total (submit 3.423 ms), cache 250338/1048576 rows, SSD kept awake by 125 reads (slowest 13.9 ms)
strata serve: expert tiers: GPU 320 hits this request; since the start RAM 247809 blobs, files 0 blobs 0.0 MB read
strata serve: prompt 24660 tokens = 24659 reused + 1 read in 0 ms (6389.8 tok/s), 1 generated in 20 ms (49.9 tok/s), drafts accepted 0 of 0, 2 checkpoints
strata serve: decode expert cache hit rate: 49.8% (213 hits / 428 lookups); 52 more read by the GPU over PCIe or from another GPU (10.8% of all 480 routed)
strata serve: resident RAM: 63.28 GiB of experts in RAM, 0 exchanged with the VRAM tier, 0 blob reads from the file
safetensors residency metrics: ram_bytes=67948118016 os_locked_bytes=0 cuda_pinned_bytes=67948118016 promotions=4739 promoted_payload_bytes=13102463024 expert_file_bytes=0 (cumulative; payload is not a physical PCIe counter)
safetensors ngram metrics: ple io: 659936 rows, 54.4% row-cache hits, 259483 SSD reads (1063.5 MB), read p50 225 us p99 590 us, blocked 506.948 ms total (submit 3.423 ms), cache 250338/1048576 rows, SSD kept awake by 125 reads (slowest 13.9 ms)
strata serve: expert tiers: GPU 213 hits this request; since the start RAM 248076 blobs, files 0 blobs 0.0 MB read
strata serve: prompt 24661 tokens = 24660 reused + 1 read in 0 ms (12077.3 tok/s), 1 generated in 16 ms (61.5 tok/s), drafts accepted 0 of 0, 2 checkpoints
strata serve: decode expert cache hit rate: 74.1% (344 hits / 464 lookups); 16 more read by the GPU over PCIe or from another GPU (3.3% of all 480 routed)
strata serve: resident RAM: 63.28 GiB of experts in RAM, 0 exchanged with the VRAM tier, 0 blob reads from the file
safetensors residency metrics: ram_bytes=67948118016 os_locked_bytes=0 cuda_pinned_bytes=67948118016 promotions=4739 promoted_payload_bytes=13102463024 expert_file_bytes=0 (cumulative; payload is not a physical PCIe counter)
safetensors ngram metrics: ple io: 659952 rows, 54.4% row-cache hits, 259483 SSD reads (1063.5 MB), read p50 225 us p99 590 us, blocked 506.948 ms total (submit 3.423 ms), cache 250338/1048576 rows, SSD kept awake by 125 reads (slowest 13.9 ms)
strata serve: expert tiers: GPU 344 hits this request; since the start RAM 248212 blobs, files 0 blobs 0.0 MB read
strata serve: prompt 24662 tokens = 24661 reused + 1 read in 0 ms (14044.9 tok/s), 1 generated in 19 ms (51.9 tok/s), drafts accepted 0 of 0, 2 checkpoints
strata serve: decode expert cache hit rate: 80.7% (380 hits / 471 lookups); 9 more read by the GPU over PCIe or from another GPU (1.9% of all 480 routed)
strata serve: resident RAM: 63.28 GiB of experts in RAM, 0 exchanged with the VRAM tier, 0 blob reads from the file
safetensors residency metrics: ram_bytes=67948118016 os_locked_bytes=0 cuda_pinned_bytes=67948118016 promotions=4739 promoted_payload_bytes=13102463024 expert_file_bytes=0 (cumulative; payload is not a physical PCIe counter)
safetensors ngram metrics: ple io: 659968 rows, 54.4% row-cache hits, 259491 SSD reads (1063.5 MB), read p50 225 us p99 592 us, blocked 510.881 ms total (submit 3.437 ms), cache 250346/1048576 rows, SSD kept awake by 125 reads (slowest 13.9 ms)
strata serve: expert tiers: GPU 380 hits this request; since the start RAM 248312 blobs, files 0 blobs 0.0 MB read
strata serve: prompt 24663 tokens = 24662 reused + 1 read in 0 ms (14881.0 tok/s), 1 generated in 25 ms (40.5 tok/s), drafts accepted 0 of 0, 2 checkpoints
strata serve: decode expert cache hit rate: 71.0% (326 hits / 459 lookups); 21 more read by the GPU over PCIe or from another GPU (4.4% of all 480 routed)
strata serve: resident RAM: 63.28 GiB of experts in RAM, 0 exchanged with the VRAM tier, 0 blob reads from the file
safetensors residency metrics: ram_bytes=67948118016 os_locked_bytes=0 cuda_pinned_bytes=67948118016 promotions=4739 promoted_payload_bytes=13102463024 expert_file_bytes=0 (cumulative; payload is not a physical PCIe counter)
safetensors ngram metrics: ple io: 659984 rows, 54.4% row-cache hits, 259499 SSD reads (1063.5 MB), read p50 225 us p99 592 us, blocked 510.882 ms total (submit 3.453 ms), cache 250354/1048576 rows, SSD kept awake by 125 reads (slowest 13.9 ms)
strata serve: expert tiers: GPU 326 hits this request; since the start RAM 248562 blobs, files 0 blobs 0.0 MB read
strata serve: prompt 24664 tokens = 24663 reused + 1 read in 0 ms (6653.4 tok/s), 1 generated in 15 ms (65.0 tok/s), drafts accepted 0 of 0, 2 checkpoints
strata serve: decode expert cache hit rate: 84.4% (399 hits / 473 lookups); 7 more read by the GPU over PCIe or from another GPU (1.5% of all 480 routed)
strata serve: resident RAM: 63.28 GiB of experts in RAM, 0 exchanged with the VRAM tier, 0 blob reads from the file
safetensors residency metrics: ram_bytes=67948118016 os_locked_bytes=0 cuda_pinned_bytes=67948118016 promotions=4835 promoted_payload_bytes=13367885360 expert_file_bytes=0 (cumulative; payload is not a physical PCIe counter)
safetensors ngram metrics: ple io: 660000 rows, 54.4% row-cache hits, 259515 SSD reads (1063.6 MB), read p50 225 us p99 592 us, blocked 510.882 ms total (submit 3.469 ms), cache 250370/1048576 rows, SSD kept awake by 125 reads (slowest 13.9 ms)
strata serve: expert tiers: GPU 399 hits this request; since the start RAM 248643 blobs, files 0 blobs 0.0 MB read
strata serve: prompt 24665 tokens = 24664 reused + 1 read in 0 ms (13661.2 tok/s), 1 generated in 18 ms (57.0 tok/s), drafts accepted 0 of 0, 2 checkpoints
strata serve: decode expert cache hit rate: 67.5% (305 hits / 452 lookups); 28 more read by the GPU over PCIe or from another GPU (5.8% of all 480 routed)
strata serve: resident RAM: 63.28 GiB of experts in RAM, 0 exchanged with the VRAM tier, 0 blob reads from the file
safetensors residency metrics: ram_bytes=67948118016 os_locked_bytes=0 cuda_pinned_bytes=67948118016 promotions=4835 promoted_payload_bytes=13367885360 expert_file_bytes=0 (cumulative; payload is not a physical PCIe counter)
safetensors ngram metrics: ple io: 660016 rows, 54.4% row-cache hits, 259531 SSD reads (1063.7 MB), read p50 225 us p99 592 us, blocked 510.883 ms total (submit 3.484 ms), cache 250386/1048576 rows, SSD kept awake by 125 reads (slowest 13.9 ms)
strata serve: expert tiers: GPU 305 hits this request; since the start RAM 248818 blobs, files 0 blobs 0.0 MB read
strata serve: prompt 24666 tokens = 24665 reused + 1 read in 0 ms (13831.3 tok/s), 1 generated in 16 ms (63.3 tok/s), drafts accepted 0 of 0, 2 checkpoints
strata serve: decode expert cache hit rate: 77.5% (366 hits / 472 lookups); 8 more read by the GPU over PCIe or from another GPU (1.7% of all 480 routed)
strata serve: resident RAM: 63.28 GiB of experts in RAM, 0 exchanged with the VRAM tier, 0 blob reads from the file
safetensors residency metrics: ram_bytes=67948118016 os_locked_bytes=0 cuda_pinned_bytes=67948118016 promotions=4835 promoted_payload_bytes=13367885360 expert_file_bytes=0 (cumulative; payload is not a physical PCIe counter)
safetensors ngram metrics: ple io: 660032 rows, 54.4% row-cache hits, 259539 SSD reads (1063.7 MB), read p50 225 us p99 592 us, blocked 510.883 ms total (submit 3.498 ms), cache 250394/1048576 rows, SSD kept awake by 125 reads (slowest 13.9 ms)
strata serve: expert tiers: GPU 366 hits this request; since the start RAM 248932 blobs, files 0 blobs 0.0 MB read
strata serve: prompt 24667 tokens = 24666 reused + 1 read in 0 ms (14285.7 tok/s), 1 generated in 18 ms (54.9 tok/s), drafts accepted 0 of 0, 2 checkpoints
strata serve: decode expert cache hit rate: 71.8% (331 hits / 461 lookups); 19 more read by the GPU over PCIe or from another GPU (4.0% of all 480 routed)
strata serve: resident RAM: 63.28 GiB of experts in RAM, 0 exchanged with the VRAM tier, 0 blob reads from the file
safetensors residency metrics: ram_bytes=67948118016 os_locked_bytes=0 cuda_pinned_bytes=67948118016 promotions=4835 promoted_payload_bytes=13367885360 expert_file_bytes=0 (cumulative; payload is not a physical PCIe counter)
safetensors ngram metrics: ple io: 660048 rows, 54.4% row-cache hits, 259539 SSD reads (1063.7 MB), read p50 225 us p99 592 us, blocked 510.883 ms total (submit 3.498 ms), cache 250394/1048576 rows, SSD kept awake by 125 reads (slowest 13.9 ms)
strata serve: expert tiers: GPU 331 hits this request; since the start RAM 249177 blobs, files 0 blobs 0.0 MB read
strata serve: prompt 24668 tokens = 24667 reused + 1 read in 0 ms (6561.7 tok/s), 1 generated in 15 ms (67.4 tok/s), drafts accepted 0 of 0, 2 checkpoints
strata serve: decode expert cache hit rate: 83.8% (399 hits / 476 lookups); 4 more read by the GPU over PCIe or from another GPU (0.8% of all 480 routed)
strata serve: resident RAM: 63.28 GiB of experts in RAM, 0 exchanged with the VRAM tier, 0 blob reads from the file
safetensors residency metrics: ram_bytes=67948118016 os_locked_bytes=0 cuda_pinned_bytes=67948118016 promotions=4931 promoted_payload_bytes=13633307696 expert_file_bytes=0 (cumulative; payload is not a physical PCIe counter)
safetensors ngram metrics: ple io: 660064 rows, 54.4% row-cache hits, 259555 SSD reads (1063.8 MB), read p50 225 us p99 592 us, blocked 510.884 ms total (submit 3.519 ms), cache 250410/1048576 rows, SSD kept awake by 125 reads (slowest 13.9 ms)
strata serve: expert tiers: GPU 399 hits this request; since the start RAM 249258 blobs, files 0 blobs 0.0 MB read
strata serve: prompt 24669 tokens = 24668 reused + 1 read in 0 ms (14450.9 tok/s), 1 generated in 17 ms (57.9 tok/s), drafts accepted 0 of 0, 2 checkpoints
strata serve: decode expert cache hit rate: 68.8% (313 hits / 455 lookups); 25 more read by the GPU over PCIe or from another GPU (5.2% of all 480 routed)
strata serve: resident RAM: 63.28 GiB of experts in RAM, 0 exchanged with the VRAM tier, 0 blob reads from the file
safetensors residency metrics: ram_bytes=67948118016 os_locked_bytes=0 cuda_pinned_bytes=67948118016 promotions=4931 promoted_payload_bytes=13633307696 expert_file_bytes=0 (cumulative; payload is not a physical PCIe counter)
safetensors ngram metrics: ple io: 660080 rows, 54.4% row-cache hits, 259563 SSD reads (1063.8 MB), read p50 225 us p99 592 us, blocked 510.884 ms total (submit 3.534 ms), cache 250418/1048576 rows, SSD kept awake by 125 reads (slowest 13.9 ms)
strata serve: expert tiers: GPU 313 hits this request; since the start RAM 249425 blobs, files 0 blobs 0.0 MB read
strata serve: prompt 24670 tokens = 24669 reused + 1 read in 0 ms (13908.2 tok/s), 1 generated in 16 ms (60.8 tok/s), drafts accepted 0 of 0, 2 checkpoints
strata serve: decode expert cache hit rate: 78.0% (362 hits / 464 lookups); 16 more read by the GPU over PCIe or from another GPU (3.3% of all 480 routed)
strata serve: resident RAM: 63.28 GiB of experts in RAM, 0 exchanged with the VRAM tier, 0 blob reads from the file
safetensors residency metrics: ram_bytes=67948118016 os_locked_bytes=0 cuda_pinned_bytes=67948118016 promotions=4931 promoted_payload_bytes=13633307696 expert_file_bytes=0 (cumulative; payload is not a physical PCIe counter)
safetensors ngram metrics: ple io: 660096 rows, 54.4% row-cache hits, 259571 SSD reads (1063.8 MB), read p50 225 us p99 592 us, blocked 510.885 ms total (submit 3.548 ms), cache 250426/1048576 rows, SSD kept awake by 125 reads (slowest 13.9 ms)
strata serve: expert tiers: GPU 362 hits this request; since the start RAM 249543 blobs, files 0 blobs 0.0 MB read
strata serve: prompt 24671 tokens = 24670 reused + 1 read in 0 ms (14285.7 tok/s), 1 generated in 16 ms (61.3 tok/s), drafts accepted 0 of 0, 2 checkpoints
strata serve: decode expert cache hit rate: 84.4% (400 hits / 474 lookups); 6 more read by the GPU over PCIe or from another GPU (1.2% of all 480 routed)
strata serve: resident RAM: 63.28 GiB of experts in RAM, 0 exchanged with the VRAM tier, 0 blob reads from the file
safetensors residency metrics: ram_bytes=67948118016 os_locked_bytes=0 cuda_pinned_bytes=67948118016 promotions=4931 promoted_payload_bytes=13633307696 expert_file_bytes=0 (cumulative; payload is not a physical PCIe counter)
safetensors ngram metrics: ple io: 660112 rows, 54.4% row-cache hits, 259587 SSD reads (1063.9 MB), read p50 225 us p99 592 us, blocked 510.885 ms total (submit 3.565 ms), cache 250442/1048576 rows, SSD kept awake by 125 reads (slowest 13.9 ms)
strata serve: expert tiers: GPU 400 hits this request; since the start RAM 249719 blobs, files 0 blobs 0.0 MB read
strata serve: prompt 24672 tokens = 24671 reused + 1 read in 0 ms (6265.7 tok/s), 1 generated in 14 ms (70.2 tok/s), drafts accepted 0 of 0, 2 checkpoints
strata serve: decode expert cache hit rate: 87.0% (414 hits / 476 lookups); 4 more read by the GPU over PCIe or from another GPU (0.8% of all 480 routed)
strata serve: resident RAM: 63.28 GiB of experts in RAM, 0 exchanged with the VRAM tier, 0 blob reads from the file
safetensors residency metrics: ram_bytes=67948118016 os_locked_bytes=0 cuda_pinned_bytes=67948118016 promotions=5027 promoted_payload_bytes=13898730032 expert_file_bytes=0 (cumulative; payload is not a physical PCIe counter)
safetensors ngram metrics: ple io: 660128 rows, 54.4% row-cache hits, 259595 SSD reads (1063.9 MB), read p50 225 us p99 592 us, blocked 510.886 ms total (submit 3.578 ms), cache 250450/1048576 rows, SSD kept awake by 125 reads (slowest 13.9 ms)
strata serve: expert tiers: GPU 414 hits this request; since the start RAM 249785 blobs, files 0 blobs 0.0 MB read
strata serve: prompt 24673 tokens = 24672 reused + 1 read in 0 ms (13495.3 tok/s), 1 generated in 15 ms (67.5 tok/s), drafts accepted 0 of 0, 2 checkpoints
strata serve: decode expert cache hit rate: 83.4% (398 hits / 477 lookups); 3 more read by the GPU over PCIe or from another GPU (0.6% of all 480 routed)
strata serve: resident RAM: 63.28 GiB of experts in RAM, 0 exchanged with the VRAM tier, 0 blob reads from the file
safetensors residency metrics: ram_bytes=67948118016 os_locked_bytes=0 cuda_pinned_bytes=67948118016 promotions=5027 promoted_payload_bytes=13898730032 expert_file_bytes=0 (cumulative; payload is not a physical PCIe counter)
safetensors ngram metrics: ple io: 660144 rows, 54.4% row-cache hits, 259611 SSD reads (1064.0 MB), read p50 225 us p99 592 us, blocked 510.886 ms total (submit 3.596 ms), cache 250466/1048576 rows, SSD kept awake by 125 reads (slowest 13.9 ms)
strata serve: expert tiers: GPU 398 hits this request; since the start RAM 249867 blobs, files 0 blobs 0.0 MB read
strata serve: prompt 24674 tokens = 24673 reused + 1 read in 0 ms (13477.1 tok/s), 1 generated in 15 ms (67.8 tok/s), drafts accepted 0 of 0, 2 checkpoints
strata serve: decode expert cache hit rate: 90.8% (434 hits / 478 lookups); 2 more read by the GPU over PCIe or from another GPU (0.4% of all 480 routed)
strata serve: resident RAM: 63.28 GiB of experts in RAM, 0 exchanged with the VRAM tier, 0 blob reads from the file
safetensors residency metrics: ram_bytes=67948118016 os_locked_bytes=0 cuda_pinned_bytes=67948118016 promotions=5027 promoted_payload_bytes=13898730032 expert_file_bytes=0 (cumulative; payload is not a physical PCIe counter)
safetensors ngram metrics: ple io: 660160 rows, 54.4% row-cache hits, 259627 SSD reads (1064.1 MB), read p50 225 us p99 592 us, blocked 510.886 ms total (submit 3.615 ms), cache 250482/1048576 rows, SSD kept awake by 125 reads (slowest 13.9 ms)
strata serve: expert tiers: GPU 434 hits this request; since the start RAM 249913 blobs, files 0 blobs 0.0 MB read
strata serve: prompt 24675 tokens = 24674 reused + 1 read in 0 ms (14430.0 tok/s), 1 generated in 16 ms (61.3 tok/s), drafts accepted 0 of 0, 2 checkpoints
strata serve: decode expert cache hit rate: 84.1% (396 hits / 471 lookups); 9 more read by the GPU over PCIe or from another GPU (1.9% of all 480 routed)
strata serve: resident RAM: 63.28 GiB of experts in RAM, 0 exchanged with the VRAM tier, 0 blob reads from the file
safetensors residency metrics: ram_bytes=67948118016 os_locked_bytes=0 cuda_pinned_bytes=67948118016 promotions=5027 promoted_payload_bytes=13898730032 expert_file_bytes=0 (cumulative; payload is not a physical PCIe counter)
safetensors ngram metrics: ple io: 660176 rows, 54.4% row-cache hits, 259643 SSD reads (1064.2 MB), read p50 225 us p99 592 us, blocked 510.887 ms total (submit 3.632 ms), cache 250498/1048576 rows, SSD kept awake by 125 reads (slowest 13.9 ms)
strata serve: expert tiers: GPU 396 hits this request; since the start RAM 250073 blobs, files 0 blobs 0.0 MB read
strata serve: prompt 24676 tokens = 24675 reused + 1 read in 0 ms (6435.0 tok/s), 1 generated in 14 ms (70.8 tok/s), drafts accepted 0 of 0, 2 checkpoints
strata serve: decode expert cache hit rate: 89.7% (428 hits / 477 lookups); 3 more read by the GPU over PCIe or from another GPU (0.6% of all 480 routed)
strata serve: resident RAM: 63.28 GiB of experts in RAM, 0 exchanged with the VRAM tier, 0 blob reads from the file
safetensors residency metrics: ram_bytes=67948118016 os_locked_bytes=0 cuda_pinned_bytes=67948118016 promotions=5103 promoted_payload_bytes=14108856048 expert_file_bytes=0 (cumulative; payload is not a physical PCIe counter)
safetensors ngram metrics: ple io: 660192 rows, 54.4% row-cache hits, 259659 SSD reads (1064.2 MB), read p50 225 us p99 592 us, blocked 510.887 ms total (submit 3.647 ms), cache 250514/1048576 rows, SSD kept awake by 125 reads (slowest 13.9 ms)
strata serve: expert tiers: GPU 428 hits this request; since the start RAM 250125 blobs, files 0 blobs 0.0 MB read
strata serve: prompt 24677 tokens = 24676 reused + 1 read in 0 ms (14204.5 tok/s), 1 generated in 14 ms (71.4 tok/s), drafts accepted 0 of 0, 2 checkpoints
strata serve: decode expert cache hit rate: 88.9% (426 hits / 479 lookups); 1 more read by the GPU over PCIe or from another GPU (0.2% of all 480 routed)
strata serve: resident RAM: 63.28 GiB of experts in RAM, 0 exchanged with the VRAM tier, 0 blob reads from the file
safetensors residency metrics: ram_bytes=67948118016 os_locked_bytes=0 cuda_pinned_bytes=67948118016 promotions=5103 promoted_payload_bytes=14108856048 expert_file_bytes=0 (cumulative; payload is not a physical PCIe counter)
safetensors ngram metrics: ple io: 660208 rows, 54.4% row-cache hits, 259667 SSD reads (1064.3 MB), read p50 225 us p99 592 us, blocked 510.888 ms total (submit 3.659 ms), cache 250522/1048576 rows, SSD kept awake by 125 reads (slowest 13.9 ms)
strata serve: expert tiers: GPU 426 hits this request; since the start RAM 250179 blobs, files 0 blobs 0.0 MB read
strata serve: prompt 24678 tokens = 24677 reused + 1 read in 0 ms (14224.8 tok/s), 1 generated in 15 ms (68.4 tok/s), drafts accepted 0 of 0, 2 checkpoints
strata serve: decode expert cache hit rate: 85.8% (410 hits / 478 lookups); 2 more read by the GPU over PCIe or from another GPU (0.4% of all 480 routed)
strata serve: resident RAM: 63.28 GiB of experts in RAM, 0 exchanged with the VRAM tier, 0 blob reads from the file
safetensors residency metrics: ram_bytes=67948118016 os_locked_bytes=0 cuda_pinned_bytes=67948118016 promotions=5103 promoted_payload_bytes=14108856048 expert_file_bytes=0 (cumulative; payload is not a physical PCIe counter)
safetensors ngram metrics: ple io: 660224 rows, 54.4% row-cache hits, 259683 SSD reads (1064.3 MB), read p50 225 us p99 592 us, blocked 510.888 ms total (submit 3.676 ms), cache 250538/1048576 rows, SSD kept awake by 125 reads (slowest 13.9 ms)
strata serve: expert tiers: GPU 410 hits this request; since the start RAM 250249 blobs, files 0 blobs 0.0 MB read
strata serve: prompt 24679 tokens = 24678 reused + 1 read in 0 ms (14084.5 tok/s), 1 generated in 16 ms (63.1 tok/s), drafts accepted 0 of 0, 2 checkpoints
strata serve: decode expert cache hit rate: 84.9% (404 hits / 476 lookups); 4 more read by the GPU over PCIe or from another GPU (0.8% of all 480 routed)
strata serve: resident RAM: 63.28 GiB of experts in RAM, 0 exchanged with the VRAM tier, 0 blob reads from the file
safetensors residency metrics: ram_bytes=67948118016 os_locked_bytes=0 cuda_pinned_bytes=67948118016 promotions=5103 promoted_payload_bytes=14108856048 expert_file_bytes=0 (cumulative; payload is not a physical PCIe counter)
safetensors ngram metrics: ple io: 660240 rows, 54.4% row-cache hits, 259691 SSD reads (1064.4 MB), read p50 225 us p99 592 us, blocked 510.889 ms total (submit 3.690 ms), cache 250546/1048576 rows, SSD kept awake by 125 reads (slowest 13.9 ms)
strata serve: expert tiers: GPU 404 hits this request; since the start RAM 250377 blobs, files 0 blobs 0.0 MB read
strata serve: prompt 24680 tokens = 24679 reused + 1 read in 0 ms (6502.0 tok/s), 1 generated in 15 ms (66.4 tok/s), drafts accepted 0 of 0, 2 checkpoints
strata serve: decode expert cache hit rate: 82.8% (390 hits / 471 lookups); 9 more read by the GPU over PCIe or from another GPU (1.9% of all 480 routed)
strata serve: resident RAM: 63.28 GiB of experts in RAM, 0 exchanged with the VRAM tier, 0 blob reads from the file
safetensors residency metrics: ram_bytes=67948118016 os_locked_bytes=0 cuda_pinned_bytes=67948118016 promotions=5155 promoted_payload_bytes=14252626480 expert_file_bytes=0 (cumulative; payload is not a physical PCIe counter)
safetensors ngram metrics: ple io: 660256 rows, 54.4% row-cache hits, 259691 SSD reads (1064.4 MB), read p50 225 us p99 592 us, blocked 510.889 ms total (submit 3.690 ms), cache 250546/1048576 rows, SSD kept awake by 125 reads (slowest 13.9 ms)
strata serve: expert tiers: GPU 390 hits this request; since the start RAM 250467 blobs, files 0 blobs 0.0 MB read
strata serve: prompt 24681 tokens = 24680 reused + 1 read in 0 ms (14224.8 tok/s), 1 generated in 15 ms (65.7 tok/s), drafts accepted 0 of 0, 2 checkpoints
strata serve: decode expert cache hit rate: 81.1% (382 hits / 471 lookups); 9 more read by the GPU over PCIe or from another GPU (1.9% of all 480 routed)
strata serve: resident RAM: 63.28 GiB of experts in RAM, 0 exchanged with the VRAM tier, 0 blob reads from the file
safetensors residency metrics: ram_bytes=67948118016 os_locked_bytes=0 cuda_pinned_bytes=67948118016 promotions=5155 promoted_payload_bytes=14252626480 expert_file_bytes=0 (cumulative; payload is not a physical PCIe counter)
safetensors ngram metrics: ple io: 660272 rows, 54.4% row-cache hits, 259699 SSD reads (1064.4 MB), read p50 225 us p99 592 us, blocked 510.890 ms total (submit 3.703 ms), cache 250554/1048576 rows, SSD kept awake by 125 reads (slowest 13.9 ms)
strata serve: expert tiers: GPU 382 hits this request; since the start RAM 250565 blobs, files 0 blobs 0.0 MB read
strata serve: prompt 24682 tokens = 24681 reused + 1 read in 0 ms (14492.8 tok/s), 1 generated in 17 ms (57.5 tok/s), drafts accepted 0 of 0, 2 checkpoints
strata serve: decode expert cache hit rate: 70.5% (325 hits / 461 lookups); 19 more read by the GPU over PCIe or from another GPU (4.0% of all 480 routed)
strata serve: resident RAM: 63.28 GiB of experts in RAM, 0 exchanged with the VRAM tier, 0 blob reads from the file
safetensors residency metrics: ram_bytes=67948118016 os_locked_bytes=0 cuda_pinned_bytes=67948118016 promotions=5155 promoted_payload_bytes=14252626480 expert_file_bytes=0 (cumulative; payload is not a physical PCIe counter)
safetensors ngram metrics: ple io: 660288 rows, 54.4% row-cache hits, 259715 SSD reads (1064.5 MB), read p50 225 us p99 592 us, blocked 510.890 ms total (submit 3.720 ms), cache 250570/1048576 rows, SSD kept awake by 125 reads (slowest 13.9 ms)
strata serve: expert tiers: GPU 325 hits this request; since the start RAM 250720 blobs, files 0 blobs 0.0 MB read
strata serve: prompt 24683 tokens = 24682 reused + 1 read in 0 ms (12970.2 tok/s), 1 generated in 16 ms (63.0 tok/s), drafts accepted 0 of 0, 2 checkpoints
strata serve: decode expert cache hit rate: 85.1% (406 hits / 477 lookups); 3 more read by the GPU over PCIe or from another GPU (0.6% of all 480 routed)
strata serve: resident RAM: 63.28 GiB of experts in RAM, 0 exchanged with the VRAM tier, 0 blob reads from the file
safetensors residency metrics: ram_bytes=67948118016 os_locked_bytes=0 cuda_pinned_bytes=67948118016 promotions=5155 promoted_payload_bytes=14252626480 expert_file_bytes=0 (cumulative; payload is not a physical PCIe counter)
safetensors ngram metrics: ple io: 660304 rows, 54.4% row-cache hits, 259731 SSD reads (1064.5 MB), read p50 225 us p99 592 us, blocked 510.891 ms total (submit 3.737 ms), cache 250586/1048576 rows, SSD kept awake by 125 reads (slowest 13.9 ms)
strata serve: expert tiers: GPU 406 hits this request; since the start RAM 250868 blobs, files 0 blobs 0.0 MB read
strata serve: prompt 24684 tokens = 24683 reused + 1 read in 0 ms (6184.3 tok/s), 1 generated in 16 ms (62.2 tok/s), drafts accepted 0 of 0, 2 checkpoints
strata serve: decode expert cache hit rate: 76.1% (351 hits / 461 lookups); 19 more read by the GPU over PCIe or from another GPU (4.0% of all 480 routed)
strata serve: resident RAM: 63.28 GiB of experts in RAM, 0 exchanged with the VRAM tier, 0 blob reads from the file
safetensors residency metrics: ram_bytes=67948118016 os_locked_bytes=0 cuda_pinned_bytes=67948118016 promotions=5229 promoted_payload_bytes=14457222864 expert_file_bytes=0 (cumulative; payload is not a physical PCIe counter)
safetensors ngram metrics: ple io: 660320 rows, 54.4% row-cache hits, 259747 SSD reads (1064.6 MB), read p50 225 us p99 592 us, blocked 510.891 ms total (submit 3.753 ms), cache 250602/1048576 rows, SSD kept awake by 125 reads (slowest 13.9 ms)
strata serve: expert tiers: GPU 351 hits this request; since the start RAM 250997 blobs, files 0 blobs 0.0 MB read
strata serve: prompt 24685 tokens = 24684 reused + 1 read in 0 ms (12953.4 tok/s), 1 generated in 14 ms (69.2 tok/s), drafts accepted 0 of 0, 2 checkpoints
strata serve: decode expert cache hit rate: 86.5% (411 hits / 475 lookups); 5 more read by the GPU over PCIe or from another GPU (1.0% of all 480 routed)
strata serve: resident RAM: 63.28 GiB of experts in RAM, 0 exchanged with the VRAM tier, 0 blob reads from the file
safetensors residency metrics: ram_bytes=67948118016 os_locked_bytes=0 cuda_pinned_bytes=67948118016 promotions=5229 promoted_payload_bytes=14457222864 expert_file_bytes=0 (cumulative; payload is not a physical PCIe counter)
safetensors ngram metrics: ple io: 660336 rows, 54.4% row-cache hits, 259763 SSD reads (1064.7 MB), read p50 225 us p99 592 us, blocked 510.892 ms total (submit 3.768 ms), cache 250617/1048576 rows, SSD kept awake by 125 reads (slowest 13.9 ms)
strata serve: expert tiers: GPU 411 hits this request; since the start RAM 251066 blobs, files 0 blobs 0.0 MB read
strata serve: prompt 24686 tokens = 24685 reused + 1 read in 0 ms (12562.8 tok/s), 1 generated in 15 ms (67.8 tok/s), drafts accepted 0 of 0, 2 checkpoints
strata serve: decode expert cache hit rate: 84.2% (400 hits / 475 lookups); 5 more read by the GPU over PCIe or from another GPU (1.0% of all 480 routed)
strata serve: resident RAM: 63.28 GiB of experts in RAM, 0 exchanged with the VRAM tier, 0 blob reads from the file
safetensors residency metrics: ram_bytes=67948118016 os_locked_bytes=0 cuda_pinned_bytes=67948118016 promotions=5229 promoted_payload_bytes=14457222864 expert_file_bytes=0 (cumulative; payload is not a physical PCIe counter)
safetensors ngram metrics: ple io: 660352 rows, 54.4% row-cache hits, 259779 SSD reads (1064.7 MB), read p50 225 us p99 592 us, blocked 510.892 ms total (submit 3.784 ms), cache 250633/1048576 rows, SSD kept awake by 125 reads (slowest 13.9 ms)
strata serve: expert tiers: GPU 400 hits this request; since the start RAM 251146 blobs, files 0 blobs 0.0 MB read
strata serve: prompt 24687 tokens = 24686 reused + 1 read in 0 ms (12771.4 tok/s), 1 generated in 17 ms (60.6 tok/s), drafts accepted 0 of 0, 2 checkpoints
strata serve: decode expert cache hit rate: 81.3% (386 hits / 475 lookups); 5 more read by the GPU over PCIe or from another GPU (1.0% of all 480 routed)
strata serve: resident RAM: 63.28 GiB of experts in RAM, 0 exchanged with the VRAM tier, 0 blob reads from the file
safetensors residency metrics: ram_bytes=67948118016 os_locked_bytes=0 cuda_pinned_bytes=67948118016 promotions=5229 promoted_payload_bytes=14457222864 expert_file_bytes=0 (cumulative; payload is not a physical PCIe counter)
safetensors ngram metrics: ple io: 660368 rows, 54.4% row-cache hits, 259795 SSD reads (1064.8 MB), read p50 225 us p99 592 us, blocked 510.892 ms total (submit 3.798 ms), cache 250649/1048576 rows, SSD kept awake by 125 reads (slowest 13.9 ms)
strata serve: expert tiers: GPU 386 hits this request; since the start RAM 251330 blobs, files 0 blobs 0.0 MB read
strata serve: prompt 24688 tokens = 24687 reused + 1 read in 0 ms (6180.5 tok/s), 1 generated in 15 ms (65.3 tok/s), drafts accepted 0 of 0, 2 checkpoints
strata serve: decode expert cache hit rate: 80.5% (381 hits / 473 lookups); 7 more read by the GPU over PCIe or from another GPU (1.5% of all 480 routed)
strata serve: resident RAM: 63.28 GiB of experts in RAM, 0 exchanged with the VRAM tier, 0 blob reads from the file
safetensors residency metrics: ram_bytes=67948118016 os_locked_bytes=0 cuda_pinned_bytes=67948118016 promotions=5319 promoted_payload_bytes=14706056304 expert_file_bytes=0 (cumulative; payload is not a physical PCIe counter)
safetensors ngram metrics: ple io: 660384 rows, 54.4% row-cache hits, 259811 SSD reads (1064.9 MB), read p50 225 us p99 592 us, blocked 510.893 ms total (submit 3.813 ms), cache 250665/1048576 rows, SSD kept awake by 125 reads (slowest 13.9 ms)
strata serve: expert tiers: GPU 381 hits this request; since the start RAM 251429 blobs, files 0 blobs 0.0 MB read
strata serve: prompt 24689 tokens = 24688 reused + 1 read in 0 ms (13369.0 tok/s), 1 generated in 15 ms (65.2 tok/s), drafts accepted 0 of 0, 2 checkpoints
strata serve: decode expert cache hit rate: 80.0% (377 hits / 471 lookups); 9 more read by the GPU over PCIe or from another GPU (1.9% of all 480 routed)
strata serve: resident RAM: 63.28 GiB of experts in RAM, 0 exchanged with the VRAM tier, 0 blob reads from the file
safetensors residency metrics: ram_bytes=67948118016 os_locked_bytes=0 cuda_pinned_bytes=67948118016 promotions=5319 promoted_payload_bytes=14706056304 expert_file_bytes=0 (cumulative; payload is not a physical PCIe counter)
safetensors ngram metrics: ple io: 660400 rows, 54.4% row-cache hits, 259819 SSD reads (1064.9 MB), read p50 225 us p99 592 us, blocked 510.935 ms total (submit 3.828 ms), cache 250673/1048576 rows, SSD kept awake by 125 reads (slowest 13.9 ms)
strata serve: expert tiers: GPU 377 hits this request; since the start RAM 251532 blobs, files 0 blobs 0.0 MB read
safetensors: post-residency expert source bytes=0
safetensors: post-residency MTP source bytes=0
