-- Strata: CUDA enabled, arch 120
-- strata: pack/full/experts.bin absent - the expert arena load test is NOT registered
-- Warning: ccache not found - consider installing it for faster compilation or disable this warning with GGML_CCACHE=OFF
-- CMAKE_SYSTEM_PROCESSOR: AMD64
-- CMAKE_GENERATOR_PLATFORM:
-- GGML_SYSTEM_ARCH: x86
-- Including CPU backend
-- x86 detected
-- Adding CPU backend variant ggml-cpu: /arch:AVX512 GGML_AVX512
-- ggml version: 0.24.0
-- ggml commit:  unknown
-- Configuring done (4.0s)
-- Generating done (0.1s)
-- Build files have been written to: G:/Strata/Strata-Safetensors/build-native-engine
[1/22] Building CXX object CMakeFiles\strata_safetensors.dir\src\weights\nvfp4.cpp.obj
[2/22] Building CXX object CMakeFiles\strata_safetensors.dir\src\weights\safetensors.cpp.obj
[3/22] Building CXX object CMakeFiles\strata_safetensors.dir\src\weights\qwen4.cpp.obj
[4/22] Building CXX object CMakeFiles\strata_safetensors.dir\src\weights\dense.cpp.obj
[5/22] Building CUDA object CMakeFiles\strata_kernels.dir\src\kernels\cuda\shared_expert.cu.obj
G:\Strata\Strata-Safetensors\src\kernels\cuda\shared_expert.cu(73): warning #177-D: function "strata::kernels::<unnamed>::to_f16_kernel" was declared but never referenced
  __declspec(__global__) void to_f16_kernel(const float* __restrict in, uint16_t* __restrict out, int n) {
                              ^

Remark: The warnings can be suppressed with "-diag-suppress <warning-number>"

G:\Strata\Strata-Safetensors\src\kernels\cuda\shared_expert.cu(140): warning #177-D: function "strata::kernels::<unnamed>::native_scalar_sigmoid_multi_kernel" was declared but never referenced
  __declspec(__global__) void native_scalar_sigmoid_multi_kernel(float* gate) {
                              ^

shared_expert.cu
tmpxft_00006e54_00000000-7_shared_expert.cudafe1.cpp
[6/22] Building CUDA object CMakeFiles\strata_kernels.dir\src\kernels\cuda\gr.cu.obj
G:\Strata\Strata-Safetensors\src\kernels\cuda\gr.cu(112): warning #177-D: function "strata::kernels::<unnamed>::block_sum" was declared but never referenced
  __declspec(__device__) double block_sum(double v, double* scratch) {
                                ^

Remark: The warnings can be suppressed with "-diag-suppress <warning-number>"

gr.cu
tmpxft_00003f74_00000000-7_gr.cudafe1.cpp
[7/22] Building CUDA object CMakeFiles\strata_kernels.dir\src\kernels\cuda\bf16_gemv.cu.obj
bf16_gemv.cu
tmpxft_00002a40_00000000-7_bf16_gemv.cudafe1.cpp
[8/22] Building CUDA object CMakeFiles\strata_kernels.dir\src\kernels\cuda\native_bf16.cu.obj
G:\Strata\Strata-Safetensors\src\kernels\cuda\native_bf16.cu(206): warning #128-D: loop is not reachable
      for (int r = 0; r < RPB; ++r)
      ^
          detected during:
            instantiation of "void strata::kernels::<unnamed>::bf16_f32_mmvf_rows_kernel<BLOCK_SIZE,NT,RPB,TS,AUX>(const float *, int64_t, const uint16_t *, float *, int64_t, int, int, int, const uint16_t *, float *, int64_t) [with BLOCK_SIZE=32, NT=4, RPB=4, TS=true, AUX=true]" at line 241
            instantiation of "void strata::kernels::<unnamed>::launch_rows<B>(const float *, int64_t, const uint16_t *, float *, int64_t, int, int, int, cudaStream_t, const uint16_t *, float *, int64_t) [with B=32]" at line 280

Remark: The warnings can be suppressed with "-diag-suppress <warning-number>"

G:\Strata\Strata-Safetensors\src\kernels\cuda\native_bf16.cu(206): warning #128-D: loop is not reachable
      for (int r = 0; r < RPB; ++r)
      ^
          detected during:
            instantiation of "void strata::kernels::<unnamed>::bf16_f32_mmvf_rows_kernel<BLOCK_SIZE,NT,RPB,TS,AUX>(const float *, int64_t, const uint16_t *, float *, int64_t, int, int, int, const uint16_t *, float *, int64_t) [with BLOCK_SIZE=32, NT=8, RPB=4, TS=true, AUX=true]" at line 241
            instantiation of "void strata::kernels::<unnamed>::launch_rows<B>(const float *, int64_t, const uint16_t *, float *, int64_t, int, int, int, cudaStream_t, const uint16_t *, float *, int64_t) [with B=32]" at line 280

G:\Strata\Strata-Safetensors\src\kernels\cuda\native_bf16.cu(206): warning #128-D: loop is not reachable
      for (int r = 0; r < RPB; ++r)
      ^
          detected during:
            instantiation of "void strata::kernels::<unnamed>::bf16_f32_mmvf_rows_kernel<BLOCK_SIZE,NT,RPB,TS,AUX>(const float *, int64_t, const uint16_t *, float *, int64_t, int, int, int, const uint16_t *, float *, int64_t) [with BLOCK_SIZE=32, NT=4, RPB=4, TS=true, AUX=false]" at line 246
            instantiation of "void strata::kernels::<unnamed>::launch_rows<B>(const float *, int64_t, const uint16_t *, float *, int64_t, int, int, int, cudaStream_t, const uint16_t *, float *, int64_t) [with B=32]" at line 280

G:\Strata\Strata-Safetensors\src\kernels\cuda\native_bf16.cu(206): warning #128-D: loop is not reachable
      for (int r = 0; r < RPB; ++r)
      ^
          detected during:
            instantiation of "void strata::kernels::<unnamed>::bf16_f32_mmvf_rows_kernel<BLOCK_SIZE,NT,RPB,TS,AUX>(const float *, int64_t, const uint16_t *, float *, int64_t, int, int, int, const uint16_t *, float *, int64_t) [with BLOCK_SIZE=32, NT=8, RPB=4, TS=true, AUX=false]" at line 247
            instantiation of "void strata::kernels::<unnamed>::launch_rows<B>(const float *, int64_t, const uint16_t *, float *, int64_t, int, int, int, cudaStream_t, const uint16_t *, float *, int64_t) [with B=32]" at line 280

G:\Strata\Strata-Safetensors\src\kernels\cuda\native_bf16.cu(206): warning #128-D: loop is not reachable
      for (int r = 0; r < RPB; ++r)
      ^
          detected during:
            instantiation of "void strata::kernels::<unnamed>::bf16_f32_mmvf_rows_kernel<BLOCK_SIZE,NT,RPB,TS,AUX>(const float *, int64_t, const uint16_t *, float *, int64_t, int, int, int, const uint16_t *, float *, int64_t) [with BLOCK_SIZE=64, NT=4, RPB=4, TS=true, AUX=true]" at line 241
            instantiation of "void strata::kernels::<unnamed>::launch_rows<B>(const float *, int64_t, const uint16_t *, float *, int64_t, int, int, int, cudaStream_t, const uint16_t *, float *, int64_t) [with B=64]" at line 281

G:\Strata\Strata-Safetensors\src\kernels\cuda\native_bf16.cu(206): warning #128-D: loop is not reachable
      for (int r = 0; r < RPB; ++r)
      ^
          detected during:
            instantiation of "void strata::kernels::<unnamed>::bf16_f32_mmvf_rows_kernel<BLOCK_SIZE,NT,RPB,TS,AUX>(const float *, int64_t, const uint16_t *, float *, int64_t, int, int, int, const uint16_t *, float *, int64_t) [with BLOCK_SIZE=64, NT=8, RPB=4, TS=true, AUX=true]" at line 241
            instantiation of "void strata::kernels::<unnamed>::launch_rows<B>(const float *, int64_t, const uint16_t *, float *, int64_t, int, int, int, cudaStream_t, const uint16_t *, float *, int64_t) [with B=64]" at line 281

G:\Strata\Strata-Safetensors\src\kernels\cuda\native_bf16.cu(206): warning #128-D: loop is not reachable
      for (int r = 0; r < RPB; ++r)
      ^
          detected during:
            instantiation of "void strata::kernels::<unnamed>::bf16_f32_mmvf_rows_kernel<BLOCK_SIZE,NT,RPB,TS,AUX>(const float *, int64_t, const uint16_t *, float *, int64_t, int, int, int, const uint16_t *, float *, int64_t) [with BLOCK_SIZE=64, NT=4, RPB=4, TS=true, AUX=false]" at line 246
            instantiation of "void strata::kernels::<unnamed>::launch_rows<B>(const float *, int64_t, const uint16_t *, float *, int64_t, int, int, int, cudaStream_t, const uint16_t *, float *, int64_t) [with B=64]" at line 281

G:\Strata\Strata-Safetensors\src\kernels\cuda\native_bf16.cu(206): warning #128-D: loop is not reachable
      for (int r = 0; r < RPB; ++r)
      ^
          detected during:
            instantiation of "void strata::kernels::<unnamed>::bf16_f32_mmvf_rows_kernel<BLOCK_SIZE,NT,RPB,TS,AUX>(const float *, int64_t, const uint16_t *, float *, int64_t, int, int, int, const uint16_t *, float *, int64_t) [with BLOCK_SIZE=64, NT=8, RPB=4, TS=true, AUX=false]" at line 247
            instantiation of "void strata::kernels::<unnamed>::launch_rows<B>(const float *, int64_t, const uint16_t *, float *, int64_t, int, int, int, cudaStream_t, const uint16_t *, float *, int64_t) [with B=64]" at line 281

G:\Strata\Strata-Safetensors\src\kernels\cuda\native_bf16.cu(206): warning #128-D: loop is not reachable
      for (int r = 0; r < RPB; ++r)
      ^
          detected during:
            instantiation of "void strata::kernels::<unnamed>::bf16_f32_mmvf_rows_kernel<BLOCK_SIZE,NT,RPB,TS,AUX>(const float *, int64_t, const uint16_t *, float *, int64_t, int, int, int, const uint16_t *, float *, int64_t) [with BLOCK_SIZE=96, NT=4, RPB=4, TS=true, AUX=true]" at line 241
            instantiation of "void strata::kernels::<unnamed>::launch_rows<B>(const float *, int64_t, const uint16_t *, float *, int64_t, int, int, int, cudaStream_t, const uint16_t *, float *, int64_t) [with B=96]" at line 282

G:\Strata\Strata-Safetensors\src\kernels\cuda\native_bf16.cu(206): warning #128-D: loop is not reachable
      for (int r = 0; r < RPB; ++r)
      ^
          detected during:
            instantiation of "void strata::kernels::<unnamed>::bf16_f32_mmvf_rows_kernel<BLOCK_SIZE,NT,RPB,TS,AUX>(const float *, int64_t, const uint16_t *, float *, int64_t, int, int, int, const uint16_t *, float *, int64_t) [with BLOCK_SIZE=96, NT=8, RPB=4, TS=true, AUX=true]" at line 241
            instantiation of "void strata::kernels::<unnamed>::launch_rows<B>(const float *, int64_t, const uint16_t *, float *, int64_t, int, int, int, cudaStream_t, const uint16_t *, float *, int64_t) [with B=96]" at line 282

G:\Strata\Strata-Safetensors\src\kernels\cuda\native_bf16.cu(206): warning #128-D: loop is not reachable
      for (int r = 0; r < RPB; ++r)
      ^
          detected during:
            instantiation of "void strata::kernels::<unnamed>::bf16_f32_mmvf_rows_kernel<BLOCK_SIZE,NT,RPB,TS,AUX>(const float *, int64_t, const uint16_t *, float *, int64_t, int, int, int, const uint16_t *, float *, int64_t) [with BLOCK_SIZE=96, NT=4, RPB=4, TS=true, AUX=false]" at line 246
            instantiation of "void strata::kernels::<unnamed>::launch_rows<B>(const float *, int64_t, const uint16_t *, float *, int64_t, int, int, int, cudaStream_t, const uint16_t *, float *, int64_t) [with B=96]" at line 282

G:\Strata\Strata-Safetensors\src\kernels\cuda\native_bf16.cu(206): warning #128-D: loop is not reachable
      for (int r = 0; r < RPB; ++r)
      ^
          detected during:
            instantiation of "void strata::kernels::<unnamed>::bf16_f32_mmvf_rows_kernel<BLOCK_SIZE,NT,RPB,TS,AUX>(const float *, int64_t, const uint16_t *, float *, int64_t, int, int, int, const uint16_t *, float *, int64_t) [with BLOCK_SIZE=96, NT=8, RPB=4, TS=true, AUX=false]" at line 247
            instantiation of "void strata::kernels::<unnamed>::launch_rows<B>(const float *, int64_t, const uint16_t *, float *, int64_t, int, int, int, cudaStream_t, const uint16_t *, float *, int64_t) [with B=96]" at line 282

G:\Strata\Strata-Safetensors\src\kernels\cuda\native_bf16.cu(206): warning #128-D: loop is not reachable
      for (int r = 0; r < RPB; ++r)
      ^
          detected during:
            instantiation of "void strata::kernels::<unnamed>::bf16_f32_mmvf_rows_kernel<BLOCK_SIZE,NT,RPB,TS,AUX>(const float *, int64_t, const uint16_t *, float *, int64_t, int, int, int, const uint16_t *, float *, int64_t) [with BLOCK_SIZE=128, NT=4, RPB=4, TS=true, AUX=true]" at line 241
            instantiation of "void strata::kernels::<unnamed>::launch_rows<B>(const float *, int64_t, const uint16_t *, float *, int64_t, int, int, int, cudaStream_t, const uint16_t *, float *, int64_t) [with B=128]" at line 283

G:\Strata\Strata-Safetensors\src\kernels\cuda\native_bf16.cu(206): warning #128-D: loop is not reachable
      for (int r = 0; r < RPB; ++r)
      ^
          detected during:
            instantiation of "void strata::kernels::<unnamed>::bf16_f32_mmvf_rows_kernel<BLOCK_SIZE,NT,RPB,TS,AUX>(const float *, int64_t, const uint16_t *, float *, int64_t, int, int, int, const uint16_t *, float *, int64_t) [with BLOCK_SIZE=128, NT=8, RPB=4, TS=true, AUX=true]" at line 241
            instantiation of "void strata::kernels::<unnamed>::launch_rows<B>(const float *, int64_t, const uint16_t *, float *, int64_t, int, int, int, cudaStream_t, const uint16_t *, float *, int64_t) [with B=128]" at line 283

G:\Strata\Strata-Safetensors\src\kernels\cuda\native_bf16.cu(206): warning #128-D: loop is not reachable
      for (int r = 0; r < RPB; ++r)
      ^
          detected during:
            instantiation of "void strata::kernels::<unnamed>::bf16_f32_mmvf_rows_kernel<BLOCK_SIZE,NT,RPB,TS,AUX>(const float *, int64_t, const uint16_t *, float *, int64_t, int, int, int, const uint16_t *, float *, int64_t) [with BLOCK_SIZE=128, NT=4, RPB=4, TS=true, AUX=false]" at line 246
            instantiation of "void strata::kernels::<unnamed>::launch_rows<B>(const float *, int64_t, const uint16_t *, float *, int64_t, int, int, int, cudaStream_t, const uint16_t *, float *, int64_t) [with B=128]" at line 283

G:\Strata\Strata-Safetensors\src\kernels\cuda\native_bf16.cu(206): warning #128-D: loop is not reachable
      for (int r = 0; r < RPB; ++r)
      ^
          detected during:
            instantiation of "void strata::kernels::<unnamed>::bf16_f32_mmvf_rows_kernel<BLOCK_SIZE,NT,RPB,TS,AUX>(const float *, int64_t, const uint16_t *, float *, int64_t, int, int, int, const uint16_t *, float *, int64_t) [with BLOCK_SIZE=128, NT=8, RPB=4, TS=true, AUX=false]" at line 247
            instantiation of "void strata::kernels::<unnamed>::launch_rows<B>(const float *, int64_t, const uint16_t *, float *, int64_t, int, int, int, cudaStream_t, const uint16_t *, float *, int64_t) [with B=128]" at line 283

G:\Strata\Strata-Safetensors\src\kernels\cuda\native_bf16.cu(206): warning #128-D: loop is not reachable
      for (int r = 0; r < RPB; ++r)
      ^
          detected during:
            instantiation of "void strata::kernels::<unnamed>::bf16_f32_mmvf_rows_kernel<BLOCK_SIZE,NT,RPB,TS,AUX>(const float *, int64_t, const uint16_t *, float *, int64_t, int, int, int, const uint16_t *, float *, int64_t) [with BLOCK_SIZE=160, NT=4, RPB=4, TS=true, AUX=true]" at line 241
            instantiation of "void strata::kernels::<unnamed>::launch_rows<B>(const float *, int64_t, const uint16_t *, float *, int64_t, int, int, int, cudaStream_t, const uint16_t *, float *, int64_t) [with B=160]" at line 284

G:\Strata\Strata-Safetensors\src\kernels\cuda\native_bf16.cu(206): warning #128-D: loop is not reachable
      for (int r = 0; r < RPB; ++r)
      ^
          detected during:
            instantiation of "void strata::kernels::<unnamed>::bf16_f32_mmvf_rows_kernel<BLOCK_SIZE,NT,RPB,TS,AUX>(const float *, int64_t, const uint16_t *, float *, int64_t, int, int, int, const uint16_t *, float *, int64_t) [with BLOCK_SIZE=160, NT=8, RPB=4, TS=true, AUX=true]" at line 241
            instantiation of "void strata::kernels::<unnamed>::launch_rows<B>(const float *, int64_t, const uint16_t *, float *, int64_t, int, int, int, cudaStream_t, const uint16_t *, float *, int64_t) [with B=160]" at line 284

G:\Strata\Strata-Safetensors\src\kernels\cuda\native_bf16.cu(206): warning #128-D: loop is not reachable
      for (int r = 0; r < RPB; ++r)
      ^
          detected during:
            instantiation of "void strata::kernels::<unnamed>::bf16_f32_mmvf_rows_kernel<BLOCK_SIZE,NT,RPB,TS,AUX>(const float *, int64_t, const uint16_t *, float *, int64_t, int, int, int, const uint16_t *, float *, int64_t) [with BLOCK_SIZE=160, NT=4, RPB=4, TS=true, AUX=false]" at line 246
            instantiation of "void strata::kernels::<unnamed>::launch_rows<B>(const float *, int64_t, const uint16_t *, float *, int64_t, int, int, int, cudaStream_t, const uint16_t *, float *, int64_t) [with B=160]" at line 284

G:\Strata\Strata-Safetensors\src\kernels\cuda\native_bf16.cu(206): warning #128-D: loop is not reachable
      for (int r = 0; r < RPB; ++r)
      ^
          detected during:
            instantiation of "void strata::kernels::<unnamed>::bf16_f32_mmvf_rows_kernel<BLOCK_SIZE,NT,RPB,TS,AUX>(const float *, int64_t, const uint16_t *, float *, int64_t, int, int, int, const uint16_t *, float *, int64_t) [with BLOCK_SIZE=160, NT=8, RPB=4, TS=true, AUX=false]" at line 247
            instantiation of "void strata::kernels::<unnamed>::launch_rows<B>(const float *, int64_t, const uint16_t *, float *, int64_t, int, int, int, cudaStream_t, const uint16_t *, float *, int64_t) [with B=160]" at line 284

G:\Strata\Strata-Safetensors\src\kernels\cuda\native_bf16.cu(206): warning #128-D: loop is not reachable
      for (int r = 0; r < RPB; ++r)
      ^
          detected during:
            instantiation of "void strata::kernels::<unnamed>::bf16_f32_mmvf_rows_kernel<BLOCK_SIZE,NT,RPB,TS,AUX>(const float *, int64_t, const uint16_t *, float *, int64_t, int, int, int, const uint16_t *, float *, int64_t) [with BLOCK_SIZE=192, NT=4, RPB=4, TS=true, AUX=true]" at line 241
            instantiation of "void strata::kernels::<unnamed>::launch_rows<B>(const float *, int64_t, const uint16_t *, float *, int64_t, int, int, int, cudaStream_t, const uint16_t *, float *, int64_t) [with B=192]" at line 285

G:\Strata\Strata-Safetensors\src\kernels\cuda\native_bf16.cu(206): warning #128-D: loop is not reachable
      for (int r = 0; r < RPB; ++r)
      ^
          detected during:
            instantiation of "void strata::kernels::<unnamed>::bf16_f32_mmvf_rows_kernel<BLOCK_SIZE,NT,RPB,TS,AUX>(const float *, int64_t, const uint16_t *, float *, int64_t, int, int, int, const uint16_t *, float *, int64_t) [with BLOCK_SIZE=192, NT=8, RPB=4, TS=true, AUX=true]" at line 241
            instantiation of "void strata::kernels::<unnamed>::launch_rows<B>(const float *, int64_t, const uint16_t *, float *, int64_t, int, int, int, cudaStream_t, const uint16_t *, float *, int64_t) [with B=192]" at line 285

G:\Strata\Strata-Safetensors\src\kernels\cuda\native_bf16.cu(206): warning #128-D: loop is not reachable
      for (int r = 0; r < RPB; ++r)
      ^
          detected during:
            instantiation of "void strata::kernels::<unnamed>::bf16_f32_mmvf_rows_kernel<BLOCK_SIZE,NT,RPB,TS,AUX>(const float *, int64_t, const uint16_t *, float *, int64_t, int, int, int, const uint16_t *, float *, int64_t) [with BLOCK_SIZE=192, NT=4, RPB=4, TS=true, AUX=false]" at line 246
            instantiation of "void strata::kernels::<unnamed>::launch_rows<B>(const float *, int64_t, const uint16_t *, float *, int64_t, int, int, int, cudaStream_t, const uint16_t *, float *, int64_t) [with B=192]" at line 285

G:\Strata\Strata-Safetensors\src\kernels\cuda\native_bf16.cu(206): warning #128-D: loop is not reachable
      for (int r = 0; r < RPB; ++r)
      ^
          detected during:
            instantiation of "void strata::kernels::<unnamed>::bf16_f32_mmvf_rows_kernel<BLOCK_SIZE,NT,RPB,TS,AUX>(const float *, int64_t, const uint16_t *, float *, int64_t, int, int, int, const uint16_t *, float *, int64_t) [with BLOCK_SIZE=192, NT=8, RPB=4, TS=true, AUX=false]" at line 247
            instantiation of "void strata::kernels::<unnamed>::launch_rows<B>(const float *, int64_t, const uint16_t *, float *, int64_t, int, int, int, cudaStream_t, const uint16_t *, float *, int64_t) [with B=192]" at line 285

G:\Strata\Strata-Safetensors\src\kernels\cuda\native_bf16.cu(206): warning #128-D: loop is not reachable
      for (int r = 0; r < RPB; ++r)
      ^
          detected during:
            instantiation of "void strata::kernels::<unnamed>::bf16_f32_mmvf_rows_kernel<BLOCK_SIZE,NT,RPB,TS,AUX>(const float *, int64_t, const uint16_t *, float *, int64_t, int, int, int, const uint16_t *, float *, int64_t) [with BLOCK_SIZE=224, NT=4, RPB=4, TS=true, AUX=true]" at line 241
            instantiation of "void strata::kernels::<unnamed>::launch_rows<B>(const float *, int64_t, const uint16_t *, float *, int64_t, int, int, int, cudaStream_t, const uint16_t *, float *, int64_t) [with B=224]" at line 286

G:\Strata\Strata-Safetensors\src\kernels\cuda\native_bf16.cu(206): warning #128-D: loop is not reachable
      for (int r = 0; r < RPB; ++r)
      ^
          detected during:
            instantiation of "void strata::kernels::<unnamed>::bf16_f32_mmvf_rows_kernel<BLOCK_SIZE,NT,RPB,TS,AUX>(const float *, int64_t, const uint16_t *, float *, int64_t, int, int, int, const uint16_t *, float *, int64_t) [with BLOCK_SIZE=224, NT=8, RPB=4, TS=true, AUX=true]" at line 241
            instantiation of "void strata::kernels::<unnamed>::launch_rows<B>(const float *, int64_t, const uint16_t *, float *, int64_t, int, int, int, cudaStream_t, const uint16_t *, float *, int64_t) [with B=224]" at line 286

G:\Strata\Strata-Safetensors\src\kernels\cuda\native_bf16.cu(206): warning #128-D: loop is not reachable
      for (int r = 0; r < RPB; ++r)
      ^
          detected during:
            instantiation of "void strata::kernels::<unnamed>::bf16_f32_mmvf_rows_kernel<BLOCK_SIZE,NT,RPB,TS,AUX>(const float *, int64_t, const uint16_t *, float *, int64_t, int, int, int, const uint16_t *, float *, int64_t) [with BLOCK_SIZE=224, NT=4, RPB=4, TS=true, AUX=false]" at line 246
            instantiation of "void strata::kernels::<unnamed>::launch_rows<B>(const float *, int64_t, const uint16_t *, float *, int64_t, int, int, int, cudaStream_t, const uint16_t *, float *, int64_t) [with B=224]" at line 286

G:\Strata\Strata-Safetensors\src\kernels\cuda\native_bf16.cu(206): warning #128-D: loop is not reachable
      for (int r = 0; r < RPB; ++r)
      ^
          detected during:
            instantiation of "void strata::kernels::<unnamed>::bf16_f32_mmvf_rows_kernel<BLOCK_SIZE,NT,RPB,TS,AUX>(const float *, int64_t, const uint16_t *, float *, int64_t, int, int, int, const uint16_t *, float *, int64_t) [with BLOCK_SIZE=224, NT=8, RPB=4, TS=true, AUX=false]" at line 247
            instantiation of "void strata::kernels::<unnamed>::launch_rows<B>(const float *, int64_t, const uint16_t *, float *, int64_t, int, int, int, cudaStream_t, const uint16_t *, float *, int64_t) [with B=224]" at line 286

G:\Strata\Strata-Safetensors\src\kernels\cuda\native_bf16.cu(206): warning #128-D: loop is not reachable
      for (int r = 0; r < RPB; ++r)
      ^
          detected during:
            instantiation of "void strata::kernels::<unnamed>::bf16_f32_mmvf_rows_kernel<BLOCK_SIZE,NT,RPB,TS,AUX>(const float *, int64_t, const uint16_t *, float *, int64_t, int, int, int, const uint16_t *, float *, int64_t) [with BLOCK_SIZE=256, NT=4, RPB=4, TS=true, AUX=true]" at line 241
            instantiation of "void strata::kernels::<unnamed>::launch_rows<B>(const float *, int64_t, const uint16_t *, float *, int64_t, int, int, int, cudaStream_t, const uint16_t *, float *, int64_t) [with B=256]" at line 287

G:\Strata\Strata-Safetensors\src\kernels\cuda\native_bf16.cu(206): warning #128-D: loop is not reachable
      for (int r = 0; r < RPB; ++r)
      ^
          detected during:
            instantiation of "void strata::kernels::<unnamed>::bf16_f32_mmvf_rows_kernel<BLOCK_SIZE,NT,RPB,TS,AUX>(const float *, int64_t, const uint16_t *, float *, int64_t, int, int, int, const uint16_t *, float *, int64_t) [with BLOCK_SIZE=256, NT=8, RPB=4, TS=true, AUX=true]" at line 241
            instantiation of "void strata::kernels::<unnamed>::launch_rows<B>(const float *, int64_t, const uint16_t *, float *, int64_t, int, int, int, cudaStream_t, const uint16_t *, float *, int64_t) [with B=256]" at line 287

G:\Strata\Strata-Safetensors\src\kernels\cuda\native_bf16.cu(206): warning #128-D: loop is not reachable
      for (int r = 0; r < RPB; ++r)
      ^
          detected during:
            instantiation of "void strata::kernels::<unnamed>::bf16_f32_mmvf_rows_kernel<BLOCK_SIZE,NT,RPB,TS,AUX>(const float *, int64_t, const uint16_t *, float *, int64_t, int, int, int, const uint16_t *, float *, int64_t) [with BLOCK_SIZE=256, NT=4, RPB=4, TS=true, AUX=false]" at line 246
            instantiation of "void strata::kernels::<unnamed>::launch_rows<B>(const float *, int64_t, const uint16_t *, float *, int64_t, int, int, int, cudaStream_t, const uint16_t *, float *, int64_t) [with B=256]" at line 287

G:\Strata\Strata-Safetensors\src\kernels\cuda\native_bf16.cu(206): warning #128-D: loop is not reachable
      for (int r = 0; r < RPB; ++r)
      ^
          detected during:
            instantiation of "void strata::kernels::<unnamed>::bf16_f32_mmvf_rows_kernel<BLOCK_SIZE,NT,RPB,TS,AUX>(const float *, int64_t, const uint16_t *, float *, int64_t, int, int, int, const uint16_t *, float *, int64_t) [with BLOCK_SIZE=256, NT=8, RPB=4, TS=true, AUX=false]" at line 247
            instantiation of "void strata::kernels::<unnamed>::launch_rows<B>(const float *, int64_t, const uint16_t *, float *, int64_t, int, int, int, cudaStream_t, const uint16_t *, float *, int64_t) [with B=256]" at line 287

native_bf16.cu
tmpxft_00005564_00000000-7_native_bf16.cudafe1.cpp
[9/22] Building CUDA object CMakeFiles\strata_kernels.dir\src\kernels\cuda\ple.cu.obj
G:\Strata\Strata-Safetensors\src\kernels\cuda\ple.cu(376): warning #177-D: variable "hc" was declared but never referenced
      const int n_embd = NG_N_EMBD, hc = NG_HC, hc_dim = NG_HC_DIM;
                                    ^

Remark: The warnings can be suppressed with "-diag-suppress <warning-number>"

ple.cu
tmpxft_0000408c_00000000-7_ple.cudafe1.cpp
G:\Strata\Strata-Safetensors\src\kernels\cuda\ple.cu(376): warning C4189: “hc”: 局部变量已初始化但不引用
[10/22] Linking CXX static library strata_safetensors.lib
[11/22] Building CXX object CMakeFiles\strata_engine.dir\src\core\layer.cpp.obj
G:\Strata\Strata-Safetensors\src\core\layer.cpp(405): warning C4996: 'getenv': This function or variable may be unsafe. Consider using _dupenv_s instead. To disable deprecation, use _CRT_SECURE_NO_WARNINGS. See online help for details.
G:\Strata\Strata-Safetensors\src\core\layer.cpp(417): warning C4996: 'getenv': This function or variable may be unsafe. Consider using _dupenv_s instead. To disable deprecation, use _CRT_SECURE_NO_WARNINGS. See online help for details.
G:\Strata\Strata-Safetensors\src\core\layer.cpp(654): warning C4996: 'getenv': This function or variable may be unsafe. Consider using _dupenv_s instead. To disable deprecation, use _CRT_SECURE_NO_WARNINGS. See online help for details.
G:\Strata\Strata-Safetensors\src\core\layer.cpp(655): warning C4996: 'getenv': This function or variable may be unsafe. Consider using _dupenv_s instead. To disable deprecation, use _CRT_SECURE_NO_WARNINGS. See online help for details.
G:\Strata\Strata-Safetensors\src\core\layer.cpp(1039): warning C4189: “n_kv”: 局部变量已初始化但不引用
G:\Strata\Strata-Safetensors\src\core\layer.cpp(1372): warning C4189: “hcd”: 局部变量已初始化但不引用
[12/22] Building CXX object CMakeFiles\strata_engine.dir\src\core\verify.cpp.obj
G:\Strata\Strata-Safetensors\include\strata/kernels/cpu/expert.hpp(74): warning C4324: “strata::kernels::cpu::ActQ”: 由于对齐说明符，结构被填充
G:\Strata\Strata-Safetensors\include\strata/kernels/cpu/pool.hpp(267): warning C4324: “strata::kernels::cpu::ExpertPool”: 由于对齐说明符，结构被填充
G:\Strata\Strata-Safetensors\include\strata/kernels/cpu/pool.hpp(268): warning C4324: “strata::kernels::cpu::ExpertPool”: 由于对齐说明符，结构被填充
G:\Strata\Strata-Safetensors\include\strata/kernels/cpu/pool.hpp(269): warning C4324: “strata::kernels::cpu::ExpertPool”: 由于对齐说明符，结构被填充
G:\Strata\Strata-Safetensors\include\strata/kernels/cpu/pool.hpp(270): warning C4324: “strata::kernels::cpu::ExpertPool”: 由于对齐说明符，结构被填充
G:\Strata\Strata-Safetensors\include\strata/kernels/cpu/pool.hpp(271): warning C4324: “strata::kernels::cpu::ExpertPool”: 由于对齐说明符，结构被填充
G:\Strata\Strata-Safetensors\include\strata/kernels/cpu/pool.hpp(274): warning C4324: “strata::kernels::cpu::ExpertPool”: 由于对齐说明符，结构被填充
G:\Strata\Strata-Safetensors\include\strata/core/dma_batch.hpp(32): warning C4996: 'getenv': This function or variable may be unsafe. Consider using _dupenv_s instead. To disable deprecation, use _CRT_SECURE_NO_WARNINGS. See online help for details.
G:\Strata\Strata-Safetensors\include\strata/core/spec_prob.hpp(47): warning C4996: 'getenv': This function or variable may be unsafe. Consider using _dupenv_s instead. To disable deprecation, use _CRT_SECURE_NO_WARNINGS. See online help for details.
G:\Strata\Strata-Safetensors\include\strata/core/spec_prob.hpp(57): warning C4996: 'getenv': This function or variable may be unsafe. Consider using _dupenv_s instead. To disable deprecation, use _CRT_SECURE_NO_WARNINGS. See online help for details.
G:\Strata\Strata-Safetensors\include\strata/core/spec_prob.hpp(69): warning C4996: 'getenv': This function or variable may be unsafe. Consider using _dupenv_s instead. To disable deprecation, use _CRT_SECURE_NO_WARNINGS. See online help for details.
G:\Strata\Strata-Safetensors\src\core\verify.cpp(65): warning C4996: 'getenv': This function or variable may be unsafe. Consider using _dupenv_s instead. To disable deprecation, use _CRT_SECURE_NO_WARNINGS. See online help for details.
G:\Strata\Strata-Safetensors\src\core\verify.cpp(66): warning C4996: 'getenv': This function or variable may be unsafe. Consider using _dupenv_s instead. To disable deprecation, use _CRT_SECURE_NO_WARNINGS. See online help for details.
G:\Strata\Strata-Safetensors\src\core\verify.cpp(95): warning C4996: 'getenv': This function or variable may be unsafe. Consider using _dupenv_s instead. To disable deprecation, use _CRT_SECURE_NO_WARNINGS. See online help for details.
G:\Strata\Strata-Safetensors\src\core\verify.cpp(96): warning C4996: 'getenv': This function or variable may be unsafe. Consider using _dupenv_s instead. To disable deprecation, use _CRT_SECURE_NO_WARNINGS. See online help for details.
G:\Strata\Strata-Safetensors\src\core\verify.cpp(101): warning C4996: 'getenv': This function or variable may be unsafe. Consider using _dupenv_s instead. To disable deprecation, use _CRT_SECURE_NO_WARNINGS. See online help for details.
G:\Strata\Strata-Safetensors\src\core\verify.cpp(102): warning C4996: 'getenv': This function or variable may be unsafe. Consider using _dupenv_s instead. To disable deprecation, use _CRT_SECURE_NO_WARNINGS. See online help for details.
G:\Strata\Strata-Safetensors\src\core\verify.cpp(103): warning C4996: 'getenv': This function or variable may be unsafe. Consider using _dupenv_s instead. To disable deprecation, use _CRT_SECURE_NO_WARNINGS. See online help for details.
G:\Strata\Strata-Safetensors\src\core\verify.cpp(107): warning C4996: 'getenv': This function or variable may be unsafe. Consider using _dupenv_s instead. To disable deprecation, use _CRT_SECURE_NO_WARNINGS. See online help for details.
G:\Strata\Strata-Safetensors\src\core\verify.cpp(108): warning C4996: 'getenv': This function or variable may be unsafe. Consider using _dupenv_s instead. To disable deprecation, use _CRT_SECURE_NO_WARNINGS. See online help for details.
G:\Strata\Strata-Safetensors\src\core\verify.cpp(125): warning C4996: 'getenv': This function or variable may be unsafe. Consider using _dupenv_s instead. To disable deprecation, use _CRT_SECURE_NO_WARNINGS. See online help for details.
G:\Strata\Strata-Safetensors\src\core\verify.cpp(146): warning C4996: 'getenv': This function or variable may be unsafe. Consider using _dupenv_s instead. To disable deprecation, use _CRT_SECURE_NO_WARNINGS. See online help for details.
G:\Strata\Strata-Safetensors\src\core\verify.cpp(166): warning C4996: 'getenv': This function or variable may be unsafe. Consider using _dupenv_s instead. To disable deprecation, use _CRT_SECURE_NO_WARNINGS. See online help for details.
G:\Strata\Strata-Safetensors\src\core\verify.cpp(178): warning C4996: 'getenv': This function or variable may be unsafe. Consider using _dupenv_s instead. To disable deprecation, use _CRT_SECURE_NO_WARNINGS. See online help for details.
G:\Strata\Strata-Safetensors\src\core\verify.cpp(268): warning C4996: 'getenv': This function or variable may be unsafe. Consider using _dupenv_s instead. To disable deprecation, use _CRT_SECURE_NO_WARNINGS. See online help for details.
G:\Strata\Strata-Safetensors\src\core\verify.cpp(430): warning C4996: 'getenv': This function or variable may be unsafe. Consider using _dupenv_s instead. To disable deprecation, use _CRT_SECURE_NO_WARNINGS. See online help for details.
G:\Strata\Strata-Safetensors\src\core\verify.cpp(432): warning C4996: 'getenv': This function or variable may be unsafe. Consider using _dupenv_s instead. To disable deprecation, use _CRT_SECURE_NO_WARNINGS. See online help for details.
G:\Strata\Strata-Safetensors\src\core\verify.cpp(607): warning C4996: 'getenv': This function or variable may be unsafe. Consider using _dupenv_s instead. To disable deprecation, use _CRT_SECURE_NO_WARNINGS. See online help for details.
G:\Strata\Strata-Safetensors\src\core\verify.cpp(645): warning C4996: 'getenv': This function or variable may be unsafe. Consider using _dupenv_s instead. To disable deprecation, use _CRT_SECURE_NO_WARNINGS. See online help for details.
G:\Strata\Strata-Safetensors\src\core\verify.cpp(663): warning C4996: 'getenv': This function or variable may be unsafe. Consider using _dupenv_s instead. To disable deprecation, use _CRT_SECURE_NO_WARNINGS. See online help for details.
G:\Strata\Strata-Safetensors\src\core\verify.cpp(680): warning C4996: 'getenv': This function or variable may be unsafe. Consider using _dupenv_s instead. To disable deprecation, use _CRT_SECURE_NO_WARNINGS. See online help for details.
G:\Strata\Strata-Safetensors\src\core\verify.cpp(740): warning C4996: 'getenv': This function or variable may be unsafe. Consider using _dupenv_s instead. To disable deprecation, use _CRT_SECURE_NO_WARNINGS. See online help for details.
G:\Strata\Strata-Safetensors\src\core\verify.cpp(857): warning C4996: 'getenv': This function or variable may be unsafe. Consider using _dupenv_s instead. To disable deprecation, use _CRT_SECURE_NO_WARNINGS. See online help for details.
G:\Strata\Strata-Safetensors\src\core\verify.cpp(866): warning C4996: 'getenv': This function or variable may be unsafe. Consider using _dupenv_s instead. To disable deprecation, use _CRT_SECURE_NO_WARNINGS. See online help for details.
G:\Strata\Strata-Safetensors\src\core\verify.cpp(901): warning C4996: 'getenv': This function or variable may be unsafe. Consider using _dupenv_s instead. To disable deprecation, use _CRT_SECURE_NO_WARNINGS. See online help for details.
G:\Strata\Strata-Safetensors\src\core\verify.cpp(1107): warning C4996: 'getenv': This function or variable may be unsafe. Consider using _dupenv_s instead. To disable deprecation, use _CRT_SECURE_NO_WARNINGS. See online help for details.
G:\Strata\Strata-Safetensors\src\core\verify.cpp(1190): warning C4456: “st”的声明隐藏了上一个本地声明
G:\Strata\Strata-Safetensors\src\core\verify.cpp(1073): note: 参见“st”的声明
G:\Strata\Strata-Safetensors\src\core\verify.cpp(1319): warning C4996: 'getenv': This function or variable may be unsafe. Consider using _dupenv_s instead. To disable deprecation, use _CRT_SECURE_NO_WARNINGS. See online help for details.
G:\Strata\Strata-Safetensors\src\core\verify.cpp(1447): warning C4996: 'getenv': This function or variable may be unsafe. Consider using _dupenv_s instead. To disable deprecation, use _CRT_SECURE_NO_WARNINGS. See online help for details.
G:\Strata\Strata-Safetensors\src\core\verify.cpp(1766): warning C4996: 'getenv': This function or variable may be unsafe. Consider using _dupenv_s instead. To disable deprecation, use _CRT_SECURE_NO_WARNINGS. See online help for details.
G:\Strata\Strata-Safetensors\src\core\verify.cpp(1883): warning C4996: 'getenv': This function or variable may be unsafe. Consider using _dupenv_s instead. To disable deprecation, use _CRT_SECURE_NO_WARNINGS. See online help for details.
G:\Strata\Strata-Safetensors\src\core\verify.cpp(2136): warning C4996: 'fopen': This function or variable may be unsafe. Consider using fopen_s instead. To disable deprecation, use _CRT_SECURE_NO_WARNINGS. See online help for details.
G:\Strata\Strata-Safetensors\src\core\verify.cpp(2199): warning C4996: 'getenv': This function or variable may be unsafe. Consider using _dupenv_s instead. To disable deprecation, use _CRT_SECURE_NO_WARNINGS. See online help for details.
G:\Strata\Strata-Safetensors\src\core\verify.cpp(2348): warning C4996: 'getenv': This function or variable may be unsafe. Consider using _dupenv_s instead. To disable deprecation, use _CRT_SECURE_NO_WARNINGS. See online help for details.
G:\Strata\Strata-Safetensors\src\core\verify.cpp(2366): warning C4996: 'getenv': This function or variable may be unsafe. Consider using _dupenv_s instead. To disable deprecation, use _CRT_SECURE_NO_WARNINGS. See online help for details.
[13/22] Building CXX object CMakeFiles\strata_engine.dir\src\core\mtp.cpp.obj
G:\Strata\Strata-Safetensors\include\strata/kernels/cpu/expert.hpp(74): warning C4324: “strata::kernels::cpu::ActQ”: 由于对齐说明符，结构被填充
G:\Strata\Strata-Safetensors\include\strata/kernels/cpu/pool.hpp(267): warning C4324: “strata::kernels::cpu::ExpertPool”: 由于对齐说明符，结构被填充
G:\Strata\Strata-Safetensors\include\strata/kernels/cpu/pool.hpp(268): warning C4324: “strata::kernels::cpu::ExpertPool”: 由于对齐说明符，结构被填充
G:\Strata\Strata-Safetensors\include\strata/kernels/cpu/pool.hpp(269): warning C4324: “strata::kernels::cpu::ExpertPool”: 由于对齐说明符，结构被填充
G:\Strata\Strata-Safetensors\include\strata/kernels/cpu/pool.hpp(270): warning C4324: “strata::kernels::cpu::ExpertPool”: 由于对齐说明符，结构被填充
G:\Strata\Strata-Safetensors\include\strata/kernels/cpu/pool.hpp(271): warning C4324: “strata::kernels::cpu::ExpertPool”: 由于对齐说明符，结构被填充
G:\Strata\Strata-Safetensors\include\strata/kernels/cpu/pool.hpp(274): warning C4324: “strata::kernels::cpu::ExpertPool”: 由于对齐说明符，结构被填充
G:\Strata\Strata-Safetensors\include\strata/core/coupled_draft.hpp(59): warning C4996: 'getenv': This function or variable may be unsafe. Consider using _dupenv_s instead. To disable deprecation, use _CRT_SECURE_NO_WARNINGS. See online help for details.
G:\Strata\Strata-Safetensors\include\strata/core/coupled_draft.hpp(69): warning C4996: 'getenv': This function or variable may be unsafe. Consider using _dupenv_s instead. To disable deprecation, use _CRT_SECURE_NO_WARNINGS. See online help for details.
G:\Strata\Strata-Safetensors\include\strata/core/spec_prob.hpp(47): warning C4996: 'getenv': This function or variable may be unsafe. Consider using _dupenv_s instead. To disable deprecation, use _CRT_SECURE_NO_WARNINGS. See online help for details.
G:\Strata\Strata-Safetensors\include\strata/core/spec_prob.hpp(57): warning C4996: 'getenv': This function or variable may be unsafe. Consider using _dupenv_s instead. To disable deprecation, use _CRT_SECURE_NO_WARNINGS. See online help for details.
G:\Strata\Strata-Safetensors\include\strata/core/spec_prob.hpp(69): warning C4996: 'getenv': This function or variable may be unsafe. Consider using _dupenv_s instead. To disable deprecation, use _CRT_SECURE_NO_WARNINGS. See online help for details.
G:\Strata\Strata-Safetensors\include\strata/platform/memory.hpp(58): warning C4996: 'sscanf': This function or variable may be unsafe. Consider using sscanf_s instead. To disable deprecation, use _CRT_SECURE_NO_WARNINGS. See online help for details.
G:\Strata\Strata-Safetensors\src\core\mtp.cpp(62): warning C4996: 'getenv': This function or variable may be unsafe. Consider using _dupenv_s instead. To disable deprecation, use _CRT_SECURE_NO_WARNINGS. See online help for details.
G:\Strata\Strata-Safetensors\src\core\mtp.cpp(111): warning C4996: 'fopen': This function or variable may be unsafe. Consider using fopen_s instead. To disable deprecation, use _CRT_SECURE_NO_WARNINGS. See online help for details.
G:\Strata\Strata-Safetensors\src\core\mtp.cpp(430): warning C4996: 'getenv': This function or variable may be unsafe. Consider using _dupenv_s instead. To disable deprecation, use _CRT_SECURE_NO_WARNINGS. See online help for details.
G:\Strata\Strata-Safetensors\src\core\mtp.cpp(309): warning C4996: 'fopen': This function or variable may be unsafe. Consider using fopen_s instead. To disable deprecation, use _CRT_SECURE_NO_WARNINGS. See online help for details.
G:\Strata\Strata-Safetensors\src\core\mtp.cpp(467): warning C4996: 'getenv': This function or variable may be unsafe. Consider using _dupenv_s instead. To disable deprecation, use _CRT_SECURE_NO_WARNINGS. See online help for details.
G:\Strata\Strata-Safetensors\src\core\mtp.cpp(473): warning C4996: 'getenv': This function or variable may be unsafe. Consider using _dupenv_s instead. To disable deprecation, use _CRT_SECURE_NO_WARNINGS. See online help for details.
G:\Strata\Strata-Safetensors\src\core\mtp.cpp(500): warning C4996: 'fopen': This function or variable may be unsafe. Consider using fopen_s instead. To disable deprecation, use _CRT_SECURE_NO_WARNINGS. See online help for details.
G:\Strata\Strata-Safetensors\src\core\mtp.cpp(756): warning C4996: 'getenv': This function or variable may be unsafe. Consider using _dupenv_s instead. To disable deprecation, use _CRT_SECURE_NO_WARNINGS. See online help for details.
G:\Strata\Strata-Safetensors\src\core\mtp.cpp(874): warning C4996: 'getenv': This function or variable may be unsafe. Consider using _dupenv_s instead. To disable deprecation, use _CRT_SECURE_NO_WARNINGS. See online help for details.
G:\Strata\Strata-Safetensors\src\core\mtp.cpp(881): warning C4996: 'getenv': This function or variable may be unsafe. Consider using _dupenv_s instead. To disable deprecation, use _CRT_SECURE_NO_WARNINGS. See online help for details.
G:\Strata\Strata-Safetensors\src\core\mtp.cpp(891): warning C4996: 'getenv': This function or variable may be unsafe. Consider using _dupenv_s instead. To disable deprecation, use _CRT_SECURE_NO_WARNINGS. See online help for details.
G:\Strata\Strata-Safetensors\src\core\mtp.cpp(917): warning C4127: 条件表达式是常量
G:\Strata\Strata-Safetensors\src\core\mtp.cpp(917): note: 考虑改用 "if constexpr" 语句
G:\Strata\Strata-Safetensors\src\core\mtp.cpp(942): warning C4996: 'getenv': This function or variable may be unsafe. Consider using _dupenv_s instead. To disable deprecation, use _CRT_SECURE_NO_WARNINGS. See online help for details.
G:\Strata\Strata-Safetensors\src\core\mtp.cpp(946): warning C4127: 条件表达式是常量
G:\Strata\Strata-Safetensors\src\core\mtp.cpp(946): note: 考虑改用 "if constexpr" 语句
G:\Strata\Strata-Safetensors\src\core\mtp.cpp(955): warning C4127: 条件表达式是常量
G:\Strata\Strata-Safetensors\src\core\mtp.cpp(955): note: 考虑改用 "if constexpr" 语句
G:\Strata\Strata-Safetensors\src\core\mtp.cpp(1183): warning C4996: 'getenv': This function or variable may be unsafe. Consider using _dupenv_s instead. To disable deprecation, use _CRT_SECURE_NO_WARNINGS. See online help for details.
[14/22] Building CXX object CMakeFiles\strata_engine.dir\src\core\safetensors_mtp.cpp.obj
G:\Strata\Strata-Safetensors\include\strata/kernels/cpu/expert.hpp(74): warning C4324: “strata::kernels::cpu::ActQ”: 由于对齐说明符，结构被填充
G:\Strata\Strata-Safetensors\include\strata/kernels/cpu/pool.hpp(267): warning C4324: “strata::kernels::cpu::ExpertPool”: 由于对齐说明符，结构被填充
G:\Strata\Strata-Safetensors\include\strata/kernels/cpu/pool.hpp(268): warning C4324: “strata::kernels::cpu::ExpertPool”: 由于对齐说明符，结构被填充
G:\Strata\Strata-Safetensors\include\strata/kernels/cpu/pool.hpp(269): warning C4324: “strata::kernels::cpu::ExpertPool”: 由于对齐说明符，结构被填充
G:\Strata\Strata-Safetensors\include\strata/kernels/cpu/pool.hpp(270): warning C4324: “strata::kernels::cpu::ExpertPool”: 由于对齐说明符，结构被填充
G:\Strata\Strata-Safetensors\include\strata/kernels/cpu/pool.hpp(271): warning C4324: “strata::kernels::cpu::ExpertPool”: 由于对齐说明符，结构被填充
G:\Strata\Strata-Safetensors\include\strata/kernels/cpu/pool.hpp(274): warning C4324: “strata::kernels::cpu::ExpertPool”: 由于对齐说明符，结构被填充
G:\Strata\Strata-Safetensors\src\core\safetensors_mtp.cpp(20): warning C4996: 'getenv': This function or variable may be unsafe. Consider using _dupenv_s instead. To disable deprecation, use _CRT_SECURE_NO_WARNINGS. See online help for details.
[15/22] Building CXX object CMakeFiles\strata_engine.dir\src\core\safetensors_model.cpp.obj
G:\Strata\Strata-Safetensors\include\strata/kernels/cpu/expert.hpp(74): warning C4324: “strata::kernels::cpu::ActQ”: 由于对齐说明符，结构被填充
G:\Strata\Strata-Safetensors\include\strata/kernels/cpu/pool.hpp(267): warning C4324: “strata::kernels::cpu::ExpertPool”: 由于对齐说明符，结构被填充
G:\Strata\Strata-Safetensors\include\strata/kernels/cpu/pool.hpp(268): warning C4324: “strata::kernels::cpu::ExpertPool”: 由于对齐说明符，结构被填充
G:\Strata\Strata-Safetensors\include\strata/kernels/cpu/pool.hpp(269): warning C4324: “strata::kernels::cpu::ExpertPool”: 由于对齐说明符，结构被填充
G:\Strata\Strata-Safetensors\include\strata/kernels/cpu/pool.hpp(270): warning C4324: “strata::kernels::cpu::ExpertPool”: 由于对齐说明符，结构被填充
G:\Strata\Strata-Safetensors\include\strata/kernels/cpu/pool.hpp(271): warning C4324: “strata::kernels::cpu::ExpertPool”: 由于对齐说明符，结构被填充
G:\Strata\Strata-Safetensors\include\strata/kernels/cpu/pool.hpp(274): warning C4324: “strata::kernels::cpu::ExpertPool”: 由于对齐说明符，结构被填充
G:\Strata\Strata-Safetensors\include\strata/platform/memory.hpp(58): warning C4996: 'sscanf': This function or variable may be unsafe. Consider using sscanf_s instead. To disable deprecation, use _CRT_SECURE_NO_WARNINGS. See online help for details.
G:\Strata\Strata-Safetensors\src\core\safetensors_model.cpp(134): warning C4996: 'getenv': This function or variable may be unsafe. Consider using _dupenv_s instead. To disable deprecation, use _CRT_SECURE_NO_WARNINGS. See online help for details.
G:\Strata\Strata-Safetensors\src\core\safetensors_model.cpp(154): warning C4996: 'getenv': This function or variable may be unsafe. Consider using _dupenv_s instead. To disable deprecation, use _CRT_SECURE_NO_WARNINGS. See online help for details.
G:\Strata\Strata-Safetensors\src\core\safetensors_model.cpp(160): warning C4996: 'getenv': This function or variable may be unsafe. Consider using _dupenv_s instead. To disable deprecation, use _CRT_SECURE_NO_WARNINGS. See online help for details.
G:\Strata\Strata-Safetensors\src\core\safetensors_model.cpp(246): warning C4996: 'getenv': This function or variable may be unsafe. Consider using _dupenv_s instead. To disable deprecation, use _CRT_SECURE_NO_WARNINGS. See online help for details.
[16/22] Building CXX object CMakeFiles\strata.dir\src\program\generate.cpp.obj
G:\Strata\Strata-Safetensors\include\strata/platform/memory.hpp(58): warning C4996: 'sscanf': This function or variable may be unsafe. Consider using sscanf_s instead. To disable deprecation, use _CRT_SECURE_NO_WARNINGS. See online help for details.
G:\Strata\Strata-Safetensors\include\strata/core/dma_batch.hpp(32): warning C4996: 'getenv': This function or variable may be unsafe. Consider using _dupenv_s instead. To disable deprecation, use _CRT_SECURE_NO_WARNINGS. See online help for details.
G:\Strata\Strata-Safetensors\include\strata/kernels/cpu/expert.hpp(74): warning C4324: “strata::kernels::cpu::ActQ”: 由于对齐说明符，结构被填充
G:\Strata\Strata-Safetensors\include\strata/kernels/cpu/pool.hpp(267): warning C4324: “strata::kernels::cpu::ExpertPool”: 由于对齐说明符，结构被填充
G:\Strata\Strata-Safetensors\include\strata/kernels/cpu/pool.hpp(268): warning C4324: “strata::kernels::cpu::ExpertPool”: 由于对齐说明符，结构被填充
G:\Strata\Strata-Safetensors\include\strata/kernels/cpu/pool.hpp(269): warning C4324: “strata::kernels::cpu::ExpertPool”: 由于对齐说明符，结构被填充
G:\Strata\Strata-Safetensors\include\strata/kernels/cpu/pool.hpp(270): warning C4324: “strata::kernels::cpu::ExpertPool”: 由于对齐说明符，结构被填充
G:\Strata\Strata-Safetensors\include\strata/kernels/cpu/pool.hpp(271): warning C4324: “strata::kernels::cpu::ExpertPool”: 由于对齐说明符，结构被填充
G:\Strata\Strata-Safetensors\include\strata/kernels/cpu/pool.hpp(274): warning C4324: “strata::kernels::cpu::ExpertPool”: 由于对齐说明符，结构被填充
G:\Strata\Strata-Safetensors\include\strata/core/coupled_draft.hpp(59): warning C4996: 'getenv': This function or variable may be unsafe. Consider using _dupenv_s instead. To disable deprecation, use _CRT_SECURE_NO_WARNINGS. See online help for details.
G:\Strata\Strata-Safetensors\include\strata/core/coupled_draft.hpp(69): warning C4996: 'getenv': This function or variable may be unsafe. Consider using _dupenv_s instead. To disable deprecation, use _CRT_SECURE_NO_WARNINGS. See online help for details.
G:\Strata\Strata-Safetensors\include\strata/core/emulate.hpp(17): warning C4996: 'getenv': This function or variable may be unsafe. Consider using _dupenv_s instead. To disable deprecation, use _CRT_SECURE_NO_WARNINGS. See online help for details.
G:\Strata\Strata-Safetensors\src\program\generate.cpp(224): warning C4996: 'getenv': This function or variable may be unsafe. Consider using _dupenv_s instead. To disable deprecation, use _CRT_SECURE_NO_WARNINGS. See online help for details.
G:\Strata\Strata-Safetensors\src\program\generate.cpp(226): warning C4996: 'fopen': This function or variable may be unsafe. Consider using fopen_s instead. To disable deprecation, use _CRT_SECURE_NO_WARNINGS. See online help for details.
G:\Strata\Strata-Safetensors\src\program\generate.cpp(238): warning C4996: 'getenv': This function or variable may be unsafe. Consider using _dupenv_s instead. To disable deprecation, use _CRT_SECURE_NO_WARNINGS. See online help for details.
G:\Strata\Strata-Safetensors\src\program\generate.cpp(247): warning C4996: 'getenv': This function or variable may be unsafe. Consider using _dupenv_s instead. To disable deprecation, use _CRT_SECURE_NO_WARNINGS. See online help for details.
G:\Strata\Strata-Safetensors\src\program\generate.cpp(248): warning C4996: 'getenv': This function or variable may be unsafe. Consider using _dupenv_s instead. To disable deprecation, use _CRT_SECURE_NO_WARNINGS. See online help for details.
G:\Strata\Strata-Safetensors\src\program\generate.cpp(1214): warning C4996: 'getenv': This function or variable may be unsafe. Consider using _dupenv_s instead. To disable deprecation, use _CRT_SECURE_NO_WARNINGS. See online help for details.
G:\Strata\Strata-Safetensors\src\program\generate.cpp(1271): warning C4996: 'getenv': This function or variable may be unsafe. Consider using _dupenv_s instead. To disable deprecation, use _CRT_SECURE_NO_WARNINGS. See online help for details.
G:\Strata\Strata-Safetensors\src\program\generate.cpp(1284): warning C4996: 'getenv': This function or variable may be unsafe. Consider using _dupenv_s instead. To disable deprecation, use _CRT_SECURE_NO_WARNINGS. See online help for details.
G:\Strata\Strata-Safetensors\src\program\generate.cpp(1285): warning C4996: 'getenv': This function or variable may be unsafe. Consider using _dupenv_s instead. To disable deprecation, use _CRT_SECURE_NO_WARNINGS. See online help for details.
G:\Strata\Strata-Safetensors\src\program\generate.cpp(1297): warning C4996: 'getenv': This function or variable may be unsafe. Consider using _dupenv_s instead. To disable deprecation, use _CRT_SECURE_NO_WARNINGS. See online help for details.
G:\Strata\Strata-Safetensors\src\program\generate.cpp(1307): warning C4996: 'getenv': This function or variable may be unsafe. Consider using _dupenv_s instead. To disable deprecation, use _CRT_SECURE_NO_WARNINGS. See online help for details.
G:\Strata\Strata-Safetensors\src\program\generate.cpp(1313): warning C4996: 'getenv': This function or variable may be unsafe. Consider using _dupenv_s instead. To disable deprecation, use _CRT_SECURE_NO_WARNINGS. See online help for details.
G:\Strata\Strata-Safetensors\src\program\generate.cpp(1424): warning C4996: 'getenv': This function or variable may be unsafe. Consider using _dupenv_s instead. To disable deprecation, use _CRT_SECURE_NO_WARNINGS. See online help for details.
G:\Strata\Strata-Safetensors\src\program\generate.cpp(2098): warning C4996: 'getenv': This function or variable may be unsafe. Consider using _dupenv_s instead. To disable deprecation, use _CRT_SECURE_NO_WARNINGS. See online help for details.
G:\Strata\Strata-Safetensors\src\program\generate.cpp(2721): warning C4996: 'getenv': This function or variable may be unsafe. Consider using _dupenv_s instead. To disable deprecation, use _CRT_SECURE_NO_WARNINGS. See online help for details.
G:\Strata\Strata-Safetensors\src\program\generate.cpp(2883): warning C4996: 'getenv': This function or variable may be unsafe. Consider using _dupenv_s instead. To disable deprecation, use _CRT_SECURE_NO_WARNINGS. See online help for details.
G:\Strata\Strata-Safetensors\src\program\generate.cpp(2903): warning C4996: 'fopen': This function or variable may be unsafe. Consider using fopen_s instead. To disable deprecation, use _CRT_SECURE_NO_WARNINGS. See online help for details.
G:\Strata\Strata-Safetensors\src\program\generate.cpp(2907): warning C4996: 'sscanf': This function or variable may be unsafe. Consider using sscanf_s instead. To disable deprecation, use _CRT_SECURE_NO_WARNINGS. See online help for details.
G:\Strata\Strata-Safetensors\src\program\generate.cpp(3662): warning C4996: 'getenv': This function or variable may be unsafe. Consider using _dupenv_s instead. To disable deprecation, use _CRT_SECURE_NO_WARNINGS. See online help for details.
G:\Strata\Strata-Safetensors\src\program\generate.cpp(3763): warning C4996: 'getenv': This function or variable may be unsafe. Consider using _dupenv_s instead. To disable deprecation, use _CRT_SECURE_NO_WARNINGS. See online help for details.
G:\Strata\Strata-Safetensors\src\program\generate.cpp(3906): warning C4996: 'getenv': This function or variable may be unsafe. Consider using _dupenv_s instead. To disable deprecation, use _CRT_SECURE_NO_WARNINGS. See online help for details.
G:\Strata\Strata-Safetensors\src\program\generate.cpp(4624): warning C4996: 'getenv': This function or variable may be unsafe. Consider using _dupenv_s instead. To disable deprecation, use _CRT_SECURE_NO_WARNINGS. See online help for details.
G:\Strata\Strata-Safetensors\src\program\generate.cpp(5156): warning C4996: 'getenv': This function or variable may be unsafe. Consider using _dupenv_s instead. To disable deprecation, use _CRT_SECURE_NO_WARNINGS. See online help for details.
G:\Strata\Strata-Safetensors\src\program\generate.cpp(5162): warning C4996: 'getenv': This function or variable may be unsafe. Consider using _dupenv_s instead. To disable deprecation, use _CRT_SECURE_NO_WARNINGS. See online help for details.
G:\Strata\Strata-Safetensors\src\program\generate.cpp(5314): warning C4996: 'getenv': This function or variable may be unsafe. Consider using _dupenv_s instead. To disable deprecation, use _CRT_SECURE_NO_WARNINGS. See online help for details.
G:\Strata\Strata-Safetensors\src\program\generate.cpp(5336): warning C4996: 'getenv': This function or variable may be unsafe. Consider using _dupenv_s instead. To disable deprecation, use _CRT_SECURE_NO_WARNINGS. See online help for details.
G:\Strata\Strata-Safetensors\src\program\generate.cpp(5337): warning C4996: 'getenv': This function or variable may be unsafe. Consider using _dupenv_s instead. To disable deprecation, use _CRT_SECURE_NO_WARNINGS. See online help for details.
G:\Strata\Strata-Safetensors\src\program\generate.cpp(5339): warning C4996: 'getenv': This function or variable may be unsafe. Consider using _dupenv_s instead. To disable deprecation, use _CRT_SECURE_NO_WARNINGS. See online help for details.
G:\Strata\Strata-Safetensors\src\program\generate.cpp(5621): warning C4244: “=”: 从“const int64_t”转换到“int32_t”，可能丢失数据
G:\Strata\Strata-Safetensors\src\program\generate.cpp(6105): warning C4996: 'getenv': This function or variable may be unsafe. Consider using _dupenv_s instead. To disable deprecation, use _CRT_SECURE_NO_WARNINGS. See online help for details.
G:\Strata\Strata-Safetensors\src\program\generate.cpp(6126): warning C4996: 'getenv': This function or variable may be unsafe. Consider using _dupenv_s instead. To disable deprecation, use _CRT_SECURE_NO_WARNINGS. See online help for details.
G:\Strata\Strata-Safetensors\src\program\generate.cpp(6262): warning C4996: 'getenv': This function or variable may be unsafe. Consider using _dupenv_s instead. To disable deprecation, use _CRT_SECURE_NO_WARNINGS. See online help for details.
G:\Strata\Strata-Safetensors\src\program\generate.cpp(6264): warning C4996: 'getenv': This function or variable may be unsafe. Consider using _dupenv_s instead. To disable deprecation, use _CRT_SECURE_NO_WARNINGS. See online help for details.
G:\Strata\Strata-Safetensors\src\program\generate.cpp(6310): warning C4456: “r”的声明隐藏了上一个本地声明
G:\Strata\Strata-Safetensors\src\program\generate.cpp(6282): note: 参见“r”的声明
G:\Strata\Strata-Safetensors\src\program\generate.cpp(6333): warning C4996: 'getenv': This function or variable may be unsafe. Consider using _dupenv_s instead. To disable deprecation, use _CRT_SECURE_NO_WARNINGS. See online help for details.
G:\Strata\Strata-Safetensors\src\program\generate.cpp(6474): warning C4996: 'getenv': This function or variable may be unsafe. Consider using _dupenv_s instead. To disable deprecation, use _CRT_SECURE_NO_WARNINGS. See online help for details.
G:\Strata\Strata-Safetensors\src\program\generate.cpp(6617): warning C4456: “sp”的声明隐藏了上一个本地声明
G:\Strata\Strata-Safetensors\src\program\generate.cpp(5580): note: 参见“sp”的声明
G:\Strata\Strata-Safetensors\src\program\generate.cpp(6837): warning C4996: 'getenv': This function or variable may be unsafe. Consider using _dupenv_s instead. To disable deprecation, use _CRT_SECURE_NO_WARNINGS. See online help for details.
G:\Strata\Strata-Safetensors\src\program\generate.cpp(7432): warning C4996: 'getenv': This function or variable may be unsafe. Consider using _dupenv_s instead. To disable deprecation, use _CRT_SECURE_NO_WARNINGS. See online help for details.
G:\Strata\Strata-Safetensors\src\program\generate.cpp(7459): warning C4996: 'getenv': This function or variable may be unsafe. Consider using _dupenv_s instead. To disable deprecation, use _CRT_SECURE_NO_WARNINGS. See online help for details.
G:\Strata\Strata-Safetensors\src\program\generate.cpp(7726): warning C4996: 'getenv': This function or variable may be unsafe. Consider using _dupenv_s instead. To disable deprecation, use _CRT_SECURE_NO_WARNINGS. See online help for details.
G:\Strata\Strata-Safetensors\src\program\generate.cpp(7765): warning C4996: 'getenv': This function or variable may be unsafe. Consider using _dupenv_s instead. To disable deprecation, use _CRT_SECURE_NO_WARNINGS. See online help for details.
G:\Strata\Strata-Safetensors\src\program\generate.cpp(8008): warning C4996: 'getenv': This function or variable may be unsafe. Consider using _dupenv_s instead. To disable deprecation, use _CRT_SECURE_NO_WARNINGS. See online help for details.
G:\Strata\Strata-Safetensors\src\program\generate.cpp(8017): warning C4996: 'getenv': This function or variable may be unsafe. Consider using _dupenv_s instead. To disable deprecation, use _CRT_SECURE_NO_WARNINGS. See online help for details.
G:\Strata\Strata-Safetensors\src\program\generate.cpp(9346): warning C4189: “w”: 局部变量已初始化但不引用
G:\Strata\Strata-Safetensors\src\program\generate.cpp(9545): warning C4456: “wo”的声明隐藏了上一个本地声明
G:\Strata\Strata-Safetensors\src\program\generate.cpp(4409): note: 参见“wo”的声明
G:\Strata\Strata-Safetensors\src\program\generate.cpp(9680): warning C4456: “tok”的声明隐藏了上一个本地声明
G:\Strata\Strata-Safetensors\src\program\generate.cpp(5660): note: 参见“tok”的声明
G:\Strata\Strata-Safetensors\src\program\generate.cpp(9736): warning C4456: “hdr”的声明隐藏了上一个本地声明
G:\Strata\Strata-Safetensors\src\program\generate.cpp(5600): note: 参见“hdr”的声明
G:\Strata\Strata-Safetensors\src\program\generate.cpp(10050): warning C4996: 'getenv': This function or variable may be unsafe. Consider using _dupenv_s instead. To disable deprecation, use _CRT_SECURE_NO_WARNINGS. See online help for details.
G:\Strata\Strata-Safetensors\src\program\generate.cpp(10282): warning C4996: 'getenv': This function or variable may be unsafe. Consider using _dupenv_s instead. To disable deprecation, use _CRT_SECURE_NO_WARNINGS. See online help for details.
G:\Strata\Strata-Safetensors\src\program\generate.cpp(10283): warning C4996: 'fopen': This function or variable may be unsafe. Consider using fopen_s instead. To disable deprecation, use _CRT_SECURE_NO_WARNINGS. See online help for details.
G:\Strata\Strata-Safetensors\src\program\generate.cpp(10286): warning C4996: 'getenv': This function or variable may be unsafe. Consider using _dupenv_s instead. To disable deprecation, use _CRT_SECURE_NO_WARNINGS. See online help for details.
G:\Strata\Strata-Safetensors\src\program\generate.cpp(10254): warning C4996: 'getenv': This function or variable may be unsafe. Consider using _dupenv_s instead. To disable deprecation, use _CRT_SECURE_NO_WARNINGS. See online help for details.
G:\Strata\Strata-Safetensors\src\program\generate.cpp(10426): warning C4996: 'getenv': This function or variable may be unsafe. Consider using _dupenv_s instead. To disable deprecation, use _CRT_SECURE_NO_WARNINGS. See online help for details.
G:\Strata\Strata-Safetensors\src\program\generate.cpp(10579): warning C4996: 'getenv': This function or variable may be unsafe. Consider using _dupenv_s instead. To disable deprecation, use _CRT_SECURE_NO_WARNINGS. See online help for details.
G:\Strata\Strata-Safetensors\src\program\generate.cpp(10681): warning C4456: “sbuf”的声明隐藏了上一个本地声明
G:\Strata\Strata-Safetensors\src\program\generate.cpp(3171): note: 参见“sbuf”的声明
G:\Strata\Strata-Safetensors\src\program\generate.cpp(11458): warning C4996: 'getenv': This function or variable may be unsafe. Consider using _dupenv_s instead. To disable deprecation, use _CRT_SECURE_NO_WARNINGS. See online help for details.
G:\Strata\Strata-Safetensors\src\program\generate.cpp(11652): warning C4456: “pool”的声明隐藏了上一个本地声明
G:\Strata\Strata-Safetensors\src\program\generate.cpp(4580): note: 参见“pool”的声明
G:\Strata\Strata-Safetensors\src\program\generate.cpp(11661): warning C4456: “pool”的声明隐藏了上一个本地声明
G:\Strata\Strata-Safetensors\src\program\generate.cpp(4580): note: 参见“pool”的声明
G:\Strata\Strata-Safetensors\src\program\generate.cpp(12410): warning C4996: 'getenv': This function or variable may be unsafe. Consider using _dupenv_s instead. To disable deprecation, use _CRT_SECURE_NO_WARNINGS. See online help for details.
G:\Strata\Strata-Safetensors\src\program\generate.cpp(12445): warning C4996: 'getenv': This function or variable may be unsafe. Consider using _dupenv_s instead. To disable deprecation, use _CRT_SECURE_NO_WARNINGS. See online help for details.
G:\Strata\Strata-Safetensors\src\program\generate.cpp(12568): warning C4456: “sbuf”的声明隐藏了上一个本地声明
G:\Strata\Strata-Safetensors\src\program\generate.cpp(3171): note: 参见“sbuf”的声明
G:\Strata\Strata-Safetensors\src\program\generate.cpp(12969): warning C4456: “hdr”的声明隐藏了上一个本地声明
G:\Strata\Strata-Safetensors\src\program\generate.cpp(5600): note: 参见“hdr”的声明
G:\Strata\Strata-Safetensors\src\program\generate.cpp(1688): warning C4996: 'getenv': This function or variable may be unsafe. Consider using _dupenv_s instead. To disable deprecation, use _CRT_SECURE_NO_WARNINGS. See online help for details.
G:\Strata\Strata-Safetensors\src\program\generate.cpp(1710): warning C4996: 'getenv': This function or variable may be unsafe. Consider using _dupenv_s instead. To disable deprecation, use _CRT_SECURE_NO_WARNINGS. See online help for details.
G:\Strata\Strata-Safetensors\src\program\generate.cpp(1877): warning C4996: 'getenv': This function or variable may be unsafe. Consider using _dupenv_s instead. To disable deprecation, use _CRT_SECURE_NO_WARNINGS. See online help for details.
G:\Strata\Strata-Safetensors\src\program\generate.cpp(2030): warning C4996: 'getenv': This function or variable may be unsafe. Consider using _dupenv_s instead. To disable deprecation, use _CRT_SECURE_NO_WARNINGS. See online help for details.
G:\Strata\Strata-Safetensors\src\program\generate.cpp(2032): warning C4996: 'getenv': This function or variable may be unsafe. Consider using _dupenv_s instead. To disable deprecation, use _CRT_SECURE_NO_WARNINGS. See online help for details.
G:\Strata\Strata-Safetensors\src\program\generate.cpp(2049): warning C4996: 'getenv': This function or variable may be unsafe. Consider using _dupenv_s instead. To disable deprecation, use _CRT_SECURE_NO_WARNINGS. See online help for details.
G:\Strata\Strata-Safetensors\src\program\generate.cpp(2051): warning C4996: 'getenv': This function or variable may be unsafe. Consider using _dupenv_s instead. To disable deprecation, use _CRT_SECURE_NO_WARNINGS. See online help for details.
G:\Strata\Strata-Safetensors\src\program\generate.cpp(2084): warning C4996: 'getenv': This function or variable may be unsafe. Consider using _dupenv_s instead. To disable deprecation, use _CRT_SECURE_NO_WARNINGS. See online help for details.
G:\Strata\Strata-Safetensors\src\program\generate.cpp(2114): warning C4996: 'getenv': This function or variable may be unsafe. Consider using _dupenv_s instead. To disable deprecation, use _CRT_SECURE_NO_WARNINGS. See online help for details.
G:\Strata\Strata-Safetensors\src\program\generate.cpp(2228): warning C4996: 'getenv': This function or variable may be unsafe. Consider using _dupenv_s instead. To disable deprecation, use _CRT_SECURE_NO_WARNINGS. See online help for details.
G:\Strata\Strata-Safetensors\src\program\generate.cpp(2313): warning C4996: 'getenv': This function or variable may be unsafe. Consider using _dupenv_s instead. To disable deprecation, use _CRT_SECURE_NO_WARNINGS. See online help for details.
G:\Strata\Strata-Safetensors\src\program\generate.cpp(2414): warning C4996: 'getenv': This function or variable may be unsafe. Consider using _dupenv_s instead. To disable deprecation, use _CRT_SECURE_NO_WARNINGS. See online help for details.
G:\Strata\Strata-Safetensors\src\program\generate.cpp(2679): warning C4996: 'getenv': This function or variable may be unsafe. Consider using _dupenv_s instead. To disable deprecation, use _CRT_SECURE_NO_WARNINGS. See online help for details.
G:\Strata\Strata-Safetensors\src\program\generate.cpp(2730): warning C4996: 'getenv': This function or variable may be unsafe. Consider using _dupenv_s instead. To disable deprecation, use _CRT_SECURE_NO_WARNINGS. See online help for details.
G:\Strata\Strata-Safetensors\src\program\generate.cpp(3076): warning C4996: 'getenv': This function or variable may be unsafe. Consider using _dupenv_s instead. To disable deprecation, use _CRT_SECURE_NO_WARNINGS. See online help for details.
G:\Strata\Strata-Safetensors\src\program\generate.cpp(3100): warning C4996: 'getenv': This function or variable may be unsafe. Consider using _dupenv_s instead. To disable deprecation, use _CRT_SECURE_NO_WARNINGS. See online help for details.
G:\Strata\Strata-Safetensors\src\program\generate.cpp(3197): warning C4996: 'fopen': This function or variable may be unsafe. Consider using fopen_s instead. To disable deprecation, use _CRT_SECURE_NO_WARNINGS. See online help for details.
G:\Strata\Strata-Safetensors\src\program\generate.cpp(3240): warning C4996: 'getenv': This function or variable may be unsafe. Consider using _dupenv_s instead. To disable deprecation, use _CRT_SECURE_NO_WARNINGS. See online help for details.
G:\Strata\Strata-Safetensors\src\program\generate.cpp(3241): warning C4996: 'getenv': This function or variable may be unsafe. Consider using _dupenv_s instead. To disable deprecation, use _CRT_SECURE_NO_WARNINGS. See online help for details.
G:\Strata\Strata-Safetensors\src\program\generate.cpp(3537): warning C4996: 'getenv': This function or variable may be unsafe. Consider using _dupenv_s instead. To disable deprecation, use _CRT_SECURE_NO_WARNINGS. See online help for details.
G:\Strata\Strata-Safetensors\src\program\generate.cpp(3539): warning C4996: 'getenv': This function or variable may be unsafe. Consider using _dupenv_s instead. To disable deprecation, use _CRT_SECURE_NO_WARNINGS. See online help for details.
G:\Strata\Strata-Safetensors\src\program\generate.cpp(3715): warning C4996: 'getenv': This function or variable may be unsafe. Consider using _dupenv_s instead. To disable deprecation, use _CRT_SECURE_NO_WARNINGS. See online help for details.
G:\Strata\Strata-Safetensors\src\program\generate.cpp(3741): warning C4996: 'getenv': This function or variable may be unsafe. Consider using _dupenv_s instead. To disable deprecation, use _CRT_SECURE_NO_WARNINGS. See online help for details.
G:\Strata\Strata-Safetensors\src\program\generate.cpp(3747): warning C4996: 'getenv': This function or variable may be unsafe. Consider using _dupenv_s instead. To disable deprecation, use _CRT_SECURE_NO_WARNINGS. See online help for details.
G:\Strata\Strata-Safetensors\src\program\generate.cpp(4180): warning C4996: 'getenv': This function or variable may be unsafe. Consider using _dupenv_s instead. To disable deprecation, use _CRT_SECURE_NO_WARNINGS. See online help for details.
G:\Strata\Strata-Safetensors\src\program\generate.cpp(4188): warning C4996: 'getenv': This function or variable may be unsafe. Consider using _dupenv_s instead. To disable deprecation, use _CRT_SECURE_NO_WARNINGS. See online help for details.
G:\Strata\Strata-Safetensors\src\program\generate.cpp(4201): warning C4996: 'getenv': This function or variable may be unsafe. Consider using _dupenv_s instead. To disable deprecation, use _CRT_SECURE_NO_WARNINGS. See online help for details.
G:\Strata\Strata-Safetensors\src\program\generate.cpp(4267): warning C4996: 'getenv': This function or variable may be unsafe. Consider using _dupenv_s instead. To disable deprecation, use _CRT_SECURE_NO_WARNINGS. See online help for details.
G:\Strata\Strata-Safetensors\src\program\generate.cpp(4477): warning C4996: 'getenv': This function or variable may be unsafe. Consider using _dupenv_s instead. To disable deprecation, use _CRT_SECURE_NO_WARNINGS. See online help for details.
G:\Strata\Strata-Safetensors\src\program\generate.cpp(4496): warning C4996: 'getenv': This function or variable may be unsafe. Consider using _dupenv_s instead. To disable deprecation, use _CRT_SECURE_NO_WARNINGS. See online help for details.
G:\Strata\Strata-Safetensors\src\program\generate.cpp(4514): warning C4996: 'getenv': This function or variable may be unsafe. Consider using _dupenv_s instead. To disable deprecation, use _CRT_SECURE_NO_WARNINGS. See online help for details.
G:\Strata\Strata-Safetensors\src\program\generate.cpp(4515): warning C4996: 'getenv': This function or variable may be unsafe. Consider using _dupenv_s instead. To disable deprecation, use _CRT_SECURE_NO_WARNINGS. See online help for details.
G:\Strata\Strata-Safetensors\src\program\generate.cpp(4525): warning C4996: 'getenv': This function or variable may be unsafe. Consider using _dupenv_s instead. To disable deprecation, use _CRT_SECURE_NO_WARNINGS. See online help for details.
G:\Strata\Strata-Safetensors\src\program\generate.cpp(4541): warning C4996: 'getenv': This function or variable may be unsafe. Consider using _dupenv_s instead. To disable deprecation, use _CRT_SECURE_NO_WARNINGS. See online help for details.
G:\Strata\Strata-Safetensors\src\program\generate.cpp(4881): warning C4996: 'getenv': This function or variable may be unsafe. Consider using _dupenv_s instead. To disable deprecation, use _CRT_SECURE_NO_WARNINGS. See online help for details.
G:\Strata\Strata-Safetensors\src\program\generate.cpp(5000): warning C4996: 'getenv': This function or variable may be unsafe. Consider using _dupenv_s instead. To disable deprecation, use _CRT_SECURE_NO_WARNINGS. See online help for details.
G:\Strata\Strata-Safetensors\src\program\generate.cpp(5045): warning C4996: 'getenv': This function or variable may be unsafe. Consider using _dupenv_s instead. To disable deprecation, use _CRT_SECURE_NO_WARNINGS. See online help for details.
G:\Strata\Strata-Safetensors\src\program\generate.cpp(5350): warning C4996: 'getenv': This function or variable may be unsafe. Consider using _dupenv_s instead. To disable deprecation, use _CRT_SECURE_NO_WARNINGS. See online help for details.
G:\Strata\Strata-Safetensors\src\program\generate.cpp(5353): warning C4996: 'getenv': This function or variable may be unsafe. Consider using _dupenv_s instead. To disable deprecation, use _CRT_SECURE_NO_WARNINGS. See online help for details.
G:\Strata\Strata-Safetensors\src\program\generate.cpp(5458): warning C4996: 'fopen': This function or variable may be unsafe. Consider using fopen_s instead. To disable deprecation, use _CRT_SECURE_NO_WARNINGS. See online help for details.
G:\Strata\Strata-Safetensors\src\program\generate.cpp(5608): warning C4996: 'fopen': This function or variable may be unsafe. Consider using fopen_s instead. To disable deprecation, use _CRT_SECURE_NO_WARNINGS. See online help for details.
G:\Strata\Strata-Safetensors\src\program\generate.cpp(5632): warning C4996: 'fopen': This function or variable may be unsafe. Consider using fopen_s instead. To disable deprecation, use _CRT_SECURE_NO_WARNINGS. See online help for details.
G:\Strata\Strata-Safetensors\src\program\generate.cpp(5966): warning C4996: 'getenv': This function or variable may be unsafe. Consider using _dupenv_s instead. To disable deprecation, use _CRT_SECURE_NO_WARNINGS. See online help for details.
G:\Strata\Strata-Safetensors\src\program\generate.cpp(6598): warning C4996: 'getenv': This function or variable may be unsafe. Consider using _dupenv_s instead. To disable deprecation, use _CRT_SECURE_NO_WARNINGS. See online help for details.
G:\Strata\Strata-Safetensors\src\program\generate.cpp(6675): warning C4996: 'getenv': This function or variable may be unsafe. Consider using _dupenv_s instead. To disable deprecation, use _CRT_SECURE_NO_WARNINGS. See online help for details.
G:\Strata\Strata-Safetensors\src\program\generate.cpp(7028): warning C4996: 'getenv': This function or variable may be unsafe. Consider using _dupenv_s instead. To disable deprecation, use _CRT_SECURE_NO_WARNINGS. See online help for details.
G:\Strata\Strata-Safetensors\src\program\generate.cpp(7030): warning C4996: 'getenv': This function or variable may be unsafe. Consider using _dupenv_s instead. To disable deprecation, use _CRT_SECURE_NO_WARNINGS. See online help for details.
G:\Strata\Strata-Safetensors\src\program\generate.cpp(7835): warning C4996: 'getenv': This function or variable may be unsafe. Consider using _dupenv_s instead. To disable deprecation, use _CRT_SECURE_NO_WARNINGS. See online help for details.
G:\Strata\Strata-Safetensors\src\program\generate.cpp(7836): warning C4996: 'getenv': This function or variable may be unsafe. Consider using _dupenv_s instead. To disable deprecation, use _CRT_SECURE_NO_WARNINGS. See online help for details.
G:\Strata\Strata-Safetensors\src\program\generate.cpp(7924): warning C4996: 'getenv': This function or variable may be unsafe. Consider using _dupenv_s instead. To disable deprecation, use _CRT_SECURE_NO_WARNINGS. See online help for details.
G:\Strata\Strata-Safetensors\src\program\generate.cpp(8695): warning C4996: 'getenv': This function or variable may be unsafe. Consider using _dupenv_s instead. To disable deprecation, use _CRT_SECURE_NO_WARNINGS. See online help for details.
G:\Strata\Strata-Safetensors\src\program\generate.cpp(8790): warning C4996: 'getenv': This function or variable may be unsafe. Consider using _dupenv_s instead. To disable deprecation, use _CRT_SECURE_NO_WARNINGS. See online help for details.
G:\Strata\Strata-Safetensors\src\program\generate.cpp(8794): warning C4996: 'getenv': This function or variable may be unsafe. Consider using _dupenv_s instead. To disable deprecation, use _CRT_SECURE_NO_WARNINGS. See online help for details.
G:\Strata\Strata-Safetensors\src\program\generate.cpp(9733): warning C4996: 'fopen': This function or variable may be unsafe. Consider using fopen_s instead. To disable deprecation, use _CRT_SECURE_NO_WARNINGS. See online help for details.
G:\Strata\Strata-Safetensors\src\program\generate.cpp(9995): warning C4996: 'getenv': This function or variable may be unsafe. Consider using _dupenv_s instead. To disable deprecation, use _CRT_SECURE_NO_WARNINGS. See online help for details.
G:\Strata\Strata-Safetensors\src\program\generate.cpp(10022): warning C4996: 'getenv': This function or variable may be unsafe. Consider using _dupenv_s instead. To disable deprecation, use _CRT_SECURE_NO_WARNINGS. See online help for details.
G:\Strata\Strata-Safetensors\src\program\generate.cpp(10071): warning C4996: 'getenv': This function or variable may be unsafe. Consider using _dupenv_s instead. To disable deprecation, use _CRT_SECURE_NO_WARNINGS. See online help for details.
G:\Strata\Strata-Safetensors\src\program\generate.cpp(10128): warning C4996: 'getenv': This function or variable may be unsafe. Consider using _dupenv_s instead. To disable deprecation, use _CRT_SECURE_NO_WARNINGS. See online help for details.
G:\Strata\Strata-Safetensors\src\program\generate.cpp(10150): warning C4996: 'fopen': This function or variable may be unsafe. Consider using fopen_s instead. To disable deprecation, use _CRT_SECURE_NO_WARNINGS. See online help for details.
G:\Strata\Strata-Safetensors\src\program\generate.cpp(10343): warning C4996: 'getenv': This function or variable may be unsafe. Consider using _dupenv_s instead. To disable deprecation, use _CRT_SECURE_NO_WARNINGS. See online help for details.
G:\Strata\Strata-Safetensors\src\program\generate.cpp(10698): warning C4996: 'getenv': This function or variable may be unsafe. Consider using _dupenv_s instead. To disable deprecation, use _CRT_SECURE_NO_WARNINGS. See online help for details.
G:\Strata\Strata-Safetensors\src\program\generate.cpp(10707): warning C4996: 'getenv': This function or variable may be unsafe. Consider using _dupenv_s instead. To disable deprecation, use _CRT_SECURE_NO_WARNINGS. See online help for details.
G:\Strata\Strata-Safetensors\src\program\generate.cpp(11306): warning C4996: 'fopen': This function or variable may be unsafe. Consider using fopen_s instead. To disable deprecation, use _CRT_SECURE_NO_WARNINGS. See online help for details.
G:\Strata\Strata-Safetensors\src\program\generate.cpp(11427): warning C4996: 'getenv': This function or variable may be unsafe. Consider using _dupenv_s instead. To disable deprecation, use _CRT_SECURE_NO_WARNINGS. See online help for details.
G:\Strata\Strata-Safetensors\src\program\generate.cpp(11432): warning C4996: 'fopen': This function or variable may be unsafe. Consider using fopen_s instead. To disable deprecation, use _CRT_SECURE_NO_WARNINGS. See online help for details.
G:\Strata\Strata-Safetensors\src\program\generate.cpp(11562): warning C4996: 'getenv': This function or variable may be unsafe. Consider using _dupenv_s instead. To disable deprecation, use _CRT_SECURE_NO_WARNINGS. See online help for details.
G:\Strata\Strata-Safetensors\src\program\generate.cpp(11604): warning C4996: 'getenv': This function or variable may be unsafe. Consider using _dupenv_s instead. To disable deprecation, use _CRT_SECURE_NO_WARNINGS. See online help for details.
G:\Strata\Strata-Safetensors\src\program\generate.cpp(11845): warning C4996: 'getenv': This function or variable may be unsafe. Consider using _dupenv_s instead. To disable deprecation, use _CRT_SECURE_NO_WARNINGS. See online help for details.
G:\Strata\Strata-Safetensors\src\program\generate.cpp(11874): warning C4996: 'getenv': This function or variable may be unsafe. Consider using _dupenv_s instead. To disable deprecation, use _CRT_SECURE_NO_WARNINGS. See online help for details.
G:\Strata\Strata-Safetensors\src\program\generate.cpp(11907): warning C4996: 'fopen': This function or variable may be unsafe. Consider using fopen_s instead. To disable deprecation, use _CRT_SECURE_NO_WARNINGS. See online help for details.
G:\Strata\Strata-Safetensors\src\program\generate.cpp(12334): warning C4996: 'getenv': This function or variable may be unsafe. Consider using _dupenv_s instead. To disable deprecation, use _CRT_SECURE_NO_WARNINGS. See online help for details.
G:\Strata\Strata-Safetensors\src\program\generate.cpp(12335): warning C4996: 'getenv': This function or variable may be unsafe. Consider using _dupenv_s instead. To disable deprecation, use _CRT_SECURE_NO_WARNINGS. See online help for details.
G:\Strata\Strata-Safetensors\src\program\generate.cpp(12336): warning C4996: 'getenv': This function or variable may be unsafe. Consider using _dupenv_s instead. To disable deprecation, use _CRT_SECURE_NO_WARNINGS. See online help for details.
G:\Strata\Strata-Safetensors\src\program\generate.cpp(12345): warning C4996: 'getenv': This function or variable may be unsafe. Consider using _dupenv_s instead. To disable deprecation, use _CRT_SECURE_NO_WARNINGS. See online help for details.
G:\Strata\Strata-Safetensors\src\program\generate.cpp(12556): warning C4996: 'fopen': This function or variable may be unsafe. Consider using fopen_s instead. To disable deprecation, use _CRT_SECURE_NO_WARNINGS. See online help for details.
G:\Strata\Strata-Safetensors\src\program\generate.cpp(12587): warning C4996: 'getenv': This function or variable may be unsafe. Consider using _dupenv_s instead. To disable deprecation, use _CRT_SECURE_NO_WARNINGS. See online help for details.
G:\Strata\Strata-Safetensors\src\program\generate.cpp(12620): warning C4996: 'getenv': This function or variable may be unsafe. Consider using _dupenv_s instead. To disable deprecation, use _CRT_SECURE_NO_WARNINGS. See online help for details.
G:\Strata\Strata-Safetensors\src\program\generate.cpp(12709): warning C4996: 'getenv': This function or variable may be unsafe. Consider using _dupenv_s instead. To disable deprecation, use _CRT_SECURE_NO_WARNINGS. See online help for details.
G:\Strata\Strata-Safetensors\src\program\generate.cpp(12711): warning C4996: 'fopen': This function or variable may be unsafe. Consider using fopen_s instead. To disable deprecation, use _CRT_SECURE_NO_WARNINGS. See online help for details.
G:\Strata\Strata-Safetensors\src\program\generate.cpp(12719): warning C4996: 'getenv': This function or variable may be unsafe. Consider using _dupenv_s instead. To disable deprecation, use _CRT_SECURE_NO_WARNINGS. See online help for details.
G:\Strata\Strata-Safetensors\src\program\generate.cpp(12944): warning C4996: 'fopen': This function or variable may be unsafe. Consider using fopen_s instead. To disable deprecation, use _CRT_SECURE_NO_WARNINGS. See online help for details.
G:\Strata\Strata-Safetensors\src\program\generate.cpp(12964): warning C4996: 'fopen': This function or variable may be unsafe. Consider using fopen_s instead. To disable deprecation, use _CRT_SECURE_NO_WARNINGS. See online help for details.
C:\Program Files (x86)\Microsoft Visual Studio\2022\BuildTools\VC\Tools\MSVC\14.44.35207\include\vector(1461): warning C4244: “=”: 从“__int64”转换到“int”，可能丢失数据
C:\Program Files (x86)\Microsoft Visual Studio\2022\BuildTools\VC\Tools\MSVC\14.44.35207\include\vector(1461): note: 模板实例化上下文(最早的实例化上下文)为
G:\Strata\Strata-Safetensors\src\program\generate.cpp(7662): note: 查看对正在编译的函数 模板 实例化“void std::vector<int32_t,std::allocator<int>>::assign<std::_Vector_iterator<std::_Vector_val<std::_Simple_types<_Ty>>>,0>(_Iter,_Iter)”的引用
        with
        [
            _Ty=int64_t,
            _Iter=std::_Vector_iterator<std::_Vector_val<std::_Simple_types<int64_t>>>
        ]
G:\Strata\Strata-Safetensors\src\program\generate.cpp(7662): note: 请参阅 "strata_main::<lambda_83>::operator ()" 中对 "std::vector<int32_t,std::allocator<int>>::assign" 的第一个引用
C:\Program Files (x86)\Microsoft Visual Studio\2022\BuildTools\VC\Tools\MSVC\14.44.35207\include\vector(1491): note: 查看对正在编译的函数 模板 实例化“void std::vector<int32_t,std::allocator<int>>::_Assign_counted_range<__int64*>(_Iter,const unsigned __int64)”的引用
        with
        [
            _Iter=__int64 *
        ]
C:\Program Files (x86)\Microsoft Visual Studio\2022\BuildTools\VC\Tools\MSVC\14.44.35207\include\xutility(4813): warning C4244: “=”: 从“__int64”转换到“int”，可能丢失数据
C:\Program Files (x86)\Microsoft Visual Studio\2022\BuildTools\VC\Tools\MSVC\14.44.35207\include\xutility(4813): note: 模板实例化上下文(最早的实例化上下文)为
C:\Program Files (x86)\Microsoft Visual Studio\2022\BuildTools\VC\Tools\MSVC\14.44.35207\include\vector(1491): note: 查看对正在编译的函数 模板 实例化“void std::vector<int32_t,std::allocator<int>>::_Assign_counted_range<__int64*>(_Iter,const unsigned __int64)”的引用
        with
        [
            _Iter=__int64 *
        ]
C:\Program Files (x86)\Microsoft Visual Studio\2022\BuildTools\VC\Tools\MSVC\14.44.35207\include\vector(1475): note: 查看对正在编译的函数 模板 实例化“_OutIt *std::_Copy_n_unchecked4<__int64*,unsigned __int64,int*>(_InIt,_SizeTy,_OutIt)”的引用
        with
        [
            _OutIt=int *,
            _InIt=__int64 *,
            _SizeTy=unsigned __int64
        ]
C:\Program Files (x86)\Microsoft Visual Studio\2022\BuildTools\VC\Tools\MSVC\14.44.35207\include\xutility(462): warning C4244: “初始化”: 从“int64_t”转换到“_Ty”，可能丢失数据
        with
        [
            _Ty=int
        ]
C:\Program Files (x86)\Microsoft Visual Studio\2022\BuildTools\VC\Tools\MSVC\14.44.35207\include\xutility(462): note: 模板实例化上下文(最早的实例化上下文)为
C:\Program Files (x86)\Microsoft Visual Studio\2022\BuildTools\VC\Tools\MSVC\14.44.35207\include\vector(1436): note: 查看对正在编译的函数 模板 实例化“int *std::_Uninitialized_copy_n<__int64*,std::allocator<int>>(_InIt,size_t,int *,_Alloc &)”的引用
        with
        [
            _InIt=__int64 *,
            _Alloc=std::allocator<int>
        ]
C:\Program Files (x86)\Microsoft Visual Studio\2022\BuildTools\VC\Tools\MSVC\14.44.35207\include\xmemory(1938): note: 查看对正在编译的函数 模板 实例化“void std::_Uninitialized_backout_al<std::allocator<int>>::_Emplace_back<__int64&>(__int64 &)”的引用
C:\Program Files (x86)\Microsoft Visual Studio\2022\BuildTools\VC\Tools\MSVC\14.44.35207\include\xmemory(1844): note: 查看对正在编译的函数 模板 实例化“void std::_Default_allocator_traits<_Alloc>::construct<_Ty,int64_t&>(_Alloc &,_Objty *const ,int64_t &)”的引用
        with
        [
            _Alloc=std::allocator<int>,
            _Ty=int,
            _Objty=int
        ]
C:\Program Files (x86)\Microsoft Visual Studio\2022\BuildTools\VC\Tools\MSVC\14.44.35207\include\xmemory(730): note: 查看对正在编译的函数 模板 实例化“_Ty *std::construct_at<_Objty,int64_t&>(_Ty *const ,int64_t &) noexcept(<expr>)”的引用
        with
        [
            _Ty=int,
            _Objty=int
        ]
C:\Program Files (x86)\Microsoft Visual Studio\2022\BuildTools\VC\Tools\MSVC\14.44.35207\include\xutility(463): warning C4244: “初始化”: 从“int64_t”转换到“_Objty”，可能丢失数据
        with
        [
            _Objty=int
        ]
C:\Program Files (x86)\Microsoft Visual Studio\2022\BuildTools\VC\Tools\MSVC\14.44.35207\include\xutility(463): note: 模板实例化上下文(最早的实例化上下文)为
C:\Program Files (x86)\Microsoft Visual Studio\2022\BuildTools\VC\Tools\MSVC\14.44.35207\include\xmemory(1844): note: 查看对正在编译的函数 模板 实例化“void std::_Default_allocator_traits<_Alloc>::construct<_Ty,int64_t&>(_Alloc &,_Objty *const ,int64_t &)”的引用
        with
        [
            _Alloc=std::allocator<int>,
            _Ty=int,
            _Objty=int
        ]
C:\Program Files (x86)\Microsoft Visual Studio\2022\BuildTools\VC\Tools\MSVC\14.44.35207\include\xmemory(730): note: 查看对正在编译的函数 模板 实例化“_Ty *std::construct_at<_Objty,int64_t&>(_Ty *const ,int64_t &) noexcept”的引用
        with
        [
            _Ty=int,
            _Objty=int
        ]
[17/22] Building CUDA object CMakeFiles\bf16_rows_bench.dir\src\weights\bf16_rows_bench.cu.obj
bf16_rows_bench.cu
tmpxft_00007848_00000000-7_bf16_rows_bench.cudafe1.cpp
[18/22] Building CUDA object CMakeFiles\strata_kernels.dir\src\kernels\cuda\native_mmvq.cu.obj
G:\Strata\Strata-Safetensors\src\kernels\cuda\native_mmvq.cu(1251): warning #128-D: loop is not reachable
      for (int j = 0; j < NCOLS; ++j) {
      ^
          detected during:
            instantiation of "void strata::kernels::<unnamed>::native_mmvq_multi_kernel<F,NCOLS,NW,ROWS,TS,PAIR>(const F::Block *, const strata::kernels::<unnamed>::Q81Block *, float *, int, int, const F::Block *, float *) [with F=strata::kernels::<unnamed>::Q5KTraits, NCOLS=2, NW=4, ROWS=1, TS=true, PAIR=false]" at line 1284
            instantiation of "void strata::kernels::<unnamed>::launch_multi_n<F,NCOLS>(const void *, const void *, float *, int, int, cudaStream_t) [with F=strata::kernels::<unnamed>::Q5KTraits, NCOLS=2]" at line 1299
            instantiation of "void strata::kernels::<unnamed>::launch_multi<F>(const void *, const void *, float *, int, int, int, void *) [with F=strata::kernels::<unnamed>::Q5KTraits]" at line 2181

Remark: The warnings can be suppressed with "-diag-suppress <warning-number>"

G:\Strata\Strata-Safetensors\src\kernels\cuda\native_mmvq.cu(1251): warning #128-D: loop is not reachable
      for (int j = 0; j < NCOLS; ++j) {
      ^
          detected during:
            instantiation of "void strata::kernels::<unnamed>::native_mmvq_multi_kernel<F,NCOLS,NW,ROWS,TS,PAIR>(const F::Block *, const strata::kernels::<unnamed>::Q81Block *, float *, int, int, const F::Block *, float *) [with F=strata::kernels::<unnamed>::Q5KTraits, NCOLS=2, NW=4, ROWS=2, TS=true, PAIR=false]" at line 1290
            instantiation of "void strata::kernels::<unnamed>::launch_multi_n<F,NCOLS>(const void *, const void *, float *, int, int, cudaStream_t) [with F=strata::kernels::<unnamed>::Q5KTraits, NCOLS=2]" at line 1299
            instantiation of "void strata::kernels::<unnamed>::launch_multi<F>(const void *, const void *, float *, int, int, int, void *) [with F=strata::kernels::<unnamed>::Q5KTraits]" at line 2181

G:\Strata\Strata-Safetensors\src\kernels\cuda\native_mmvq.cu(1251): warning #128-D: loop is not reachable
      for (int j = 0; j < NCOLS; ++j) {
      ^
          detected during:
            instantiation of "void strata::kernels::<unnamed>::native_mmvq_multi_kernel<F,NCOLS,NW,ROWS,TS,PAIR>(const F::Block *, const strata::kernels::<unnamed>::Q81Block *, float *, int, int, const F::Block *, float *) [with F=strata::kernels::<unnamed>::Q5KTraits, NCOLS=3, NW=4, ROWS=1, TS=true, PAIR=false]" at line 1284
            instantiation of "void strata::kernels::<unnamed>::launch_multi_n<F,NCOLS>(const void *, const void *, float *, int, int, cudaStream_t) [with F=strata::kernels::<unnamed>::Q5KTraits, NCOLS=3]" at line 1300
            instantiation of "void strata::kernels::<unnamed>::launch_multi<F>(const void *, const void *, float *, int, int, int, void *) [with F=strata::kernels::<unnamed>::Q5KTraits]" at line 2181

G:\Strata\Strata-Safetensors\src\kernels\cuda\native_mmvq.cu(1251): warning #128-D: loop is not reachable
      for (int j = 0; j < NCOLS; ++j) {
      ^
          detected during:
            instantiation of "void strata::kernels::<unnamed>::native_mmvq_multi_kernel<F,NCOLS,NW,ROWS,TS,PAIR>(const F::Block *, const strata::kernels::<unnamed>::Q81Block *, float *, int, int, const F::Block *, float *) [with F=strata::kernels::<unnamed>::Q5KTraits, NCOLS=3, NW=4, ROWS=2, TS=true, PAIR=false]" at line 1290
            instantiation of "void strata::kernels::<unnamed>::launch_multi_n<F,NCOLS>(const void *, const void *, float *, int, int, cudaStream_t) [with F=strata::kernels::<unnamed>::Q5KTraits, NCOLS=3]" at line 1300
            instantiation of "void strata::kernels::<unnamed>::launch_multi<F>(const void *, const void *, float *, int, int, int, void *) [with F=strata::kernels::<unnamed>::Q5KTraits]" at line 2181

G:\Strata\Strata-Safetensors\src\kernels\cuda\native_mmvq.cu(1251): warning #128-D: loop is not reachable
      for (int j = 0; j < NCOLS; ++j) {
      ^
          detected during:
            instantiation of "void strata::kernels::<unnamed>::native_mmvq_multi_kernel<F,NCOLS,NW,ROWS,TS,PAIR>(const F::Block *, const strata::kernels::<unnamed>::Q81Block *, float *, int, int, const F::Block *, float *) [with F=strata::kernels::<unnamed>::Q5KTraits, NCOLS=4, NW=4, ROWS=1, TS=true, PAIR=false]" at line 1284
            instantiation of "void strata::kernels::<unnamed>::launch_multi_n<F,NCOLS>(const void *, const void *, float *, int, int, cudaStream_t) [with F=strata::kernels::<unnamed>::Q5KTraits, NCOLS=4]" at line 1301
            instantiation of "void strata::kernels::<unnamed>::launch_multi<F>(const void *, const void *, float *, int, int, int, void *) [with F=strata::kernels::<unnamed>::Q5KTraits]" at line 2181

G:\Strata\Strata-Safetensors\src\kernels\cuda\native_mmvq.cu(1251): warning #128-D: loop is not reachable
      for (int j = 0; j < NCOLS; ++j) {
      ^
          detected during:
            instantiation of "void strata::kernels::<unnamed>::native_mmvq_multi_kernel<F,NCOLS,NW,ROWS,TS,PAIR>(const F::Block *, const strata::kernels::<unnamed>::Q81Block *, float *, int, int, const F::Block *, float *) [with F=strata::kernels::<unnamed>::Q5KTraits, NCOLS=4, NW=4, ROWS=2, TS=true, PAIR=false]" at line 1290
            instantiation of "void strata::kernels::<unnamed>::launch_multi_n<F,NCOLS>(const void *, const void *, float *, int, int, cudaStream_t) [with F=strata::kernels::<unnamed>::Q5KTraits, NCOLS=4]" at line 1301
            instantiation of "void strata::kernels::<unnamed>::launch_multi<F>(const void *, const void *, float *, int, int, int, void *) [with F=strata::kernels::<unnamed>::Q5KTraits]" at line 2181

G:\Strata\Strata-Safetensors\src\kernels\cuda\native_mmvq.cu(1251): warning #128-D: loop is not reachable
      for (int j = 0; j < NCOLS; ++j) {
      ^
          detected during:
            instantiation of "void strata::kernels::<unnamed>::native_mmvq_multi_kernel<F,NCOLS,NW,ROWS,TS,PAIR>(const F::Block *, const strata::kernels::<unnamed>::Q81Block *, float *, int, int, const F::Block *, float *) [with F=strata::kernels::<unnamed>::Q5KTraits, NCOLS=5, NW=4, ROWS=1, TS=true, PAIR=false]" at line 1284
            instantiation of "void strata::kernels::<unnamed>::launch_multi_n<F,NCOLS>(const void *, const void *, float *, int, int, cudaStream_t) [with F=strata::kernels::<unnamed>::Q5KTraits, NCOLS=5]" at line 1302
            instantiation of "void strata::kernels::<unnamed>::launch_multi<F>(const void *, const void *, float *, int, int, int, void *) [with F=strata::kernels::<unnamed>::Q5KTraits]" at line 2181

G:\Strata\Strata-Safetensors\src\kernels\cuda\native_mmvq.cu(1251): warning #128-D: loop is not reachable
      for (int j = 0; j < NCOLS; ++j) {
      ^
          detected during:
            instantiation of "void strata::kernels::<unnamed>::native_mmvq_multi_kernel<F,NCOLS,NW,ROWS,TS,PAIR>(const F::Block *, const strata::kernels::<unnamed>::Q81Block *, float *, int, int, const F::Block *, float *) [with F=strata::kernels::<unnamed>::Q5KTraits, NCOLS=5, NW=4, ROWS=2, TS=true, PAIR=false]" at line 1290
            instantiation of "void strata::kernels::<unnamed>::launch_multi_n<F,NCOLS>(const void *, const void *, float *, int, int, cudaStream_t) [with F=strata::kernels::<unnamed>::Q5KTraits, NCOLS=5]" at line 1302
            instantiation of "void strata::kernels::<unnamed>::launch_multi<F>(const void *, const void *, float *, int, int, int, void *) [with F=strata::kernels::<unnamed>::Q5KTraits]" at line 2181

G:\Strata\Strata-Safetensors\src\kernels\cuda\native_mmvq.cu(1251): warning #128-D: loop is not reachable
      for (int j = 0; j < NCOLS; ++j) {
      ^
          detected during:
            instantiation of "void strata::kernels::<unnamed>::native_mmvq_multi_kernel<F,NCOLS,NW,ROWS,TS,PAIR>(const F::Block *, const strata::kernels::<unnamed>::Q81Block *, float *, int, int, const F::Block *, float *) [with F=strata::kernels::<unnamed>::Q5KTraits, NCOLS=6, NW=4, ROWS=1, TS=true, PAIR=false]" at line 1284
            instantiation of "void strata::kernels::<unnamed>::launch_multi_n<F,NCOLS>(const void *, const void *, float *, int, int, cudaStream_t) [with F=strata::kernels::<unnamed>::Q5KTraits, NCOLS=6]" at line 1303
            instantiation of "void strata::kernels::<unnamed>::launch_multi<F>(const void *, const void *, float *, int, int, int, void *) [with F=strata::kernels::<unnamed>::Q5KTraits]" at line 2181

G:\Strata\Strata-Safetensors\src\kernels\cuda\native_mmvq.cu(1251): warning #128-D: loop is not reachable
      for (int j = 0; j < NCOLS; ++j) {
      ^
          detected during:
            instantiation of "void strata::kernels::<unnamed>::native_mmvq_multi_kernel<F,NCOLS,NW,ROWS,TS,PAIR>(const F::Block *, const strata::kernels::<unnamed>::Q81Block *, float *, int, int, const F::Block *, float *) [with F=strata::kernels::<unnamed>::Q5KTraits, NCOLS=6, NW=4, ROWS=2, TS=true, PAIR=false]" at line 1290
            instantiation of "void strata::kernels::<unnamed>::launch_multi_n<F,NCOLS>(const void *, const void *, float *, int, int, cudaStream_t) [with F=strata::kernels::<unnamed>::Q5KTraits, NCOLS=6]" at line 1303
            instantiation of "void strata::kernels::<unnamed>::launch_multi<F>(const void *, const void *, float *, int, int, int, void *) [with F=strata::kernels::<unnamed>::Q5KTraits]" at line 2181

G:\Strata\Strata-Safetensors\src\kernels\cuda\native_mmvq.cu(1251): warning #128-D: loop is not reachable
      for (int j = 0; j < NCOLS; ++j) {
      ^
          detected during:
            instantiation of "void strata::kernels::<unnamed>::native_mmvq_multi_kernel<F,NCOLS,NW,ROWS,TS,PAIR>(const F::Block *, const strata::kernels::<unnamed>::Q81Block *, float *, int, int, const F::Block *, float *) [with F=strata::kernels::<unnamed>::Q5KTraits, NCOLS=7, NW=4, ROWS=1, TS=true, PAIR=false]" at line 1284
            instantiation of "void strata::kernels::<unnamed>::launch_multi_n<F,NCOLS>(const void *, const void *, float *, int, int, cudaStream_t) [with F=strata::kernels::<unnamed>::Q5KTraits, NCOLS=7]" at line 1304
            instantiation of "void strata::kernels::<unnamed>::launch_multi<F>(const void *, const void *, float *, int, int, int, void *) [with F=strata::kernels::<unnamed>::Q5KTraits]" at line 2181

G:\Strata\Strata-Safetensors\src\kernels\cuda\native_mmvq.cu(1251): warning #128-D: loop is not reachable
      for (int j = 0; j < NCOLS; ++j) {
      ^
          detected during:
            instantiation of "void strata::kernels::<unnamed>::native_mmvq_multi_kernel<F,NCOLS,NW,ROWS,TS,PAIR>(const F::Block *, const strata::kernels::<unnamed>::Q81Block *, float *, int, int, const F::Block *, float *) [with F=strata::kernels::<unnamed>::Q5KTraits, NCOLS=7, NW=4, ROWS=2, TS=true, PAIR=false]" at line 1290
            instantiation of "void strata::kernels::<unnamed>::launch_multi_n<F,NCOLS>(const void *, const void *, float *, int, int, cudaStream_t) [with F=strata::kernels::<unnamed>::Q5KTraits, NCOLS=7]" at line 1304
            instantiation of "void strata::kernels::<unnamed>::launch_multi<F>(const void *, const void *, float *, int, int, int, void *) [with F=strata::kernels::<unnamed>::Q5KTraits]" at line 2181

G:\Strata\Strata-Safetensors\src\kernels\cuda\native_mmvq.cu(1251): warning #128-D: loop is not reachable
      for (int j = 0; j < NCOLS; ++j) {
      ^
          detected during:
            instantiation of "void strata::kernels::<unnamed>::native_mmvq_multi_kernel<F,NCOLS,NW,ROWS,TS,PAIR>(const F::Block *, const strata::kernels::<unnamed>::Q81Block *, float *, int, int, const F::Block *, float *) [with F=strata::kernels::<unnamed>::Q5KTraits, NCOLS=8, NW=4, ROWS=1, TS=true, PAIR=false]" at line 1284
            instantiation of "void strata::kernels::<unnamed>::launch_multi_n<F,NCOLS>(const void *, const void *, float *, int, int, cudaStream_t) [with F=strata::kernels::<unnamed>::Q5KTraits, NCOLS=8]" at line 1305
            instantiation of "void strata::kernels::<unnamed>::launch_multi<F>(const void *, const void *, float *, int, int, int, void *) [with F=strata::kernels::<unnamed>::Q5KTraits]" at line 2181

G:\Strata\Strata-Safetensors\src\kernels\cuda\native_mmvq.cu(1251): warning #128-D: loop is not reachable
      for (int j = 0; j < NCOLS; ++j) {
      ^
          detected during:
            instantiation of "void strata::kernels::<unnamed>::native_mmvq_multi_kernel<F,NCOLS,NW,ROWS,TS,PAIR>(const F::Block *, const strata::kernels::<unnamed>::Q81Block *, float *, int, int, const F::Block *, float *) [with F=strata::kernels::<unnamed>::Q5KTraits, NCOLS=8, NW=4, ROWS=2, TS=true, PAIR=false]" at line 1290
            instantiation of "void strata::kernels::<unnamed>::launch_multi_n<F,NCOLS>(const void *, const void *, float *, int, int, cudaStream_t) [with F=strata::kernels::<unnamed>::Q5KTraits, NCOLS=8]" at line 1305
            instantiation of "void strata::kernels::<unnamed>::launch_multi<F>(const void *, const void *, float *, int, int, int, void *) [with F=strata::kernels::<unnamed>::Q5KTraits]" at line 2181

G:\Strata\Strata-Safetensors\src\kernels\cuda\native_mmvq.cu(1251): warning #128-D: loop is not reachable
      for (int j = 0; j < NCOLS; ++j) {
      ^
          detected during:
            instantiation of "void strata::kernels::<unnamed>::native_mmvq_multi_kernel<F,NCOLS,NW,ROWS,TS,PAIR>(const F::Block *, const strata::kernels::<unnamed>::Q81Block *, float *, int, int, const F::Block *, float *) [with F=strata::kernels::<unnamed>::Q20Traits, NCOLS=2, NW=4, ROWS=1, TS=true, PAIR=false]" at line 1284
            instantiation of "void strata::kernels::<unnamed>::launch_multi_n<F,NCOLS>(const void *, const void *, float *, int, int, cudaStream_t) [with F=strata::kernels::<unnamed>::Q20Traits, NCOLS=2]" at line 1299
            instantiation of "void strata::kernels::<unnamed>::launch_multi<F>(const void *, const void *, float *, int, int, int, void *) [with F=strata::kernels::<unnamed>::Q20Traits]" at line 2222

G:\Strata\Strata-Safetensors\src\kernels\cuda\native_mmvq.cu(1251): warning #128-D: loop is not reachable
      for (int j = 0; j < NCOLS; ++j) {
      ^
          detected during:
            instantiation of "void strata::kernels::<unnamed>::native_mmvq_multi_kernel<F,NCOLS,NW,ROWS,TS,PAIR>(const F::Block *, const strata::kernels::<unnamed>::Q81Block *, float *, int, int, const F::Block *, float *) [with F=strata::kernels::<unnamed>::Q20Traits, NCOLS=2, NW=4, ROWS=2, TS=true, PAIR=false]" at line 1290
            instantiation of "void strata::kernels::<unnamed>::launch_multi_n<F,NCOLS>(const void *, const void *, float *, int, int, cudaStream_t) [with F=strata::kernels::<unnamed>::Q20Traits, NCOLS=2]" at line 1299
            instantiation of "void strata::kernels::<unnamed>::launch_multi<F>(const void *, const void *, float *, int, int, int, void *) [with F=strata::kernels::<unnamed>::Q20Traits]" at line 2222

G:\Strata\Strata-Safetensors\src\kernels\cuda\native_mmvq.cu(1251): warning #128-D: loop is not reachable
      for (int j = 0; j < NCOLS; ++j) {
      ^
          detected during:
            instantiation of "void strata::kernels::<unnamed>::native_mmvq_multi_kernel<F,NCOLS,NW,ROWS,TS,PAIR>(const F::Block *, const strata::kernels::<unnamed>::Q81Block *, float *, int, int, const F::Block *, float *) [with F=strata::kernels::<unnamed>::Q20Traits, NCOLS=3, NW=4, ROWS=1, TS=true, PAIR=false]" at line 1284
            instantiation of "void strata::kernels::<unnamed>::launch_multi_n<F,NCOLS>(const void *, const void *, float *, int, int, cudaStream_t) [with F=strata::kernels::<unnamed>::Q20Traits, NCOLS=3]" at line 1300
            instantiation of "void strata::kernels::<unnamed>::launch_multi<F>(const void *, const void *, float *, int, int, int, void *) [with F=strata::kernels::<unnamed>::Q20Traits]" at line 2222

G:\Strata\Strata-Safetensors\src\kernels\cuda\native_mmvq.cu(1251): warning #128-D: loop is not reachable
      for (int j = 0; j < NCOLS; ++j) {
      ^
          detected during:
            instantiation of "void strata::kernels::<unnamed>::native_mmvq_multi_kernel<F,NCOLS,NW,ROWS,TS,PAIR>(const F::Block *, const strata::kernels::<unnamed>::Q81Block *, float *, int, int, const F::Block *, float *) [with F=strata::kernels::<unnamed>::Q20Traits, NCOLS=3, NW=4, ROWS=2, TS=true, PAIR=false]" at line 1290
            instantiation of "void strata::kernels::<unnamed>::launch_multi_n<F,NCOLS>(const void *, const void *, float *, int, int, cudaStream_t) [with F=strata::kernels::<unnamed>::Q20Traits, NCOLS=3]" at line 1300
            instantiation of "void strata::kernels::<unnamed>::launch_multi<F>(const void *, const void *, float *, int, int, int, void *) [with F=strata::kernels::<unnamed>::Q20Traits]" at line 2222

G:\Strata\Strata-Safetensors\src\kernels\cuda\native_mmvq.cu(1251): warning #128-D: loop is not reachable
      for (int j = 0; j < NCOLS; ++j) {
      ^
          detected during:
            instantiation of "void strata::kernels::<unnamed>::native_mmvq_multi_kernel<F,NCOLS,NW,ROWS,TS,PAIR>(const F::Block *, const strata::kernels::<unnamed>::Q81Block *, float *, int, int, const F::Block *, float *) [with F=strata::kernels::<unnamed>::Q20Traits, NCOLS=4, NW=4, ROWS=1, TS=true, PAIR=false]" at line 1284
            instantiation of "void strata::kernels::<unnamed>::launch_multi_n<F,NCOLS>(const void *, const void *, float *, int, int, cudaStream_t) [with F=strata::kernels::<unnamed>::Q20Traits, NCOLS=4]" at line 1301
            instantiation of "void strata::kernels::<unnamed>::launch_multi<F>(const void *, const void *, float *, int, int, int, void *) [with F=strata::kernels::<unnamed>::Q20Traits]" at line 2222

G:\Strata\Strata-Safetensors\src\kernels\cuda\native_mmvq.cu(1251): warning #128-D: loop is not reachable
      for (int j = 0; j < NCOLS; ++j) {
      ^
          detected during:
            instantiation of "void strata::kernels::<unnamed>::native_mmvq_multi_kernel<F,NCOLS,NW,ROWS,TS,PAIR>(const F::Block *, const strata::kernels::<unnamed>::Q81Block *, float *, int, int, const F::Block *, float *) [with F=strata::kernels::<unnamed>::Q20Traits, NCOLS=4, NW=4, ROWS=2, TS=true, PAIR=false]" at line 1290
            instantiation of "void strata::kernels::<unnamed>::launch_multi_n<F,NCOLS>(const void *, const void *, float *, int, int, cudaStream_t) [with F=strata::kernels::<unnamed>::Q20Traits, NCOLS=4]" at line 1301
            instantiation of "void strata::kernels::<unnamed>::launch_multi<F>(const void *, const void *, float *, int, int, int, void *) [with F=strata::kernels::<unnamed>::Q20Traits]" at line 2222

G:\Strata\Strata-Safetensors\src\kernels\cuda\native_mmvq.cu(1251): warning #128-D: loop is not reachable
      for (int j = 0; j < NCOLS; ++j) {
      ^
          detected during:
            instantiation of "void strata::kernels::<unnamed>::native_mmvq_multi_kernel<F,NCOLS,NW,ROWS,TS,PAIR>(const F::Block *, const strata::kernels::<unnamed>::Q81Block *, float *, int, int, const F::Block *, float *) [with F=strata::kernels::<unnamed>::Q20Traits, NCOLS=5, NW=4, ROWS=1, TS=true, PAIR=false]" at line 1284
            instantiation of "void strata::kernels::<unnamed>::launch_multi_n<F,NCOLS>(const void *, const void *, float *, int, int, cudaStream_t) [with F=strata::kernels::<unnamed>::Q20Traits, NCOLS=5]" at line 1302
            instantiation of "void strata::kernels::<unnamed>::launch_multi<F>(const void *, const void *, float *, int, int, int, void *) [with F=strata::kernels::<unnamed>::Q20Traits]" at line 2222

G:\Strata\Strata-Safetensors\src\kernels\cuda\native_mmvq.cu(1251): warning #128-D: loop is not reachable
      for (int j = 0; j < NCOLS; ++j) {
      ^
          detected during:
            instantiation of "void strata::kernels::<unnamed>::native_mmvq_multi_kernel<F,NCOLS,NW,ROWS,TS,PAIR>(const F::Block *, const strata::kernels::<unnamed>::Q81Block *, float *, int, int, const F::Block *, float *) [with F=strata::kernels::<unnamed>::Q20Traits, NCOLS=5, NW=4, ROWS=2, TS=true, PAIR=false]" at line 1290
            instantiation of "void strata::kernels::<unnamed>::launch_multi_n<F,NCOLS>(const void *, const void *, float *, int, int, cudaStream_t) [with F=strata::kernels::<unnamed>::Q20Traits, NCOLS=5]" at line 1302
            instantiation of "void strata::kernels::<unnamed>::launch_multi<F>(const void *, const void *, float *, int, int, int, void *) [with F=strata::kernels::<unnamed>::Q20Traits]" at line 2222

G:\Strata\Strata-Safetensors\src\kernels\cuda\native_mmvq.cu(1251): warning #128-D: loop is not reachable
      for (int j = 0; j < NCOLS; ++j) {
      ^
          detected during:
            instantiation of "void strata::kernels::<unnamed>::native_mmvq_multi_kernel<F,NCOLS,NW,ROWS,TS,PAIR>(const F::Block *, const strata::kernels::<unnamed>::Q81Block *, float *, int, int, const F::Block *, float *) [with F=strata::kernels::<unnamed>::Q20Traits, NCOLS=6, NW=4, ROWS=1, TS=true, PAIR=false]" at line 1284
            instantiation of "void strata::kernels::<unnamed>::launch_multi_n<F,NCOLS>(const void *, const void *, float *, int, int, cudaStream_t) [with F=strata::kernels::<unnamed>::Q20Traits, NCOLS=6]" at line 1303
            instantiation of "void strata::kernels::<unnamed>::launch_multi<F>(const void *, const void *, float *, int, int, int, void *) [with F=strata::kernels::<unnamed>::Q20Traits]" at line 2222

G:\Strata\Strata-Safetensors\src\kernels\cuda\native_mmvq.cu(1251): warning #128-D: loop is not reachable
      for (int j = 0; j < NCOLS; ++j) {
      ^
          detected during:
            instantiation of "void strata::kernels::<unnamed>::native_mmvq_multi_kernel<F,NCOLS,NW,ROWS,TS,PAIR>(const F::Block *, const strata::kernels::<unnamed>::Q81Block *, float *, int, int, const F::Block *, float *) [with F=strata::kernels::<unnamed>::Q20Traits, NCOLS=6, NW=4, ROWS=2, TS=true, PAIR=false]" at line 1290
            instantiation of "void strata::kernels::<unnamed>::launch_multi_n<F,NCOLS>(const void *, const void *, float *, int, int, cudaStream_t) [with F=strata::kernels::<unnamed>::Q20Traits, NCOLS=6]" at line 1303
            instantiation of "void strata::kernels::<unnamed>::launch_multi<F>(const void *, const void *, float *, int, int, int, void *) [with F=strata::kernels::<unnamed>::Q20Traits]" at line 2222

G:\Strata\Strata-Safetensors\src\kernels\cuda\native_mmvq.cu(1251): warning #128-D: loop is not reachable
      for (int j = 0; j < NCOLS; ++j) {
      ^
          detected during:
            instantiation of "void strata::kernels::<unnamed>::native_mmvq_multi_kernel<F,NCOLS,NW,ROWS,TS,PAIR>(const F::Block *, const strata::kernels::<unnamed>::Q81Block *, float *, int, int, const F::Block *, float *) [with F=strata::kernels::<unnamed>::Q20Traits, NCOLS=7, NW=4, ROWS=1, TS=true, PAIR=false]" at line 1284
            instantiation of "void strata::kernels::<unnamed>::launch_multi_n<F,NCOLS>(const void *, const void *, float *, int, int, cudaStream_t) [with F=strata::kernels::<unnamed>::Q20Traits, NCOLS=7]" at line 1304
            instantiation of "void strata::kernels::<unnamed>::launch_multi<F>(const void *, const void *, float *, int, int, int, void *) [with F=strata::kernels::<unnamed>::Q20Traits]" at line 2222

G:\Strata\Strata-Safetensors\src\kernels\cuda\native_mmvq.cu(1251): warning #128-D: loop is not reachable
      for (int j = 0; j < NCOLS; ++j) {
      ^
          detected during:
            instantiation of "void strata::kernels::<unnamed>::native_mmvq_multi_kernel<F,NCOLS,NW,ROWS,TS,PAIR>(const F::Block *, const strata::kernels::<unnamed>::Q81Block *, float *, int, int, const F::Block *, float *) [with F=strata::kernels::<unnamed>::Q20Traits, NCOLS=7, NW=4, ROWS=2, TS=true, PAIR=false]" at line 1290
            instantiation of "void strata::kernels::<unnamed>::launch_multi_n<F,NCOLS>(const void *, const void *, float *, int, int, cudaStream_t) [with F=strata::kernels::<unnamed>::Q20Traits, NCOLS=7]" at line 1304
            instantiation of "void strata::kernels::<unnamed>::launch_multi<F>(const void *, const void *, float *, int, int, int, void *) [with F=strata::kernels::<unnamed>::Q20Traits]" at line 2222

G:\Strata\Strata-Safetensors\src\kernels\cuda\native_mmvq.cu(1251): warning #128-D: loop is not reachable
      for (int j = 0; j < NCOLS; ++j) {
      ^
          detected during:
            instantiation of "void strata::kernels::<unnamed>::native_mmvq_multi_kernel<F,NCOLS,NW,ROWS,TS,PAIR>(const F::Block *, const strata::kernels::<unnamed>::Q81Block *, float *, int, int, const F::Block *, float *) [with F=strata::kernels::<unnamed>::Q20Traits, NCOLS=8, NW=4, ROWS=1, TS=true, PAIR=false]" at line 1284
            instantiation of "void strata::kernels::<unnamed>::launch_multi_n<F,NCOLS>(const void *, const void *, float *, int, int, cudaStream_t) [with F=strata::kernels::<unnamed>::Q20Traits, NCOLS=8]" at line 1305
            instantiation of "void strata::kernels::<unnamed>::launch_multi<F>(const void *, const void *, float *, int, int, int, void *) [with F=strata::kernels::<unnamed>::Q20Traits]" at line 2222

G:\Strata\Strata-Safetensors\src\kernels\cuda\native_mmvq.cu(1251): warning #128-D: loop is not reachable
      for (int j = 0; j < NCOLS; ++j) {
      ^
          detected during:
            instantiation of "void strata::kernels::<unnamed>::native_mmvq_multi_kernel<F,NCOLS,NW,ROWS,TS,PAIR>(const F::Block *, const strata::kernels::<unnamed>::Q81Block *, float *, int, int, const F::Block *, float *) [with F=strata::kernels::<unnamed>::Q20Traits, NCOLS=8, NW=4, ROWS=2, TS=true, PAIR=false]" at line 1290
            instantiation of "void strata::kernels::<unnamed>::launch_multi_n<F,NCOLS>(const void *, const void *, float *, int, int, cudaStream_t) [with F=strata::kernels::<unnamed>::Q20Traits, NCOLS=8]" at line 1305
            instantiation of "void strata::kernels::<unnamed>::launch_multi<F>(const void *, const void *, float *, int, int, int, void *) [with F=strata::kernels::<unnamed>::Q20Traits]" at line 2222

G:\Strata\Strata-Safetensors\src\kernels\cuda\native_mmvq.cu(1251): warning #128-D: loop is not reachable
      for (int j = 0; j < NCOLS; ++j) {
      ^
          detected during:
            instantiation of "void strata::kernels::<unnamed>::native_mmvq_multi_kernel<F,NCOLS,NW,ROWS,TS,PAIR>(const F::Block *, const strata::kernels::<unnamed>::Q81Block *, float *, int, int, const F::Block *, float *) [with F=strata::kernels::<unnamed>::Q3KTraits, NCOLS=2, NW=4, ROWS=1, TS=true, PAIR=false]" at line 1284
            instantiation of "void strata::kernels::<unnamed>::launch_multi_n<F,NCOLS>(const void *, const void *, float *, int, int, cudaStream_t) [with F=strata::kernels::<unnamed>::Q3KTraits, NCOLS=2]" at line 1299
            instantiation of "void strata::kernels::<unnamed>::launch_multi<F>(const void *, const void *, float *, int, int, int, void *) [with F=strata::kernels::<unnamed>::Q3KTraits]" at line 2262

G:\Strata\Strata-Safetensors\src\kernels\cuda\native_mmvq.cu(1251): warning #128-D: loop is not reachable
      for (int j = 0; j < NCOLS; ++j) {
      ^
          detected during:
            instantiation of "void strata::kernels::<unnamed>::native_mmvq_multi_kernel<F,NCOLS,NW,ROWS,TS,PAIR>(const F::Block *, const strata::kernels::<unnamed>::Q81Block *, float *, int, int, const F::Block *, float *) [with F=strata::kernels::<unnamed>::Q3KTraits, NCOLS=2, NW=4, ROWS=2, TS=true, PAIR=false]" at line 1290
            instantiation of "void strata::kernels::<unnamed>::launch_multi_n<F,NCOLS>(const void *, const void *, float *, int, int, cudaStream_t) [with F=strata::kernels::<unnamed>::Q3KTraits, NCOLS=2]" at line 1299
            instantiation of "void strata::kernels::<unnamed>::launch_multi<F>(const void *, const void *, float *, int, int, int, void *) [with F=strata::kernels::<unnamed>::Q3KTraits]" at line 2262

G:\Strata\Strata-Safetensors\src\kernels\cuda\native_mmvq.cu(1251): warning #128-D: loop is not reachable
      for (int j = 0; j < NCOLS; ++j) {
      ^
          detected during:
            instantiation of "void strata::kernels::<unnamed>::native_mmvq_multi_kernel<F,NCOLS,NW,ROWS,TS,PAIR>(const F::Block *, const strata::kernels::<unnamed>::Q81Block *, float *, int, int, const F::Block *, float *) [with F=strata::kernels::<unnamed>::Q3KTraits, NCOLS=3, NW=4, ROWS=1, TS=true, PAIR=false]" at line 1284
            instantiation of "void strata::kernels::<unnamed>::launch_multi_n<F,NCOLS>(const void *, const void *, float *, int, int, cudaStream_t) [with F=strata::kernels::<unnamed>::Q3KTraits, NCOLS=3]" at line 1300
            instantiation of "void strata::kernels::<unnamed>::launch_multi<F>(const void *, const void *, float *, int, int, int, void *) [with F=strata::kernels::<unnamed>::Q3KTraits]" at line 2262

G:\Strata\Strata-Safetensors\src\kernels\cuda\native_mmvq.cu(1251): warning #128-D: loop is not reachable
      for (int j = 0; j < NCOLS; ++j) {
      ^
          detected during:
            instantiation of "void strata::kernels::<unnamed>::native_mmvq_multi_kernel<F,NCOLS,NW,ROWS,TS,PAIR>(const F::Block *, const strata::kernels::<unnamed>::Q81Block *, float *, int, int, const F::Block *, float *) [with F=strata::kernels::<unnamed>::Q3KTraits, NCOLS=3, NW=4, ROWS=2, TS=true, PAIR=false]" at line 1290
            instantiation of "void strata::kernels::<unnamed>::launch_multi_n<F,NCOLS>(const void *, const void *, float *, int, int, cudaStream_t) [with F=strata::kernels::<unnamed>::Q3KTraits, NCOLS=3]" at line 1300
            instantiation of "void strata::kernels::<unnamed>::launch_multi<F>(const void *, const void *, float *, int, int, int, void *) [with F=strata::kernels::<unnamed>::Q3KTraits]" at line 2262

G:\Strata\Strata-Safetensors\src\kernels\cuda\native_mmvq.cu(1251): warning #128-D: loop is not reachable
      for (int j = 0; j < NCOLS; ++j) {
      ^
          detected during:
            instantiation of "void strata::kernels::<unnamed>::native_mmvq_multi_kernel<F,NCOLS,NW,ROWS,TS,PAIR>(const F::Block *, const strata::kernels::<unnamed>::Q81Block *, float *, int, int, const F::Block *, float *) [with F=strata::kernels::<unnamed>::Q3KTraits, NCOLS=4, NW=4, ROWS=1, TS=true, PAIR=false]" at line 1284
            instantiation of "void strata::kernels::<unnamed>::launch_multi_n<F,NCOLS>(const void *, const void *, float *, int, int, cudaStream_t) [with F=strata::kernels::<unnamed>::Q3KTraits, NCOLS=4]" at line 1301
            instantiation of "void strata::kernels::<unnamed>::launch_multi<F>(const void *, const void *, float *, int, int, int, void *) [with F=strata::kernels::<unnamed>::Q3KTraits]" at line 2262

G:\Strata\Strata-Safetensors\src\kernels\cuda\native_mmvq.cu(1251): warning #128-D: loop is not reachable
      for (int j = 0; j < NCOLS; ++j) {
      ^
          detected during:
            instantiation of "void strata::kernels::<unnamed>::native_mmvq_multi_kernel<F,NCOLS,NW,ROWS,TS,PAIR>(const F::Block *, const strata::kernels::<unnamed>::Q81Block *, float *, int, int, const F::Block *, float *) [with F=strata::kernels::<unnamed>::Q3KTraits, NCOLS=4, NW=4, ROWS=2, TS=true, PAIR=false]" at line 1290
            instantiation of "void strata::kernels::<unnamed>::launch_multi_n<F,NCOLS>(const void *, const void *, float *, int, int, cudaStream_t) [with F=strata::kernels::<unnamed>::Q3KTraits, NCOLS=4]" at line 1301
            instantiation of "void strata::kernels::<unnamed>::launch_multi<F>(const void *, const void *, float *, int, int, int, void *) [with F=strata::kernels::<unnamed>::Q3KTraits]" at line 2262

G:\Strata\Strata-Safetensors\src\kernels\cuda\native_mmvq.cu(1251): warning #128-D: loop is not reachable
      for (int j = 0; j < NCOLS; ++j) {
      ^
          detected during:
            instantiation of "void strata::kernels::<unnamed>::native_mmvq_multi_kernel<F,NCOLS,NW,ROWS,TS,PAIR>(const F::Block *, const strata::kernels::<unnamed>::Q81Block *, float *, int, int, const F::Block *, float *) [with F=strata::kernels::<unnamed>::Q3KTraits, NCOLS=5, NW=4, ROWS=1, TS=true, PAIR=false]" at line 1284
            instantiation of "void strata::kernels::<unnamed>::launch_multi_n<F,NCOLS>(const void *, const void *, float *, int, int, cudaStream_t) [with F=strata::kernels::<unnamed>::Q3KTraits, NCOLS=5]" at line 1302
            instantiation of "void strata::kernels::<unnamed>::launch_multi<F>(const void *, const void *, float *, int, int, int, void *) [with F=strata::kernels::<unnamed>::Q3KTraits]" at line 2262

G:\Strata\Strata-Safetensors\src\kernels\cuda\native_mmvq.cu(1251): warning #128-D: loop is not reachable
      for (int j = 0; j < NCOLS; ++j) {
      ^
          detected during:
            instantiation of "void strata::kernels::<unnamed>::native_mmvq_multi_kernel<F,NCOLS,NW,ROWS,TS,PAIR>(const F::Block *, const strata::kernels::<unnamed>::Q81Block *, float *, int, int, const F::Block *, float *) [with F=strata::kernels::<unnamed>::Q3KTraits, NCOLS=5, NW=4, ROWS=2, TS=true, PAIR=false]" at line 1290
            instantiation of "void strata::kernels::<unnamed>::launch_multi_n<F,NCOLS>(const void *, const void *, float *, int, int, cudaStream_t) [with F=strata::kernels::<unnamed>::Q3KTraits, NCOLS=5]" at line 1302
            instantiation of "void strata::kernels::<unnamed>::launch_multi<F>(const void *, const void *, float *, int, int, int, void *) [with F=strata::kernels::<unnamed>::Q3KTraits]" at line 2262

G:\Strata\Strata-Safetensors\src\kernels\cuda\native_mmvq.cu(1251): warning #128-D: loop is not reachable
      for (int j = 0; j < NCOLS; ++j) {
      ^
          detected during:
            instantiation of "void strata::kernels::<unnamed>::native_mmvq_multi_kernel<F,NCOLS,NW,ROWS,TS,PAIR>(const F::Block *, const strata::kernels::<unnamed>::Q81Block *, float *, int, int, const F::Block *, float *) [with F=strata::kernels::<unnamed>::Q3KTraits, NCOLS=6, NW=4, ROWS=1, TS=true, PAIR=false]" at line 1284
            instantiation of "void strata::kernels::<unnamed>::launch_multi_n<F,NCOLS>(const void *, const void *, float *, int, int, cudaStream_t) [with F=strata::kernels::<unnamed>::Q3KTraits, NCOLS=6]" at line 1303
            instantiation of "void strata::kernels::<unnamed>::launch_multi<F>(const void *, const void *, float *, int, int, int, void *) [with F=strata::kernels::<unnamed>::Q3KTraits]" at line 2262

G:\Strata\Strata-Safetensors\src\kernels\cuda\native_mmvq.cu(1251): warning #128-D: loop is not reachable
      for (int j = 0; j < NCOLS; ++j) {
      ^
          detected during:
            instantiation of "void strata::kernels::<unnamed>::native_mmvq_multi_kernel<F,NCOLS,NW,ROWS,TS,PAIR>(const F::Block *, const strata::kernels::<unnamed>::Q81Block *, float *, int, int, const F::Block *, float *) [with F=strata::kernels::<unnamed>::Q3KTraits, NCOLS=6, NW=4, ROWS=2, TS=true, PAIR=false]" at line 1290
            instantiation of "void strata::kernels::<unnamed>::launch_multi_n<F,NCOLS>(const void *, const void *, float *, int, int, cudaStream_t) [with F=strata::kernels::<unnamed>::Q3KTraits, NCOLS=6]" at line 1303
            instantiation of "void strata::kernels::<unnamed>::launch_multi<F>(const void *, const void *, float *, int, int, int, void *) [with F=strata::kernels::<unnamed>::Q3KTraits]" at line 2262

G:\Strata\Strata-Safetensors\src\kernels\cuda\native_mmvq.cu(1251): warning #128-D: loop is not reachable
      for (int j = 0; j < NCOLS; ++j) {
      ^
          detected during:
            instantiation of "void strata::kernels::<unnamed>::native_mmvq_multi_kernel<F,NCOLS,NW,ROWS,TS,PAIR>(const F::Block *, const strata::kernels::<unnamed>::Q81Block *, float *, int, int, const F::Block *, float *) [with F=strata::kernels::<unnamed>::Q3KTraits, NCOLS=7, NW=4, ROWS=1, TS=true, PAIR=false]" at line 1284
            instantiation of "void strata::kernels::<unnamed>::launch_multi_n<F,NCOLS>(const void *, const void *, float *, int, int, cudaStream_t) [with F=strata::kernels::<unnamed>::Q3KTraits, NCOLS=7]" at line 1304
            instantiation of "void strata::kernels::<unnamed>::launch_multi<F>(const void *, const void *, float *, int, int, int, void *) [with F=strata::kernels::<unnamed>::Q3KTraits]" at line 2262

G:\Strata\Strata-Safetensors\src\kernels\cuda\native_mmvq.cu(1251): warning #128-D: loop is not reachable
      for (int j = 0; j < NCOLS; ++j) {
      ^
          detected during:
            instantiation of "void strata::kernels::<unnamed>::native_mmvq_multi_kernel<F,NCOLS,NW,ROWS,TS,PAIR>(const F::Block *, const strata::kernels::<unnamed>::Q81Block *, float *, int, int, const F::Block *, float *) [with F=strata::kernels::<unnamed>::Q3KTraits, NCOLS=7, NW=4, ROWS=2, TS=true, PAIR=false]" at line 1290
            instantiation of "void strata::kernels::<unnamed>::launch_multi_n<F,NCOLS>(const void *, const void *, float *, int, int, cudaStream_t) [with F=strata::kernels::<unnamed>::Q3KTraits, NCOLS=7]" at line 1304
            instantiation of "void strata::kernels::<unnamed>::launch_multi<F>(const void *, const void *, float *, int, int, int, void *) [with F=strata::kernels::<unnamed>::Q3KTraits]" at line 2262

G:\Strata\Strata-Safetensors\src\kernels\cuda\native_mmvq.cu(1251): warning #128-D: loop is not reachable
      for (int j = 0; j < NCOLS; ++j) {
      ^
          detected during:
            instantiation of "void strata::kernels::<unnamed>::native_mmvq_multi_kernel<F,NCOLS,NW,ROWS,TS,PAIR>(const F::Block *, const strata::kernels::<unnamed>::Q81Block *, float *, int, int, const F::Block *, float *) [with F=strata::kernels::<unnamed>::Q3KTraits, NCOLS=8, NW=4, ROWS=1, TS=true, PAIR=false]" at line 1284
            instantiation of "void strata::kernels::<unnamed>::launch_multi_n<F,NCOLS>(const void *, const void *, float *, int, int, cudaStream_t) [with F=strata::kernels::<unnamed>::Q3KTraits, NCOLS=8]" at line 1305
            instantiation of "void strata::kernels::<unnamed>::launch_multi<F>(const void *, const void *, float *, int, int, int, void *) [with F=strata::kernels::<unnamed>::Q3KTraits]" at line 2262

G:\Strata\Strata-Safetensors\src\kernels\cuda\native_mmvq.cu(1251): warning #128-D: loop is not reachable
      for (int j = 0; j < NCOLS; ++j) {
      ^
          detected during:
            instantiation of "void strata::kernels::<unnamed>::native_mmvq_multi_kernel<F,NCOLS,NW,ROWS,TS,PAIR>(const F::Block *, const strata::kernels::<unnamed>::Q81Block *, float *, int, int, const F::Block *, float *) [with F=strata::kernels::<unnamed>::Q3KTraits, NCOLS=8, NW=4, ROWS=2, TS=true, PAIR=false]" at line 1290
            instantiation of "void strata::kernels::<unnamed>::launch_multi_n<F,NCOLS>(const void *, const void *, float *, int, int, cudaStream_t) [with F=strata::kernels::<unnamed>::Q3KTraits, NCOLS=8]" at line 1305
            instantiation of "void strata::kernels::<unnamed>::launch_multi<F>(const void *, const void *, float *, int, int, int, void *) [with F=strata::kernels::<unnamed>::Q3KTraits]" at line 2262

G:\Strata\Strata-Safetensors\src\kernels\cuda\native_mmvq.cu(1251): warning #128-D: loop is not reachable
      for (int j = 0; j < NCOLS; ++j) {
      ^
          detected during:
            instantiation of "void strata::kernels::<unnamed>::native_mmvq_multi_kernel<F,NCOLS,NW,ROWS,TS,PAIR>(const F::Block *, const strata::kernels::<unnamed>::Q81Block *, float *, int, int, const F::Block *, float *) [with F=strata::kernels::<unnamed>::IQ4XSTraits, NCOLS=2, NW=4, ROWS=1, TS=true, PAIR=false]" at line 1284
            instantiation of "void strata::kernels::<unnamed>::launch_multi_n<F,NCOLS>(const void *, const void *, float *, int, int, cudaStream_t) [with F=strata::kernels::<unnamed>::IQ4XSTraits, NCOLS=2]" at line 1299
            instantiation of "void strata::kernels::<unnamed>::launch_multi<F>(const void *, const void *, float *, int, int, int, void *) [with F=strata::kernels::<unnamed>::IQ4XSTraits]" at line 2302

G:\Strata\Strata-Safetensors\src\kernels\cuda\native_mmvq.cu(1251): warning #128-D: loop is not reachable
      for (int j = 0; j < NCOLS; ++j) {
      ^
          detected during:
            instantiation of "void strata::kernels::<unnamed>::native_mmvq_multi_kernel<F,NCOLS,NW,ROWS,TS,PAIR>(const F::Block *, const strata::kernels::<unnamed>::Q81Block *, float *, int, int, const F::Block *, float *) [with F=strata::kernels::<unnamed>::IQ4XSTraits, NCOLS=2, NW=4, ROWS=2, TS=true, PAIR=false]" at line 1290
            instantiation of "void strata::kernels::<unnamed>::launch_multi_n<F,NCOLS>(const void *, const void *, float *, int, int, cudaStream_t) [with F=strata::kernels::<unnamed>::IQ4XSTraits, NCOLS=2]" at line 1299
            instantiation of "void strata::kernels::<unnamed>::launch_multi<F>(const void *, const void *, float *, int, int, int, void *) [with F=strata::kernels::<unnamed>::IQ4XSTraits]" at line 2302

G:\Strata\Strata-Safetensors\src\kernels\cuda\native_mmvq.cu(1251): warning #128-D: loop is not reachable
      for (int j = 0; j < NCOLS; ++j) {
      ^
          detected during:
            instantiation of "void strata::kernels::<unnamed>::native_mmvq_multi_kernel<F,NCOLS,NW,ROWS,TS,PAIR>(const F::Block *, const strata::kernels::<unnamed>::Q81Block *, float *, int, int, const F::Block *, float *) [with F=strata::kernels::<unnamed>::IQ4XSTraits, NCOLS=3, NW=4, ROWS=1, TS=true, PAIR=false]" at line 1284
            instantiation of "void strata::kernels::<unnamed>::launch_multi_n<F,NCOLS>(const void *, const void *, float *, int, int, cudaStream_t) [with F=strata::kernels::<unnamed>::IQ4XSTraits, NCOLS=3]" at line 1300
            instantiation of "void strata::kernels::<unnamed>::launch_multi<F>(const void *, const void *, float *, int, int, int, void *) [with F=strata::kernels::<unnamed>::IQ4XSTraits]" at line 2302

G:\Strata\Strata-Safetensors\src\kernels\cuda\native_mmvq.cu(1251): warning #128-D: loop is not reachable
      for (int j = 0; j < NCOLS; ++j) {
      ^
          detected during:
            instantiation of "void strata::kernels::<unnamed>::native_mmvq_multi_kernel<F,NCOLS,NW,ROWS,TS,PAIR>(const F::Block *, const strata::kernels::<unnamed>::Q81Block *, float *, int, int, const F::Block *, float *) [with F=strata::kernels::<unnamed>::IQ4XSTraits, NCOLS=3, NW=4, ROWS=2, TS=true, PAIR=false]" at line 1290
            instantiation of "void strata::kernels::<unnamed>::launch_multi_n<F,NCOLS>(const void *, const void *, float *, int, int, cudaStream_t) [with F=strata::kernels::<unnamed>::IQ4XSTraits, NCOLS=3]" at line 1300
            instantiation of "void strata::kernels::<unnamed>::launch_multi<F>(const void *, const void *, float *, int, int, int, void *) [with F=strata::kernels::<unnamed>::IQ4XSTraits]" at line 2302

G:\Strata\Strata-Safetensors\src\kernels\cuda\native_mmvq.cu(1251): warning #128-D: loop is not reachable
      for (int j = 0; j < NCOLS; ++j) {
      ^
          detected during:
            instantiation of "void strata::kernels::<unnamed>::native_mmvq_multi_kernel<F,NCOLS,NW,ROWS,TS,PAIR>(const F::Block *, const strata::kernels::<unnamed>::Q81Block *, float *, int, int, const F::Block *, float *) [with F=strata::kernels::<unnamed>::IQ4XSTraits, NCOLS=4, NW=4, ROWS=1, TS=true, PAIR=false]" at line 1284
            instantiation of "void strata::kernels::<unnamed>::launch_multi_n<F,NCOLS>(const void *, const void *, float *, int, int, cudaStream_t) [with F=strata::kernels::<unnamed>::IQ4XSTraits, NCOLS=4]" at line 1301
            instantiation of "void strata::kernels::<unnamed>::launch_multi<F>(const void *, const void *, float *, int, int, int, void *) [with F=strata::kernels::<unnamed>::IQ4XSTraits]" at line 2302

G:\Strata\Strata-Safetensors\src\kernels\cuda\native_mmvq.cu(1251): warning #128-D: loop is not reachable
      for (int j = 0; j < NCOLS; ++j) {
      ^
          detected during:
            instantiation of "void strata::kernels::<unnamed>::native_mmvq_multi_kernel<F,NCOLS,NW,ROWS,TS,PAIR>(const F::Block *, const strata::kernels::<unnamed>::Q81Block *, float *, int, int, const F::Block *, float *) [with F=strata::kernels::<unnamed>::IQ4XSTraits, NCOLS=4, NW=4, ROWS=2, TS=true, PAIR=false]" at line 1290
            instantiation of "void strata::kernels::<unnamed>::launch_multi_n<F,NCOLS>(const void *, const void *, float *, int, int, cudaStream_t) [with F=strata::kernels::<unnamed>::IQ4XSTraits, NCOLS=4]" at line 1301
            instantiation of "void strata::kernels::<unnamed>::launch_multi<F>(const void *, const void *, float *, int, int, int, void *) [with F=strata::kernels::<unnamed>::IQ4XSTraits]" at line 2302

G:\Strata\Strata-Safetensors\src\kernels\cuda\native_mmvq.cu(1251): warning #128-D: loop is not reachable
      for (int j = 0; j < NCOLS; ++j) {
      ^
          detected during:
            instantiation of "void strata::kernels::<unnamed>::native_mmvq_multi_kernel<F,NCOLS,NW,ROWS,TS,PAIR>(const F::Block *, const strata::kernels::<unnamed>::Q81Block *, float *, int, int, const F::Block *, float *) [with F=strata::kernels::<unnamed>::IQ4XSTraits, NCOLS=5, NW=4, ROWS=1, TS=true, PAIR=false]" at line 1284
            instantiation of "void strata::kernels::<unnamed>::launch_multi_n<F,NCOLS>(const void *, const void *, float *, int, int, cudaStream_t) [with F=strata::kernels::<unnamed>::IQ4XSTraits, NCOLS=5]" at line 1302
            instantiation of "void strata::kernels::<unnamed>::launch_multi<F>(const void *, const void *, float *, int, int, int, void *) [with F=strata::kernels::<unnamed>::IQ4XSTraits]" at line 2302

G:\Strata\Strata-Safetensors\src\kernels\cuda\native_mmvq.cu(1251): warning #128-D: loop is not reachable
      for (int j = 0; j < NCOLS; ++j) {
      ^
          detected during:
            instantiation of "void strata::kernels::<unnamed>::native_mmvq_multi_kernel<F,NCOLS,NW,ROWS,TS,PAIR>(const F::Block *, const strata::kernels::<unnamed>::Q81Block *, float *, int, int, const F::Block *, float *) [with F=strata::kernels::<unnamed>::IQ4XSTraits, NCOLS=5, NW=4, ROWS=2, TS=true, PAIR=false]" at line 1290
            instantiation of "void strata::kernels::<unnamed>::launch_multi_n<F,NCOLS>(const void *, const void *, float *, int, int, cudaStream_t) [with F=strata::kernels::<unnamed>::IQ4XSTraits, NCOLS=5]" at line 1302
            instantiation of "void strata::kernels::<unnamed>::launch_multi<F>(const void *, const void *, float *, int, int, int, void *) [with F=strata::kernels::<unnamed>::IQ4XSTraits]" at line 2302

G:\Strata\Strata-Safetensors\src\kernels\cuda\native_mmvq.cu(1251): warning #128-D: loop is not reachable
      for (int j = 0; j < NCOLS; ++j) {
      ^
          detected during:
            instantiation of "void strata::kernels::<unnamed>::native_mmvq_multi_kernel<F,NCOLS,NW,ROWS,TS,PAIR>(const F::Block *, const strata::kernels::<unnamed>::Q81Block *, float *, int, int, const F::Block *, float *) [with F=strata::kernels::<unnamed>::IQ4XSTraits, NCOLS=6, NW=4, ROWS=1, TS=true, PAIR=false]" at line 1284
            instantiation of "void strata::kernels::<unnamed>::launch_multi_n<F,NCOLS>(const void *, const void *, float *, int, int, cudaStream_t) [with F=strata::kernels::<unnamed>::IQ4XSTraits, NCOLS=6]" at line 1303
            instantiation of "void strata::kernels::<unnamed>::launch_multi<F>(const void *, const void *, float *, int, int, int, void *) [with F=strata::kernels::<unnamed>::IQ4XSTraits]" at line 2302

G:\Strata\Strata-Safetensors\src\kernels\cuda\native_mmvq.cu(1251): warning #128-D: loop is not reachable
      for (int j = 0; j < NCOLS; ++j) {
      ^
          detected during:
            instantiation of "void strata::kernels::<unnamed>::native_mmvq_multi_kernel<F,NCOLS,NW,ROWS,TS,PAIR>(const F::Block *, const strata::kernels::<unnamed>::Q81Block *, float *, int, int, const F::Block *, float *) [with F=strata::kernels::<unnamed>::IQ4XSTraits, NCOLS=6, NW=4, ROWS=2, TS=true, PAIR=false]" at line 1290
            instantiation of "void strata::kernels::<unnamed>::launch_multi_n<F,NCOLS>(const void *, const void *, float *, int, int, cudaStream_t) [with F=strata::kernels::<unnamed>::IQ4XSTraits, NCOLS=6]" at line 1303
            instantiation of "void strata::kernels::<unnamed>::launch_multi<F>(const void *, const void *, float *, int, int, int, void *) [with F=strata::kernels::<unnamed>::IQ4XSTraits]" at line 2302

G:\Strata\Strata-Safetensors\src\kernels\cuda\native_mmvq.cu(1251): warning #128-D: loop is not reachable
      for (int j = 0; j < NCOLS; ++j) {
      ^
          detected during:
            instantiation of "void strata::kernels::<unnamed>::native_mmvq_multi_kernel<F,NCOLS,NW,ROWS,TS,PAIR>(const F::Block *, const strata::kernels::<unnamed>::Q81Block *, float *, int, int, const F::Block *, float *) [with F=strata::kernels::<unnamed>::IQ4XSTraits, NCOLS=7, NW=4, ROWS=1, TS=true, PAIR=false]" at line 1284
            instantiation of "void strata::kernels::<unnamed>::launch_multi_n<F,NCOLS>(const void *, const void *, float *, int, int, cudaStream_t) [with F=strata::kernels::<unnamed>::IQ4XSTraits, NCOLS=7]" at line 1304
            instantiation of "void strata::kernels::<unnamed>::launch_multi<F>(const void *, const void *, float *, int, int, int, void *) [with F=strata::kernels::<unnamed>::IQ4XSTraits]" at line 2302

G:\Strata\Strata-Safetensors\src\kernels\cuda\native_mmvq.cu(1251): warning #128-D: loop is not reachable
      for (int j = 0; j < NCOLS; ++j) {
      ^
          detected during:
            instantiation of "void strata::kernels::<unnamed>::native_mmvq_multi_kernel<F,NCOLS,NW,ROWS,TS,PAIR>(const F::Block *, const strata::kernels::<unnamed>::Q81Block *, float *, int, int, const F::Block *, float *) [with F=strata::kernels::<unnamed>::IQ4XSTraits, NCOLS=7, NW=4, ROWS=2, TS=true, PAIR=false]" at line 1290
            instantiation of "void strata::kernels::<unnamed>::launch_multi_n<F,NCOLS>(const void *, const void *, float *, int, int, cudaStream_t) [with F=strata::kernels::<unnamed>::IQ4XSTraits, NCOLS=7]" at line 1304
            instantiation of "void strata::kernels::<unnamed>::launch_multi<F>(const void *, const void *, float *, int, int, int, void *) [with F=strata::kernels::<unnamed>::IQ4XSTraits]" at line 2302

G:\Strata\Strata-Safetensors\src\kernels\cuda\native_mmvq.cu(1251): warning #128-D: loop is not reachable
      for (int j = 0; j < NCOLS; ++j) {
      ^
          detected during:
            instantiation of "void strata::kernels::<unnamed>::native_mmvq_multi_kernel<F,NCOLS,NW,ROWS,TS,PAIR>(const F::Block *, const strata::kernels::<unnamed>::Q81Block *, float *, int, int, const F::Block *, float *) [with F=strata::kernels::<unnamed>::IQ4XSTraits, NCOLS=8, NW=4, ROWS=1, TS=true, PAIR=false]" at line 1284
            instantiation of "void strata::kernels::<unnamed>::launch_multi_n<F,NCOLS>(const void *, const void *, float *, int, int, cudaStream_t) [with F=strata::kernels::<unnamed>::IQ4XSTraits, NCOLS=8]" at line 1305
            instantiation of "void strata::kernels::<unnamed>::launch_multi<F>(const void *, const void *, float *, int, int, int, void *) [with F=strata::kernels::<unnamed>::IQ4XSTraits]" at line 2302

G:\Strata\Strata-Safetensors\src\kernels\cuda\native_mmvq.cu(1251): warning #128-D: loop is not reachable
      for (int j = 0; j < NCOLS; ++j) {
      ^
          detected during:
            instantiation of "void strata::kernels::<unnamed>::native_mmvq_multi_kernel<F,NCOLS,NW,ROWS,TS,PAIR>(const F::Block *, const strata::kernels::<unnamed>::Q81Block *, float *, int, int, const F::Block *, float *) [with F=strata::kernels::<unnamed>::IQ4XSTraits, NCOLS=8, NW=4, ROWS=2, TS=true, PAIR=false]" at line 1290
            instantiation of "void strata::kernels::<unnamed>::launch_multi_n<F,NCOLS>(const void *, const void *, float *, int, int, cudaStream_t) [with F=strata::kernels::<unnamed>::IQ4XSTraits, NCOLS=8]" at line 1305
            instantiation of "void strata::kernels::<unnamed>::launch_multi<F>(const void *, const void *, float *, int, int, int, void *) [with F=strata::kernels::<unnamed>::IQ4XSTraits]" at line 2302

G:\Strata\Strata-Safetensors\src\kernels\cuda\native_mmvq.cu(1251): warning #128-D: loop is not reachable
      for (int j = 0; j < NCOLS; ++j) {
      ^
          detected during:
            instantiation of "void strata::kernels::<unnamed>::native_mmvq_multi_kernel<F,NCOLS,NW,ROWS,TS,PAIR>(const F::Block *, const strata::kernels::<unnamed>::Q81Block *, float *, int, int, const F::Block *, float *) [with F=strata::kernels::<unnamed>::Q4KTraits, NCOLS=2, NW=4, ROWS=1, TS=true, PAIR=false]" at line 1284
            instantiation of "void strata::kernels::<unnamed>::launch_multi_n<F,NCOLS>(const void *, const void *, float *, int, int, cudaStream_t) [with F=strata::kernels::<unnamed>::Q4KTraits, NCOLS=2]" at line 1299
            instantiation of "void strata::kernels::<unnamed>::launch_multi<F>(const void *, const void *, float *, int, int, int, void *) [with F=strata::kernels::<unnamed>::Q4KTraits]" at line 2342

G:\Strata\Strata-Safetensors\src\kernels\cuda\native_mmvq.cu(1251): warning #128-D: loop is not reachable
      for (int j = 0; j < NCOLS; ++j) {
      ^
          detected during:
            instantiation of "void strata::kernels::<unnamed>::native_mmvq_multi_kernel<F,NCOLS,NW,ROWS,TS,PAIR>(const F::Block *, const strata::kernels::<unnamed>::Q81Block *, float *, int, int, const F::Block *, float *) [with F=strata::kernels::<unnamed>::Q4KTraits, NCOLS=2, NW=4, ROWS=2, TS=true, PAIR=false]" at line 1290
            instantiation of "void strata::kernels::<unnamed>::launch_multi_n<F,NCOLS>(const void *, const void *, float *, int, int, cudaStream_t) [with F=strata::kernels::<unnamed>::Q4KTraits, NCOLS=2]" at line 1299
            instantiation of "void strata::kernels::<unnamed>::launch_multi<F>(const void *, const void *, float *, int, int, int, void *) [with F=strata::kernels::<unnamed>::Q4KTraits]" at line 2342

G:\Strata\Strata-Safetensors\src\kernels\cuda\native_mmvq.cu(1251): warning #128-D: loop is not reachable
      for (int j = 0; j < NCOLS; ++j) {
      ^
          detected during:
            instantiation of "void strata::kernels::<unnamed>::native_mmvq_multi_kernel<F,NCOLS,NW,ROWS,TS,PAIR>(const F::Block *, const strata::kernels::<unnamed>::Q81Block *, float *, int, int, const F::Block *, float *) [with F=strata::kernels::<unnamed>::Q4KTraits, NCOLS=3, NW=4, ROWS=1, TS=true, PAIR=false]" at line 1284
            instantiation of "void strata::kernels::<unnamed>::launch_multi_n<F,NCOLS>(const void *, const void *, float *, int, int, cudaStream_t) [with F=strata::kernels::<unnamed>::Q4KTraits, NCOLS=3]" at line 1300
            instantiation of "void strata::kernels::<unnamed>::launch_multi<F>(const void *, const void *, float *, int, int, int, void *) [with F=strata::kernels::<unnamed>::Q4KTraits]" at line 2342

G:\Strata\Strata-Safetensors\src\kernels\cuda\native_mmvq.cu(1251): warning #128-D: loop is not reachable
      for (int j = 0; j < NCOLS; ++j) {
      ^
          detected during:
            instantiation of "void strata::kernels::<unnamed>::native_mmvq_multi_kernel<F,NCOLS,NW,ROWS,TS,PAIR>(const F::Block *, const strata::kernels::<unnamed>::Q81Block *, float *, int, int, const F::Block *, float *) [with F=strata::kernels::<unnamed>::Q4KTraits, NCOLS=3, NW=4, ROWS=2, TS=true, PAIR=false]" at line 1290
            instantiation of "void strata::kernels::<unnamed>::launch_multi_n<F,NCOLS>(const void *, const void *, float *, int, int, cudaStream_t) [with F=strata::kernels::<unnamed>::Q4KTraits, NCOLS=3]" at line 1300
            instantiation of "void strata::kernels::<unnamed>::launch_multi<F>(const void *, const void *, float *, int, int, int, void *) [with F=strata::kernels::<unnamed>::Q4KTraits]" at line 2342

G:\Strata\Strata-Safetensors\src\kernels\cuda\native_mmvq.cu(1251): warning #128-D: loop is not reachable
      for (int j = 0; j < NCOLS; ++j) {
      ^
          detected during:
            instantiation of "void strata::kernels::<unnamed>::native_mmvq_multi_kernel<F,NCOLS,NW,ROWS,TS,PAIR>(const F::Block *, const strata::kernels::<unnamed>::Q81Block *, float *, int, int, const F::Block *, float *) [with F=strata::kernels::<unnamed>::Q4KTraits, NCOLS=4, NW=4, ROWS=1, TS=true, PAIR=false]" at line 1284
            instantiation of "void strata::kernels::<unnamed>::launch_multi_n<F,NCOLS>(const void *, const void *, float *, int, int, cudaStream_t) [with F=strata::kernels::<unnamed>::Q4KTraits, NCOLS=4]" at line 1301
            instantiation of "void strata::kernels::<unnamed>::launch_multi<F>(const void *, const void *, float *, int, int, int, void *) [with F=strata::kernels::<unnamed>::Q4KTraits]" at line 2342

G:\Strata\Strata-Safetensors\src\kernels\cuda\native_mmvq.cu(1251): warning #128-D: loop is not reachable
      for (int j = 0; j < NCOLS; ++j) {
      ^
          detected during:
            instantiation of "void strata::kernels::<unnamed>::native_mmvq_multi_kernel<F,NCOLS,NW,ROWS,TS,PAIR>(const F::Block *, const strata::kernels::<unnamed>::Q81Block *, float *, int, int, const F::Block *, float *) [with F=strata::kernels::<unnamed>::Q4KTraits, NCOLS=4, NW=4, ROWS=2, TS=true, PAIR=false]" at line 1290
            instantiation of "void strata::kernels::<unnamed>::launch_multi_n<F,NCOLS>(const void *, const void *, float *, int, int, cudaStream_t) [with F=strata::kernels::<unnamed>::Q4KTraits, NCOLS=4]" at line 1301
            instantiation of "void strata::kernels::<unnamed>::launch_multi<F>(const void *, const void *, float *, int, int, int, void *) [with F=strata::kernels::<unnamed>::Q4KTraits]" at line 2342

G:\Strata\Strata-Safetensors\src\kernels\cuda\native_mmvq.cu(1251): warning #128-D: loop is not reachable
      for (int j = 0; j < NCOLS; ++j) {
      ^
          detected during:
            instantiation of "void strata::kernels::<unnamed>::native_mmvq_multi_kernel<F,NCOLS,NW,ROWS,TS,PAIR>(const F::Block *, const strata::kernels::<unnamed>::Q81Block *, float *, int, int, const F::Block *, float *) [with F=strata::kernels::<unnamed>::Q4KTraits, NCOLS=5, NW=4, ROWS=1, TS=true, PAIR=false]" at line 1284
            instantiation of "void strata::kernels::<unnamed>::launch_multi_n<F,NCOLS>(const void *, const void *, float *, int, int, cudaStream_t) [with F=strata::kernels::<unnamed>::Q4KTraits, NCOLS=5]" at line 1302
            instantiation of "void strata::kernels::<unnamed>::launch_multi<F>(const void *, const void *, float *, int, int, int, void *) [with F=strata::kernels::<unnamed>::Q4KTraits]" at line 2342

G:\Strata\Strata-Safetensors\src\kernels\cuda\native_mmvq.cu(1251): warning #128-D: loop is not reachable
      for (int j = 0; j < NCOLS; ++j) {
      ^
          detected during:
            instantiation of "void strata::kernels::<unnamed>::native_mmvq_multi_kernel<F,NCOLS,NW,ROWS,TS,PAIR>(const F::Block *, const strata::kernels::<unnamed>::Q81Block *, float *, int, int, const F::Block *, float *) [with F=strata::kernels::<unnamed>::Q4KTraits, NCOLS=5, NW=4, ROWS=2, TS=true, PAIR=false]" at line 1290
            instantiation of "void strata::kernels::<unnamed>::launch_multi_n<F,NCOLS>(const void *, const void *, float *, int, int, cudaStream_t) [with F=strata::kernels::<unnamed>::Q4KTraits, NCOLS=5]" at line 1302
            instantiation of "void strata::kernels::<unnamed>::launch_multi<F>(const void *, const void *, float *, int, int, int, void *) [with F=strata::kernels::<unnamed>::Q4KTraits]" at line 2342

G:\Strata\Strata-Safetensors\src\kernels\cuda\native_mmvq.cu(1251): warning #128-D: loop is not reachable
      for (int j = 0; j < NCOLS; ++j) {
      ^
          detected during:
            instantiation of "void strata::kernels::<unnamed>::native_mmvq_multi_kernel<F,NCOLS,NW,ROWS,TS,PAIR>(const F::Block *, const strata::kernels::<unnamed>::Q81Block *, float *, int, int, const F::Block *, float *) [with F=strata::kernels::<unnamed>::Q4KTraits, NCOLS=6, NW=4, ROWS=1, TS=true, PAIR=false]" at line 1284
            instantiation of "void strata::kernels::<unnamed>::launch_multi_n<F,NCOLS>(const void *, const void *, float *, int, int, cudaStream_t) [with F=strata::kernels::<unnamed>::Q4KTraits, NCOLS=6]" at line 1303
            instantiation of "void strata::kernels::<unnamed>::launch_multi<F>(const void *, const void *, float *, int, int, int, void *) [with F=strata::kernels::<unnamed>::Q4KTraits]" at line 2342

G:\Strata\Strata-Safetensors\src\kernels\cuda\native_mmvq.cu(1251): warning #128-D: loop is not reachable
      for (int j = 0; j < NCOLS; ++j) {
      ^
          detected during:
            instantiation of "void strata::kernels::<unnamed>::native_mmvq_multi_kernel<F,NCOLS,NW,ROWS,TS,PAIR>(const F::Block *, const strata::kernels::<unnamed>::Q81Block *, float *, int, int, const F::Block *, float *) [with F=strata::kernels::<unnamed>::Q4KTraits, NCOLS=6, NW=4, ROWS=2, TS=true, PAIR=false]" at line 1290
            instantiation of "void strata::kernels::<unnamed>::launch_multi_n<F,NCOLS>(const void *, const void *, float *, int, int, cudaStream_t) [with F=strata::kernels::<unnamed>::Q4KTraits, NCOLS=6]" at line 1303
            instantiation of "void strata::kernels::<unnamed>::launch_multi<F>(const void *, const void *, float *, int, int, int, void *) [with F=strata::kernels::<unnamed>::Q4KTraits]" at line 2342

G:\Strata\Strata-Safetensors\src\kernels\cuda\native_mmvq.cu(1251): warning #128-D: loop is not reachable
      for (int j = 0; j < NCOLS; ++j) {
      ^
          detected during:
            instantiation of "void strata::kernels::<unnamed>::native_mmvq_multi_kernel<F,NCOLS,NW,ROWS,TS,PAIR>(const F::Block *, const strata::kernels::<unnamed>::Q81Block *, float *, int, int, const F::Block *, float *) [with F=strata::kernels::<unnamed>::Q4KTraits, NCOLS=7, NW=4, ROWS=1, TS=true, PAIR=false]" at line 1284
            instantiation of "void strata::kernels::<unnamed>::launch_multi_n<F,NCOLS>(const void *, const void *, float *, int, int, cudaStream_t) [with F=strata::kernels::<unnamed>::Q4KTraits, NCOLS=7]" at line 1304
            instantiation of "void strata::kernels::<unnamed>::launch_multi<F>(const void *, const void *, float *, int, int, int, void *) [with F=strata::kernels::<unnamed>::Q4KTraits]" at line 2342

G:\Strata\Strata-Safetensors\src\kernels\cuda\native_mmvq.cu(1251): warning #128-D: loop is not reachable
      for (int j = 0; j < NCOLS; ++j) {
      ^
          detected during:
            instantiation of "void strata::kernels::<unnamed>::native_mmvq_multi_kernel<F,NCOLS,NW,ROWS,TS,PAIR>(const F::Block *, const strata::kernels::<unnamed>::Q81Block *, float *, int, int, const F::Block *, float *) [with F=strata::kernels::<unnamed>::Q4KTraits, NCOLS=7, NW=4, ROWS=2, TS=true, PAIR=false]" at line 1290
            instantiation of "void strata::kernels::<unnamed>::launch_multi_n<F,NCOLS>(const void *, const void *, float *, int, int, cudaStream_t) [with F=strata::kernels::<unnamed>::Q4KTraits, NCOLS=7]" at line 1304
            instantiation of "void strata::kernels::<unnamed>::launch_multi<F>(const void *, const void *, float *, int, int, int, void *) [with F=strata::kernels::<unnamed>::Q4KTraits]" at line 2342

G:\Strata\Strata-Safetensors\src\kernels\cuda\native_mmvq.cu(1251): warning #128-D: loop is not reachable
      for (int j = 0; j < NCOLS; ++j) {
      ^
          detected during:
            instantiation of "void strata::kernels::<unnamed>::native_mmvq_multi_kernel<F,NCOLS,NW,ROWS,TS,PAIR>(const F::Block *, const strata::kernels::<unnamed>::Q81Block *, float *, int, int, const F::Block *, float *) [with F=strata::kernels::<unnamed>::Q4KTraits, NCOLS=8, NW=4, ROWS=1, TS=true, PAIR=false]" at line 1284
            instantiation of "void strata::kernels::<unnamed>::launch_multi_n<F,NCOLS>(const void *, const void *, float *, int, int, cudaStream_t) [with F=strata::kernels::<unnamed>::Q4KTraits, NCOLS=8]" at line 1305
            instantiation of "void strata::kernels::<unnamed>::launch_multi<F>(const void *, const void *, float *, int, int, int, void *) [with F=strata::kernels::<unnamed>::Q4KTraits]" at line 2342

G:\Strata\Strata-Safetensors\src\kernels\cuda\native_mmvq.cu(1251): warning #128-D: loop is not reachable
      for (int j = 0; j < NCOLS; ++j) {
      ^
          detected during:
            instantiation of "void strata::kernels::<unnamed>::native_mmvq_multi_kernel<F,NCOLS,NW,ROWS,TS,PAIR>(const F::Block *, const strata::kernels::<unnamed>::Q81Block *, float *, int, int, const F::Block *, float *) [with F=strata::kernels::<unnamed>::Q4KTraits, NCOLS=8, NW=4, ROWS=2, TS=true, PAIR=false]" at line 1290
            instantiation of "void strata::kernels::<unnamed>::launch_multi_n<F,NCOLS>(const void *, const void *, float *, int, int, cudaStream_t) [with F=strata::kernels::<unnamed>::Q4KTraits, NCOLS=8]" at line 1305
            instantiation of "void strata::kernels::<unnamed>::launch_multi<F>(const void *, const void *, float *, int, int, int, void *) [with F=strata::kernels::<unnamed>::Q4KTraits]" at line 2342

G:\Strata\Strata-Safetensors\src\kernels\cuda\native_mmvq.cu(1251): warning #128-D: loop is not reachable
      for (int j = 0; j < NCOLS; ++j) {
      ^
          detected during:
            instantiation of "void strata::kernels::<unnamed>::native_mmvq_multi_kernel<F,NCOLS,NW,ROWS,TS,PAIR>(const F::Block *, const strata::kernels::<unnamed>::Q81Block *, float *, int, int, const F::Block *, float *) [with F=strata::kernels::<unnamed>::Q6KTraits, NCOLS=2, NW=4, ROWS=1, TS=true, PAIR=false]" at line 1284
            instantiation of "void strata::kernels::<unnamed>::launch_multi_n<F,NCOLS>(const void *, const void *, float *, int, int, cudaStream_t) [with F=strata::kernels::<unnamed>::Q6KTraits, NCOLS=2]" at line 1299
            instantiation of "void strata::kernels::<unnamed>::launch_multi<F>(const void *, const void *, float *, int, int, int, void *) [with F=strata::kernels::<unnamed>::Q6KTraits]" at line 2383

G:\Strata\Strata-Safetensors\src\kernels\cuda\native_mmvq.cu(1251): warning #128-D: loop is not reachable
      for (int j = 0; j < NCOLS; ++j) {
      ^
          detected during:
            instantiation of "void strata::kernels::<unnamed>::native_mmvq_multi_kernel<F,NCOLS,NW,ROWS,TS,PAIR>(const F::Block *, const strata::kernels::<unnamed>::Q81Block *, float *, int, int, const F::Block *, float *) [with F=strata::kernels::<unnamed>::Q6KTraits, NCOLS=2, NW=4, ROWS=2, TS=true, PAIR=false]" at line 1290
            instantiation of "void strata::kernels::<unnamed>::launch_multi_n<F,NCOLS>(const void *, const void *, float *, int, int, cudaStream_t) [with F=strata::kernels::<unnamed>::Q6KTraits, NCOLS=2]" at line 1299
            instantiation of "void strata::kernels::<unnamed>::launch_multi<F>(const void *, const void *, float *, int, int, int, void *) [with F=strata::kernels::<unnamed>::Q6KTraits]" at line 2383

G:\Strata\Strata-Safetensors\src\kernels\cuda\native_mmvq.cu(1251): warning #128-D: loop is not reachable
      for (int j = 0; j < NCOLS; ++j) {
      ^
          detected during:
            instantiation of "void strata::kernels::<unnamed>::native_mmvq_multi_kernel<F,NCOLS,NW,ROWS,TS,PAIR>(const F::Block *, const strata::kernels::<unnamed>::Q81Block *, float *, int, int, const F::Block *, float *) [with F=strata::kernels::<unnamed>::Q6KTraits, NCOLS=3, NW=4, ROWS=1, TS=true, PAIR=false]" at line 1284
            instantiation of "void strata::kernels::<unnamed>::launch_multi_n<F,NCOLS>(const void *, const void *, float *, int, int, cudaStream_t) [with F=strata::kernels::<unnamed>::Q6KTraits, NCOLS=3]" at line 1300
            instantiation of "void strata::kernels::<unnamed>::launch_multi<F>(const void *, const void *, float *, int, int, int, void *) [with F=strata::kernels::<unnamed>::Q6KTraits]" at line 2383

G:\Strata\Strata-Safetensors\src\kernels\cuda\native_mmvq.cu(1251): warning #128-D: loop is not reachable
      for (int j = 0; j < NCOLS; ++j) {
      ^
          detected during:
            instantiation of "void strata::kernels::<unnamed>::native_mmvq_multi_kernel<F,NCOLS,NW,ROWS,TS,PAIR>(const F::Block *, const strata::kernels::<unnamed>::Q81Block *, float *, int, int, const F::Block *, float *) [with F=strata::kernels::<unnamed>::Q6KTraits, NCOLS=3, NW=4, ROWS=2, TS=true, PAIR=false]" at line 1290
            instantiation of "void strata::kernels::<unnamed>::launch_multi_n<F,NCOLS>(const void *, const void *, float *, int, int, cudaStream_t) [with F=strata::kernels::<unnamed>::Q6KTraits, NCOLS=3]" at line 1300
            instantiation of "void strata::kernels::<unnamed>::launch_multi<F>(const void *, const void *, float *, int, int, int, void *) [with F=strata::kernels::<unnamed>::Q6KTraits]" at line 2383

G:\Strata\Strata-Safetensors\src\kernels\cuda\native_mmvq.cu(1251): warning #128-D: loop is not reachable
      for (int j = 0; j < NCOLS; ++j) {
      ^
          detected during:
            instantiation of "void strata::kernels::<unnamed>::native_mmvq_multi_kernel<F,NCOLS,NW,ROWS,TS,PAIR>(const F::Block *, const strata::kernels::<unnamed>::Q81Block *, float *, int, int, const F::Block *, float *) [with F=strata::kernels::<unnamed>::Q6KTraits, NCOLS=4, NW=4, ROWS=1, TS=true, PAIR=false]" at line 1284
            instantiation of "void strata::kernels::<unnamed>::launch_multi_n<F,NCOLS>(const void *, const void *, float *, int, int, cudaStream_t) [with F=strata::kernels::<unnamed>::Q6KTraits, NCOLS=4]" at line 1301
            instantiation of "void strata::kernels::<unnamed>::launch_multi<F>(const void *, const void *, float *, int, int, int, void *) [with F=strata::kernels::<unnamed>::Q6KTraits]" at line 2383

G:\Strata\Strata-Safetensors\src\kernels\cuda\native_mmvq.cu(1251): warning #128-D: loop is not reachable
      for (int j = 0; j < NCOLS; ++j) {
      ^
          detected during:
            instantiation of "void strata::kernels::<unnamed>::native_mmvq_multi_kernel<F,NCOLS,NW,ROWS,TS,PAIR>(const F::Block *, const strata::kernels::<unnamed>::Q81Block *, float *, int, int, const F::Block *, float *) [with F=strata::kernels::<unnamed>::Q6KTraits, NCOLS=4, NW=4, ROWS=2, TS=true, PAIR=false]" at line 1290
            instantiation of "void strata::kernels::<unnamed>::launch_multi_n<F,NCOLS>(const void *, const void *, float *, int, int, cudaStream_t) [with F=strata::kernels::<unnamed>::Q6KTraits, NCOLS=4]" at line 1301
            instantiation of "void strata::kernels::<unnamed>::launch_multi<F>(const void *, const void *, float *, int, int, int, void *) [with F=strata::kernels::<unnamed>::Q6KTraits]" at line 2383

G:\Strata\Strata-Safetensors\src\kernels\cuda\native_mmvq.cu(1251): warning #128-D: loop is not reachable
      for (int j = 0; j < NCOLS; ++j) {
      ^
          detected during:
            instantiation of "void strata::kernels::<unnamed>::native_mmvq_multi_kernel<F,NCOLS,NW,ROWS,TS,PAIR>(const F::Block *, const strata::kernels::<unnamed>::Q81Block *, float *, int, int, const F::Block *, float *) [with F=strata::kernels::<unnamed>::Q6KTraits, NCOLS=5, NW=4, ROWS=1, TS=true, PAIR=false]" at line 1284
            instantiation of "void strata::kernels::<unnamed>::launch_multi_n<F,NCOLS>(const void *, const void *, float *, int, int, cudaStream_t) [with F=strata::kernels::<unnamed>::Q6KTraits, NCOLS=5]" at line 1302
            instantiation of "void strata::kernels::<unnamed>::launch_multi<F>(const void *, const void *, float *, int, int, int, void *) [with F=strata::kernels::<unnamed>::Q6KTraits]" at line 2383

G:\Strata\Strata-Safetensors\src\kernels\cuda\native_mmvq.cu(1251): warning #128-D: loop is not reachable
      for (int j = 0; j < NCOLS; ++j) {
      ^
          detected during:
            instantiation of "void strata::kernels::<unnamed>::native_mmvq_multi_kernel<F,NCOLS,NW,ROWS,TS,PAIR>(const F::Block *, const strata::kernels::<unnamed>::Q81Block *, float *, int, int, const F::Block *, float *) [with F=strata::kernels::<unnamed>::Q6KTraits, NCOLS=5, NW=4, ROWS=2, TS=true, PAIR=false]" at line 1290
            instantiation of "void strata::kernels::<unnamed>::launch_multi_n<F,NCOLS>(const void *, const void *, float *, int, int, cudaStream_t) [with F=strata::kernels::<unnamed>::Q6KTraits, NCOLS=5]" at line 1302
            instantiation of "void strata::kernels::<unnamed>::launch_multi<F>(const void *, const void *, float *, int, int, int, void *) [with F=strata::kernels::<unnamed>::Q6KTraits]" at line 2383

G:\Strata\Strata-Safetensors\src\kernels\cuda\native_mmvq.cu(1251): warning #128-D: loop is not reachable
      for (int j = 0; j < NCOLS; ++j) {
      ^
          detected during:
            instantiation of "void strata::kernels::<unnamed>::native_mmvq_multi_kernel<F,NCOLS,NW,ROWS,TS,PAIR>(const F::Block *, const strata::kernels::<unnamed>::Q81Block *, float *, int, int, const F::Block *, float *) [with F=strata::kernels::<unnamed>::Q6KTraits, NCOLS=6, NW=4, ROWS=1, TS=true, PAIR=false]" at line 1284
            instantiation of "void strata::kernels::<unnamed>::launch_multi_n<F,NCOLS>(const void *, const void *, float *, int, int, cudaStream_t) [with F=strata::kernels::<unnamed>::Q6KTraits, NCOLS=6]" at line 1303
            instantiation of "void strata::kernels::<unnamed>::launch_multi<F>(const void *, const void *, float *, int, int, int, void *) [with F=strata::kernels::<unnamed>::Q6KTraits]" at line 2383

G:\Strata\Strata-Safetensors\src\kernels\cuda\native_mmvq.cu(1251): warning #128-D: loop is not reachable
      for (int j = 0; j < NCOLS; ++j) {
      ^
          detected during:
            instantiation of "void strata::kernels::<unnamed>::native_mmvq_multi_kernel<F,NCOLS,NW,ROWS,TS,PAIR>(const F::Block *, const strata::kernels::<unnamed>::Q81Block *, float *, int, int, const F::Block *, float *) [with F=strata::kernels::<unnamed>::Q6KTraits, NCOLS=6, NW=4, ROWS=2, TS=true, PAIR=false]" at line 1290
            instantiation of "void strata::kernels::<unnamed>::launch_multi_n<F,NCOLS>(const void *, const void *, float *, int, int, cudaStream_t) [with F=strata::kernels::<unnamed>::Q6KTraits, NCOLS=6]" at line 1303
            instantiation of "void strata::kernels::<unnamed>::launch_multi<F>(const void *, const void *, float *, int, int, int, void *) [with F=strata::kernels::<unnamed>::Q6KTraits]" at line 2383

G:\Strata\Strata-Safetensors\src\kernels\cuda\native_mmvq.cu(1251): warning #128-D: loop is not reachable
      for (int j = 0; j < NCOLS; ++j) {
      ^
          detected during:
            instantiation of "void strata::kernels::<unnamed>::native_mmvq_multi_kernel<F,NCOLS,NW,ROWS,TS,PAIR>(const F::Block *, const strata::kernels::<unnamed>::Q81Block *, float *, int, int, const F::Block *, float *) [with F=strata::kernels::<unnamed>::Q6KTraits, NCOLS=7, NW=4, ROWS=1, TS=true, PAIR=false]" at line 1284
            instantiation of "void strata::kernels::<unnamed>::launch_multi_n<F,NCOLS>(const void *, const void *, float *, int, int, cudaStream_t) [with F=strata::kernels::<unnamed>::Q6KTraits, NCOLS=7]" at line 1304
            instantiation of "void strata::kernels::<unnamed>::launch_multi<F>(const void *, const void *, float *, int, int, int, void *) [with F=strata::kernels::<unnamed>::Q6KTraits]" at line 2383

G:\Strata\Strata-Safetensors\src\kernels\cuda\native_mmvq.cu(1251): warning #128-D: loop is not reachable
      for (int j = 0; j < NCOLS; ++j) {
      ^
          detected during:
            instantiation of "void strata::kernels::<unnamed>::native_mmvq_multi_kernel<F,NCOLS,NW,ROWS,TS,PAIR>(const F::Block *, const strata::kernels::<unnamed>::Q81Block *, float *, int, int, const F::Block *, float *) [with F=strata::kernels::<unnamed>::Q6KTraits, NCOLS=7, NW=4, ROWS=2, TS=true, PAIR=false]" at line 1290
            instantiation of "void strata::kernels::<unnamed>::launch_multi_n<F,NCOLS>(const void *, const void *, float *, int, int, cudaStream_t) [with F=strata::kernels::<unnamed>::Q6KTraits, NCOLS=7]" at line 1304
            instantiation of "void strata::kernels::<unnamed>::launch_multi<F>(const void *, const void *, float *, int, int, int, void *) [with F=strata::kernels::<unnamed>::Q6KTraits]" at line 2383

G:\Strata\Strata-Safetensors\src\kernels\cuda\native_mmvq.cu(1251): warning #128-D: loop is not reachable
      for (int j = 0; j < NCOLS; ++j) {
      ^
          detected during:
            instantiation of "void strata::kernels::<unnamed>::native_mmvq_multi_kernel<F,NCOLS,NW,ROWS,TS,PAIR>(const F::Block *, const strata::kernels::<unnamed>::Q81Block *, float *, int, int, const F::Block *, float *) [with F=strata::kernels::<unnamed>::Q6KTraits, NCOLS=8, NW=4, ROWS=1, TS=true, PAIR=false]" at line 1284
            instantiation of "void strata::kernels::<unnamed>::launch_multi_n<F,NCOLS>(const void *, const void *, float *, int, int, cudaStream_t) [with F=strata::kernels::<unnamed>::Q6KTraits, NCOLS=8]" at line 1305
            instantiation of "void strata::kernels::<unnamed>::launch_multi<F>(const void *, const void *, float *, int, int, int, void *) [with F=strata::kernels::<unnamed>::Q6KTraits]" at line 2383

G:\Strata\Strata-Safetensors\src\kernels\cuda\native_mmvq.cu(1251): warning #128-D: loop is not reachable
      for (int j = 0; j < NCOLS; ++j) {
      ^
          detected during:
            instantiation of "void strata::kernels::<unnamed>::native_mmvq_multi_kernel<F,NCOLS,NW,ROWS,TS,PAIR>(const F::Block *, const strata::kernels::<unnamed>::Q81Block *, float *, int, int, const F::Block *, float *) [with F=strata::kernels::<unnamed>::Q6KTraits, NCOLS=8, NW=4, ROWS=2, TS=true, PAIR=false]" at line 1290
            instantiation of "void strata::kernels::<unnamed>::launch_multi_n<F,NCOLS>(const void *, const void *, float *, int, int, cudaStream_t) [with F=strata::kernels::<unnamed>::Q6KTraits, NCOLS=8]" at line 1305
            instantiation of "void strata::kernels::<unnamed>::launch_multi<F>(const void *, const void *, float *, int, int, int, void *) [with F=strata::kernels::<unnamed>::Q6KTraits]" at line 2383

G:\Strata\Strata-Safetensors\src\kernels\cuda\native_mmvq.cu(1251): warning #128-D: loop is not reachable
      for (int j = 0; j < NCOLS; ++j) {
      ^
          detected during:
            instantiation of "void strata::kernels::<unnamed>::native_mmvq_multi_kernel<F,NCOLS,NW,ROWS,TS,PAIR>(const F::Block *, const strata::kernels::<unnamed>::Q81Block *, float *, int, int, const F::Block *, float *) [with F=strata::kernels::<unnamed>::SmallTraits<strata::kernels::<unnamed>::Q40Block, 4>, NCOLS=2, NW=4, ROWS=1, TS=true, PAIR=false]" at line 1284
            instantiation of "void strata::kernels::<unnamed>::launch_multi_n<F,NCOLS>(const void *, const void *, float *, int, int, cudaStream_t) [with F=strata::kernels::<unnamed>::SmallTraits<strata::kernels::<unnamed>::Q40Block, 4>, NCOLS=2]" at line 1299
            instantiation of "void strata::kernels::<unnamed>::launch_multi<F>(const void *, const void *, float *, int, int, int, void *) [with F=strata::kernels::<unnamed>::SmallTraits<strata::kernels::<unnamed>::Q40Block, 4>]" at line 1610
            instantiation of "void strata::kernels::<unnamed>::small_mmvq<Weight,Qi>(const void *, const void *, float *, int, int, int, void *) [with Weight=strata::kernels::<unnamed>::Q40Block, Qi=4]" at line 2415

G:\Strata\Strata-Safetensors\src\kernels\cuda\native_mmvq.cu(1251): warning #128-D: loop is not reachable
      for (int j = 0; j < NCOLS; ++j) {
      ^
          detected during:
            instantiation of "void strata::kernels::<unnamed>::native_mmvq_multi_kernel<F,NCOLS,NW,ROWS,TS,PAIR>(const F::Block *, const strata::kernels::<unnamed>::Q81Block *, float *, int, int, const F::Block *, float *) [with F=strata::kernels::<unnamed>::SmallTraits<strata::kernels::<unnamed>::Q40Block, 4>, NCOLS=2, NW=4, ROWS=2, TS=true, PAIR=false]" at line 1290
            instantiation of "void strata::kernels::<unnamed>::launch_multi_n<F,NCOLS>(const void *, const void *, float *, int, int, cudaStream_t) [with F=strata::kernels::<unnamed>::SmallTraits<strata::kernels::<unnamed>::Q40Block, 4>, NCOLS=2]" at line 1299
            instantiation of "void strata::kernels::<unnamed>::launch_multi<F>(const void *, const void *, float *, int, int, int, void *) [with F=strata::kernels::<unnamed>::SmallTraits<strata::kernels::<unnamed>::Q40Block, 4>]" at line 1610
            instantiation of "void strata::kernels::<unnamed>::small_mmvq<Weight,Qi>(const void *, const void *, float *, int, int, int, void *) [with Weight=strata::kernels::<unnamed>::Q40Block, Qi=4]" at line 2415

G:\Strata\Strata-Safetensors\src\kernels\cuda\native_mmvq.cu(1251): warning #128-D: loop is not reachable
      for (int j = 0; j < NCOLS; ++j) {
      ^
          detected during:
            instantiation of "void strata::kernels::<unnamed>::native_mmvq_multi_kernel<F,NCOLS,NW,ROWS,TS,PAIR>(const F::Block *, const strata::kernels::<unnamed>::Q81Block *, float *, int, int, const F::Block *, float *) [with F=strata::kernels::<unnamed>::SmallTraits<strata::kernels::<unnamed>::Q40Block, 4>, NCOLS=3, NW=4, ROWS=1, TS=true, PAIR=false]" at line 1284
            instantiation of "void strata::kernels::<unnamed>::launch_multi_n<F,NCOLS>(const void *, const void *, float *, int, int, cudaStream_t) [with F=strata::kernels::<unnamed>::SmallTraits<strata::kernels::<unnamed>::Q40Block, 4>, NCOLS=3]" at line 1300
            instantiation of "void strata::kernels::<unnamed>::launch_multi<F>(const void *, const void *, float *, int, int, int, void *) [with F=strata::kernels::<unnamed>::SmallTraits<strata::kernels::<unnamed>::Q40Block, 4>]" at line 1610
            instantiation of "void strata::kernels::<unnamed>::small_mmvq<Weight,Qi>(const void *, const void *, float *, int, int, int, void *) [with Weight=strata::kernels::<unnamed>::Q40Block, Qi=4]" at line 2415

G:\Strata\Strata-Safetensors\src\kernels\cuda\native_mmvq.cu(1251): warning #128-D: loop is not reachable
      for (int j = 0; j < NCOLS; ++j) {
      ^
          detected during:
            instantiation of "void strata::kernels::<unnamed>::native_mmvq_multi_kernel<F,NCOLS,NW,ROWS,TS,PAIR>(const F::Block *, const strata::kernels::<unnamed>::Q81Block *, float *, int, int, const F::Block *, float *) [with F=strata::kernels::<unnamed>::SmallTraits<strata::kernels::<unnamed>::Q40Block, 4>, NCOLS=3, NW=4, ROWS=2, TS=true, PAIR=false]" at line 1290
            instantiation of "void strata::kernels::<unnamed>::launch_multi_n<F,NCOLS>(const void *, const void *, float *, int, int, cudaStream_t) [with F=strata::kernels::<unnamed>::SmallTraits<strata::kernels::<unnamed>::Q40Block, 4>, NCOLS=3]" at line 1300
            instantiation of "void strata::kernels::<unnamed>::launch_multi<F>(const void *, const void *, float *, int, int, int, void *) [with F=strata::kernels::<unnamed>::SmallTraits<strata::kernels::<unnamed>::Q40Block, 4>]" at line 1610
            instantiation of "void strata::kernels::<unnamed>::small_mmvq<Weight,Qi>(const void *, const void *, float *, int, int, int, void *) [with Weight=strata::kernels::<unnamed>::Q40Block, Qi=4]" at line 2415

G:\Strata\Strata-Safetensors\src\kernels\cuda\native_mmvq.cu(1251): warning #128-D: loop is not reachable
      for (int j = 0; j < NCOLS; ++j) {
      ^
          detected during:
            instantiation of "void strata::kernels::<unnamed>::native_mmvq_multi_kernel<F,NCOLS,NW,ROWS,TS,PAIR>(const F::Block *, const strata::kernels::<unnamed>::Q81Block *, float *, int, int, const F::Block *, float *) [with F=strata::kernels::<unnamed>::SmallTraits<strata::kernels::<unnamed>::Q40Block, 4>, NCOLS=4, NW=4, ROWS=1, TS=true, PAIR=false]" at line 1284
            instantiation of "void strata::kernels::<unnamed>::launch_multi_n<F,NCOLS>(const void *, const void *, float *, int, int, cudaStream_t) [with F=strata::kernels::<unnamed>::SmallTraits<strata::kernels::<unnamed>::Q40Block, 4>, NCOLS=4]" at line 1301
            instantiation of "void strata::kernels::<unnamed>::launch_multi<F>(const void *, const void *, float *, int, int, int, void *) [with F=strata::kernels::<unnamed>::SmallTraits<strata::kernels::<unnamed>::Q40Block, 4>]" at line 1610
            instantiation of "void strata::kernels::<unnamed>::small_mmvq<Weight,Qi>(const void *, const void *, float *, int, int, int, void *) [with Weight=strata::kernels::<unnamed>::Q40Block, Qi=4]" at line 2415

G:\Strata\Strata-Safetensors\src\kernels\cuda\native_mmvq.cu(1251): warning #128-D: loop is not reachable
      for (int j = 0; j < NCOLS; ++j) {
      ^
          detected during:
            instantiation of "void strata::kernels::<unnamed>::native_mmvq_multi_kernel<F,NCOLS,NW,ROWS,TS,PAIR>(const F::Block *, const strata::kernels::<unnamed>::Q81Block *, float *, int, int, const F::Block *, float *) [with F=strata::kernels::<unnamed>::SmallTraits<strata::kernels::<unnamed>::Q40Block, 4>, NCOLS=4, NW=4, ROWS=2, TS=true, PAIR=false]" at line 1290
            instantiation of "void strata::kernels::<unnamed>::launch_multi_n<F,NCOLS>(const void *, const void *, float *, int, int, cudaStream_t) [with F=strata::kernels::<unnamed>::SmallTraits<strata::kernels::<unnamed>::Q40Block, 4>, NCOLS=4]" at line 1301
            instantiation of "void strata::kernels::<unnamed>::launch_multi<F>(const void *, const void *, float *, int, int, int, void *) [with F=strata::kernels::<unnamed>::SmallTraits<strata::kernels::<unnamed>::Q40Block, 4>]" at line 1610
            instantiation of "void strata::kernels::<unnamed>::small_mmvq<Weight,Qi>(const void *, const void *, float *, int, int, int, void *) [with Weight=strata::kernels::<unnamed>::Q40Block, Qi=4]" at line 2415

G:\Strata\Strata-Safetensors\src\kernels\cuda\native_mmvq.cu(1251): warning #128-D: loop is not reachable
      for (int j = 0; j < NCOLS; ++j) {
      ^
          detected during:
            instantiation of "void strata::kernels::<unnamed>::native_mmvq_multi_kernel<F,NCOLS,NW,ROWS,TS,PAIR>(const F::Block *, const strata::kernels::<unnamed>::Q81Block *, float *, int, int, const F::Block *, float *) [with F=strata::kernels::<unnamed>::SmallTraits<strata::kernels::<unnamed>::Q40Block, 4>, NCOLS=5, NW=4, ROWS=1, TS=true, PAIR=false]" at line 1284
            instantiation of "void strata::kernels::<unnamed>::launch_multi_n<F,NCOLS>(const void *, const void *, float *, int, int, cudaStream_t) [with F=strata::kernels::<unnamed>::SmallTraits<strata::kernels::<unnamed>::Q40Block, 4>, NCOLS=5]" at line 1302
            instantiation of "void strata::kernels::<unnamed>::launch_multi<F>(const void *, const void *, float *, int, int, int, void *) [with F=strata::kernels::<unnamed>::SmallTraits<strata::kernels::<unnamed>::Q40Block, 4>]" at line 1610
            instantiation of "void strata::kernels::<unnamed>::small_mmvq<Weight,Qi>(const void *, const void *, float *, int, int, int, void *) [with Weight=strata::kernels::<unnamed>::Q40Block, Qi=4]" at line 2415

G:\Strata\Strata-Safetensors\src\kernels\cuda\native_mmvq.cu(1251): warning #128-D: loop is not reachable
      for (int j = 0; j < NCOLS; ++j) {
      ^
          detected during:
            instantiation of "void strata::kernels::<unnamed>::native_mmvq_multi_kernel<F,NCOLS,NW,ROWS,TS,PAIR>(const F::Block *, const strata::kernels::<unnamed>::Q81Block *, float *, int, int, const F::Block *, float *) [with F=strata::kernels::<unnamed>::SmallTraits<strata::kernels::<unnamed>::Q40Block, 4>, NCOLS=5, NW=4, ROWS=2, TS=true, PAIR=false]" at line 1290
            instantiation of "void strata::kernels::<unnamed>::launch_multi_n<F,NCOLS>(const void *, const void *, float *, int, int, cudaStream_t) [with F=strata::kernels::<unnamed>::SmallTraits<strata::kernels::<unnamed>::Q40Block, 4>, NCOLS=5]" at line 1302
            instantiation of "void strata::kernels::<unnamed>::launch_multi<F>(const void *, const void *, float *, int, int, int, void *) [with F=strata::kernels::<unnamed>::SmallTraits<strata::kernels::<unnamed>::Q40Block, 4>]" at line 1610
            instantiation of "void strata::kernels::<unnamed>::small_mmvq<Weight,Qi>(const void *, const void *, float *, int, int, int, void *) [with Weight=strata::kernels::<unnamed>::Q40Block, Qi=4]" at line 2415

G:\Strata\Strata-Safetensors\src\kernels\cuda\native_mmvq.cu(1251): warning #128-D: loop is not reachable
      for (int j = 0; j < NCOLS; ++j) {
      ^
          detected during:
            instantiation of "void strata::kernels::<unnamed>::native_mmvq_multi_kernel<F,NCOLS,NW,ROWS,TS,PAIR>(const F::Block *, const strata::kernels::<unnamed>::Q81Block *, float *, int, int, const F::Block *, float *) [with F=strata::kernels::<unnamed>::SmallTraits<strata::kernels::<unnamed>::Q40Block, 4>, NCOLS=6, NW=4, ROWS=1, TS=true, PAIR=false]" at line 1284
            instantiation of "void strata::kernels::<unnamed>::launch_multi_n<F,NCOLS>(const void *, const void *, float *, int, int, cudaStream_t) [with F=strata::kernels::<unnamed>::SmallTraits<strata::kernels::<unnamed>::Q40Block, 4>, NCOLS=6]" at line 1303
            instantiation of "void strata::kernels::<unnamed>::launch_multi<F>(const void *, const void *, float *, int, int, int, void *) [with F=strata::kernels::<unnamed>::SmallTraits<strata::kernels::<unnamed>::Q40Block, 4>]" at line 1610
            instantiation of "void strata::kernels::<unnamed>::small_mmvq<Weight,Qi>(const void *, const void *, float *, int, int, int, void *) [with Weight=strata::kernels::<unnamed>::Q40Block, Qi=4]" at line 2415

G:\Strata\Strata-Safetensors\src\kernels\cuda\native_mmvq.cu(1251): warning #128-D: loop is not reachable
      for (int j = 0; j < NCOLS; ++j) {
      ^
          detected during:
            instantiation of "void strata::kernels::<unnamed>::native_mmvq_multi_kernel<F,NCOLS,NW,ROWS,TS,PAIR>(const F::Block *, const strata::kernels::<unnamed>::Q81Block *, float *, int, int, const F::Block *, float *) [with F=strata::kernels::<unnamed>::SmallTraits<strata::kernels::<unnamed>::Q40Block, 4>, NCOLS=6, NW=4, ROWS=2, TS=true, PAIR=false]" at line 1290
            instantiation of "void strata::kernels::<unnamed>::launch_multi_n<F,NCOLS>(const void *, const void *, float *, int, int, cudaStream_t) [with F=strata::kernels::<unnamed>::SmallTraits<strata::kernels::<unnamed>::Q40Block, 4>, NCOLS=6]" at line 1303
            instantiation of "void strata::kernels::<unnamed>::launch_multi<F>(const void *, const void *, float *, int, int, int, void *) [with F=strata::kernels::<unnamed>::SmallTraits<strata::kernels::<unnamed>::Q40Block, 4>]" at line 1610
            instantiation of "void strata::kernels::<unnamed>::small_mmvq<Weight,Qi>(const void *, const void *, float *, int, int, int, void *) [with Weight=strata::kernels::<unnamed>::Q40Block, Qi=4]" at line 2415

G:\Strata\Strata-Safetensors\src\kernels\cuda\native_mmvq.cu(1251): warning #128-D: loop is not reachable
      for (int j = 0; j < NCOLS; ++j) {
      ^
          detected during:
            instantiation of "void strata::kernels::<unnamed>::native_mmvq_multi_kernel<F,NCOLS,NW,ROWS,TS,PAIR>(const F::Block *, const strata::kernels::<unnamed>::Q81Block *, float *, int, int, const F::Block *, float *) [with F=strata::kernels::<unnamed>::SmallTraits<strata::kernels::<unnamed>::Q40Block, 4>, NCOLS=7, NW=4, ROWS=1, TS=true, PAIR=false]" at line 1284
            instantiation of "void strata::kernels::<unnamed>::launch_multi_n<F,NCOLS>(const void *, const void *, float *, int, int, cudaStream_t) [with F=strata::kernels::<unnamed>::SmallTraits<strata::kernels::<unnamed>::Q40Block, 4>, NCOLS=7]" at line 1304
            instantiation of "void strata::kernels::<unnamed>::launch_multi<F>(const void *, const void *, float *, int, int, int, void *) [with F=strata::kernels::<unnamed>::SmallTraits<strata::kernels::<unnamed>::Q40Block, 4>]" at line 1610
            instantiation of "void strata::kernels::<unnamed>::small_mmvq<Weight,Qi>(const void *, const void *, float *, int, int, int, void *) [with Weight=strata::kernels::<unnamed>::Q40Block, Qi=4]" at line 2415

G:\Strata\Strata-Safetensors\src\kernels\cuda\native_mmvq.cu(1251): warning #128-D: loop is not reachable
      for (int j = 0; j < NCOLS; ++j) {
      ^
          detected during:
            instantiation of "void strata::kernels::<unnamed>::native_mmvq_multi_kernel<F,NCOLS,NW,ROWS,TS,PAIR>(const F::Block *, const strata::kernels::<unnamed>::Q81Block *, float *, int, int, const F::Block *, float *) [with F=strata::kernels::<unnamed>::SmallTraits<strata::kernels::<unnamed>::Q40Block, 4>, NCOLS=7, NW=4, ROWS=2, TS=true, PAIR=false]" at line 1290
            instantiation of "void strata::kernels::<unnamed>::launch_multi_n<F,NCOLS>(const void *, const void *, float *, int, int, cudaStream_t) [with F=strata::kernels::<unnamed>::SmallTraits<strata::kernels::<unnamed>::Q40Block, 4>, NCOLS=7]" at line 1304
            instantiation of "void strata::kernels::<unnamed>::launch_multi<F>(const void *, const void *, float *, int, int, int, void *) [with F=strata::kernels::<unnamed>::SmallTraits<strata::kernels::<unnamed>::Q40Block, 4>]" at line 1610
            instantiation of "void strata::kernels::<unnamed>::small_mmvq<Weight,Qi>(const void *, const void *, float *, int, int, int, void *) [with Weight=strata::kernels::<unnamed>::Q40Block, Qi=4]" at line 2415

G:\Strata\Strata-Safetensors\src\kernels\cuda\native_mmvq.cu(1251): warning #128-D: loop is not reachable
      for (int j = 0; j < NCOLS; ++j) {
      ^
          detected during:
            instantiation of "void strata::kernels::<unnamed>::native_mmvq_multi_kernel<F,NCOLS,NW,ROWS,TS,PAIR>(const F::Block *, const strata::kernels::<unnamed>::Q81Block *, float *, int, int, const F::Block *, float *) [with F=strata::kernels::<unnamed>::SmallTraits<strata::kernels::<unnamed>::Q40Block, 4>, NCOLS=8, NW=4, ROWS=1, TS=true, PAIR=false]" at line 1284
            instantiation of "void strata::kernels::<unnamed>::launch_multi_n<F,NCOLS>(const void *, const void *, float *, int, int, cudaStream_t) [with F=strata::kernels::<unnamed>::SmallTraits<strata::kernels::<unnamed>::Q40Block, 4>, NCOLS=8]" at line 1305
            instantiation of "void strata::kernels::<unnamed>::launch_multi<F>(const void *, const void *, float *, int, int, int, void *) [with F=strata::kernels::<unnamed>::SmallTraits<strata::kernels::<unnamed>::Q40Block, 4>]" at line 1610
            instantiation of "void strata::kernels::<unnamed>::small_mmvq<Weight,Qi>(const void *, const void *, float *, int, int, int, void *) [with Weight=strata::kernels::<unnamed>::Q40Block, Qi=4]" at line 2415

G:\Strata\Strata-Safetensors\src\kernels\cuda\native_mmvq.cu(1251): warning #128-D: loop is not reachable
      for (int j = 0; j < NCOLS; ++j) {
      ^
          detected during:
            instantiation of "void strata::kernels::<unnamed>::native_mmvq_multi_kernel<F,NCOLS,NW,ROWS,TS,PAIR>(const F::Block *, const strata::kernels::<unnamed>::Q81Block *, float *, int, int, const F::Block *, float *) [with F=strata::kernels::<unnamed>::SmallTraits<strata::kernels::<unnamed>::Q40Block, 4>, NCOLS=8, NW=4, ROWS=2, TS=true, PAIR=false]" at line 1290
            instantiation of "void strata::kernels::<unnamed>::launch_multi_n<F,NCOLS>(const void *, const void *, float *, int, int, cudaStream_t) [with F=strata::kernels::<unnamed>::SmallTraits<strata::kernels::<unnamed>::Q40Block, 4>, NCOLS=8]" at line 1305
            instantiation of "void strata::kernels::<unnamed>::launch_multi<F>(const void *, const void *, float *, int, int, int, void *) [with F=strata::kernels::<unnamed>::SmallTraits<strata::kernels::<unnamed>::Q40Block, 4>]" at line 1610
            instantiation of "void strata::kernels::<unnamed>::small_mmvq<Weight,Qi>(const void *, const void *, float *, int, int, int, void *) [with Weight=strata::kernels::<unnamed>::Q40Block, Qi=4]" at line 2415

G:\Strata\Strata-Safetensors\src\kernels\cuda\native_mmvq.cu(1251): warning #128-D: loop is not reachable
      for (int j = 0; j < NCOLS; ++j) {
      ^
          detected during:
            instantiation of "void strata::kernels::<unnamed>::native_mmvq_multi_kernel<F,NCOLS,NW,ROWS,TS,PAIR>(const F::Block *, const strata::kernels::<unnamed>::Q81Block *, float *, int, int, const F::Block *, float *) [with F=strata::kernels::<unnamed>::SmallTraits<strata::kernels::<unnamed>::Q50Block, 4>, NCOLS=2, NW=4, ROWS=1, TS=true, PAIR=false]" at line 1284
            instantiation of "void strata::kernels::<unnamed>::launch_multi_n<F,NCOLS>(const void *, const void *, float *, int, int, cudaStream_t) [with F=strata::kernels::<unnamed>::SmallTraits<strata::kernels::<unnamed>::Q50Block, 4>, NCOLS=2]" at line 1299
            instantiation of "void strata::kernels::<unnamed>::launch_multi<F>(const void *, const void *, float *, int, int, int, void *) [with F=strata::kernels::<unnamed>::SmallTraits<strata::kernels::<unnamed>::Q50Block, 4>]" at line 1610
            instantiation of "void strata::kernels::<unnamed>::small_mmvq<Weight,Qi>(const void *, const void *, float *, int, int, int, void *) [with Weight=strata::kernels::<unnamed>::Q50Block, Qi=4]" at line 2425

G:\Strata\Strata-Safetensors\src\kernels\cuda\native_mmvq.cu(1251): warning #128-D: loop is not reachable
      for (int j = 0; j < NCOLS; ++j) {
      ^
          detected during:
            instantiation of "void strata::kernels::<unnamed>::native_mmvq_multi_kernel<F,NCOLS,NW,ROWS,TS,PAIR>(const F::Block *, const strata::kernels::<unnamed>::Q81Block *, float *, int, int, const F::Block *, float *) [with F=strata::kernels::<unnamed>::SmallTraits<strata::kernels::<unnamed>::Q50Block, 4>, NCOLS=2, NW=4, ROWS=2, TS=true, PAIR=false]" at line 1290
            instantiation of "void strata::kernels::<unnamed>::launch_multi_n<F,NCOLS>(const void *, const void *, float *, int, int, cudaStream_t) [with F=strata::kernels::<unnamed>::SmallTraits<strata::kernels::<unnamed>::Q50Block, 4>, NCOLS=2]" at line 1299
            instantiation of "void strata::kernels::<unnamed>::launch_multi<F>(const void *, const void *, float *, int, int, int, void *) [with F=strata::kernels::<unnamed>::SmallTraits<strata::kernels::<unnamed>::Q50Block, 4>]" at line 1610
            instantiation of "void strata::kernels::<unnamed>::small_mmvq<Weight,Qi>(const void *, const void *, float *, int, int, int, void *) [with Weight=strata::kernels::<unnamed>::Q50Block, Qi=4]" at line 2425

G:\Strata\Strata-Safetensors\src\kernels\cuda\native_mmvq.cu(1251): warning #128-D: loop is not reachable
      for (int j = 0; j < NCOLS; ++j) {
      ^
          detected during:
            instantiation of "void strata::kernels::<unnamed>::native_mmvq_multi_kernel<F,NCOLS,NW,ROWS,TS,PAIR>(const F::Block *, const strata::kernels::<unnamed>::Q81Block *, float *, int, int, const F::Block *, float *) [with F=strata::kernels::<unnamed>::SmallTraits<strata::kernels::<unnamed>::Q50Block, 4>, NCOLS=3, NW=4, ROWS=1, TS=true, PAIR=false]" at line 1284
            instantiation of "void strata::kernels::<unnamed>::launch_multi_n<F,NCOLS>(const void *, const void *, float *, int, int, cudaStream_t) [with F=strata::kernels::<unnamed>::SmallTraits<strata::kernels::<unnamed>::Q50Block, 4>, NCOLS=3]" at line 1300
            instantiation of "void strata::kernels::<unnamed>::launch_multi<F>(const void *, const void *, float *, int, int, int, void *) [with F=strata::kernels::<unnamed>::SmallTraits<strata::kernels::<unnamed>::Q50Block, 4>]" at line 1610
            instantiation of "void strata::kernels::<unnamed>::small_mmvq<Weight,Qi>(const void *, const void *, float *, int, int, int, void *) [with Weight=strata::kernels::<unnamed>::Q50Block, Qi=4]" at line 2425

G:\Strata\Strata-Safetensors\src\kernels\cuda\native_mmvq.cu(1251): warning #128-D: loop is not reachable
      for (int j = 0; j < NCOLS; ++j) {
      ^
          detected during:
            instantiation of "void strata::kernels::<unnamed>::native_mmvq_multi_kernel<F,NCOLS,NW,ROWS,TS,PAIR>(const F::Block *, const strata::kernels::<unnamed>::Q81Block *, float *, int, int, const F::Block *, float *) [with F=strata::kernels::<unnamed>::SmallTraits<strata::kernels::<unnamed>::Q50Block, 4>, NCOLS=3, NW=4, ROWS=2, TS=true, PAIR=false]" at line 1290
            instantiation of "void strata::kernels::<unnamed>::launch_multi_n<F,NCOLS>(const void *, const void *, float *, int, int, cudaStream_t) [with F=strata::kernels::<unnamed>::SmallTraits<strata::kernels::<unnamed>::Q50Block, 4>, NCOLS=3]" at line 1300
            instantiation of "void strata::kernels::<unnamed>::launch_multi<F>(const void *, const void *, float *, int, int, int, void *) [with F=strata::kernels::<unnamed>::SmallTraits<strata::kernels::<unnamed>::Q50Block, 4>]" at line 1610
            instantiation of "void strata::kernels::<unnamed>::small_mmvq<Weight,Qi>(const void *, const void *, float *, int, int, int, void *) [with Weight=strata::kernels::<unnamed>::Q50Block, Qi=4]" at line 2425

G:\Strata\Strata-Safetensors\src\kernels\cuda\native_mmvq.cu(1251): warning #128-D: loop is not reachable
      for (int j = 0; j < NCOLS; ++j) {
      ^
          detected during:
            instantiation of "void strata::kernels::<unnamed>::native_mmvq_multi_kernel<F,NCOLS,NW,ROWS,TS,PAIR>(const F::Block *, const strata::kernels::<unnamed>::Q81Block *, float *, int, int, const F::Block *, float *) [with F=strata::kernels::<unnamed>::SmallTraits<strata::kernels::<unnamed>::Q50Block, 4>, NCOLS=4, NW=4, ROWS=1, TS=true, PAIR=false]" at line 1284
            instantiation of "void strata::kernels::<unnamed>::launch_multi_n<F,NCOLS>(const void *, const void *, float *, int, int, cudaStream_t) [with F=strata::kernels::<unnamed>::SmallTraits<strata::kernels::<unnamed>::Q50Block, 4>, NCOLS=4]" at line 1301
            instantiation of "void strata::kernels::<unnamed>::launch_multi<F>(const void *, const void *, float *, int, int, int, void *) [with F=strata::kernels::<unnamed>::SmallTraits<strata::kernels::<unnamed>::Q50Block, 4>]" at line 1610
            instantiation of "void strata::kernels::<unnamed>::small_mmvq<Weight,Qi>(const void *, const void *, float *, int, int, int, void *) [with Weight=strata::kernels::<unnamed>::Q50Block, Qi=4]" at line 2425

G:\Strata\Strata-Safetensors\src\kernels\cuda\native_mmvq.cu(1251): warning #128-D: loop is not reachable
      for (int j = 0; j < NCOLS; ++j) {
      ^
          detected during:
            instantiation of "void strata::kernels::<unnamed>::native_mmvq_multi_kernel<F,NCOLS,NW,ROWS,TS,PAIR>(const F::Block *, const strata::kernels::<unnamed>::Q81Block *, float *, int, int, const F::Block *, float *) [with F=strata::kernels::<unnamed>::SmallTraits<strata::kernels::<unnamed>::Q50Block, 4>, NCOLS=4, NW=4, ROWS=2, TS=true, PAIR=false]" at line 1290
            instantiation of "void strata::kernels::<unnamed>::launch_multi_n<F,NCOLS>(const void *, const void *, float *, int, int, cudaStream_t) [with F=strata::kernels::<unnamed>::SmallTraits<strata::kernels::<unnamed>::Q50Block, 4>, NCOLS=4]" at line 1301
            instantiation of "void strata::kernels::<unnamed>::launch_multi<F>(const void *, const void *, float *, int, int, int, void *) [with F=strata::kernels::<unnamed>::SmallTraits<strata::kernels::<unnamed>::Q50Block, 4>]" at line 1610
            instantiation of "void strata::kernels::<unnamed>::small_mmvq<Weight,Qi>(const void *, const void *, float *, int, int, int, void *) [with Weight=strata::kernels::<unnamed>::Q50Block, Qi=4]" at line 2425

G:\Strata\Strata-Safetensors\src\kernels\cuda\native_mmvq.cu(1251): warning #128-D: loop is not reachable
      for (int j = 0; j < NCOLS; ++j) {
      ^
          detected during:
            instantiation of "void strata::kernels::<unnamed>::native_mmvq_multi_kernel<F,NCOLS,NW,ROWS,TS,PAIR>(const F::Block *, const strata::kernels::<unnamed>::Q81Block *, float *, int, int, const F::Block *, float *) [with F=strata::kernels::<unnamed>::SmallTraits<strata::kernels::<unnamed>::Q50Block, 4>, NCOLS=5, NW=4, ROWS=1, TS=true, PAIR=false]" at line 1284
            instantiation of "void strata::kernels::<unnamed>::launch_multi_n<F,NCOLS>(const void *, const void *, float *, int, int, cudaStream_t) [with F=strata::kernels::<unnamed>::SmallTraits<strata::kernels::<unnamed>::Q50Block, 4>, NCOLS=5]" at line 1302
            instantiation of "void strata::kernels::<unnamed>::launch_multi<F>(const void *, const void *, float *, int, int, int, void *) [with F=strata::kernels::<unnamed>::SmallTraits<strata::kernels::<unnamed>::Q50Block, 4>]" at line 1610
            instantiation of "void strata::kernels::<unnamed>::small_mmvq<Weight,Qi>(const void *, const void *, float *, int, int, int, void *) [with Weight=strata::kernels::<unnamed>::Q50Block, Qi=4]" at line 2425

G:\Strata\Strata-Safetensors\src\kernels\cuda\native_mmvq.cu(1251): warning #128-D: loop is not reachable
      for (int j = 0; j < NCOLS; ++j) {
      ^
          detected during:
            instantiation of "void strata::kernels::<unnamed>::native_mmvq_multi_kernel<F,NCOLS,NW,ROWS,TS,PAIR>(const F::Block *, const strata::kernels::<unnamed>::Q81Block *, float *, int, int, const F::Block *, float *) [with F=strata::kernels::<unnamed>::SmallTraits<strata::kernels::<unnamed>::Q50Block, 4>, NCOLS=5, NW=4, ROWS=2, TS=true, PAIR=false]" at line 1290
            instantiation of "void strata::kernels::<unnamed>::launch_multi_n<F,NCOLS>(const void *, const void *, float *, int, int, cudaStream_t) [with F=strata::kernels::<unnamed>::SmallTraits<strata::kernels::<unnamed>::Q50Block, 4>, NCOLS=5]" at line 1302
            instantiation of "void strata::kernels::<unnamed>::launch_multi<F>(const void *, const void *, float *, int, int, int, void *) [with F=strata::kernels::<unnamed>::SmallTraits<strata::kernels::<unnamed>::Q50Block, 4>]" at line 1610
            instantiation of "void strata::kernels::<unnamed>::small_mmvq<Weight,Qi>(const void *, const void *, float *, int, int, int, void *) [with Weight=strata::kernels::<unnamed>::Q50Block, Qi=4]" at line 2425

G:\Strata\Strata-Safetensors\src\kernels\cuda\native_mmvq.cu(1251): warning #128-D: loop is not reachable
      for (int j = 0; j < NCOLS; ++j) {
      ^
          detected during:
            instantiation of "void strata::kernels::<unnamed>::native_mmvq_multi_kernel<F,NCOLS,NW,ROWS,TS,PAIR>(const F::Block *, const strata::kernels::<unnamed>::Q81Block *, float *, int, int, const F::Block *, float *) [with F=strata::kernels::<unnamed>::SmallTraits<strata::kernels::<unnamed>::Q50Block, 4>, NCOLS=6, NW=4, ROWS=1, TS=true, PAIR=false]" at line 1284
            instantiation of "void strata::kernels::<unnamed>::launch_multi_n<F,NCOLS>(const void *, const void *, float *, int, int, cudaStream_t) [with F=strata::kernels::<unnamed>::SmallTraits<strata::kernels::<unnamed>::Q50Block, 4>, NCOLS=6]" at line 1303
            instantiation of "void strata::kernels::<unnamed>::launch_multi<F>(const void *, const void *, float *, int, int, int, void *) [with F=strata::kernels::<unnamed>::SmallTraits<strata::kernels::<unnamed>::Q50Block, 4>]" at line 1610
            instantiation of "void strata::kernels::<unnamed>::small_mmvq<Weight,Qi>(const void *, const void *, float *, int, int, int, void *) [with Weight=strata::kernels::<unnamed>::Q50Block, Qi=4]" at line 2425

G:\Strata\Strata-Safetensors\src\kernels\cuda\native_mmvq.cu(1251): warning #128-D: loop is not reachable
      for (int j = 0; j < NCOLS; ++j) {
      ^
          detected during:
            instantiation of "void strata::kernels::<unnamed>::native_mmvq_multi_kernel<F,NCOLS,NW,ROWS,TS,PAIR>(const F::Block *, const strata::kernels::<unnamed>::Q81Block *, float *, int, int, const F::Block *, float *) [with F=strata::kernels::<unnamed>::SmallTraits<strata::kernels::<unnamed>::Q50Block, 4>, NCOLS=6, NW=4, ROWS=2, TS=true, PAIR=false]" at line 1290
            instantiation of "void strata::kernels::<unnamed>::launch_multi_n<F,NCOLS>(const void *, const void *, float *, int, int, cudaStream_t) [with F=strata::kernels::<unnamed>::SmallTraits<strata::kernels::<unnamed>::Q50Block, 4>, NCOLS=6]" at line 1303
            instantiation of "void strata::kernels::<unnamed>::launch_multi<F>(const void *, const void *, float *, int, int, int, void *) [with F=strata::kernels::<unnamed>::SmallTraits<strata::kernels::<unnamed>::Q50Block, 4>]" at line 1610
            instantiation of "void strata::kernels::<unnamed>::small_mmvq<Weight,Qi>(const void *, const void *, float *, int, int, int, void *) [with Weight=strata::kernels::<unnamed>::Q50Block, Qi=4]" at line 2425

G:\Strata\Strata-Safetensors\src\kernels\cuda\native_mmvq.cu(1251): warning #128-D: loop is not reachable
      for (int j = 0; j < NCOLS; ++j) {
      ^
          detected during:
            instantiation of "void strata::kernels::<unnamed>::native_mmvq_multi_kernel<F,NCOLS,NW,ROWS,TS,PAIR>(const F::Block *, const strata::kernels::<unnamed>::Q81Block *, float *, int, int, const F::Block *, float *) [with F=strata::kernels::<unnamed>::SmallTraits<strata::kernels::<unnamed>::Q50Block, 4>, NCOLS=7, NW=4, ROWS=1, TS=true, PAIR=false]" at line 1284
            instantiation of "void strata::kernels::<unnamed>::launch_multi_n<F,NCOLS>(const void *, const void *, float *, int, int, cudaStream_t) [with F=strata::kernels::<unnamed>::SmallTraits<strata::kernels::<unnamed>::Q50Block, 4>, NCOLS=7]" at line 1304
            instantiation of "void strata::kernels::<unnamed>::launch_multi<F>(const void *, const void *, float *, int, int, int, void *) [with F=strata::kernels::<unnamed>::SmallTraits<strata::kernels::<unnamed>::Q50Block, 4>]" at line 1610
            instantiation of "void strata::kernels::<unnamed>::small_mmvq<Weight,Qi>(const void *, const void *, float *, int, int, int, void *) [with Weight=strata::kernels::<unnamed>::Q50Block, Qi=4]" at line 2425

G:\Strata\Strata-Safetensors\src\kernels\cuda\native_mmvq.cu(1251): warning #128-D: loop is not reachable
      for (int j = 0; j < NCOLS; ++j) {
      ^
          detected during:
            instantiation of "void strata::kernels::<unnamed>::native_mmvq_multi_kernel<F,NCOLS,NW,ROWS,TS,PAIR>(const F::Block *, const strata::kernels::<unnamed>::Q81Block *, float *, int, int, const F::Block *, float *) [with F=strata::kernels::<unnamed>::SmallTraits<strata::kernels::<unnamed>::Q50Block, 4>, NCOLS=7, NW=4, ROWS=2, TS=true, PAIR=false]" at line 1290
            instantiation of "void strata::kernels::<unnamed>::launch_multi_n<F,NCOLS>(const void *, const void *, float *, int, int, cudaStream_t) [with F=strata::kernels::<unnamed>::SmallTraits<strata::kernels::<unnamed>::Q50Block, 4>, NCOLS=7]" at line 1304
            instantiation of "void strata::kernels::<unnamed>::launch_multi<F>(const void *, const void *, float *, int, int, int, void *) [with F=strata::kernels::<unnamed>::SmallTraits<strata::kernels::<unnamed>::Q50Block, 4>]" at line 1610
            instantiation of "void strata::kernels::<unnamed>::small_mmvq<Weight,Qi>(const void *, const void *, float *, int, int, int, void *) [with Weight=strata::kernels::<unnamed>::Q50Block, Qi=4]" at line 2425

G:\Strata\Strata-Safetensors\src\kernels\cuda\native_mmvq.cu(1251): warning #128-D: loop is not reachable
      for (int j = 0; j < NCOLS; ++j) {
      ^
          detected during:
            instantiation of "void strata::kernels::<unnamed>::native_mmvq_multi_kernel<F,NCOLS,NW,ROWS,TS,PAIR>(const F::Block *, const strata::kernels::<unnamed>::Q81Block *, float *, int, int, const F::Block *, float *) [with F=strata::kernels::<unnamed>::SmallTraits<strata::kernels::<unnamed>::Q50Block, 4>, NCOLS=8, NW=4, ROWS=1, TS=true, PAIR=false]" at line 1284
            instantiation of "void strata::kernels::<unnamed>::launch_multi_n<F,NCOLS>(const void *, const void *, float *, int, int, cudaStream_t) [with F=strata::kernels::<unnamed>::SmallTraits<strata::kernels::<unnamed>::Q50Block, 4>, NCOLS=8]" at line 1305
            instantiation of "void strata::kernels::<unnamed>::launch_multi<F>(const void *, const void *, float *, int, int, int, void *) [with F=strata::kernels::<unnamed>::SmallTraits<strata::kernels::<unnamed>::Q50Block, 4>]" at line 1610
            instantiation of "void strata::kernels::<unnamed>::small_mmvq<Weight,Qi>(const void *, const void *, float *, int, int, int, void *) [with Weight=strata::kernels::<unnamed>::Q50Block, Qi=4]" at line 2425

G:\Strata\Strata-Safetensors\src\kernels\cuda\native_mmvq.cu(1251): warning #128-D: loop is not reachable
      for (int j = 0; j < NCOLS; ++j) {
      ^
          detected during:
            instantiation of "void strata::kernels::<unnamed>::native_mmvq_multi_kernel<F,NCOLS,NW,ROWS,TS,PAIR>(const F::Block *, const strata::kernels::<unnamed>::Q81Block *, float *, int, int, const F::Block *, float *) [with F=strata::kernels::<unnamed>::SmallTraits<strata::kernels::<unnamed>::Q50Block, 4>, NCOLS=8, NW=4, ROWS=2, TS=true, PAIR=false]" at line 1290
            instantiation of "void strata::kernels::<unnamed>::launch_multi_n<F,NCOLS>(const void *, const void *, float *, int, int, cudaStream_t) [with F=strata::kernels::<unnamed>::SmallTraits<strata::kernels::<unnamed>::Q50Block, 4>, NCOLS=8]" at line 1305
            instantiation of "void strata::kernels::<unnamed>::launch_multi<F>(const void *, const void *, float *, int, int, int, void *) [with F=strata::kernels::<unnamed>::SmallTraits<strata::kernels::<unnamed>::Q50Block, 4>]" at line 1610
            instantiation of "void strata::kernels::<unnamed>::small_mmvq<Weight,Qi>(const void *, const void *, float *, int, int, int, void *) [with Weight=strata::kernels::<unnamed>::Q50Block, Qi=4]" at line 2425

G:\Strata\Strata-Safetensors\src\kernels\cuda\native_mmvq.cu(1251): warning #128-D: loop is not reachable
      for (int j = 0; j < NCOLS; ++j) {
      ^
          detected during:
            instantiation of "void strata::kernels::<unnamed>::native_mmvq_multi_kernel<F,NCOLS,NW,ROWS,TS,PAIR>(const F::Block *, const strata::kernels::<unnamed>::Q81Block *, float *, int, int, const F::Block *, float *) [with F=strata::kernels::<unnamed>::SmallTraits<strata::kernels::<unnamed>::Q80Block, 8>, NCOLS=2, NW=4, ROWS=1, TS=true, PAIR=true]" at line 2439
            instantiation of "void strata::kernels::q8_0_pair_launch<NCOLS>(const strata::kernels::<unnamed>::Q80Block *, const strata::kernels::<unnamed>::Q80Block *, const strata::kernels::<unnamed>::Q81Block *, float *, float *, int, int, cudaStream_t) [with NCOLS=2]" at line 2458

G:\Strata\Strata-Safetensors\src\kernels\cuda\native_mmvq.cu(1251): warning #128-D: loop is not reachable
      for (int j = 0; j < NCOLS; ++j) {
      ^
          detected during:
            instantiation of "void strata::kernels::<unnamed>::native_mmvq_multi_kernel<F,NCOLS,NW,ROWS,TS,PAIR>(const F::Block *, const strata::kernels::<unnamed>::Q81Block *, float *, int, int, const F::Block *, float *) [with F=strata::kernels::<unnamed>::SmallTraits<strata::kernels::<unnamed>::Q80Block, 8>, NCOLS=3, NW=4, ROWS=1, TS=true, PAIR=true]" at line 2439
            instantiation of "void strata::kernels::q8_0_pair_launch<NCOLS>(const strata::kernels::<unnamed>::Q80Block *, const strata::kernels::<unnamed>::Q80Block *, const strata::kernels::<unnamed>::Q81Block *, float *, float *, int, int, cudaStream_t) [with NCOLS=3]" at line 2459

G:\Strata\Strata-Safetensors\src\kernels\cuda\native_mmvq.cu(1251): warning #128-D: loop is not reachable
      for (int j = 0; j < NCOLS; ++j) {
      ^
          detected during:
            instantiation of "void strata::kernels::<unnamed>::native_mmvq_multi_kernel<F,NCOLS,NW,ROWS,TS,PAIR>(const F::Block *, const strata::kernels::<unnamed>::Q81Block *, float *, int, int, const F::Block *, float *) [with F=strata::kernels::<unnamed>::SmallTraits<strata::kernels::<unnamed>::Q80Block, 8>, NCOLS=4, NW=4, ROWS=1, TS=true, PAIR=true]" at line 2439
            instantiation of "void strata::kernels::q8_0_pair_launch<NCOLS>(const strata::kernels::<unnamed>::Q80Block *, const strata::kernels::<unnamed>::Q80Block *, const strata::kernels::<unnamed>::Q81Block *, float *, float *, int, int, cudaStream_t) [with NCOLS=4]" at line 2460

G:\Strata\Strata-Safetensors\src\kernels\cuda\native_mmvq.cu(1251): warning #128-D: loop is not reachable
      for (int j = 0; j < NCOLS; ++j) {
      ^
          detected during:
            instantiation of "void strata::kernels::<unnamed>::native_mmvq_multi_kernel<F,NCOLS,NW,ROWS,TS,PAIR>(const F::Block *, const strata::kernels::<unnamed>::Q81Block *, float *, int, int, const F::Block *, float *) [with F=strata::kernels::<unnamed>::SmallTraits<strata::kernels::<unnamed>::Q80Block, 8>, NCOLS=5, NW=4, ROWS=1, TS=true, PAIR=true]" at line 2439
            instantiation of "void strata::kernels::q8_0_pair_launch<NCOLS>(const strata::kernels::<unnamed>::Q80Block *, const strata::kernels::<unnamed>::Q80Block *, const strata::kernels::<unnamed>::Q81Block *, float *, float *, int, int, cudaStream_t) [with NCOLS=5]" at line 2461

G:\Strata\Strata-Safetensors\src\kernels\cuda\native_mmvq.cu(1251): warning #128-D: loop is not reachable
      for (int j = 0; j < NCOLS; ++j) {
      ^
          detected during:
            instantiation of "void strata::kernels::<unnamed>::native_mmvq_multi_kernel<F,NCOLS,NW,ROWS,TS,PAIR>(const F::Block *, const strata::kernels::<unnamed>::Q81Block *, float *, int, int, const F::Block *, float *) [with F=strata::kernels::<unnamed>::SmallTraits<strata::kernels::<unnamed>::Q80Block, 8>, NCOLS=6, NW=4, ROWS=1, TS=true, PAIR=true]" at line 2439
            instantiation of "void strata::kernels::q8_0_pair_launch<NCOLS>(const strata::kernels::<unnamed>::Q80Block *, const strata::kernels::<unnamed>::Q80Block *, const strata::kernels::<unnamed>::Q81Block *, float *, float *, int, int, cudaStream_t) [with NCOLS=6]" at line 2462

G:\Strata\Strata-Safetensors\src\kernels\cuda\native_mmvq.cu(1251): warning #128-D: loop is not reachable
      for (int j = 0; j < NCOLS; ++j) {
      ^
          detected during:
            instantiation of "void strata::kernels::<unnamed>::native_mmvq_multi_kernel<F,NCOLS,NW,ROWS,TS,PAIR>(const F::Block *, const strata::kernels::<unnamed>::Q81Block *, float *, int, int, const F::Block *, float *) [with F=strata::kernels::<unnamed>::SmallTraits<strata::kernels::<unnamed>::Q80Block, 8>, NCOLS=7, NW=4, ROWS=1, TS=true, PAIR=true]" at line 2439
            instantiation of "void strata::kernels::q8_0_pair_launch<NCOLS>(const strata::kernels::<unnamed>::Q80Block *, const strata::kernels::<unnamed>::Q80Block *, const strata::kernels::<unnamed>::Q81Block *, float *, float *, int, int, cudaStream_t) [with NCOLS=7]" at line 2463

G:\Strata\Strata-Safetensors\src\kernels\cuda\native_mmvq.cu(1251): warning #128-D: loop is not reachable
      for (int j = 0; j < NCOLS; ++j) {
      ^
          detected during:
            instantiation of "void strata::kernels::<unnamed>::native_mmvq_multi_kernel<F,NCOLS,NW,ROWS,TS,PAIR>(const F::Block *, const strata::kernels::<unnamed>::Q81Block *, float *, int, int, const F::Block *, float *) [with F=strata::kernels::<unnamed>::SmallTraits<strata::kernels::<unnamed>::Q80Block, 8>, NCOLS=8, NW=4, ROWS=1, TS=true, PAIR=true]" at line 2439
            instantiation of "void strata::kernels::q8_0_pair_launch<NCOLS>(const strata::kernels::<unnamed>::Q80Block *, const strata::kernels::<unnamed>::Q80Block *, const strata::kernels::<unnamed>::Q81Block *, float *, float *, int, int, cudaStream_t) [with NCOLS=8]" at line 2464

G:\Strata\Strata-Safetensors\src\kernels\cuda\native_mmvq.cu(1251): warning #128-D: loop is not reachable
      for (int j = 0; j < NCOLS; ++j) {
      ^
          detected during:
            instantiation of "void strata::kernels::<unnamed>::native_mmvq_multi_kernel<F,NCOLS,NW,ROWS,TS,PAIR>(const F::Block *, const strata::kernels::<unnamed>::Q81Block *, float *, int, int, const F::Block *, float *) [with F=strata::kernels::<unnamed>::SmallTraits<strata::kernels::<unnamed>::Q80Block, 8>, NCOLS=2, NW=4, ROWS=1, TS=true, PAIR=false]" at line 1284
            instantiation of "void strata::kernels::<unnamed>::launch_multi_n<F,NCOLS>(const void *, const void *, float *, int, int, cudaStream_t) [with F=strata::kernels::<unnamed>::SmallTraits<strata::kernels::<unnamed>::Q80Block, 8>, NCOLS=2]" at line 1299
            instantiation of "void strata::kernels::<unnamed>::launch_multi<F>(const void *, const void *, float *, int, int, int, void *) [with F=strata::kernels::<unnamed>::SmallTraits<strata::kernels::<unnamed>::Q80Block, 8>]" at line 1610
            instantiation of "void strata::kernels::<unnamed>::small_mmvq<Weight,Qi>(const void *, const void *, float *, int, int, int, void *) [with Weight=strata::kernels::<unnamed>::Q80Block, Qi=8]" at line 2508

G:\Strata\Strata-Safetensors\src\kernels\cuda\native_mmvq.cu(1251): warning #128-D: loop is not reachable
      for (int j = 0; j < NCOLS; ++j) {
      ^
          detected during:
            instantiation of "void strata::kernels::<unnamed>::native_mmvq_multi_kernel<F,NCOLS,NW,ROWS,TS,PAIR>(const F::Block *, const strata::kernels::<unnamed>::Q81Block *, float *, int, int, const F::Block *, float *) [with F=strata::kernels::<unnamed>::SmallTraits<strata::kernels::<unnamed>::Q80Block, 8>, NCOLS=2, NW=4, ROWS=2, TS=true, PAIR=false]" at line 1290
            instantiation of "void strata::kernels::<unnamed>::launch_multi_n<F,NCOLS>(const void *, const void *, float *, int, int, cudaStream_t) [with F=strata::kernels::<unnamed>::SmallTraits<strata::kernels::<unnamed>::Q80Block, 8>, NCOLS=2]" at line 1299
            instantiation of "void strata::kernels::<unnamed>::launch_multi<F>(const void *, const void *, float *, int, int, int, void *) [with F=strata::kernels::<unnamed>::SmallTraits<strata::kernels::<unnamed>::Q80Block, 8>]" at line 1610
            instantiation of "void strata::kernels::<unnamed>::small_mmvq<Weight,Qi>(const void *, const void *, float *, int, int, int, void *) [with Weight=strata::kernels::<unnamed>::Q80Block, Qi=8]" at line 2508

G:\Strata\Strata-Safetensors\src\kernels\cuda\native_mmvq.cu(1251): warning #128-D: loop is not reachable
      for (int j = 0; j < NCOLS; ++j) {
      ^
          detected during:
            instantiation of "void strata::kernels::<unnamed>::native_mmvq_multi_kernel<F,NCOLS,NW,ROWS,TS,PAIR>(const F::Block *, const strata::kernels::<unnamed>::Q81Block *, float *, int, int, const F::Block *, float *) [with F=strata::kernels::<unnamed>::SmallTraits<strata::kernels::<unnamed>::Q80Block, 8>, NCOLS=3, NW=4, ROWS=1, TS=true, PAIR=false]" at line 1284
            instantiation of "void strata::kernels::<unnamed>::launch_multi_n<F,NCOLS>(const void *, const void *, float *, int, int, cudaStream_t) [with F=strata::kernels::<unnamed>::SmallTraits<strata::kernels::<unnamed>::Q80Block, 8>, NCOLS=3]" at line 1300
            instantiation of "void strata::kernels::<unnamed>::launch_multi<F>(const void *, const void *, float *, int, int, int, void *) [with F=strata::kernels::<unnamed>::SmallTraits<strata::kernels::<unnamed>::Q80Block, 8>]" at line 1610
            instantiation of "void strata::kernels::<unnamed>::small_mmvq<Weight,Qi>(const void *, const void *, float *, int, int, int, void *) [with Weight=strata::kernels::<unnamed>::Q80Block, Qi=8]" at line 2508

G:\Strata\Strata-Safetensors\src\kernels\cuda\native_mmvq.cu(1251): warning #128-D: loop is not reachable
      for (int j = 0; j < NCOLS; ++j) {
      ^
          detected during:
            instantiation of "void strata::kernels::<unnamed>::native_mmvq_multi_kernel<F,NCOLS,NW,ROWS,TS,PAIR>(const F::Block *, const strata::kernels::<unnamed>::Q81Block *, float *, int, int, const F::Block *, float *) [with F=strata::kernels::<unnamed>::SmallTraits<strata::kernels::<unnamed>::Q80Block, 8>, NCOLS=3, NW=4, ROWS=2, TS=true, PAIR=false]" at line 1290
            instantiation of "void strata::kernels::<unnamed>::launch_multi_n<F,NCOLS>(const void *, const void *, float *, int, int, cudaStream_t) [with F=strata::kernels::<unnamed>::SmallTraits<strata::kernels::<unnamed>::Q80Block, 8>, NCOLS=3]" at line 1300
            instantiation of "void strata::kernels::<unnamed>::launch_multi<F>(const void *, const void *, float *, int, int, int, void *) [with F=strata::kernels::<unnamed>::SmallTraits<strata::kernels::<unnamed>::Q80Block, 8>]" at line 1610
            instantiation of "void strata::kernels::<unnamed>::small_mmvq<Weight,Qi>(const void *, const void *, float *, int, int, int, void *) [with Weight=strata::kernels::<unnamed>::Q80Block, Qi=8]" at line 2508

G:\Strata\Strata-Safetensors\src\kernels\cuda\native_mmvq.cu(1251): warning #128-D: loop is not reachable
      for (int j = 0; j < NCOLS; ++j) {
      ^
          detected during:
            instantiation of "void strata::kernels::<unnamed>::native_mmvq_multi_kernel<F,NCOLS,NW,ROWS,TS,PAIR>(const F::Block *, const strata::kernels::<unnamed>::Q81Block *, float *, int, int, const F::Block *, float *) [with F=strata::kernels::<unnamed>::SmallTraits<strata::kernels::<unnamed>::Q80Block, 8>, NCOLS=4, NW=4, ROWS=1, TS=true, PAIR=false]" at line 1284
            instantiation of "void strata::kernels::<unnamed>::launch_multi_n<F,NCOLS>(const void *, const void *, float *, int, int, cudaStream_t) [with F=strata::kernels::<unnamed>::SmallTraits<strata::kernels::<unnamed>::Q80Block, 8>, NCOLS=4]" at line 1301
            instantiation of "void strata::kernels::<unnamed>::launch_multi<F>(const void *, const void *, float *, int, int, int, void *) [with F=strata::kernels::<unnamed>::SmallTraits<strata::kernels::<unnamed>::Q80Block, 8>]" at line 1610
            instantiation of "void strata::kernels::<unnamed>::small_mmvq<Weight,Qi>(const void *, const void *, float *, int, int, int, void *) [with Weight=strata::kernels::<unnamed>::Q80Block, Qi=8]" at line 2508

G:\Strata\Strata-Safetensors\src\kernels\cuda\native_mmvq.cu(1251): warning #128-D: loop is not reachable
      for (int j = 0; j < NCOLS; ++j) {
      ^
          detected during:
            instantiation of "void strata::kernels::<unnamed>::native_mmvq_multi_kernel<F,NCOLS,NW,ROWS,TS,PAIR>(const F::Block *, const strata::kernels::<unnamed>::Q81Block *, float *, int, int, const F::Block *, float *) [with F=strata::kernels::<unnamed>::SmallTraits<strata::kernels::<unnamed>::Q80Block, 8>, NCOLS=4, NW=4, ROWS=2, TS=true, PAIR=false]" at line 1290
            instantiation of "void strata::kernels::<unnamed>::launch_multi_n<F,NCOLS>(const void *, const void *, float *, int, int, cudaStream_t) [with F=strata::kernels::<unnamed>::SmallTraits<strata::kernels::<unnamed>::Q80Block, 8>, NCOLS=4]" at line 1301
            instantiation of "void strata::kernels::<unnamed>::launch_multi<F>(const void *, const void *, float *, int, int, int, void *) [with F=strata::kernels::<unnamed>::SmallTraits<strata::kernels::<unnamed>::Q80Block, 8>]" at line 1610
            instantiation of "void strata::kernels::<unnamed>::small_mmvq<Weight,Qi>(const void *, const void *, float *, int, int, int, void *) [with Weight=strata::kernels::<unnamed>::Q80Block, Qi=8]" at line 2508

G:\Strata\Strata-Safetensors\src\kernels\cuda\native_mmvq.cu(1251): warning #128-D: loop is not reachable
      for (int j = 0; j < NCOLS; ++j) {
      ^
          detected during:
            instantiation of "void strata::kernels::<unnamed>::native_mmvq_multi_kernel<F,NCOLS,NW,ROWS,TS,PAIR>(const F::Block *, const strata::kernels::<unnamed>::Q81Block *, float *, int, int, const F::Block *, float *) [with F=strata::kernels::<unnamed>::SmallTraits<strata::kernels::<unnamed>::Q80Block, 8>, NCOLS=5, NW=4, ROWS=1, TS=true, PAIR=false]" at line 1284
            instantiation of "void strata::kernels::<unnamed>::launch_multi_n<F,NCOLS>(const void *, const void *, float *, int, int, cudaStream_t) [with F=strata::kernels::<unnamed>::SmallTraits<strata::kernels::<unnamed>::Q80Block, 8>, NCOLS=5]" at line 1302
            instantiation of "void strata::kernels::<unnamed>::launch_multi<F>(const void *, const void *, float *, int, int, int, void *) [with F=strata::kernels::<unnamed>::SmallTraits<strata::kernels::<unnamed>::Q80Block, 8>]" at line 1610
            instantiation of "void strata::kernels::<unnamed>::small_mmvq<Weight,Qi>(const void *, const void *, float *, int, int, int, void *) [with Weight=strata::kernels::<unnamed>::Q80Block, Qi=8]" at line 2508

G:\Strata\Strata-Safetensors\src\kernels\cuda\native_mmvq.cu(1251): warning #128-D: loop is not reachable
      for (int j = 0; j < NCOLS; ++j) {
      ^
          detected during:
            instantiation of "void strata::kernels::<unnamed>::native_mmvq_multi_kernel<F,NCOLS,NW,ROWS,TS,PAIR>(const F::Block *, const strata::kernels::<unnamed>::Q81Block *, float *, int, int, const F::Block *, float *) [with F=strata::kernels::<unnamed>::SmallTraits<strata::kernels::<unnamed>::Q80Block, 8>, NCOLS=5, NW=4, ROWS=2, TS=true, PAIR=false]" at line 1290
            instantiation of "void strata::kernels::<unnamed>::launch_multi_n<F,NCOLS>(const void *, const void *, float *, int, int, cudaStream_t) [with F=strata::kernels::<unnamed>::SmallTraits<strata::kernels::<unnamed>::Q80Block, 8>, NCOLS=5]" at line 1302
            instantiation of "void strata::kernels::<unnamed>::launch_multi<F>(const void *, const void *, float *, int, int, int, void *) [with F=strata::kernels::<unnamed>::SmallTraits<strata::kernels::<unnamed>::Q80Block, 8>]" at line 1610
            instantiation of "void strata::kernels::<unnamed>::small_mmvq<Weight,Qi>(const void *, const void *, float *, int, int, int, void *) [with Weight=strata::kernels::<unnamed>::Q80Block, Qi=8]" at line 2508

G:\Strata\Strata-Safetensors\src\kernels\cuda\native_mmvq.cu(1251): warning #128-D: loop is not reachable
      for (int j = 0; j < NCOLS; ++j) {
      ^
          detected during:
            instantiation of "void strata::kernels::<unnamed>::native_mmvq_multi_kernel<F,NCOLS,NW,ROWS,TS,PAIR>(const F::Block *, const strata::kernels::<unnamed>::Q81Block *, float *, int, int, const F::Block *, float *) [with F=strata::kernels::<unnamed>::SmallTraits<strata::kernels::<unnamed>::Q80Block, 8>, NCOLS=6, NW=4, ROWS=1, TS=true, PAIR=false]" at line 1284
            instantiation of "void strata::kernels::<unnamed>::launch_multi_n<F,NCOLS>(const void *, const void *, float *, int, int, cudaStream_t) [with F=strata::kernels::<unnamed>::SmallTraits<strata::kernels::<unnamed>::Q80Block, 8>, NCOLS=6]" at line 1303
            instantiation of "void strata::kernels::<unnamed>::launch_multi<F>(const void *, const void *, float *, int, int, int, void *) [with F=strata::kernels::<unnamed>::SmallTraits<strata::kernels::<unnamed>::Q80Block, 8>]" at line 1610
            instantiation of "void strata::kernels::<unnamed>::small_mmvq<Weight,Qi>(const void *, const void *, float *, int, int, int, void *) [with Weight=strata::kernels::<unnamed>::Q80Block, Qi=8]" at line 2508

G:\Strata\Strata-Safetensors\src\kernels\cuda\native_mmvq.cu(1251): warning #128-D: loop is not reachable
      for (int j = 0; j < NCOLS; ++j) {
      ^
          detected during:
            instantiation of "void strata::kernels::<unnamed>::native_mmvq_multi_kernel<F,NCOLS,NW,ROWS,TS,PAIR>(const F::Block *, const strata::kernels::<unnamed>::Q81Block *, float *, int, int, const F::Block *, float *) [with F=strata::kernels::<unnamed>::SmallTraits<strata::kernels::<unnamed>::Q80Block, 8>, NCOLS=6, NW=4, ROWS=2, TS=true, PAIR=false]" at line 1290
            instantiation of "void strata::kernels::<unnamed>::launch_multi_n<F,NCOLS>(const void *, const void *, float *, int, int, cudaStream_t) [with F=strata::kernels::<unnamed>::SmallTraits<strata::kernels::<unnamed>::Q80Block, 8>, NCOLS=6]" at line 1303
            instantiation of "void strata::kernels::<unnamed>::launch_multi<F>(const void *, const void *, float *, int, int, int, void *) [with F=strata::kernels::<unnamed>::SmallTraits<strata::kernels::<unnamed>::Q80Block, 8>]" at line 1610
            instantiation of "void strata::kernels::<unnamed>::small_mmvq<Weight,Qi>(const void *, const void *, float *, int, int, int, void *) [with Weight=strata::kernels::<unnamed>::Q80Block, Qi=8]" at line 2508

G:\Strata\Strata-Safetensors\src\kernels\cuda\native_mmvq.cu(1251): warning #128-D: loop is not reachable
      for (int j = 0; j < NCOLS; ++j) {
      ^
          detected during:
            instantiation of "void strata::kernels::<unnamed>::native_mmvq_multi_kernel<F,NCOLS,NW,ROWS,TS,PAIR>(const F::Block *, const strata::kernels::<unnamed>::Q81Block *, float *, int, int, const F::Block *, float *) [with F=strata::kernels::<unnamed>::SmallTraits<strata::kernels::<unnamed>::Q80Block, 8>, NCOLS=7, NW=4, ROWS=1, TS=true, PAIR=false]" at line 1284
            instantiation of "void strata::kernels::<unnamed>::launch_multi_n<F,NCOLS>(const void *, const void *, float *, int, int, cudaStream_t) [with F=strata::kernels::<unnamed>::SmallTraits<strata::kernels::<unnamed>::Q80Block, 8>, NCOLS=7]" at line 1304
            instantiation of "void strata::kernels::<unnamed>::launch_multi<F>(const void *, const void *, float *, int, int, int, void *) [with F=strata::kernels::<unnamed>::SmallTraits<strata::kernels::<unnamed>::Q80Block, 8>]" at line 1610
            instantiation of "void strata::kernels::<unnamed>::small_mmvq<Weight,Qi>(const void *, const void *, float *, int, int, int, void *) [with Weight=strata::kernels::<unnamed>::Q80Block, Qi=8]" at line 2508

G:\Strata\Strata-Safetensors\src\kernels\cuda\native_mmvq.cu(1251): warning #128-D: loop is not reachable
      for (int j = 0; j < NCOLS; ++j) {
      ^
          detected during:
            instantiation of "void strata::kernels::<unnamed>::native_mmvq_multi_kernel<F,NCOLS,NW,ROWS,TS,PAIR>(const F::Block *, const strata::kernels::<unnamed>::Q81Block *, float *, int, int, const F::Block *, float *) [with F=strata::kernels::<unnamed>::SmallTraits<strata::kernels::<unnamed>::Q80Block, 8>, NCOLS=7, NW=4, ROWS=2, TS=true, PAIR=false]" at line 1290
            instantiation of "void strata::kernels::<unnamed>::launch_multi_n<F,NCOLS>(const void *, const void *, float *, int, int, cudaStream_t) [with F=strata::kernels::<unnamed>::SmallTraits<strata::kernels::<unnamed>::Q80Block, 8>, NCOLS=7]" at line 1304
            instantiation of "void strata::kernels::<unnamed>::launch_multi<F>(const void *, const void *, float *, int, int, int, void *) [with F=strata::kernels::<unnamed>::SmallTraits<strata::kernels::<unnamed>::Q80Block, 8>]" at line 1610
            instantiation of "void strata::kernels::<unnamed>::small_mmvq<Weight,Qi>(const void *, const void *, float *, int, int, int, void *) [with Weight=strata::kernels::<unnamed>::Q80Block, Qi=8]" at line 2508

G:\Strata\Strata-Safetensors\src\kernels\cuda\native_mmvq.cu(1251): warning #128-D: loop is not reachable
      for (int j = 0; j < NCOLS; ++j) {
      ^
          detected during:
            instantiation of "void strata::kernels::<unnamed>::native_mmvq_multi_kernel<F,NCOLS,NW,ROWS,TS,PAIR>(const F::Block *, const strata::kernels::<unnamed>::Q81Block *, float *, int, int, const F::Block *, float *) [with F=strata::kernels::<unnamed>::SmallTraits<strata::kernels::<unnamed>::Q80Block, 8>, NCOLS=8, NW=4, ROWS=1, TS=true, PAIR=false]" at line 1284
            instantiation of "void strata::kernels::<unnamed>::launch_multi_n<F,NCOLS>(const void *, const void *, float *, int, int, cudaStream_t) [with F=strata::kernels::<unnamed>::SmallTraits<strata::kernels::<unnamed>::Q80Block, 8>, NCOLS=8]" at line 1305
            instantiation of "void strata::kernels::<unnamed>::launch_multi<F>(const void *, const void *, float *, int, int, int, void *) [with F=strata::kernels::<unnamed>::SmallTraits<strata::kernels::<unnamed>::Q80Block, 8>]" at line 1610
            instantiation of "void strata::kernels::<unnamed>::small_mmvq<Weight,Qi>(const void *, const void *, float *, int, int, int, void *) [with Weight=strata::kernels::<unnamed>::Q80Block, Qi=8]" at line 2508

G:\Strata\Strata-Safetensors\src\kernels\cuda\native_mmvq.cu(1251): warning #128-D: loop is not reachable
      for (int j = 0; j < NCOLS; ++j) {
      ^
          detected during:
            instantiation of "void strata::kernels::<unnamed>::native_mmvq_multi_kernel<F,NCOLS,NW,ROWS,TS,PAIR>(const F::Block *, const strata::kernels::<unnamed>::Q81Block *, float *, int, int, const F::Block *, float *) [with F=strata::kernels::<unnamed>::SmallTraits<strata::kernels::<unnamed>::Q80Block, 8>, NCOLS=8, NW=4, ROWS=2, TS=true, PAIR=false]" at line 1290
            instantiation of "void strata::kernels::<unnamed>::launch_multi_n<F,NCOLS>(const void *, const void *, float *, int, int, cudaStream_t) [with F=strata::kernels::<unnamed>::SmallTraits<strata::kernels::<unnamed>::Q80Block, 8>, NCOLS=8]" at line 1305
            instantiation of "void strata::kernels::<unnamed>::launch_multi<F>(const void *, const void *, float *, int, int, int, void *) [with F=strata::kernels::<unnamed>::SmallTraits<strata::kernels::<unnamed>::Q80Block, 8>]" at line 1610
            instantiation of "void strata::kernels::<unnamed>::small_mmvq<Weight,Qi>(const void *, const void *, float *, int, int, int, void *) [with Weight=strata::kernels::<unnamed>::Q80Block, Qi=8]" at line 2508

G:\Strata\Strata-Safetensors\src\kernels\cuda\native_mmvq.cu(1251): warning #128-D: loop is not reachable
      for (int j = 0; j < NCOLS; ++j) {
      ^
          detected during:
            instantiation of "void strata::kernels::<unnamed>::native_mmvq_multi_kernel<F,NCOLS,NW,ROWS,TS,PAIR>(const F::Block *, const strata::kernels::<unnamed>::Q81Block *, float *, int, int, const F::Block *, float *) [with F=strata::kernels::<unnamed>::SmallTraits<strata::kernels::<unnamed>::IQ4NLBlock, 4>, NCOLS=2, NW=4, ROWS=1, TS=true, PAIR=false]" at line 1284
            instantiation of "void strata::kernels::<unnamed>::launch_multi_n<F,NCOLS>(const void *, const void *, float *, int, int, cudaStream_t) [with F=strata::kernels::<unnamed>::SmallTraits<strata::kernels::<unnamed>::IQ4NLBlock, 4>, NCOLS=2]" at line 1299
            instantiation of "void strata::kernels::<unnamed>::launch_multi<F>(const void *, const void *, float *, int, int, int, void *) [with F=strata::kernels::<unnamed>::SmallTraits<strata::kernels::<unnamed>::IQ4NLBlock, 4>]" at line 1610
            instantiation of "void strata::kernels::<unnamed>::small_mmvq<Weight,Qi>(const void *, const void *, float *, int, int, int, void *) [with Weight=strata::kernels::<unnamed>::IQ4NLBlock, Qi=4]" at line 2518

G:\Strata\Strata-Safetensors\src\kernels\cuda\native_mmvq.cu(1251): warning #128-D: loop is not reachable
      for (int j = 0; j < NCOLS; ++j) {
      ^
          detected during:
            instantiation of "void strata::kernels::<unnamed>::native_mmvq_multi_kernel<F,NCOLS,NW,ROWS,TS,PAIR>(const F::Block *, const strata::kernels::<unnamed>::Q81Block *, float *, int, int, const F::Block *, float *) [with F=strata::kernels::<unnamed>::SmallTraits<strata::kernels::<unnamed>::IQ4NLBlock, 4>, NCOLS=2, NW=4, ROWS=2, TS=true, PAIR=false]" at line 1290
            instantiation of "void strata::kernels::<unnamed>::launch_multi_n<F,NCOLS>(const void *, const void *, float *, int, int, cudaStream_t) [with F=strata::kernels::<unnamed>::SmallTraits<strata::kernels::<unnamed>::IQ4NLBlock, 4>, NCOLS=2]" at line 1299
            instantiation of "void strata::kernels::<unnamed>::launch_multi<F>(const void *, const void *, float *, int, int, int, void *) [with F=strata::kernels::<unnamed>::SmallTraits<strata::kernels::<unnamed>::IQ4NLBlock, 4>]" at line 1610
            instantiation of "void strata::kernels::<unnamed>::small_mmvq<Weight,Qi>(const void *, const void *, float *, int, int, int, void *) [with Weight=strata::kernels::<unnamed>::IQ4NLBlock, Qi=4]" at line 2518

G:\Strata\Strata-Safetensors\src\kernels\cuda\native_mmvq.cu(1251): warning #128-D: loop is not reachable
      for (int j = 0; j < NCOLS; ++j) {
      ^
          detected during:
            instantiation of "void strata::kernels::<unnamed>::native_mmvq_multi_kernel<F,NCOLS,NW,ROWS,TS,PAIR>(const F::Block *, const strata::kernels::<unnamed>::Q81Block *, float *, int, int, const F::Block *, float *) [with F=strata::kernels::<unnamed>::SmallTraits<strata::kernels::<unnamed>::IQ4NLBlock, 4>, NCOLS=3, NW=4, ROWS=1, TS=true, PAIR=false]" at line 1284
            instantiation of "void strata::kernels::<unnamed>::launch_multi_n<F,NCOLS>(const void *, const void *, float *, int, int, cudaStream_t) [with F=strata::kernels::<unnamed>::SmallTraits<strata::kernels::<unnamed>::IQ4NLBlock, 4>, NCOLS=3]" at line 1300
            instantiation of "void strata::kernels::<unnamed>::launch_multi<F>(const void *, const void *, float *, int, int, int, void *) [with F=strata::kernels::<unnamed>::SmallTraits<strata::kernels::<unnamed>::IQ4NLBlock, 4>]" at line 1610
            instantiation of "void strata::kernels::<unnamed>::small_mmvq<Weight,Qi>(const void *, const void *, float *, int, int, int, void *) [with Weight=strata::kernels::<unnamed>::IQ4NLBlock, Qi=4]" at line 2518

G:\Strata\Strata-Safetensors\src\kernels\cuda\native_mmvq.cu(1251): warning #128-D: loop is not reachable
      for (int j = 0; j < NCOLS; ++j) {
      ^
          detected during:
            instantiation of "void strata::kernels::<unnamed>::native_mmvq_multi_kernel<F,NCOLS,NW,ROWS,TS,PAIR>(const F::Block *, const strata::kernels::<unnamed>::Q81Block *, float *, int, int, const F::Block *, float *) [with F=strata::kernels::<unnamed>::SmallTraits<strata::kernels::<unnamed>::IQ4NLBlock, 4>, NCOLS=3, NW=4, ROWS=2, TS=true, PAIR=false]" at line 1290
            instantiation of "void strata::kernels::<unnamed>::launch_multi_n<F,NCOLS>(const void *, const void *, float *, int, int, cudaStream_t) [with F=strata::kernels::<unnamed>::SmallTraits<strata::kernels::<unnamed>::IQ4NLBlock, 4>, NCOLS=3]" at line 1300
            instantiation of "void strata::kernels::<unnamed>::launch_multi<F>(const void *, const void *, float *, int, int, int, void *) [with F=strata::kernels::<unnamed>::SmallTraits<strata::kernels::<unnamed>::IQ4NLBlock, 4>]" at line 1610
            instantiation of "void strata::kernels::<unnamed>::small_mmvq<Weight,Qi>(const void *, const void *, float *, int, int, int, void *) [with Weight=strata::kernels::<unnamed>::IQ4NLBlock, Qi=4]" at line 2518

G:\Strata\Strata-Safetensors\src\kernels\cuda\native_mmvq.cu(1251): warning #128-D: loop is not reachable
      for (int j = 0; j < NCOLS; ++j) {
      ^
          detected during:
            instantiation of "void strata::kernels::<unnamed>::native_mmvq_multi_kernel<F,NCOLS,NW,ROWS,TS,PAIR>(const F::Block *, const strata::kernels::<unnamed>::Q81Block *, float *, int, int, const F::Block *, float *) [with F=strata::kernels::<unnamed>::SmallTraits<strata::kernels::<unnamed>::IQ4NLBlock, 4>, NCOLS=4, NW=4, ROWS=1, TS=true, PAIR=false]" at line 1284
            instantiation of "void strata::kernels::<unnamed>::launch_multi_n<F,NCOLS>(const void *, const void *, float *, int, int, cudaStream_t) [with F=strata::kernels::<unnamed>::SmallTraits<strata::kernels::<unnamed>::IQ4NLBlock, 4>, NCOLS=4]" at line 1301
            instantiation of "void strata::kernels::<unnamed>::launch_multi<F>(const void *, const void *, float *, int, int, int, void *) [with F=strata::kernels::<unnamed>::SmallTraits<strata::kernels::<unnamed>::IQ4NLBlock, 4>]" at line 1610
            instantiation of "void strata::kernels::<unnamed>::small_mmvq<Weight,Qi>(const void *, const void *, float *, int, int, int, void *) [with Weight=strata::kernels::<unnamed>::IQ4NLBlock, Qi=4]" at line 2518

G:\Strata\Strata-Safetensors\src\kernels\cuda\native_mmvq.cu(1251): warning #128-D: loop is not reachable
      for (int j = 0; j < NCOLS; ++j) {
      ^
          detected during:
            instantiation of "void strata::kernels::<unnamed>::native_mmvq_multi_kernel<F,NCOLS,NW,ROWS,TS,PAIR>(const F::Block *, const strata::kernels::<unnamed>::Q81Block *, float *, int, int, const F::Block *, float *) [with F=strata::kernels::<unnamed>::SmallTraits<strata::kernels::<unnamed>::IQ4NLBlock, 4>, NCOLS=4, NW=4, ROWS=2, TS=true, PAIR=false]" at line 1290
            instantiation of "void strata::kernels::<unnamed>::launch_multi_n<F,NCOLS>(const void *, const void *, float *, int, int, cudaStream_t) [with F=strata::kernels::<unnamed>::SmallTraits<strata::kernels::<unnamed>::IQ4NLBlock, 4>, NCOLS=4]" at line 1301
            instantiation of "void strata::kernels::<unnamed>::launch_multi<F>(const void *, const void *, float *, int, int, int, void *) [with F=strata::kernels::<unnamed>::SmallTraits<strata::kernels::<unnamed>::IQ4NLBlock, 4>]" at line 1610
            instantiation of "void strata::kernels::<unnamed>::small_mmvq<Weight,Qi>(const void *, const void *, float *, int, int, int, void *) [with Weight=strata::kernels::<unnamed>::IQ4NLBlock, Qi=4]" at line 2518

G:\Strata\Strata-Safetensors\src\kernels\cuda\native_mmvq.cu(1251): warning #128-D: loop is not reachable
      for (int j = 0; j < NCOLS; ++j) {
      ^
          detected during:
            instantiation of "void strata::kernels::<unnamed>::native_mmvq_multi_kernel<F,NCOLS,NW,ROWS,TS,PAIR>(const F::Block *, const strata::kernels::<unnamed>::Q81Block *, float *, int, int, const F::Block *, float *) [with F=strata::kernels::<unnamed>::SmallTraits<strata::kernels::<unnamed>::IQ4NLBlock, 4>, NCOLS=5, NW=4, ROWS=1, TS=true, PAIR=false]" at line 1284
            instantiation of "void strata::kernels::<unnamed>::launch_multi_n<F,NCOLS>(const void *, const void *, float *, int, int, cudaStream_t) [with F=strata::kernels::<unnamed>::SmallTraits<strata::kernels::<unnamed>::IQ4NLBlock, 4>, NCOLS=5]" at line 1302
            instantiation of "void strata::kernels::<unnamed>::launch_multi<F>(const void *, const void *, float *, int, int, int, void *) [with F=strata::kernels::<unnamed>::SmallTraits<strata::kernels::<unnamed>::IQ4NLBlock, 4>]" at line 1610
            instantiation of "void strata::kernels::<unnamed>::small_mmvq<Weight,Qi>(const void *, const void *, float *, int, int, int, void *) [with Weight=strata::kernels::<unnamed>::IQ4NLBlock, Qi=4]" at line 2518

G:\Strata\Strata-Safetensors\src\kernels\cuda\native_mmvq.cu(1251): warning #128-D: loop is not reachable
      for (int j = 0; j < NCOLS; ++j) {
      ^
          detected during:
            instantiation of "void strata::kernels::<unnamed>::native_mmvq_multi_kernel<F,NCOLS,NW,ROWS,TS,PAIR>(const F::Block *, const strata::kernels::<unnamed>::Q81Block *, float *, int, int, const F::Block *, float *) [with F=strata::kernels::<unnamed>::SmallTraits<strata::kernels::<unnamed>::IQ4NLBlock, 4>, NCOLS=5, NW=4, ROWS=2, TS=true, PAIR=false]" at line 1290
            instantiation of "void strata::kernels::<unnamed>::launch_multi_n<F,NCOLS>(const void *, const void *, float *, int, int, cudaStream_t) [with F=strata::kernels::<unnamed>::SmallTraits<strata::kernels::<unnamed>::IQ4NLBlock, 4>, NCOLS=5]" at line 1302
            instantiation of "void strata::kernels::<unnamed>::launch_multi<F>(const void *, const void *, float *, int, int, int, void *) [with F=strata::kernels::<unnamed>::SmallTraits<strata::kernels::<unnamed>::IQ4NLBlock, 4>]" at line 1610
            instantiation of "void strata::kernels::<unnamed>::small_mmvq<Weight,Qi>(const void *, const void *, float *, int, int, int, void *) [with Weight=strata::kernels::<unnamed>::IQ4NLBlock, Qi=4]" at line 2518

G:\Strata\Strata-Safetensors\src\kernels\cuda\native_mmvq.cu(1251): warning #128-D: loop is not reachable
      for (int j = 0; j < NCOLS; ++j) {
      ^
          detected during:
            instantiation of "void strata::kernels::<unnamed>::native_mmvq_multi_kernel<F,NCOLS,NW,ROWS,TS,PAIR>(const F::Block *, const strata::kernels::<unnamed>::Q81Block *, float *, int, int, const F::Block *, float *) [with F=strata::kernels::<unnamed>::SmallTraits<strata::kernels::<unnamed>::IQ4NLBlock, 4>, NCOLS=6, NW=4, ROWS=1, TS=true, PAIR=false]" at line 1284
            instantiation of "void strata::kernels::<unnamed>::launch_multi_n<F,NCOLS>(const void *, const void *, float *, int, int, cudaStream_t) [with F=strata::kernels::<unnamed>::SmallTraits<strata::kernels::<unnamed>::IQ4NLBlock, 4>, NCOLS=6]" at line 1303
            instantiation of "void strata::kernels::<unnamed>::launch_multi<F>(const void *, const void *, float *, int, int, int, void *) [with F=strata::kernels::<unnamed>::SmallTraits<strata::kernels::<unnamed>::IQ4NLBlock, 4>]" at line 1610
            instantiation of "void strata::kernels::<unnamed>::small_mmvq<Weight,Qi>(const void *, const void *, float *, int, int, int, void *) [with Weight=strata::kernels::<unnamed>::IQ4NLBlock, Qi=4]" at line 2518

G:\Strata\Strata-Safetensors\src\kernels\cuda\native_mmvq.cu(1251): warning #128-D: loop is not reachable
      for (int j = 0; j < NCOLS; ++j) {
      ^
          detected during:
            instantiation of "void strata::kernels::<unnamed>::native_mmvq_multi_kernel<F,NCOLS,NW,ROWS,TS,PAIR>(const F::Block *, const strata::kernels::<unnamed>::Q81Block *, float *, int, int, const F::Block *, float *) [with F=strata::kernels::<unnamed>::SmallTraits<strata::kernels::<unnamed>::IQ4NLBlock, 4>, NCOLS=6, NW=4, ROWS=2, TS=true, PAIR=false]" at line 1290
            instantiation of "void strata::kernels::<unnamed>::launch_multi_n<F,NCOLS>(const void *, const void *, float *, int, int, cudaStream_t) [with F=strata::kernels::<unnamed>::SmallTraits<strata::kernels::<unnamed>::IQ4NLBlock, 4>, NCOLS=6]" at line 1303
            instantiation of "void strata::kernels::<unnamed>::launch_multi<F>(const void *, const void *, float *, int, int, int, void *) [with F=strata::kernels::<unnamed>::SmallTraits<strata::kernels::<unnamed>::IQ4NLBlock, 4>]" at line 1610
            instantiation of "void strata::kernels::<unnamed>::small_mmvq<Weight,Qi>(const void *, const void *, float *, int, int, int, void *) [with Weight=strata::kernels::<unnamed>::IQ4NLBlock, Qi=4]" at line 2518

G:\Strata\Strata-Safetensors\src\kernels\cuda\native_mmvq.cu(1251): warning #128-D: loop is not reachable
      for (int j = 0; j < NCOLS; ++j) {
      ^
          detected during:
            instantiation of "void strata::kernels::<unnamed>::native_mmvq_multi_kernel<F,NCOLS,NW,ROWS,TS,PAIR>(const F::Block *, const strata::kernels::<unnamed>::Q81Block *, float *, int, int, const F::Block *, float *) [with F=strata::kernels::<unnamed>::SmallTraits<strata::kernels::<unnamed>::IQ4NLBlock, 4>, NCOLS=7, NW=4, ROWS=1, TS=true, PAIR=false]" at line 1284
            instantiation of "void strata::kernels::<unnamed>::launch_multi_n<F,NCOLS>(const void *, const void *, float *, int, int, cudaStream_t) [with F=strata::kernels::<unnamed>::SmallTraits<strata::kernels::<unnamed>::IQ4NLBlock, 4>, NCOLS=7]" at line 1304
            instantiation of "void strata::kernels::<unnamed>::launch_multi<F>(const void *, const void *, float *, int, int, int, void *) [with F=strata::kernels::<unnamed>::SmallTraits<strata::kernels::<unnamed>::IQ4NLBlock, 4>]" at line 1610
            instantiation of "void strata::kernels::<unnamed>::small_mmvq<Weight,Qi>(const void *, const void *, float *, int, int, int, void *) [with Weight=strata::kernels::<unnamed>::IQ4NLBlock, Qi=4]" at line 2518

G:\Strata\Strata-Safetensors\src\kernels\cuda\native_mmvq.cu(1251): warning #128-D: loop is not reachable
      for (int j = 0; j < NCOLS; ++j) {
      ^
          detected during:
            instantiation of "void strata::kernels::<unnamed>::native_mmvq_multi_kernel<F,NCOLS,NW,ROWS,TS,PAIR>(const F::Block *, const strata::kernels::<unnamed>::Q81Block *, float *, int, int, const F::Block *, float *) [with F=strata::kernels::<unnamed>::SmallTraits<strata::kernels::<unnamed>::IQ4NLBlock, 4>, NCOLS=7, NW=4, ROWS=2, TS=true, PAIR=false]" at line 1290
            instantiation of "void strata::kernels::<unnamed>::launch_multi_n<F,NCOLS>(const void *, const void *, float *, int, int, cudaStream_t) [with F=strata::kernels::<unnamed>::SmallTraits<strata::kernels::<unnamed>::IQ4NLBlock, 4>, NCOLS=7]" at line 1304
            instantiation of "void strata::kernels::<unnamed>::launch_multi<F>(const void *, const void *, float *, int, int, int, void *) [with F=strata::kernels::<unnamed>::SmallTraits<strata::kernels::<unnamed>::IQ4NLBlock, 4>]" at line 1610
            instantiation of "void strata::kernels::<unnamed>::small_mmvq<Weight,Qi>(const void *, const void *, float *, int, int, int, void *) [with Weight=strata::kernels::<unnamed>::IQ4NLBlock, Qi=4]" at line 2518

G:\Strata\Strata-Safetensors\src\kernels\cuda\native_mmvq.cu(1251): warning #128-D: loop is not reachable
      for (int j = 0; j < NCOLS; ++j) {
      ^
          detected during:
            instantiation of "void strata::kernels::<unnamed>::native_mmvq_multi_kernel<F,NCOLS,NW,ROWS,TS,PAIR>(const F::Block *, const strata::kernels::<unnamed>::Q81Block *, float *, int, int, const F::Block *, float *) [with F=strata::kernels::<unnamed>::SmallTraits<strata::kernels::<unnamed>::IQ4NLBlock, 4>, NCOLS=8, NW=4, ROWS=1, TS=true, PAIR=false]" at line 1284
            instantiation of "void strata::kernels::<unnamed>::launch_multi_n<F,NCOLS>(const void *, const void *, float *, int, int, cudaStream_t) [with F=strata::kernels::<unnamed>::SmallTraits<strata::kernels::<unnamed>::IQ4NLBlock, 4>, NCOLS=8]" at line 1305
            instantiation of "void strata::kernels::<unnamed>::launch_multi<F>(const void *, const void *, float *, int, int, int, void *) [with F=strata::kernels::<unnamed>::SmallTraits<strata::kernels::<unnamed>::IQ4NLBlock, 4>]" at line 1610
            instantiation of "void strata::kernels::<unnamed>::small_mmvq<Weight,Qi>(const void *, const void *, float *, int, int, int, void *) [with Weight=strata::kernels::<unnamed>::IQ4NLBlock, Qi=4]" at line 2518

G:\Strata\Strata-Safetensors\src\kernels\cuda\native_mmvq.cu(1251): warning #128-D: loop is not reachable
      for (int j = 0; j < NCOLS; ++j) {
      ^
          detected during:
            instantiation of "void strata::kernels::<unnamed>::native_mmvq_multi_kernel<F,NCOLS,NW,ROWS,TS,PAIR>(const F::Block *, const strata::kernels::<unnamed>::Q81Block *, float *, int, int, const F::Block *, float *) [with F=strata::kernels::<unnamed>::SmallTraits<strata::kernels::<unnamed>::IQ4NLBlock, 4>, NCOLS=8, NW=4, ROWS=2, TS=true, PAIR=false]" at line 1290
            instantiation of "void strata::kernels::<unnamed>::launch_multi_n<F,NCOLS>(const void *, const void *, float *, int, int, cudaStream_t) [with F=strata::kernels::<unnamed>::SmallTraits<strata::kernels::<unnamed>::IQ4NLBlock, 4>, NCOLS=8]" at line 1305
            instantiation of "void strata::kernels::<unnamed>::launch_multi<F>(const void *, const void *, float *, int, int, int, void *) [with F=strata::kernels::<unnamed>::SmallTraits<strata::kernels::<unnamed>::IQ4NLBlock, 4>]" at line 1610
            instantiation of "void strata::kernels::<unnamed>::small_mmvq<Weight,Qi>(const void *, const void *, float *, int, int, int, void *) [with Weight=strata::kernels::<unnamed>::IQ4NLBlock, Qi=4]" at line 2518

native_mmvq.cu
tmpxft_00003b80_00000000-7_native_mmvq.cudafe1.cpp
[19/22] Linking CXX static library strata_kernels.lib
[20/22] Linking CXX static library strata_engine.lib
[21/22] Linking CXX executable bf16_rows_bench.exe
[22/22] Linking CXX executable strata-efficiency2.exe
