[strata] 2026-10-10 22:56:34 engine started: G:\Strata\Strata-Safetensors\build-native-engine\strata-efficiency17.exe --serve --model D:\迅雷下载\Qwen3.8-flash-next-nvfp4 --max-context 262144 --prefill 4096 --expert-cache auto --vram-reserve-mib 1024 --spec 3 --suffix-draft 0 --pcie-frac 0.25 --pcie-mode kernel --kv int8 --no-prefill-borrow --adapt-every 4 --adapt-swaps 96 --conversation-cache-mib 4096 --conversation-cache-slots 4 --prompt-cache 6 --stats --check-logits --expert-profile G:\Strata\Strata-Safetensors\data\expert-profile.bin --mtp native --mtp-max-t 1 --spec-min-p 0 --pool-tasks 40 --vision
strata generate: native pack:  experts (largest blob 2.76 MB), token embedding BF16 in mapped host memory (1212 MiB, 1.6 s)
strata generate: 7016 MiB of weights loaded from  in 9.9 s (1 canonical tensors skipped: served natively)
strata generate: GPU 0: NVIDIA GeForce RTX 5090, compute capability 12.0
strata generate: the SSD is kept awake while rows are read: one page of the table after 100 ms without a read, until 60 s after the last request (STRATA_SSD_KEEPALIVE=0 turns it off)
strata generate: profile G:\Strata\Strata-Safetensors\data\expert-profile.bin: 24576 ranked pairs, built for 24576 slots
safetensors MTP: 29 dense tensors, 512 original FP8 experts; 2573.1 MiB, no requantization
strata mtp: original safetensors draft, 2620 MiB total VRAM, startup 4.81 s
strata generate: native BF16 head, 1271398400 bytes, in 1.6 s
safetensors: allocating 63.282 GiB expert RAM (CUDA pinned); startup batch=64 workers=4
safetensors: expert RAM allocated and locked in 5.00 s
safetensors: resident experts 1/48 layers (elapsed 5.80 s, read 0.70 s, pack 0.07 s)
safetensors: resident experts 2/48 layers (elapsed 6.34 s, read 1.17 s, pack 0.14 s)
safetensors: resident experts 3/48 layers (elapsed 6.87 s, read 1.63 s, pack 0.21 s)
safetensors: resident experts 4/48 layers (elapsed 7.55 s, read 2.24 s, pack 0.27 s)
safetensors: resident experts 5/48 layers (elapsed 8.65 s, read 3.28 s, pack 0.34 s)
safetensors: resident experts 6/48 layers (elapsed 9.31 s, read 3.87 s, pack 0.40 s)
safetensors: resident experts 7/48 layers (elapsed 9.87 s, read 4.36 s, pack 0.47 s)
safetensors: resident experts 8/48 layers (elapsed 10.41 s, read 4.84 s, pack 0.53 s)
safetensors: resident experts 9/48 layers (elapsed 10.88 s, read 5.25 s, pack 0.60 s)
safetensors: resident experts 10/48 layers (elapsed 11.51 s, read 5.81 s, pack 0.66 s)
safetensors: resident experts 11/48 layers (elapsed 13.14 s, read 7.37 s, pack 0.73 s)
safetensors: resident experts 12/48 layers (elapsed 14.89 s, read 9.06 s, pack 0.79 s)
safetensors: resident experts 13/48 layers (elapsed 15.96 s, read 10.06 s, pack 0.85 s)
safetensors: resident experts 14/48 layers (elapsed 16.80 s, read 10.84 s, pack 0.92 s)
safetensors: resident experts 15/48 layers (elapsed 17.53 s, read 11.51 s, pack 0.98 s)
safetensors: resident experts 16/48 layers (elapsed 18.34 s, read 12.26 s, pack 1.04 s)
safetensors: resident experts 17/48 layers (elapsed 19.10 s, read 12.94 s, pack 1.11 s)
safetensors: resident experts 18/48 layers (elapsed 20.02 s, read 13.80 s, pack 1.17 s)
safetensors: resident experts 19/48 layers (elapsed 20.69 s, read 14.41 s, pack 1.24 s)
safetensors: resident experts 20/48 layers (elapsed 21.20 s, read 14.86 s, pack 1.30 s)
safetensors: resident experts 21/48 layers (elapsed 21.97 s, read 15.56 s, pack 1.37 s)
safetensors: resident experts 22/48 layers (elapsed 22.47 s, read 15.99 s, pack 1.43 s)
safetensors: resident experts 23/48 layers (elapsed 23.25 s, read 16.70 s, pack 1.50 s)
safetensors: resident experts 24/48 layers (elapsed 24.06 s, read 17.45 s, pack 1.56 s)
safetensors: resident experts 25/48 layers (elapsed 24.73 s, read 18.06 s, pack 1.62 s)
safetensors: resident experts 26/48 layers (elapsed 25.78 s, read 19.04 s, pack 1.69 s)
safetensors: resident experts 27/48 layers (elapsed 26.39 s, read 19.59 s, pack 1.75 s)
safetensors: resident experts 28/48 layers (elapsed 27.09 s, read 20.22 s, pack 1.81 s)
safetensors: resident experts 29/48 layers (elapsed 27.92 s, read 20.99 s, pack 1.88 s)
safetensors: resident experts 30/48 layers (elapsed 28.55 s, read 21.55 s, pack 1.94 s)
safetensors: resident experts 31/48 layers (elapsed 29.55 s, read 22.49 s, pack 2.01 s)
safetensors: resident experts 32/48 layers (elapsed 30.37 s, read 23.24 s, pack 2.07 s)
safetensors: resident experts 33/48 layers (elapsed 31.19 s, read 24.00 s, pack 2.13 s)
safetensors: resident experts 34/48 layers (elapsed 31.91 s, read 24.66 s, pack 2.20 s)
safetensors: resident experts 35/48 layers (elapsed 32.63 s, read 25.31 s, pack 2.26 s)
safetensors: resident experts 36/48 layers (elapsed 33.35 s, read 25.96 s, pack 2.33 s)
safetensors: resident experts 37/48 layers (elapsed 33.99 s, read 26.54 s, pack 2.39 s)
safetensors: resident experts 38/48 layers (elapsed 34.81 s, read 27.29 s, pack 2.45 s)
safetensors: resident experts 39/48 layers (elapsed 35.35 s, read 27.78 s, pack 2.52 s)
safetensors: resident experts 40/48 layers (elapsed 36.13 s, read 28.49 s, pack 2.58 s)
safetensors: resident experts 41/48 layers (elapsed 36.96 s, read 29.25 s, pack 2.64 s)
safetensors: resident experts 42/48 layers (elapsed 37.57 s, read 29.80 s, pack 2.71 s)
safetensors: resident experts 43/48 layers (elapsed 38.19 s, read 30.35 s, pack 2.77 s)
safetensors: resident experts 44/48 layers (elapsed 38.82 s, read 30.91 s, pack 2.84 s)
safetensors: resident experts 45/48 layers (elapsed 39.66 s, read 31.69 s, pack 2.90 s)
safetensors: resident experts 46/48 layers (elapsed 40.31 s, read 32.28 s, pack 2.96 s)
safetensors: resident experts 47/48 layers (elapsed 40.80 s, read 32.71 s, pack 3.03 s)
safetensors: resident experts 48/48 layers (elapsed 41.34 s, read 33.17 s, pack 3.09 s)
safetensors: 63.282 GiB physically page-locked and GPU-mapped via cudaHostAlloc, 0.0 MiB GPU staging
safetensors: startup weight handles closed; all resident payload reads sealed
safetensors: expert startup complete: 41.34 s, batch=64 workers=4 scratch_peak_mib=168.75 read_s=33.17 pack_s=3.09 source_read_calls=29980
safetensors: all expert weights in locked RAM; expert source reads sealed
strata generate: CPU pool tasks/phase: 40 (capped by rows), participating threads: 16
strata generate: 15 pool workers on logical processors 2,4,6,8,10,12,14,16,18,20,22,24,26,28,30, the host thread on 0 (draining too) (--host-core first)
strata prefill allocation: requested=4096 effective=4096 capacity=4096 workspace_bytes=2906123008 free_vram_bytes=16428040192
safetensors: prefill-first: 4096 rows allocated and touched before expert cache sizing; 512 MiB startup headroom held; experts use the remaining budget
strata generate: expert cache auto: 15.30 GiB free, 1024 MiB reserved (+2 MiB for the draft head) -> 5528 slots
strata generate: only 0 MiB free once the slots are written (reserve 1024 MiB); shrinking the expert cache
safetensors: written-cache budget also keeps 3 MiB for the late MTP head
strata generate: only 346 MiB free once the slots are written (reserve 1024 MiB); shrinking the expert cache
safetensors: written-cache budget also keeps 3 MiB for the late MTP head
strata generate: expert cache 4830 slots, 12.44 GiB of VRAM; policy is
strata generate: native NVFP4 CPU/GPU FP32 canonical arithmetic enabled
                 (32-lane reduction and double exp rounded to float).
                 PROFILE, ranked by routing frequency, no eviction.
strata generate: the profile fill asks for 0 pairs ahead (STRATA_FILL_AHEAD)
strata generate: pre-filled 4830 of 4830 slots from the profile in 0.3 s (40893 MB/s); slot 0 verified
strata generate: R4 hit path ON - resident experts are computed on the GPU
strata generate: 15 expert-pool workers + the host thread
strata generate: session is up (engine 0.1.41)
strata generate: token graph hit path: 4830 resident experts, decided on the device
strata generate: resident RAM mode: 63.28 GiB of experts in RAM (page-locked), 4830 in the GPU cache; adaptive swaps exchange them with the GPU cache (no file reads)
strata serve: the prompt path allocates its own buffers (dedicated workspace: --no-prefill-borrow)
strata serve prefill selection: configured=4096 selected=4096 auto=0 reduced=0
strata generate: elastic K/V: 16384 of 262144 cells in VRAM (0.25 of 3.35 GiB); the expert cache (4830 slots) gives the K/V room below slot 4830 as the context grows
strata hc: CUDA0: the hyper-connection read runs as staged (the norm per token and stream, the down projection's activations staged ahead by cp.async); checked bit for bit against the plain read on this card (STRATA_HC_SPLIT=1 or 0 for the earlier ones)
strata verify: window up to 3 tokens, 355.1 MiB of device buffers
strata serve: STRATA_ADAPT_FETCH is off (the resident RAM mode)
strata serve: the adaptive tier's evictions reach the device's table before the next window (STRATA_ADAPT_EVICT_SYNC=0: when its copies land)
safetensors: startup MTP weight warm: 2573.1 MiB read on device in 3.7 ms; original weights, KV and sampling state unchanged
safetensors: startup immutable weight warm completed in 15.5 ms using the 512 MiB guard; no forward pass or expert source read
safetensors: prefill-first ready: configured=4096 allocated=4096; startup headroom released; 1242 MiB free
strata serve: 1242 MiB of VRAM free with everything loaded
safetensors: engine ready after 74.31 s from main entry
strata: K/V grown to 32768 cells (0.46 GiB); the expert cache gave 80 slots for it, 0 hotter experts moved to colder ones' slots (4750 of 4830 slots hold experts)
strata serve prefill segment: start=0 end=24597 root=0 turn=1 message=0 pin=0 reread=0
strata ple batch phases: rows=65536 misses=65536 pages=42323 total_ms=155.371 call_lock_ms=0.000 lookup_ms=0.929 plan_ms=2.834 group_wait_ms=144.799 cache_insert_ms=4.310 callback_ms=2.149 reader_drain_ms=0.000
strata ple gather phases: tokens=4096 rows=65536 total_ms=157.285 raw_resize_ms=1.744 host_available_mib=14308
strata ple: chunk 0: read started 0.6 ms into the run, layer 1 reached at 307.7, waited 0.0 ms
strata ple batch phases: rows=65536 misses=50677 pages=45007 total_ms=163.872 call_lock_ms=0.000 lookup_ms=1.330 plan_ms=2.220 group_wait_ms=154.542 cache_insert_ms=3.267 callback_ms=2.299 reader_drain_ms=0.000
strata ple gather phases: tokens=4096 rows=65536 total_ms=163.900 raw_resize_ms=0.004 host_available_mib=14189
strata draft batch: weights=bf16 math=bf16x3 start=0 rows=4096 batch=3840
strata prefill callback: start=0 rows=4096 draft_path=batched draft_ms=22.822 checkpoint_ms=0.002 total_ms=22.849
strata prefill chunk: start=0 rows=4096 main_and_wait_ms=1723.309 callback_ms=22.884 total_ms=1746.194
strata ple: chunk 4096: read started 308.0 ms into the run, layer 1 reached at 1767.5, waited 0.0 ms
strata ple batch phases: rows=65536 misses=42636 pages=38409 total_ms=151.245 call_lock_ms=0.000 lookup_ms=1.633 plan_ms=1.830 group_wait_ms=142.955 cache_insert_ms=2.519 callback_ms=2.183 reader_drain_ms=0.000
strata ple gather phases: tokens=4096 rows=65536 total_ms=151.277 raw_resize_ms=0.004 host_available_mib=14189
strata draft batch: weights=bf16 math=bf16x3 start=4096 rows=4096 batch=3840
strata prefill callback: start=4096 rows=4096 draft_path=batched draft_ms=8.842 checkpoint_ms=0.002 total_ms=8.891
strata prefill chunk: start=4096 rows=4096 main_and_wait_ms=1168.775 callback_ms=8.900 total_ms=1177.676
strata ple: chunk 8192: read started 1767.6 ms into the run, layer 1 reached at 2940.2, waited 0.0 ms
strata ple batch phases: rows=65536 misses=45361 pages=42642 total_ms=112.501 call_lock_ms=0.000 lookup_ms=1.655 plan_ms=1.998 group_wait_ms=104.353 cache_insert_ms=2.180 callback_ms=2.184 reader_drain_ms=0.000
strata ple gather phases: tokens=4096 rows=65536 total_ms=112.531 raw_resize_ms=0.004 host_available_mib=14183
strata draft batch: weights=bf16 math=bf16x3 start=8192 rows=4096 batch=3840
strata prefill callback: start=8192 rows=4096 draft_path=batched draft_ms=8.941 checkpoint_ms=0.002 total_ms=8.967
strata prefill chunk: start=8192 rows=4096 main_and_wait_ms=1158.134 callback_ms=8.976 total_ms=1167.110
strata ple: chunk 12288: read started 2940.3 ms into the run, layer 1 reached at 4107.2, waited 0.0 ms
strata ple batch phases: rows=65536 misses=47138 pages=43692 total_ms=177.591 call_lock_ms=0.000 lookup_ms=1.664 plan_ms=1.972 group_wait_ms=169.270 cache_insert_ms=2.456 callback_ms=2.079 reader_drain_ms=0.000
strata ple gather phases: tokens=4096 rows=65536 total_ms=177.628 raw_resize_ms=0.004 host_available_mib=14192
strata draft batch: weights=bf16 math=bf16x3 start=12288 rows=4096 batch=3840
strata prefill callback: start=12288 rows=4096 draft_path=batched draft_ms=8.908 checkpoint_ms=37.158 total_ms=46.091
strata prefill chunk: start=12288 rows=4096 main_and_wait_ms=1157.701 callback_ms=46.105 total_ms=1203.806
strata ple: chunk 16384: read started 4107.3 ms into the run, layer 1 reached at 5311.2, waited 0.0 ms
strata ple batch phases: rows=65536 misses=45892 pages=43775 total_ms=146.439 call_lock_ms=0.000 lookup_ms=1.794 plan_ms=1.890 group_wait_ms=138.092 cache_insert_ms=2.198 callback_ms=2.330 reader_drain_ms=0.000
strata ple gather phases: tokens=4096 rows=65536 total_ms=146.470 raw_resize_ms=0.004 host_available_mib=14089
strata draft batch: weights=bf16 math=bf16x3 start=16384 rows=4096 batch=3840
strata prefill callback: start=16384 rows=4096 draft_path=batched draft_ms=8.885 checkpoint_ms=0.002 total_ms=8.912
strata prefill chunk: start=16384 rows=4096 main_and_wait_ms=1158.465 callback_ms=8.921 total_ms=1167.385
strata ple: chunk 20480: read started 5311.3 ms into the run, layer 1 reached at 6478.6, waited 0.0 ms
strata draft batch: weights=bf16 math=bf16x3 start=20480 rows=4096 batch=3840
strata prefill callback: start=20480 rows=4096 draft_path=batched draft_ms=8.805 checkpoint_ms=0.002 total_ms=8.831
strata prefill chunk: start=20480 rows=4096 main_and_wait_ms=1161.065 callback_ms=8.838 total_ms=1169.903
strata ple: chunk 24576: read started 6478.7 ms into the run, layer 1 reached at 7689.3, waited 0.0 ms
strata: the hyper-connection read v4 (programmatic dependent launch)
strata prefill callback: start=24576 rows=21 draft_path=token draft_ms=7.569 checkpoint_ms=0.002 total_ms=7.613
strata prefill chunk: start=24576 rows=21 main_and_wait_ms=287.860 callback_ms=7.621 total_ms=295.481
strata prefill executed: tokens=24597 max_chunk=4096 capacity=4096 start=0
strata serve prefill segment: start=24597 end=24603 root=0 turn=0 message=0 pin=0 reread=0
strata verify: capturing the 3-token window (1180 MiB of VRAM free)
strata verify: captured the 3-token window (upload no error, sync no error)
strata verify: capturing the 1-token window (1176 MiB of VRAM free)
strata verify: captured the 1-token window (upload no error, sync no error)
strata serve: prompt 24604 tokens = 0 reused + 24604 read in 8045 ms (3058.3 tok/s), 1 generated in 28 ms (35.9 tok/s), drafts accepted 0 of 0, 2 checkpoints
strata serve: decode expert cache hit rate: 62.3% (278 hits / 446 lookups); 34 more read by the GPU over PCIe or from another GPU (7.1% of all 480 routed)
strata serve: resident RAM: 63.28 GiB of experts in RAM, 0 exchanged with the VRAM tier, 0 blob reads from the file
safetensors residency metrics: ram_bytes=67948118016 os_locked_bytes=0 cuda_pinned_bytes=67948118016 promotions=0 promoted_payload_bytes=0 expert_file_bytes=0 (cumulative; payload is not a physical PCIe counter)
safetensors ngram metrics: ple io: 393664 rows, 24.4% row-cache hits, 256256 SSD reads (1049.7 MB), read p50 232 us p99 16729 us, blocked 913.686 ms total (submit 0.110 ms), cache 247116/1048576 rows, SSD kept awake by 70 reads (slowest 40.5 ms)
strata serve: expert tiers: GPU 278 hits this request; since the start RAM 127893 blobs, files 0 blobs 0.0 MB read
strata serve: prompt 24605 tokens = 24604 reused + 1 read in 0 ms (21367.5 tok/s), 1 generated in 28 ms (36.1 tok/s), drafts accepted 0 of 0, 2 checkpoints
strata serve: decode expert cache hit rate: 65.2% (294 hits / 451 lookups); 29 more read by the GPU over PCIe or from another GPU (6.0% of all 480 routed)
strata serve: resident RAM: 63.28 GiB of experts in RAM, 0 exchanged with the VRAM tier, 0 blob reads from the file
safetensors residency metrics: ram_bytes=67948118016 os_locked_bytes=0 cuda_pinned_bytes=67948118016 promotions=0 promoted_payload_bytes=0 expert_file_bytes=0 (cumulative; payload is not a physical PCIe counter)
safetensors ngram metrics: ple io: 393680 rows, 24.4% row-cache hits, 256264 SSD reads (1049.7 MB), read p50 232 us p99 16589 us, blocked 923.613 ms total (submit 0.125 ms), cache 247124/1048576 rows, SSD kept awake by 70 reads (slowest 40.5 ms)
strata serve: expert tiers: GPU 294 hits this request; since the start RAM 128079 blobs, files 0 blobs 0.0 MB read
strata serve: prompt 24606 tokens = 24605 reused + 1 read in 0 ms (20533.9 tok/s), 1 generated in 20 ms (49.6 tok/s), drafts accepted 0 of 0, 2 checkpoints
strata serve: decode expert cache hit rate: 49.0% (211 hits / 431 lookups); 49 more read by the GPU over PCIe or from another GPU (10.2% of all 480 routed)
strata serve: resident RAM: 63.28 GiB of experts in RAM, 0 exchanged with the VRAM tier, 0 blob reads from the file
safetensors residency metrics: ram_bytes=67948118016 os_locked_bytes=0 cuda_pinned_bytes=67948118016 promotions=0 promoted_payload_bytes=0 expert_file_bytes=0 (cumulative; payload is not a physical PCIe counter)
safetensors ngram metrics: ple io: 393696 rows, 24.4% row-cache hits, 256280 SSD reads (1049.8 MB), read p50 232 us p99 16284 us, blocked 923.614 ms total (submit 0.142 ms), cache 247140/1048576 rows, SSD kept awake by 70 reads (slowest 40.5 ms)
strata serve: expert tiers: GPU 211 hits this request; since the start RAM 128348 blobs, files 0 blobs 0.0 MB read
strata serve: prompt 24607 tokens = 24606 reused + 1 read in 0 ms (22271.7 tok/s), 1 generated in 23 ms (43.1 tok/s), drafts accepted 0 of 0, 2 checkpoints
strata serve: decode expert cache hit rate: 42.8% (182 hits / 425 lookups); 55 more read by the GPU over PCIe or from another GPU (11.5% of all 480 routed)
strata serve: resident RAM: 63.28 GiB of experts in RAM, 0 exchanged with the VRAM tier, 0 blob reads from the file
safetensors residency metrics: ram_bytes=67948118016 os_locked_bytes=0 cuda_pinned_bytes=67948118016 promotions=0 promoted_payload_bytes=0 expert_file_bytes=0 (cumulative; payload is not a physical PCIe counter)
safetensors ngram metrics: ple io: 393712 rows, 24.4% row-cache hits, 256288 SSD reads (1049.8 MB), read p50 232 us p99 16147 us, blocked 923.863 ms total (submit 0.180 ms), cache 247148/1048576 rows, SSD kept awake by 70 reads (slowest 40.5 ms)
strata serve: expert tiers: GPU 182 hits this request; since the start RAM 128742 blobs, files 0 blobs 0.0 MB read
strata serve: prompt 24608 tokens = 24607 reused + 1 read in 0 ms (7423.9 tok/s), 1 generated in 21 ms (48.0 tok/s), drafts accepted 0 of 0, 2 checkpoints
strata serve: decode expert cache hit rate: 45.5% (193 hits / 424 lookups); 56 more read by the GPU over PCIe or from another GPU (11.7% of all 480 routed)
strata serve: resident RAM: 63.28 GiB of experts in RAM, 0 exchanged with the VRAM tier, 0 blob reads from the file
safetensors residency metrics: ram_bytes=67948118016 os_locked_bytes=0 cuda_pinned_bytes=67948118016 promotions=96 promoted_payload_bytes=265422336 expert_file_bytes=0 (cumulative; payload is not a physical PCIe counter)
safetensors ngram metrics: ple io: 393728 rows, 24.4% row-cache hits, 256288 SSD reads (1049.8 MB), read p50 232 us p99 16147 us, blocked 923.864 ms total (submit 0.180 ms), cache 247148/1048576 rows, SSD kept awake by 70 reads (slowest 40.5 ms)
strata serve: expert tiers: GPU 193 hits this request; since the start RAM 129029 blobs, files 0 blobs 0.0 MB read
strata serve: prompt 24609 tokens = 24608 reused + 1 read in 0 ms (18518.5 tok/s), 1 generated in 19 ms (52.8 tok/s), drafts accepted 0 of 0, 2 checkpoints
strata serve: decode expert cache hit rate: 59.5% (264 hits / 444 lookups); 36 more read by the GPU over PCIe or from another GPU (7.5% of all 480 routed)
strata serve: resident RAM: 63.28 GiB of experts in RAM, 0 exchanged with the VRAM tier, 0 blob reads from the file
safetensors residency metrics: ram_bytes=67948118016 os_locked_bytes=0 cuda_pinned_bytes=67948118016 promotions=96 promoted_payload_bytes=265422336 expert_file_bytes=0 (cumulative; payload is not a physical PCIe counter)
safetensors ngram metrics: ple io: 393744 rows, 24.4% row-cache hits, 256288 SSD reads (1049.8 MB), read p50 232 us p99 16147 us, blocked 923.864 ms total (submit 0.180 ms), cache 247148/1048576 rows, SSD kept awake by 70 reads (slowest 40.5 ms)
strata serve: expert tiers: GPU 264 hits this request; since the start RAM 129245 blobs, files 0 blobs 0.0 MB read
strata serve: prompt 24610 tokens = 24609 reused + 1 read in 0 ms (18248.2 tok/s), 1 generated in 22 ms (46.3 tok/s), drafts accepted 0 of 0, 2 checkpoints
strata serve: decode expert cache hit rate: 58.9% (261 hits / 443 lookups); 37 more read by the GPU over PCIe or from another GPU (7.7% of all 480 routed)
strata serve: resident RAM: 63.28 GiB of experts in RAM, 0 exchanged with the VRAM tier, 0 blob reads from the file
safetensors residency metrics: ram_bytes=67948118016 os_locked_bytes=0 cuda_pinned_bytes=67948118016 promotions=96 promoted_payload_bytes=265422336 expert_file_bytes=0 (cumulative; payload is not a physical PCIe counter)
safetensors ngram metrics: ple io: 393760 rows, 24.4% row-cache hits, 256304 SSD reads (1049.9 MB), read p50 232 us p99 16028 us, blocked 926.159 ms total (submit 0.197 ms), cache 247164/1048576 rows, SSD kept awake by 70 reads (slowest 40.5 ms)
strata serve: expert tiers: GPU 261 hits this request; since the start RAM 129464 blobs, files 0 blobs 0.0 MB read
strata serve: prompt 24611 tokens = 24610 reused + 1 read in 0 ms (18315.0 tok/s), 1 generated in 21 ms (46.9 tok/s), drafts accepted 0 of 0, 2 checkpoints
strata serve: decode expert cache hit rate: 50.8% (220 hits / 433 lookups); 47 more read by the GPU over PCIe or from another GPU (9.8% of all 480 routed)
strata serve: resident RAM: 63.28 GiB of experts in RAM, 0 exchanged with the VRAM tier, 0 blob reads from the file
safetensors residency metrics: ram_bytes=67948118016 os_locked_bytes=0 cuda_pinned_bytes=67948118016 promotions=96 promoted_payload_bytes=265422336 expert_file_bytes=0 (cumulative; payload is not a physical PCIe counter)
safetensors ngram metrics: ple io: 393776 rows, 24.4% row-cache hits, 256320 SSD reads (1050.0 MB), read p50 232 us p99 16028 us, blocked 926.159 ms total (submit 0.212 ms), cache 247180/1048576 rows, SSD kept awake by 70 reads (slowest 40.5 ms)
strata serve: expert tiers: GPU 220 hits this request; since the start RAM 129820 blobs, files 0 blobs 0.0 MB read
strata serve: prompt 24612 tokens = 24611 reused + 1 read in 0 ms (7824.7 tok/s), 1 generated in 19 ms (52.3 tok/s), drafts accepted 0 of 0, 2 checkpoints
strata serve: decode expert cache hit rate: 58.9% (259 hits / 440 lookups); 40 more read by the GPU over PCIe or from another GPU (8.3% of all 480 routed)
strata serve: resident RAM: 63.28 GiB of experts in RAM, 0 exchanged with the VRAM tier, 0 blob reads from the file
safetensors residency metrics: ram_bytes=67948118016 os_locked_bytes=0 cuda_pinned_bytes=67948118016 promotions=192 promoted_payload_bytes=530844672 expert_file_bytes=0 (cumulative; payload is not a physical PCIe counter)
safetensors ngram metrics: ple io: 393792 rows, 24.4% row-cache hits, 256336 SSD reads (1050.1 MB), read p50 232 us p99 16028 us, blocked 926.160 ms total (submit 0.230 ms), cache 247196/1048576 rows, SSD kept awake by 70 reads (slowest 40.5 ms)
strata serve: expert tiers: GPU 259 hits this request; since the start RAM 130041 blobs, files 0 blobs 0.0 MB read
strata serve: prompt 24613 tokens = 24612 reused + 1 read in 0 ms (19607.8 tok/s), 1 generated in 18 ms (55.4 tok/s), drafts accepted 0 of 0, 2 checkpoints
strata serve: decode expert cache hit rate: 68.4% (312 hits / 456 lookups); 24 more read by the GPU over PCIe or from another GPU (5.0% of all 480 routed)
strata serve: resident RAM: 63.28 GiB of experts in RAM, 0 exchanged with the VRAM tier, 0 blob reads from the file
safetensors residency metrics: ram_bytes=67948118016 os_locked_bytes=0 cuda_pinned_bytes=67948118016 promotions=192 promoted_payload_bytes=530844672 expert_file_bytes=0 (cumulative; payload is not a physical PCIe counter)
safetensors ngram metrics: ple io: 393808 rows, 24.4% row-cache hits, 256352 SSD reads (1050.1 MB), read p50 232 us p99 16028 us, blocked 926.857 ms total (submit 0.246 ms), cache 247212/1048576 rows, SSD kept awake by 70 reads (slowest 40.5 ms)
strata serve: expert tiers: GPU 312 hits this request; since the start RAM 130209 blobs, files 0 blobs 0.0 MB read
strata serve: prompt 24614 tokens = 24613 reused + 1 read in 0 ms (19531.2 tok/s), 1 generated in 20 ms (49.1 tok/s), drafts accepted 0 of 0, 2 checkpoints
strata serve: decode expert cache hit rate: 54.7% (239 hits / 437 lookups); 43 more read by the GPU over PCIe or from another GPU (9.0% of all 480 routed)
strata serve: resident RAM: 63.28 GiB of experts in RAM, 0 exchanged with the VRAM tier, 0 blob reads from the file
safetensors residency metrics: ram_bytes=67948118016 os_locked_bytes=0 cuda_pinned_bytes=67948118016 promotions=192 promoted_payload_bytes=530844672 expert_file_bytes=0 (cumulative; payload is not a physical PCIe counter)
safetensors ngram metrics: ple io: 393824 rows, 24.4% row-cache hits, 256368 SSD reads (1050.2 MB), read p50 232 us p99 16028 us, blocked 927.328 ms total (submit 0.260 ms), cache 247228/1048576 rows, SSD kept awake by 70 reads (slowest 40.5 ms)
strata serve: expert tiers: GPU 239 hits this request; since the start RAM 130450 blobs, files 0 blobs 0.0 MB read
strata serve: prompt 24615 tokens = 24614 reused + 1 read in 0 ms (19531.2 tok/s), 1 generated in 20 ms (49.2 tok/s), drafts accepted 0 of 0, 2 checkpoints
strata serve: decode expert cache hit rate: 58.7% (260 hits / 443 lookups); 37 more read by the GPU over PCIe or from another GPU (7.7% of all 480 routed)
strata serve: resident RAM: 63.28 GiB of experts in RAM, 0 exchanged with the VRAM tier, 0 blob reads from the file
safetensors residency metrics: ram_bytes=67948118016 os_locked_bytes=0 cuda_pinned_bytes=67948118016 promotions=192 promoted_payload_bytes=530844672 expert_file_bytes=0 (cumulative; payload is not a physical PCIe counter)
safetensors ngram metrics: ple io: 393840 rows, 24.4% row-cache hits, 256376 SSD reads (1050.2 MB), read p50 232 us p99 16028 us, blocked 927.329 ms total (submit 0.272 ms), cache 247236/1048576 rows, SSD kept awake by 70 reads (slowest 40.5 ms)
strata serve: expert tiers: GPU 260 hits this request; since the start RAM 130766 blobs, files 0 blobs 0.0 MB read
strata serve: prompt 24616 tokens = 24615 reused + 1 read in 0 ms (7194.2 tok/s), 1 generated in 18 ms (54.5 tok/s), drafts accepted 0 of 0, 2 checkpoints
strata serve: decode expert cache hit rate: 63.9% (288 hits / 451 lookups); 29 more read by the GPU over PCIe or from another GPU (6.0% of all 480 routed)
strata serve: resident RAM: 63.28 GiB of experts in RAM, 0 exchanged with the VRAM tier, 0 blob reads from the file
safetensors residency metrics: ram_bytes=67948118016 os_locked_bytes=0 cuda_pinned_bytes=67948118016 promotions=288 promoted_payload_bytes=796267008 expert_file_bytes=0 (cumulative; payload is not a physical PCIe counter)
safetensors ngram metrics: ple io: 393856 rows, 24.4% row-cache hits, 256392 SSD reads (1050.3 MB), read p50 232 us p99 16028 us, blocked 927.459 ms total (submit 0.287 ms), cache 247252/1048576 rows, SSD kept awake by 70 reads (slowest 40.5 ms)
strata serve: expert tiers: GPU 288 hits this request; since the start RAM 130958 blobs, files 0 blobs 0.0 MB read
strata serve: prompt 24617 tokens = 24616 reused + 1 read in 0 ms (21551.7 tok/s), 1 generated in 18 ms (56.5 tok/s), drafts accepted 0 of 0, 2 checkpoints
strata serve: decode expert cache hit rate: 68.1% (314 hits / 461 lookups); 19 more read by the GPU over PCIe or from another GPU (4.0% of all 480 routed)
strata serve: resident RAM: 63.28 GiB of experts in RAM, 0 exchanged with the VRAM tier, 0 blob reads from the file
safetensors residency metrics: ram_bytes=67948118016 os_locked_bytes=0 cuda_pinned_bytes=67948118016 promotions=288 promoted_payload_bytes=796267008 expert_file_bytes=0 (cumulative; payload is not a physical PCIe counter)
safetensors ngram metrics: ple io: 393872 rows, 24.4% row-cache hits, 256408 SSD reads (1050.4 MB), read p50 231 us p99 16028 us, blocked 927.459 ms total (submit 0.306 ms), cache 247268/1048576 rows, SSD kept awake by 70 reads (slowest 40.5 ms)
strata serve: expert tiers: GPU 314 hits this request; since the start RAM 131124 blobs, files 0 blobs 0.0 MB read
strata serve: prompt 24618 tokens = 24617 reused + 1 read in 0 ms (21186.4 tok/s), 1 generated in 17 ms (58.0 tok/s), drafts accepted 0 of 0, 2 checkpoints
strata serve: decode expert cache hit rate: 74.1% (347 hits / 468 lookups); 12 more read by the GPU over PCIe or from another GPU (2.5% of all 480 routed)
strata serve: resident RAM: 63.28 GiB of experts in RAM, 0 exchanged with the VRAM tier, 0 blob reads from the file
safetensors residency metrics: ram_bytes=67948118016 os_locked_bytes=0 cuda_pinned_bytes=67948118016 promotions=288 promoted_payload_bytes=796267008 expert_file_bytes=0 (cumulative; payload is not a physical PCIe counter)
safetensors ngram metrics: ple io: 393888 rows, 24.4% row-cache hits, 256424 SSD reads (1050.4 MB), read p50 231 us p99 16028 us, blocked 927.460 ms total (submit 0.341 ms), cache 247284/1048576 rows, SSD kept awake by 70 reads (slowest 40.5 ms)
strata serve: expert tiers: GPU 347 hits this request; since the start RAM 131257 blobs, files 0 blobs 0.0 MB read
strata serve: prompt 24619 tokens = 24618 reused + 1 read in 0 ms (20242.9 tok/s), 1 generated in 17 ms (57.3 tok/s), drafts accepted 0 of 0, 2 checkpoints
strata serve: decode expert cache hit rate: 77.5% (365 hits / 471 lookups); 9 more read by the GPU over PCIe or from another GPU (1.9% of all 480 routed)
strata serve: resident RAM: 63.28 GiB of experts in RAM, 0 exchanged with the VRAM tier, 0 blob reads from the file
safetensors residency metrics: ram_bytes=67948118016 os_locked_bytes=0 cuda_pinned_bytes=67948118016 promotions=288 promoted_payload_bytes=796267008 expert_file_bytes=0 (cumulative; payload is not a physical PCIe counter)
safetensors ngram metrics: ple io: 393904 rows, 24.4% row-cache hits, 256440 SSD reads (1050.5 MB), read p50 231 us p99 16028 us, blocked 927.460 ms total (submit 0.357 ms), cache 247300/1048576 rows, SSD kept awake by 70 reads (slowest 40.5 ms)
strata serve: expert tiers: GPU 365 hits this request; since the start RAM 131468 blobs, files 0 blobs 0.0 MB read
strata serve: prompt 24620 tokens = 24619 reused + 1 read in 0 ms (8169.9 tok/s), 1 generated in 18 ms (55.5 tok/s), drafts accepted 0 of 0, 2 checkpoints
strata serve: decode expert cache hit rate: 77.8% (364 hits / 468 lookups); 12 more read by the GPU over PCIe or from another GPU (2.5% of all 480 routed)
strata serve: resident RAM: 63.28 GiB of experts in RAM, 0 exchanged with the VRAM tier, 0 blob reads from the file
safetensors residency metrics: ram_bytes=67948118016 os_locked_bytes=0 cuda_pinned_bytes=67948118016 promotions=384 promoted_payload_bytes=1061689344 expert_file_bytes=0 (cumulative; payload is not a physical PCIe counter)
safetensors ngram metrics: ple io: 393920 rows, 24.4% row-cache hits, 256448 SSD reads (1050.5 MB), read p50 231 us p99 16028 us, blocked 929.100 ms total (submit 0.370 ms), cache 247308/1048576 rows, SSD kept awake by 70 reads (slowest 40.5 ms)
strata serve: expert tiers: GPU 364 hits this request; since the start RAM 131584 blobs, files 0 blobs 0.0 MB read
strata serve: prompt 24621 tokens = 24620 reused + 1 read in 0 ms (22026.4 tok/s), 1 generated in 16 ms (62.1 tok/s), drafts accepted 0 of 0, 2 checkpoints
strata serve: decode expert cache hit rate: 78.1% (367 hits / 470 lookups); 10 more read by the GPU over PCIe or from another GPU (2.1% of all 480 routed)
strata serve: resident RAM: 63.28 GiB of experts in RAM, 0 exchanged with the VRAM tier, 0 blob reads from the file
safetensors residency metrics: ram_bytes=67948118016 os_locked_bytes=0 cuda_pinned_bytes=67948118016 promotions=384 promoted_payload_bytes=1061689344 expert_file_bytes=0 (cumulative; payload is not a physical PCIe counter)
safetensors ngram metrics: ple io: 393936 rows, 24.4% row-cache hits, 256464 SSD reads (1050.6 MB), read p50 231 us p99 16028 us, blocked 929.100 ms total (submit 0.393 ms), cache 247324/1048576 rows, SSD kept awake by 70 reads (slowest 40.5 ms)
strata serve: expert tiers: GPU 367 hits this request; since the start RAM 131697 blobs, files 0 blobs 0.0 MB read
strata serve: prompt 24622 tokens = 24621 reused + 1 read in 0 ms (22026.4 tok/s), 1 generated in 18 ms (55.2 tok/s), drafts accepted 0 of 0, 2 checkpoints
strata serve: decode expert cache hit rate: 65.9% (297 hits / 451 lookups); 29 more read by the GPU over PCIe or from another GPU (6.0% of all 480 routed)
strata serve: resident RAM: 63.28 GiB of experts in RAM, 0 exchanged with the VRAM tier, 0 blob reads from the file
safetensors residency metrics: ram_bytes=67948118016 os_locked_bytes=0 cuda_pinned_bytes=67948118016 promotions=384 promoted_payload_bytes=1061689344 expert_file_bytes=0 (cumulative; payload is not a physical PCIe counter)
safetensors ngram metrics: ple io: 393952 rows, 24.4% row-cache hits, 256480 SSD reads (1050.7 MB), read p50 231 us p99 16028 us, blocked 929.101 ms total (submit 0.407 ms), cache 247340/1048576 rows, SSD kept awake by 70 reads (slowest 40.5 ms)
strata serve: expert tiers: GPU 297 hits this request; since the start RAM 131880 blobs, files 0 blobs 0.0 MB read
strata serve: prompt 24623 tokens = 24622 reused + 1 read in 0 ms (21786.5 tok/s), 1 generated in 21 ms (48.2 tok/s), drafts accepted 0 of 0, 2 checkpoints
strata serve: decode expert cache hit rate: 61.5% (275 hits / 447 lookups); 33 more read by the GPU over PCIe or from another GPU (6.9% of all 480 routed)
strata serve: resident RAM: 63.28 GiB of experts in RAM, 0 exchanged with the VRAM tier, 0 blob reads from the file
safetensors residency metrics: ram_bytes=67948118016 os_locked_bytes=0 cuda_pinned_bytes=67948118016 promotions=384 promoted_payload_bytes=1061689344 expert_file_bytes=0 (cumulative; payload is not a physical PCIe counter)
safetensors ngram metrics: ple io: 393968 rows, 24.4% row-cache hits, 256496 SSD reads (1050.7 MB), read p50 231 us p99 16028 us, blocked 929.101 ms total (submit 0.424 ms), cache 247356/1048576 rows, SSD kept awake by 70 reads (slowest 40.5 ms)
strata serve: expert tiers: GPU 275 hits this request; since the start RAM 132181 blobs, files 0 blobs 0.0 MB read
strata serve: prompt 24624 tokens = 24623 reused + 1 read in 0 ms (8051.5 tok/s), 1 generated in 19 ms (51.8 tok/s), drafts accepted 0 of 0, 2 checkpoints
strata serve: decode expert cache hit rate: 62.7% (282 hits / 450 lookups); 30 more read by the GPU over PCIe or from another GPU (6.2% of all 480 routed)
strata serve: resident RAM: 63.28 GiB of experts in RAM, 0 exchanged with the VRAM tier, 0 blob reads from the file
safetensors residency metrics: ram_bytes=67948118016 os_locked_bytes=0 cuda_pinned_bytes=67948118016 promotions=480 promoted_payload_bytes=1327111680 expert_file_bytes=0 (cumulative; payload is not a physical PCIe counter)
safetensors ngram metrics: ple io: 393984 rows, 24.4% row-cache hits, 256512 SSD reads (1050.8 MB), read p50 231 us p99 16028 us, blocked 929.119 ms total (submit 0.444 ms), cache 247372/1048576 rows, SSD kept awake by 70 reads (slowest 40.5 ms)
strata serve: expert tiers: GPU 282 hits this request; since the start RAM 132379 blobs, files 0 blobs 0.0 MB read
strata serve: prompt 24625 tokens = 24624 reused + 1 read in 0 ms (22371.4 tok/s), 1 generated in 17 ms (59.4 tok/s), drafts accepted 0 of 0, 2 checkpoints
strata serve: decode expert cache hit rate: 74.8% (347 hits / 464 lookups); 16 more read by the GPU over PCIe or from another GPU (3.3% of all 480 routed)
strata serve: resident RAM: 63.28 GiB of experts in RAM, 0 exchanged with the VRAM tier, 0 blob reads from the file
safetensors residency metrics: ram_bytes=67948118016 os_locked_bytes=0 cuda_pinned_bytes=67948118016 promotions=480 promoted_payload_bytes=1327111680 expert_file_bytes=0 (cumulative; payload is not a physical PCIe counter)
safetensors ngram metrics: ple io: 394000 rows, 24.4% row-cache hits, 256528 SSD reads (1050.9 MB), read p50 231 us p99 16028 us, blocked 929.119 ms total (submit 0.468 ms), cache 247388/1048576 rows, SSD kept awake by 70 reads (slowest 40.5 ms)
strata serve: expert tiers: GPU 347 hits this request; since the start RAM 132512 blobs, files 0 blobs 0.0 MB read
strata serve: prompt 24626 tokens = 24625 reused + 1 read in 0 ms (22123.9 tok/s), 1 generated in 22 ms (44.7 tok/s), drafts accepted 0 of 0, 2 checkpoints
strata serve: decode expert cache hit rate: 70.7% (325 hits / 460 lookups); 20 more read by the GPU over PCIe or from another GPU (4.2% of all 480 routed)
strata serve: resident RAM: 63.28 GiB of experts in RAM, 0 exchanged with the VRAM tier, 0 blob reads from the file
safetensors residency metrics: ram_bytes=67948118016 os_locked_bytes=0 cuda_pinned_bytes=67948118016 promotions=480 promoted_payload_bytes=1327111680 expert_file_bytes=0 (cumulative; payload is not a physical PCIe counter)
safetensors ngram metrics: ple io: 394016 rows, 24.4% row-cache hits, 256544 SSD reads (1050.9 MB), read p50 231 us p99 16028 us, blocked 933.046 ms total (submit 0.482 ms), cache 247404/1048576 rows, SSD kept awake by 70 reads (slowest 40.5 ms)
strata serve: expert tiers: GPU 325 hits this request; since the start RAM 132667 blobs, files 0 blobs 0.0 MB read
strata serve: prompt 24627 tokens = 24626 reused + 1 read in 0 ms (21834.1 tok/s), 1 generated in 19 ms (52.2 tok/s), drafts accepted 0 of 0, 2 checkpoints
strata serve: decode expert cache hit rate: 69.7% (319 hits / 458 lookups); 22 more read by the GPU over PCIe or from another GPU (4.6% of all 480 routed)
strata serve: resident RAM: 63.28 GiB of experts in RAM, 0 exchanged with the VRAM tier, 0 blob reads from the file
safetensors residency metrics: ram_bytes=67948118016 os_locked_bytes=0 cuda_pinned_bytes=67948118016 promotions=480 promoted_payload_bytes=1327111680 expert_file_bytes=0 (cumulative; payload is not a physical PCIe counter)
safetensors ngram metrics: ple io: 394032 rows, 24.4% row-cache hits, 256552 SSD reads (1051.0 MB), read p50 231 us p99 16028 us, blocked 933.046 ms total (submit 0.496 ms), cache 247412/1048576 rows, SSD kept awake by 70 reads (slowest 40.5 ms)
strata serve: expert tiers: GPU 319 hits this request; since the start RAM 132924 blobs, files 0 blobs 0.0 MB read
strata serve: prompt 24628 tokens = 24627 reused + 1 read in 0 ms (8143.3 tok/s), 1 generated in 16 ms (61.7 tok/s), drafts accepted 0 of 0, 2 checkpoints
strata serve: decode expert cache hit rate: 80.3% (378 hits / 471 lookups); 9 more read by the GPU over PCIe or from another GPU (1.9% of all 480 routed)
strata serve: resident RAM: 63.28 GiB of experts in RAM, 0 exchanged with the VRAM tier, 0 blob reads from the file
safetensors residency metrics: ram_bytes=67948118016 os_locked_bytes=0 cuda_pinned_bytes=67948118016 promotions=576 promoted_payload_bytes=1592534016 expert_file_bytes=0 (cumulative; payload is not a physical PCIe counter)
safetensors ngram metrics: ple io: 394048 rows, 24.4% row-cache hits, 256552 SSD reads (1051.0 MB), read p50 231 us p99 16028 us, blocked 933.046 ms total (submit 0.496 ms), cache 247412/1048576 rows, SSD kept awake by 70 reads (slowest 40.5 ms)
strata serve: expert tiers: GPU 378 hits this request; since the start RAM 133026 blobs, files 0 blobs 0.0 MB read
strata serve: prompt 24629 tokens = 24628 reused + 1 read in 0 ms (18656.7 tok/s), 1 generated in 15 ms (66.2 tok/s), drafts accepted 0 of 0, 2 checkpoints
strata serve: decode expert cache hit rate: 86.2% (412 hits / 478 lookups); 2 more read by the GPU over PCIe or from another GPU (0.4% of all 480 routed)
strata serve: resident RAM: 63.28 GiB of experts in RAM, 0 exchanged with the VRAM tier, 0 blob reads from the file
safetensors residency metrics: ram_bytes=67948118016 os_locked_bytes=0 cuda_pinned_bytes=67948118016 promotions=576 promoted_payload_bytes=1592534016 expert_file_bytes=0 (cumulative; payload is not a physical PCIe counter)
safetensors ngram metrics: ple io: 394064 rows, 24.4% row-cache hits, 256568 SSD reads (1051.0 MB), read p50 231 us p99 16028 us, blocked 933.218 ms total (submit 0.511 ms), cache 247428/1048576 rows, SSD kept awake by 70 reads (slowest 40.5 ms)
strata serve: expert tiers: GPU 412 hits this request; since the start RAM 133094 blobs, files 0 blobs 0.0 MB read
strata serve: prompt 24630 tokens = 24629 reused + 1 read in 0 ms (20533.9 tok/s), 1 generated in 28 ms (36.3 tok/s), drafts accepted 0 of 0, 2 checkpoints
strata serve: decode expert cache hit rate: 76.0% (355 hits / 467 lookups); 13 more read by the GPU over PCIe or from another GPU (2.7% of all 480 routed)
strata serve: resident RAM: 63.28 GiB of experts in RAM, 0 exchanged with the VRAM tier, 0 blob reads from the file
safetensors residency metrics: ram_bytes=67948118016 os_locked_bytes=0 cuda_pinned_bytes=67948118016 promotions=576 promoted_payload_bytes=1592534016 expert_file_bytes=0 (cumulative; payload is not a physical PCIe counter)
safetensors ngram metrics: ple io: 394080 rows, 24.4% row-cache hits, 256584 SSD reads (1051.1 MB), read p50 231 us p99 16028 us, blocked 944.235 ms total (submit 0.529 ms), cache 247444/1048576 rows, SSD kept awake by 70 reads (slowest 40.5 ms)
strata serve: expert tiers: GPU 355 hits this request; since the start RAM 133219 blobs, files 0 blobs 0.0 MB read
strata serve: prompt 24631 tokens = 24630 reused + 1 read in 0 ms (21276.6 tok/s), 1 generated in 26 ms (38.2 tok/s), drafts accepted 0 of 0, 2 checkpoints
strata serve: decode expert cache hit rate: 69.9% (323 hits / 462 lookups); 18 more read by the GPU over PCIe or from another GPU (3.8% of all 480 routed)
strata serve: resident RAM: 63.28 GiB of experts in RAM, 0 exchanged with the VRAM tier, 0 blob reads from the file
safetensors residency metrics: ram_bytes=67948118016 os_locked_bytes=0 cuda_pinned_bytes=67948118016 promotions=576 promoted_payload_bytes=1592534016 expert_file_bytes=0 (cumulative; payload is not a physical PCIe counter)
safetensors ngram metrics: ple io: 394096 rows, 24.4% row-cache hits, 256600 SSD reads (1051.2 MB), read p50 231 us p99 16028 us, blocked 944.994 ms total (submit 0.545 ms), cache 247460/1048576 rows, SSD kept awake by 70 reads (slowest 40.5 ms)
strata serve: expert tiers: GPU 323 hits this request; since the start RAM 133472 blobs, files 0 blobs 0.0 MB read
strata serve: prompt 24632 tokens = 24631 reused + 1 read in 0 ms (7022.5 tok/s), 1 generated in 17 ms (57.7 tok/s), drafts accepted 0 of 0, 2 checkpoints
strata serve: decode expert cache hit rate: 74.2% (342 hits / 461 lookups); 19 more read by the GPU over PCIe or from another GPU (4.0% of all 480 routed)
strata serve: resident RAM: 63.28 GiB of experts in RAM, 0 exchanged with the VRAM tier, 0 blob reads from the file
safetensors residency metrics: ram_bytes=67948118016 os_locked_bytes=0 cuda_pinned_bytes=67948118016 promotions=672 promoted_payload_bytes=1857956352 expert_file_bytes=0 (cumulative; payload is not a physical PCIe counter)
safetensors ngram metrics: ple io: 394112 rows, 24.4% row-cache hits, 256616 SSD reads (1051.2 MB), read p50 231 us p99 16028 us, blocked 944.995 ms total (submit 0.561 ms), cache 247476/1048576 rows, SSD kept awake by 70 reads (slowest 40.5 ms)
strata serve: expert tiers: GPU 342 hits this request; since the start RAM 133610 blobs, files 0 blobs 0.0 MB read
strata serve: prompt 24633 tokens = 24632 reused + 1 read in 0 ms (23094.7 tok/s), 1 generated in 18 ms (54.8 tok/s), drafts accepted 0 of 0, 2 checkpoints
strata serve: decode expert cache hit rate: 67.2% (305 hits / 454 lookups); 26 more read by the GPU over PCIe or from another GPU (5.4% of all 480 routed)
strata serve: resident RAM: 63.28 GiB of experts in RAM, 0 exchanged with the VRAM tier, 0 blob reads from the file
safetensors residency metrics: ram_bytes=67948118016 os_locked_bytes=0 cuda_pinned_bytes=67948118016 promotions=672 promoted_payload_bytes=1857956352 expert_file_bytes=0 (cumulative; payload is not a physical PCIe counter)
safetensors ngram metrics: ple io: 394128 rows, 24.4% row-cache hits, 256632 SSD reads (1051.3 MB), read p50 231 us p99 16028 us, blocked 944.995 ms total (submit 0.576 ms), cache 247492/1048576 rows, SSD kept awake by 70 reads (slowest 40.5 ms)
strata serve: expert tiers: GPU 305 hits this request; since the start RAM 133785 blobs, files 0 blobs 0.0 MB read
strata serve: prompt 24634 tokens = 24633 reused + 1 read in 0 ms (20703.9 tok/s), 1 generated in 19 ms (54.0 tok/s), drafts accepted 0 of 0, 2 checkpoints
strata serve: decode expert cache hit rate: 73.3% (338 hits / 461 lookups); 19 more read by the GPU over PCIe or from another GPU (4.0% of all 480 routed)
strata serve: resident RAM: 63.28 GiB of experts in RAM, 0 exchanged with the VRAM tier, 0 blob reads from the file
safetensors residency metrics: ram_bytes=67948118016 os_locked_bytes=0 cuda_pinned_bytes=67948118016 promotions=672 promoted_payload_bytes=1857956352 expert_file_bytes=0 (cumulative; payload is not a physical PCIe counter)
safetensors ngram metrics: ple io: 394144 rows, 24.4% row-cache hits, 256648 SSD reads (1051.4 MB), read p50 231 us p99 16028 us, blocked 946.606 ms total (submit 0.591 ms), cache 247508/1048576 rows, SSD kept awake by 70 reads (slowest 40.5 ms)
strata serve: expert tiers: GPU 338 hits this request; since the start RAM 133927 blobs, files 0 blobs 0.0 MB read
strata serve: prompt 24635 tokens = 24634 reused + 1 read in 0 ms (20833.3 tok/s), 1 generated in 18 ms (56.8 tok/s), drafts accepted 0 of 0, 2 checkpoints
strata serve: decode expert cache hit rate: 79.4% (373 hits / 470 lookups); 10 more read by the GPU over PCIe or from another GPU (2.1% of all 480 routed)
strata serve: resident RAM: 63.28 GiB of experts in RAM, 0 exchanged with the VRAM tier, 0 blob reads from the file
safetensors residency metrics: ram_bytes=67948118016 os_locked_bytes=0 cuda_pinned_bytes=67948118016 promotions=672 promoted_payload_bytes=1857956352 expert_file_bytes=0 (cumulative; payload is not a physical PCIe counter)
safetensors ngram metrics: ple io: 394160 rows, 24.4% row-cache hits, 256656 SSD reads (1051.4 MB), read p50 231 us p99 16028 us, blocked 946.786 ms total (submit 0.604 ms), cache 247516/1048576 rows, SSD kept awake by 70 reads (slowest 40.5 ms)
strata serve: expert tiers: GPU 373 hits this request; since the start RAM 134130 blobs, files 0 blobs 0.0 MB read
strata serve: prompt 24636 tokens = 24635 reused + 1 read in 0 ms (6802.7 tok/s), 1 generated in 18 ms (54.3 tok/s), drafts accepted 0 of 0, 2 checkpoints
strata serve: decode expert cache hit rate: 71.3% (325 hits / 456 lookups); 24 more read by the GPU over PCIe or from another GPU (5.0% of all 480 routed)
strata serve: resident RAM: 63.28 GiB of experts in RAM, 0 exchanged with the VRAM tier, 0 blob reads from the file
safetensors residency metrics: ram_bytes=67948118016 os_locked_bytes=0 cuda_pinned_bytes=67948118016 promotions=768 promoted_payload_bytes=2123378688 expert_file_bytes=0 (cumulative; payload is not a physical PCIe counter)
safetensors ngram metrics: ple io: 394176 rows, 24.4% row-cache hits, 256672 SSD reads (1051.5 MB), read p50 231 us p99 16028 us, blocked 946.786 ms total (submit 0.618 ms), cache 247532/1048576 rows, SSD kept awake by 70 reads (slowest 40.5 ms)
strata serve: expert tiers: GPU 325 hits this request; since the start RAM 134285 blobs, files 0 blobs 0.0 MB read
strata serve: prompt 24637 tokens = 24636 reused + 1 read in 0 ms (17513.1 tok/s), 1 generated in 19 ms (53.2 tok/s), drafts accepted 0 of 0, 2 checkpoints
strata serve: decode expert cache hit rate: 62.3% (278 hits / 446 lookups); 34 more read by the GPU over PCIe or from another GPU (7.1% of all 480 routed)
strata serve: resident RAM: 63.28 GiB of experts in RAM, 0 exchanged with the VRAM tier, 0 blob reads from the file
safetensors residency metrics: ram_bytes=67948118016 os_locked_bytes=0 cuda_pinned_bytes=67948118016 promotions=768 promoted_payload_bytes=2123378688 expert_file_bytes=0 (cumulative; payload is not a physical PCIe counter)
safetensors ngram metrics: ple io: 394192 rows, 24.4% row-cache hits, 256688 SSD reads (1051.5 MB), read p50 231 us p99 16028 us, blocked 946.787 ms total (submit 0.634 ms), cache 247548/1048576 rows, SSD kept awake by 70 reads (slowest 40.5 ms)
strata serve: expert tiers: GPU 278 hits this request; since the start RAM 134487 blobs, files 0 blobs 0.0 MB read
strata serve: prompt 24638 tokens = 24637 reused + 1 read in 0 ms (17006.8 tok/s), 1 generated in 18 ms (56.7 tok/s), drafts accepted 0 of 0, 2 checkpoints
strata serve: decode expert cache hit rate: 69.1% (315 hits / 456 lookups); 24 more read by the GPU over PCIe or from another GPU (5.0% of all 480 routed)
strata serve: resident RAM: 63.28 GiB of experts in RAM, 0 exchanged with the VRAM tier, 0 blob reads from the file
safetensors residency metrics: ram_bytes=67948118016 os_locked_bytes=0 cuda_pinned_bytes=67948118016 promotions=768 promoted_payload_bytes=2123378688 expert_file_bytes=0 (cumulative; payload is not a physical PCIe counter)
safetensors ngram metrics: ple io: 394208 rows, 24.4% row-cache hits, 256704 SSD reads (1051.6 MB), read p50 231 us p99 16028 us, blocked 946.787 ms total (submit 0.651 ms), cache 247564/1048576 rows, SSD kept awake by 70 reads (slowest 40.5 ms)
strata serve: expert tiers: GPU 315 hits this request; since the start RAM 134652 blobs, files 0 blobs 0.0 MB read
strata serve: prompt 24639 tokens = 24638 reused + 1 read in 0 ms (18691.6 tok/s), 1 generated in 19 ms (51.5 tok/s), drafts accepted 0 of 0, 2 checkpoints
strata serve: decode expert cache hit rate: 68.7% (312 hits / 454 lookups); 26 more read by the GPU over PCIe or from another GPU (5.4% of all 480 routed)
strata serve: resident RAM: 63.28 GiB of experts in RAM, 0 exchanged with the VRAM tier, 0 blob reads from the file
safetensors residency metrics: ram_bytes=67948118016 os_locked_bytes=0 cuda_pinned_bytes=67948118016 promotions=768 promoted_payload_bytes=2123378688 expert_file_bytes=0 (cumulative; payload is not a physical PCIe counter)
safetensors ngram metrics: ple io: 394224 rows, 24.4% row-cache hits, 256720 SSD reads (1051.7 MB), read p50 231 us p99 16028 us, blocked 946.788 ms total (submit 0.668 ms), cache 247580/1048576 rows, SSD kept awake by 70 reads (slowest 40.5 ms)
strata serve: expert tiers: GPU 312 hits this request; since the start RAM 134916 blobs, files 0 blobs 0.0 MB read
strata serve: prompt 24640 tokens = 24639 reused + 1 read in 0 ms (6587.6 tok/s), 1 generated in 16 ms (61.8 tok/s), drafts accepted 0 of 0, 2 checkpoints
strata serve: decode expert cache hit rate: 82.0% (387 hits / 472 lookups); 8 more read by the GPU over PCIe or from another GPU (1.7% of all 480 routed)
strata serve: resident RAM: 63.28 GiB of experts in RAM, 0 exchanged with the VRAM tier, 0 blob reads from the file
safetensors residency metrics: ram_bytes=67948118016 os_locked_bytes=0 cuda_pinned_bytes=67948118016 promotions=864 promoted_payload_bytes=2388801024 expert_file_bytes=0 (cumulative; payload is not a physical PCIe counter)
safetensors ngram metrics: ple io: 394240 rows, 24.4% row-cache hits, 256736 SSD reads (1051.7 MB), read p50 231 us p99 16028 us, blocked 946.788 ms total (submit 0.685 ms), cache 247596/1048576 rows, SSD kept awake by 70 reads (slowest 40.5 ms)
strata serve: expert tiers: GPU 387 hits this request; since the start RAM 135009 blobs, files 0 blobs 0.0 MB read
strata serve: prompt 24641 tokens = 24640 reused + 1 read in 0 ms (17762.0 tok/s), 1 generated in 18 ms (55.8 tok/s), drafts accepted 0 of 0, 2 checkpoints
strata serve: decode expert cache hit rate: 76.5% (355 hits / 464 lookups); 16 more read by the GPU over PCIe or from another GPU (3.3% of all 480 routed)
strata serve: resident RAM: 63.28 GiB of experts in RAM, 0 exchanged with the VRAM tier, 0 blob reads from the file
safetensors residency metrics: ram_bytes=67948118016 os_locked_bytes=0 cuda_pinned_bytes=67948118016 promotions=864 promoted_payload_bytes=2388801024 expert_file_bytes=0 (cumulative; payload is not a physical PCIe counter)
safetensors ngram metrics: ple io: 394256 rows, 24.4% row-cache hits, 256752 SSD reads (1051.8 MB), read p50 231 us p99 16028 us, blocked 947.968 ms total (submit 0.699 ms), cache 247612/1048576 rows, SSD kept awake by 70 reads (slowest 40.5 ms)
strata serve: expert tiers: GPU 355 hits this request; since the start RAM 135134 blobs, files 0 blobs 0.0 MB read
strata serve: prompt 24642 tokens = 24641 reused + 1 read in 0 ms (21186.4 tok/s), 1 generated in 18 ms (55.0 tok/s), drafts accepted 0 of 0, 2 checkpoints
strata serve: decode expert cache hit rate: 67.0% (304 hits / 454 lookups); 26 more read by the GPU over PCIe or from another GPU (5.4% of all 480 routed)
strata serve: resident RAM: 63.28 GiB of experts in RAM, 0 exchanged with the VRAM tier, 0 blob reads from the file
safetensors residency metrics: ram_bytes=67948118016 os_locked_bytes=0 cuda_pinned_bytes=67948118016 promotions=864 promoted_payload_bytes=2388801024 expert_file_bytes=0 (cumulative; payload is not a physical PCIe counter)
safetensors ngram metrics: ple io: 394272 rows, 24.4% row-cache hits, 256760 SSD reads (1051.8 MB), read p50 231 us p99 16028 us, blocked 948.018 ms total (submit 0.709 ms), cache 247620/1048576 rows, SSD kept awake by 70 reads (slowest 40.5 ms)
strata serve: expert tiers: GPU 304 hits this request; since the start RAM 135310 blobs, files 0 blobs 0.0 MB read
strata serve: prompt 24643 tokens = 24642 reused + 1 read in 0 ms (21052.6 tok/s), 1 generated in 20 ms (50.8 tok/s), drafts accepted 0 of 0, 2 checkpoints
strata serve: decode expert cache hit rate: 64.5% (292 hits / 453 lookups); 27 more read by the GPU over PCIe or from another GPU (5.6% of all 480 routed)
strata serve: resident RAM: 63.28 GiB of experts in RAM, 0 exchanged with the VRAM tier, 0 blob reads from the file
safetensors residency metrics: ram_bytes=67948118016 os_locked_bytes=0 cuda_pinned_bytes=67948118016 promotions=864 promoted_payload_bytes=2388801024 expert_file_bytes=0 (cumulative; payload is not a physical PCIe counter)
safetensors ngram metrics: ple io: 394288 rows, 24.4% row-cache hits, 256768 SSD reads (1051.9 MB), read p50 231 us p99 16028 us, blocked 948.018 ms total (submit 0.721 ms), cache 247628/1048576 rows, SSD kept awake by 70 reads (slowest 40.5 ms)
strata serve: expert tiers: GPU 292 hits this request; since the start RAM 135594 blobs, files 0 blobs 0.0 MB read
strata serve: prompt 24644 tokens = 24643 reused + 1 read in 0 ms (8453.1 tok/s), 1 generated in 17 ms (59.6 tok/s), drafts accepted 0 of 0, 2 checkpoints
strata serve: decode expert cache hit rate: 72.0% (334 hits / 464 lookups); 16 more read by the GPU over PCIe or from another GPU (3.3% of all 480 routed)
strata serve: resident RAM: 63.28 GiB of experts in RAM, 0 exchanged with the VRAM tier, 0 blob reads from the file
safetensors residency metrics: ram_bytes=67948118016 os_locked_bytes=0 cuda_pinned_bytes=67948118016 promotions=960 promoted_payload_bytes=2654223360 expert_file_bytes=0 (cumulative; payload is not a physical PCIe counter)
safetensors ngram metrics: ple io: 394304 rows, 24.4% row-cache hits, 256776 SSD reads (1051.9 MB), read p50 231 us p99 16028 us, blocked 948.018 ms total (submit 0.738 ms), cache 247636/1048576 rows, SSD kept awake by 70 reads (slowest 40.5 ms)
strata serve: expert tiers: GPU 334 hits this request; since the start RAM 135740 blobs, files 0 blobs 0.0 MB read
strata serve: prompt 24645 tokens = 24644 reused + 1 read in 0 ms (22935.8 tok/s), 1 generated in 16 ms (61.3 tok/s), drafts accepted 0 of 0, 2 checkpoints
strata serve: decode expert cache hit rate: 78.2% (365 hits / 467 lookups); 13 more read by the GPU over PCIe or from another GPU (2.7% of all 480 routed)
strata serve: resident RAM: 63.28 GiB of experts in RAM, 0 exchanged with the VRAM tier, 0 blob reads from the file
safetensors residency metrics: ram_bytes=67948118016 os_locked_bytes=0 cuda_pinned_bytes=67948118016 promotions=960 promoted_payload_bytes=2654223360 expert_file_bytes=0 (cumulative; payload is not a physical PCIe counter)
safetensors ngram metrics: ple io: 394320 rows, 24.4% row-cache hits, 256792 SSD reads (1052.0 MB), read p50 231 us p99 16028 us, blocked 948.205 ms total (submit 0.754 ms), cache 247652/1048576 rows, SSD kept awake by 70 reads (slowest 40.5 ms)
strata serve: expert tiers: GPU 365 hits this request; since the start RAM 135855 blobs, files 0 blobs 0.0 MB read
strata serve: prompt 24646 tokens = 24645 reused + 1 read in 0 ms (23041.5 tok/s), 1 generated in 15 ms (65.9 tok/s), drafts accepted 0 of 0, 2 checkpoints
strata serve: decode expert cache hit rate: 82.9% (392 hits / 473 lookups); 7 more read by the GPU over PCIe or from another GPU (1.5% of all 480 routed)
strata serve: resident RAM: 63.28 GiB of experts in RAM, 0 exchanged with the VRAM tier, 0 blob reads from the file
safetensors residency metrics: ram_bytes=67948118016 os_locked_bytes=0 cuda_pinned_bytes=67948118016 promotions=960 promoted_payload_bytes=2654223360 expert_file_bytes=0 (cumulative; payload is not a physical PCIe counter)
safetensors ngram metrics: ple io: 394336 rows, 24.4% row-cache hits, 256808 SSD reads (1052.1 MB), read p50 231 us p99 16028 us, blocked 948.205 ms total (submit 0.772 ms), cache 247668/1048576 rows, SSD kept awake by 70 reads (slowest 40.5 ms)
strata serve: expert tiers: GPU 392 hits this request; since the start RAM 135943 blobs, files 0 blobs 0.0 MB read
strata serve: prompt 24647 tokens = 24646 reused + 1 read in 0 ms (22075.1 tok/s), 1 generated in 19 ms (52.2 tok/s), drafts accepted 0 of 0, 2 checkpoints
strata serve: decode expert cache hit rate: 67.0% (303 hits / 452 lookups); 28 more read by the GPU over PCIe or from another GPU (5.8% of all 480 routed)
strata serve: resident RAM: 63.28 GiB of experts in RAM, 0 exchanged with the VRAM tier, 0 blob reads from the file
safetensors residency metrics: ram_bytes=67948118016 os_locked_bytes=0 cuda_pinned_bytes=67948118016 promotions=960 promoted_payload_bytes=2654223360 expert_file_bytes=0 (cumulative; payload is not a physical PCIe counter)
safetensors ngram metrics: ple io: 394352 rows, 24.4% row-cache hits, 256816 SSD reads (1052.1 MB), read p50 231 us p99 16028 us, blocked 948.206 ms total (submit 0.786 ms), cache 247676/1048576 rows, SSD kept awake by 70 reads (slowest 40.5 ms)
strata serve: expert tiers: GPU 303 hits this request; since the start RAM 136216 blobs, files 0 blobs 0.0 MB read
strata serve: prompt 24648 tokens = 24647 reused + 1 read in 0 ms (7837.0 tok/s), 1 generated in 16 ms (63.3 tok/s), drafts accepted 0 of 0, 2 checkpoints
strata serve: decode expert cache hit rate: 80.5% (381 hits / 473 lookups); 7 more read by the GPU over PCIe or from another GPU (1.5% of all 480 routed)
strata serve: resident RAM: 63.28 GiB of experts in RAM, 0 exchanged with the VRAM tier, 0 blob reads from the file
safetensors residency metrics: ram_bytes=67948118016 os_locked_bytes=0 cuda_pinned_bytes=67948118016 promotions=1056 promoted_payload_bytes=2919645696 expert_file_bytes=0 (cumulative; payload is not a physical PCIe counter)
safetensors ngram metrics: ple io: 394368 rows, 24.4% row-cache hits, 256832 SSD reads (1052.2 MB), read p50 231 us p99 16028 us, blocked 948.206 ms total (submit 0.804 ms), cache 247692/1048576 rows, SSD kept awake by 70 reads (slowest 40.5 ms)
strata serve: expert tiers: GPU 381 hits this request; since the start RAM 136315 blobs, files 0 blobs 0.0 MB read
strata serve: prompt 24649 tokens = 24648 reused + 1 read in 0 ms (24330.9 tok/s), 1 generated in 18 ms (57.0 tok/s), drafts accepted 0 of 0, 2 checkpoints
strata serve: decode expert cache hit rate: 72.4% (330 hits / 456 lookups); 24 more read by the GPU over PCIe or from another GPU (5.0% of all 480 routed)
strata serve: resident RAM: 63.28 GiB of experts in RAM, 0 exchanged with the VRAM tier, 0 blob reads from the file
safetensors residency metrics: ram_bytes=67948118016 os_locked_bytes=0 cuda_pinned_bytes=67948118016 promotions=1056 promoted_payload_bytes=2919645696 expert_file_bytes=0 (cumulative; payload is not a physical PCIe counter)
safetensors ngram metrics: ple io: 394384 rows, 24.4% row-cache hits, 256848 SSD reads (1052.2 MB), read p50 231 us p99 16028 us, blocked 948.207 ms total (submit 0.820 ms), cache 247708/1048576 rows, SSD kept awake by 70 reads (slowest 40.5 ms)
strata serve: expert tiers: GPU 330 hits this request; since the start RAM 136465 blobs, files 0 blobs 0.0 MB read
strata serve: prompt 24650 tokens = 24649 reused + 1 read in 0 ms (19493.2 tok/s), 1 generated in 17 ms (58.9 tok/s), drafts accepted 0 of 0, 2 checkpoints
strata serve: decode expert cache hit rate: 73.7% (342 hits / 464 lookups); 16 more read by the GPU over PCIe or from another GPU (3.3% of all 480 routed)
strata serve: resident RAM: 63.28 GiB of experts in RAM, 0 exchanged with the VRAM tier, 0 blob reads from the file
safetensors residency metrics: ram_bytes=67948118016 os_locked_bytes=0 cuda_pinned_bytes=67948118016 promotions=1056 promoted_payload_bytes=2919645696 expert_file_bytes=0 (cumulative; payload is not a physical PCIe counter)
safetensors ngram metrics: ple io: 394400 rows, 24.4% row-cache hits, 256864 SSD reads (1052.3 MB), read p50 231 us p99 16028 us, blocked 948.207 ms total (submit 0.837 ms), cache 247724/1048576 rows, SSD kept awake by 70 reads (slowest 40.5 ms)
strata serve: expert tiers: GPU 342 hits this request; since the start RAM 136603 blobs, files 0 blobs 0.0 MB read
strata serve: prompt 24651 tokens = 24650 reused + 1 read in 0 ms (20790.0 tok/s), 1 generated in 19 ms (52.3 tok/s), drafts accepted 0 of 0, 2 checkpoints
strata serve: decode expert cache hit rate: 69.8% (321 hits / 460 lookups); 20 more read by the GPU over PCIe or from another GPU (4.2% of all 480 routed)
strata serve: resident RAM: 63.28 GiB of experts in RAM, 0 exchanged with the VRAM tier, 0 blob reads from the file
safetensors residency metrics: ram_bytes=67948118016 os_locked_bytes=0 cuda_pinned_bytes=67948118016 promotions=1056 promoted_payload_bytes=2919645696 expert_file_bytes=0 (cumulative; payload is not a physical PCIe counter)
safetensors ngram metrics: ple io: 394416 rows, 24.4% row-cache hits, 256880 SSD reads (1052.4 MB), read p50 231 us p99 16028 us, blocked 948.208 ms total (submit 0.855 ms), cache 247740/1048576 rows, SSD kept awake by 70 reads (slowest 40.5 ms)
strata serve: expert tiers: GPU 321 hits this request; since the start RAM 136858 blobs, files 0 blobs 0.0 MB read
strata serve: prompt 24652 tokens = 24651 reused + 1 read in 0 ms (6944.4 tok/s), 1 generated in 16 ms (62.6 tok/s), drafts accepted 0 of 0, 2 checkpoints
strata serve: decode expert cache hit rate: 82.5% (390 hits / 473 lookups); 7 more read by the GPU over PCIe or from another GPU (1.5% of all 480 routed)
strata serve: resident RAM: 63.28 GiB of experts in RAM, 0 exchanged with the VRAM tier, 0 blob reads from the file
safetensors residency metrics: ram_bytes=67948118016 os_locked_bytes=0 cuda_pinned_bytes=67948118016 promotions=1152 promoted_payload_bytes=3185068032 expert_file_bytes=0 (cumulative; payload is not a physical PCIe counter)
safetensors ngram metrics: ple io: 394432 rows, 24.4% row-cache hits, 256896 SSD reads (1052.4 MB), read p50 231 us p99 16028 us, blocked 948.208 ms total (submit 0.873 ms), cache 247756/1048576 rows, SSD kept awake by 70 reads (slowest 40.5 ms)
strata serve: expert tiers: GPU 390 hits this request; since the start RAM 136948 blobs, files 0 blobs 0.0 MB read
strata serve: prompt 24653 tokens = 24652 reused + 1 read in 0 ms (21645.0 tok/s), 1 generated in 16 ms (62.8 tok/s), drafts accepted 0 of 0, 2 checkpoints
strata serve: decode expert cache hit rate: 81.3% (383 hits / 471 lookups); 9 more read by the GPU over PCIe or from another GPU (1.9% of all 480 routed)
strata serve: resident RAM: 63.28 GiB of experts in RAM, 0 exchanged with the VRAM tier, 0 blob reads from the file
safetensors residency metrics: ram_bytes=67948118016 os_locked_bytes=0 cuda_pinned_bytes=67948118016 promotions=1152 promoted_payload_bytes=3185068032 expert_file_bytes=0 (cumulative; payload is not a physical PCIe counter)
safetensors ngram metrics: ple io: 394448 rows, 24.4% row-cache hits, 256912 SSD reads (1052.5 MB), read p50 231 us p99 16028 us, blocked 948.370 ms total (submit 0.895 ms), cache 247772/1048576 rows, SSD kept awake by 70 reads (slowest 40.5 ms)
strata serve: expert tiers: GPU 383 hits this request; since the start RAM 137045 blobs, files 0 blobs 0.0 MB read
strata serve: prompt 24654 tokens = 24653 reused + 1 read in 0 ms (20964.4 tok/s), 1 generated in 17 ms (59.0 tok/s), drafts accepted 0 of 0, 2 checkpoints
strata serve: decode expert cache hit rate: 82.3% (390 hits / 474 lookups); 6 more read by the GPU over PCIe or from another GPU (1.2% of all 480 routed)
strata serve: resident RAM: 63.28 GiB of experts in RAM, 0 exchanged with the VRAM tier, 0 blob reads from the file
safetensors residency metrics: ram_bytes=67948118016 os_locked_bytes=0 cuda_pinned_bytes=67948118016 promotions=1152 promoted_payload_bytes=3185068032 expert_file_bytes=0 (cumulative; payload is not a physical PCIe counter)
safetensors ngram metrics: ple io: 394464 rows, 24.4% row-cache hits, 256928 SSD reads (1052.6 MB), read p50 231 us p99 16028 us, blocked 949.769 ms total (submit 0.910 ms), cache 247788/1048576 rows, SSD kept awake by 70 reads (slowest 40.5 ms)
strata serve: expert tiers: GPU 390 hits this request; since the start RAM 137135 blobs, files 0 blobs 0.0 MB read
strata serve: prompt 24655 tokens = 24654 reused + 1 read in 0 ms (20284.0 tok/s), 1 generated in 24 ms (42.3 tok/s), drafts accepted 0 of 0, 2 checkpoints
strata serve: decode expert cache hit rate: 64.1% (288 hits / 449 lookups); 31 more read by the GPU over PCIe or from another GPU (6.5% of all 480 routed)
strata serve: resident RAM: 63.28 GiB of experts in RAM, 0 exchanged with the VRAM tier, 0 blob reads from the file
safetensors residency metrics: ram_bytes=67948118016 os_locked_bytes=0 cuda_pinned_bytes=67948118016 promotions=1152 promoted_payload_bytes=3185068032 expert_file_bytes=0 (cumulative; payload is not a physical PCIe counter)
safetensors ngram metrics: ple io: 394480 rows, 24.4% row-cache hits, 256944 SSD reads (1052.7 MB), read p50 231 us p99 16028 us, blocked 953.578 ms total (submit 0.929 ms), cache 247804/1048576 rows, SSD kept awake by 70 reads (slowest 40.5 ms)
strata serve: expert tiers: GPU 288 hits this request; since the start RAM 137423 blobs, files 0 blobs 0.0 MB read
strata serve: prompt 24656 tokens = 24655 reused + 1 read in 0 ms (7704.2 tok/s), 1 generated in 21 ms (47.8 tok/s), drafts accepted 0 of 0, 2 checkpoints
strata serve: decode expert cache hit rate: 75.6% (350 hits / 463 lookups); 17 more read by the GPU over PCIe or from another GPU (3.5% of all 480 routed)
strata serve: resident RAM: 63.28 GiB of experts in RAM, 0 exchanged with the VRAM tier, 0 blob reads from the file
safetensors residency metrics: ram_bytes=67948118016 os_locked_bytes=0 cuda_pinned_bytes=67948118016 promotions=1248 promoted_payload_bytes=3450490368 expert_file_bytes=0 (cumulative; payload is not a physical PCIe counter)
safetensors ngram metrics: ple io: 394496 rows, 24.4% row-cache hits, 256952 SSD reads (1052.7 MB), read p50 231 us p99 16028 us, blocked 957.609 ms total (submit 0.944 ms), cache 247812/1048576 rows, SSD kept awake by 70 reads (slowest 40.5 ms)
strata serve: expert tiers: GPU 350 hits this request; since the start RAM 137553 blobs, files 0 blobs 0.0 MB read
strata serve: prompt 24657 tokens = 24656 reused + 1 read in 0 ms (19455.3 tok/s), 1 generated in 16 ms (62.6 tok/s), drafts accepted 0 of 0, 2 checkpoints
strata serve: decode expert cache hit rate: 81.3% (382 hits / 470 lookups); 10 more read by the GPU over PCIe or from another GPU (2.1% of all 480 routed)
strata serve: resident RAM: 63.28 GiB of experts in RAM, 0 exchanged with the VRAM tier, 0 blob reads from the file
safetensors residency metrics: ram_bytes=67948118016 os_locked_bytes=0 cuda_pinned_bytes=67948118016 promotions=1248 promoted_payload_bytes=3450490368 expert_file_bytes=0 (cumulative; payload is not a physical PCIe counter)
safetensors ngram metrics: ple io: 394512 rows, 24.4% row-cache hits, 256968 SSD reads (1052.7 MB), read p50 231 us p99 16028 us, blocked 957.734 ms total (submit 0.959 ms), cache 247828/1048576 rows, SSD kept awake by 70 reads (slowest 40.5 ms)
strata serve: expert tiers: GPU 382 hits this request; since the start RAM 137651 blobs, files 0 blobs 0.0 MB read
strata serve: prompt 24658 tokens = 24657 reused + 1 read in 0 ms (19920.3 tok/s), 1 generated in 17 ms (57.7 tok/s), drafts accepted 0 of 0, 2 checkpoints
strata serve: decode expert cache hit rate: 73.3% (337 hits / 460 lookups); 20 more read by the GPU over PCIe or from another GPU (4.2% of all 480 routed)
strata serve: resident RAM: 63.28 GiB of experts in RAM, 0 exchanged with the VRAM tier, 0 blob reads from the file
safetensors residency metrics: ram_bytes=67948118016 os_locked_bytes=0 cuda_pinned_bytes=67948118016 promotions=1248 promoted_payload_bytes=3450490368 expert_file_bytes=0 (cumulative; payload is not a physical PCIe counter)
safetensors ngram metrics: ple io: 394528 rows, 24.4% row-cache hits, 256984 SSD reads (1052.8 MB), read p50 231 us p99 16028 us, blocked 957.735 ms total (submit 0.974 ms), cache 247844/1048576 rows, SSD kept awake by 70 reads (slowest 40.5 ms)
strata serve: expert tiers: GPU 337 hits this request; since the start RAM 137794 blobs, files 0 blobs 0.0 MB read
strata serve: prompt 24659 tokens = 24658 reused + 1 read in 0 ms (21322.0 tok/s), 1 generated in 17 ms (60.4 tok/s), drafts accepted 0 of 0, 2 checkpoints
strata serve: decode expert cache hit rate: 85.1% (405 hits / 476 lookups); 4 more read by the GPU over PCIe or from another GPU (0.8% of all 480 routed)
strata serve: resident RAM: 63.28 GiB of experts in RAM, 0 exchanged with the VRAM tier, 0 blob reads from the file
safetensors residency metrics: ram_bytes=67948118016 os_locked_bytes=0 cuda_pinned_bytes=67948118016 promotions=1248 promoted_payload_bytes=3450490368 expert_file_bytes=0 (cumulative; payload is not a physical PCIe counter)
safetensors ngram metrics: ple io: 394544 rows, 24.4% row-cache hits, 257000 SSD reads (1052.9 MB), read p50 231 us p99 16028 us, blocked 957.735 ms total (submit 0.990 ms), cache 247860/1048576 rows, SSD kept awake by 70 reads (slowest 40.5 ms)
strata serve: expert tiers: GPU 405 hits this request; since the start RAM 137965 blobs, files 0 blobs 0.0 MB read
strata serve: prompt 24660 tokens = 24659 reused + 1 read in 0 ms (7758.0 tok/s), 1 generated in 16 ms (62.3 tok/s), drafts accepted 0 of 0, 2 checkpoints
strata serve: decode expert cache hit rate: 81.7% (383 hits / 469 lookups); 11 more read by the GPU over PCIe or from another GPU (2.3% of all 480 routed)
strata serve: resident RAM: 63.28 GiB of experts in RAM, 0 exchanged with the VRAM tier, 0 blob reads from the file
safetensors residency metrics: ram_bytes=67948118016 os_locked_bytes=0 cuda_pinned_bytes=67948118016 promotions=1344 promoted_payload_bytes=3715912704 expert_file_bytes=0 (cumulative; payload is not a physical PCIe counter)
safetensors ngram metrics: ple io: 394560 rows, 24.4% row-cache hits, 257016 SSD reads (1053.0 MB), read p50 231 us p99 16028 us, blocked 957.936 ms total (submit 1.006 ms), cache 247876/1048576 rows, SSD kept awake by 70 reads (slowest 40.5 ms)
strata serve: expert tiers: GPU 383 hits this request; since the start RAM 138062 blobs, files 0 blobs 0.0 MB read
strata serve: prompt 24661 tokens = 24660 reused + 1 read in 0 ms (21322.0 tok/s), 1 generated in 18 ms (54.5 tok/s), drafts accepted 0 of 0, 2 checkpoints
strata serve: decode expert cache hit rate: 82.0% (391 hits / 477 lookups); 3 more read by the GPU over PCIe or from another GPU (0.6% of all 480 routed)
strata serve: resident RAM: 63.28 GiB of experts in RAM, 0 exchanged with the VRAM tier, 0 blob reads from the file
safetensors residency metrics: ram_bytes=67948118016 os_locked_bytes=0 cuda_pinned_bytes=67948118016 promotions=1344 promoted_payload_bytes=3715912704 expert_file_bytes=0 (cumulative; payload is not a physical PCIe counter)
safetensors ngram metrics: ple io: 394576 rows, 24.4% row-cache hits, 257032 SSD reads (1053.0 MB), read p50 231 us p99 16028 us, blocked 960.848 ms total (submit 1.023 ms), cache 247892/1048576 rows, SSD kept awake by 70 reads (slowest 40.5 ms)
strata serve: expert tiers: GPU 391 hits this request; since the start RAM 138151 blobs, files 0 blobs 0.0 MB read
strata serve: prompt 24662 tokens = 24661 reused + 1 read in 0 ms (23474.2 tok/s), 1 generated in 18 ms (55.5 tok/s), drafts accepted 0 of 0, 2 checkpoints
strata serve: decode expert cache hit rate: 82.4% (388 hits / 471 lookups); 9 more read by the GPU over PCIe or from another GPU (1.9% of all 480 routed)
strata serve: resident RAM: 63.28 GiB of experts in RAM, 0 exchanged with the VRAM tier, 0 blob reads from the file
safetensors residency metrics: ram_bytes=67948118016 os_locked_bytes=0 cuda_pinned_bytes=67948118016 promotions=1344 promoted_payload_bytes=3715912704 expert_file_bytes=0 (cumulative; payload is not a physical PCIe counter)
safetensors ngram metrics: ple io: 394592 rows, 24.4% row-cache hits, 257048 SSD reads (1053.1 MB), read p50 231 us p99 16028 us, blocked 962.982 ms total (submit 1.040 ms), cache 247908/1048576 rows, SSD kept awake by 70 reads (slowest 40.5 ms)
strata serve: expert tiers: GPU 388 hits this request; since the start RAM 138243 blobs, files 0 blobs 0.0 MB read
strata serve: prompt 24663 tokens = 24662 reused + 1 read in 0 ms (21141.6 tok/s), 1 generated in 27 ms (36.5 tok/s), drafts accepted 0 of 0, 2 checkpoints
strata serve: decode expert cache hit rate: 81.5% (383 hits / 470 lookups); 10 more read by the GPU over PCIe or from another GPU (2.1% of all 480 routed)
strata serve: resident RAM: 63.28 GiB of experts in RAM, 0 exchanged with the VRAM tier, 0 blob reads from the file
safetensors residency metrics: ram_bytes=67948118016 os_locked_bytes=0 cuda_pinned_bytes=67948118016 promotions=1344 promoted_payload_bytes=3715912704 expert_file_bytes=0 (cumulative; payload is not a physical PCIe counter)
safetensors ngram metrics: ple io: 394608 rows, 24.4% row-cache hits, 257064 SSD reads (1053.2 MB), read p50 231 us p99 16028 us, blocked 973.193 ms total (submit 1.056 ms), cache 247924/1048576 rows, SSD kept awake by 70 reads (slowest 40.5 ms)
strata serve: expert tiers: GPU 383 hits this request; since the start RAM 138436 blobs, files 0 blobs 0.0 MB read
strata serve: prompt 24664 tokens = 24663 reused + 1 read in 0 ms (6226.7 tok/s), 1 generated in 29 ms (34.5 tok/s), drafts accepted 0 of 0, 2 checkpoints
strata serve: decode expert cache hit rate: 70.7% (325 hits / 460 lookups); 20 more read by the GPU over PCIe or from another GPU (4.2% of all 480 routed)
strata serve: resident RAM: 63.28 GiB of experts in RAM, 0 exchanged with the VRAM tier, 0 blob reads from the file
safetensors residency metrics: ram_bytes=67948118016 os_locked_bytes=0 cuda_pinned_bytes=67948118016 promotions=1440 promoted_payload_bytes=3981335040 expert_file_bytes=0 (cumulative; payload is not a physical PCIe counter)
safetensors ngram metrics: ple io: 394624 rows, 24.4% row-cache hits, 257080 SSD reads (1053.2 MB), read p50 231 us p99 16028 us, blocked 984.127 ms total (submit 1.074 ms), cache 247940/1048576 rows, SSD kept awake by 70 reads (slowest 40.5 ms)
strata serve: expert tiers: GPU 325 hits this request; since the start RAM 138591 blobs, files 0 blobs 0.0 MB read
strata serve: prompt 24665 tokens = 24664 reused + 1 read in 0 ms (15456.0 tok/s), 1 generated in 23 ms (43.7 tok/s), drafts accepted 0 of 0, 2 checkpoints
strata serve: decode expert cache hit rate: 83.4% (393 hits / 471 lookups); 9 more read by the GPU over PCIe or from another GPU (1.9% of all 480 routed)
strata serve: resident RAM: 63.28 GiB of experts in RAM, 0 exchanged with the VRAM tier, 0 blob reads from the file
safetensors residency metrics: ram_bytes=67948118016 os_locked_bytes=0 cuda_pinned_bytes=67948118016 promotions=1440 promoted_payload_bytes=3981335040 expert_file_bytes=0 (cumulative; payload is not a physical PCIe counter)
safetensors ngram metrics: ple io: 394640 rows, 24.4% row-cache hits, 257096 SSD reads (1053.3 MB), read p50 231 us p99 16028 us, blocked 991.261 ms total (submit 1.091 ms), cache 247956/1048576 rows, SSD kept awake by 70 reads (slowest 40.5 ms)
strata serve: expert tiers: GPU 393 hits this request; since the start RAM 138678 blobs, files 0 blobs 0.0 MB read
strata serve: prompt 24666 tokens = 24665 reused + 1 read in 0 ms (16806.7 tok/s), 1 generated in 20 ms (50.3 tok/s), drafts accepted 0 of 0, 2 checkpoints
strata serve: decode expert cache hit rate: 71.6% (327 hits / 457 lookups); 23 more read by the GPU over PCIe or from another GPU (4.8% of all 480 routed)
strata serve: resident RAM: 63.28 GiB of experts in RAM, 0 exchanged with the VRAM tier, 0 blob reads from the file
safetensors residency metrics: ram_bytes=67948118016 os_locked_bytes=0 cuda_pinned_bytes=67948118016 promotions=1440 promoted_payload_bytes=3981335040 expert_file_bytes=0 (cumulative; payload is not a physical PCIe counter)
safetensors ngram metrics: ple io: 394656 rows, 24.4% row-cache hits, 257112 SSD reads (1053.4 MB), read p50 231 us p99 16028 us, blocked 992.278 ms total (submit 1.106 ms), cache 247972/1048576 rows, SSD kept awake by 70 reads (slowest 40.5 ms)
strata serve: expert tiers: GPU 327 hits this request; since the start RAM 138831 blobs, files 0 blobs 0.0 MB read
strata serve: prompt 24667 tokens = 24666 reused + 1 read in 0 ms (17094.0 tok/s), 1 generated in 17 ms (57.7 tok/s), drafts accepted 0 of 0, 2 checkpoints
strata serve: decode expert cache hit rate: 81.8% (387 hits / 473 lookups); 7 more read by the GPU over PCIe or from another GPU (1.5% of all 480 routed)
strata serve: resident RAM: 63.28 GiB of experts in RAM, 0 exchanged with the VRAM tier, 0 blob reads from the file
safetensors residency metrics: ram_bytes=67948118016 os_locked_bytes=0 cuda_pinned_bytes=67948118016 promotions=1440 promoted_payload_bytes=3981335040 expert_file_bytes=0 (cumulative; payload is not a physical PCIe counter)
safetensors ngram metrics: ple io: 394672 rows, 24.4% row-cache hits, 257128 SSD reads (1053.4 MB), read p50 231 us p99 16028 us, blocked 992.278 ms total (submit 1.125 ms), cache 247988/1048576 rows, SSD kept awake by 70 reads (slowest 40.5 ms)
strata serve: expert tiers: GPU 387 hits this request; since the start RAM 139020 blobs, files 0 blobs 0.0 MB read
strata serve: prompt 24668 tokens = 24667 reused + 1 read in 0 ms (6775.1 tok/s), 1 generated in 20 ms (50.7 tok/s), drafts accepted 0 of 0, 2 checkpoints
strata serve: decode expert cache hit rate: 70.1% (323 hits / 461 lookups); 19 more read by the GPU over PCIe or from another GPU (4.0% of all 480 routed)
strata serve: resident RAM: 63.28 GiB of experts in RAM, 0 exchanged with the VRAM tier, 0 blob reads from the file
safetensors residency metrics: ram_bytes=67948118016 os_locked_bytes=0 cuda_pinned_bytes=67948118016 promotions=1536 promoted_payload_bytes=4246757376 expert_file_bytes=0 (cumulative; payload is not a physical PCIe counter)
safetensors ngram metrics: ple io: 394688 rows, 24.4% row-cache hits, 257144 SSD reads (1053.5 MB), read p50 231 us p99 16028 us, blocked 993.726 ms total (submit 1.140 ms), cache 248004/1048576 rows, SSD kept awake by 70 reads (slowest 40.5 ms)
strata serve: expert tiers: GPU 323 hits this request; since the start RAM 139177 blobs, files 0 blobs 0.0 MB read
strata serve: prompt 24669 tokens = 24668 reused + 1 read in 0 ms (14684.3 tok/s), 1 generated in 28 ms (35.1 tok/s), drafts accepted 0 of 0, 2 checkpoints
strata serve: decode expert cache hit rate: 64.7% (290 hits / 448 lookups); 32 more read by the GPU over PCIe or from another GPU (6.7% of all 480 routed)
strata serve: resident RAM: 63.28 GiB of experts in RAM, 0 exchanged with the VRAM tier, 0 blob reads from the file
safetensors residency metrics: ram_bytes=67948118016 os_locked_bytes=0 cuda_pinned_bytes=67948118016 promotions=1536 promoted_payload_bytes=4246757376 expert_file_bytes=0 (cumulative; payload is not a physical PCIe counter)
safetensors ngram metrics: ple io: 394704 rows, 24.4% row-cache hits, 257160 SSD reads (1053.6 MB), read p50 231 us p99 16028 us, blocked 1003.298 ms total (submit 1.155 ms), cache 248020/1048576 rows, SSD kept awake by 70 reads (slowest 40.5 ms)
strata serve: expert tiers: GPU 290 hits this request; since the start RAM 139367 blobs, files 0 blobs 0.0 MB read
strata serve: prompt 24670 tokens = 24669 reused + 1 read in 0 ms (19569.5 tok/s), 1 generated in 19 ms (51.9 tok/s), drafts accepted 0 of 0, 2 checkpoints
strata serve: decode expert cache hit rate: 60.0% (268 hits / 447 lookups); 33 more read by the GPU over PCIe or from another GPU (6.9% of all 480 routed)
strata serve: resident RAM: 63.28 GiB of experts in RAM, 0 exchanged with the VRAM tier, 0 blob reads from the file
safetensors residency metrics: ram_bytes=67948118016 os_locked_bytes=0 cuda_pinned_bytes=67948118016 promotions=1536 promoted_payload_bytes=4246757376 expert_file_bytes=0 (cumulative; payload is not a physical PCIe counter)
safetensors ngram metrics: ple io: 394720 rows, 24.4% row-cache hits, 257176 SSD reads (1053.6 MB), read p50 231 us p99 16028 us, blocked 1003.569 ms total (submit 1.171 ms), cache 248036/1048576 rows, SSD kept awake by 70 reads (slowest 40.5 ms)
strata serve: expert tiers: GPU 268 hits this request; since the start RAM 139579 blobs, files 0 blobs 0.0 MB read
strata serve: prompt 24671 tokens = 24670 reused + 1 read in 0 ms (18281.5 tok/s), 1 generated in 36 ms (27.7 tok/s), drafts accepted 0 of 0, 2 checkpoints
strata serve: decode expert cache hit rate: 73.1% (339 hits / 464 lookups); 16 more read by the GPU over PCIe or from another GPU (3.3% of all 480 routed)
strata serve: resident RAM: 63.28 GiB of experts in RAM, 0 exchanged with the VRAM tier, 0 blob reads from the file
safetensors residency metrics: ram_bytes=67948118016 os_locked_bytes=0 cuda_pinned_bytes=67948118016 promotions=1536 promoted_payload_bytes=4246757376 expert_file_bytes=0 (cumulative; payload is not a physical PCIe counter)
safetensors ngram metrics: ple io: 394736 rows, 24.4% row-cache hits, 257192 SSD reads (1053.7 MB), read p50 231 us p99 16321 us, blocked 1021.575 ms total (submit 1.189 ms), cache 248052/1048576 rows, SSD kept awake by 70 reads (slowest 40.5 ms)
strata serve: expert tiers: GPU 339 hits this request; since the start RAM 139816 blobs, files 0 blobs 0.0 MB read
strata serve: conversation cache: parked 24671 tokens in 160.9 ms; parked=1 bytes=731050232 evictions=0 snapshot_bytes=731050232 reused_kv_bytes=0
strata serve prefill segment: start=16384 end=24595 root=0 turn=1 message=0 pin=0 reread=0
strata ple batch phases: rows=65536 misses=2 pages=2 total_ms=5.204 call_lock_ms=0.000 lookup_ms=2.904 plan_ms=0.002 group_wait_ms=0.156 cache_insert_ms=0.001 callback_ms=2.118 reader_drain_ms=0.000
strata ple gather phases: tokens=4096 rows=65536 total_ms=5.236 raw_resize_ms=0.004 host_available_mib=12944
strata ple: chunk 0: read started 0.1 ms into the run, layer 1 reached at 16.0, waited 0.0 ms
strata ple batch phases: rows=65536 misses=0 pages=0 total_ms=5.303 call_lock_ms=0.000 lookup_ms=3.143 plan_ms=0.002 group_wait_ms=0.000 cache_insert_ms=0.000 callback_ms=2.158 reader_drain_ms=0.000
strata ple gather phases: tokens=4096 rows=65536 total_ms=5.342 raw_resize_ms=0.005 host_available_mib=12944
strata draft batch: weights=bf16 math=bf16x3 start=16384 rows=4096 batch=3840
strata prefill callback: start=16384 rows=4096 draft_path=batched draft_ms=8.925 checkpoint_ms=0.002 total_ms=8.951
strata prefill chunk: start=16384 rows=4096 main_and_wait_ms=1159.608 callback_ms=8.960 total_ms=1168.567
strata ple: chunk 4096: read started 16.1 ms into the run, layer 1 reached at 1184.6, waited 0.0 ms
strata draft batch: weights=bf16 math=bf16x3 start=20480 rows=4096 batch=3840
strata prefill callback: start=20480 rows=4096 draft_path=batched draft_ms=8.872 checkpoint_ms=0.002 total_ms=8.896
strata prefill chunk: start=20480 rows=4096 main_and_wait_ms=1161.812 callback_ms=8.904 total_ms=1170.716
strata ple: chunk 8192: read started 1184.7 ms into the run, layer 1 reached at 2343.1, waited 0.0 ms
strata prefill callback: start=24576 rows=19 draft_path=token draft_ms=0.754 checkpoint_ms=0.002 total_ms=0.799
strata prefill chunk: start=24576 rows=19 main_and_wait_ms=200.521 callback_ms=0.810 total_ms=201.331
strata prefill executed: tokens=8211 max_chunk=4096 capacity=4096 start=16384
strata serve prefill segment: start=24595 end=24601 root=0 turn=0 message=0 pin=0 reread=0
strata serve: prompt 24602 tokens = 16384 reused + 8218 read in 2791 ms (2944.1 tok/s), 1 generated in 16 ms (62.1 tok/s), drafts accepted 0 of 0, 2 checkpoints
strata serve: decode expert cache hit rate: 75.7% (352 hits / 465 lookups); 15 more read by the GPU over PCIe or from another GPU (3.1% of all 480 routed)
strata serve: resident RAM: 63.28 GiB of experts in RAM, 0 exchanged with the VRAM tier, 0 blob reads from the file
safetensors residency metrics: ram_bytes=67948118016 os_locked_bytes=0 cuda_pinned_bytes=67948118016 promotions=1632 promoted_payload_bytes=4512179712 expert_file_bytes=0 (cumulative; payload is not a physical PCIe counter)
safetensors ngram metrics: ple io: 526224 rows, 43.2% row-cache hits, 257362 SSD reads (1054.4 MB), read p50 231 us p99 16321 us, blocked 1034.621 ms total (submit 1.225 ms), cache 248220/1048576 rows, SSD kept awake by 95 reads (slowest 40.5 ms)
strata serve: expert tiers: GPU 352 hits this request; since the start RAM 182837 blobs, files 0 blobs 0.0 MB read
strata serve: prompt 24603 tokens = 24602 reused + 1 read in 0 ms (16835.0 tok/s), 1 generated in 18 ms (55.2 tok/s), drafts accepted 0 of 0, 2 checkpoints
strata serve: decode expert cache hit rate: 67.3% (305 hits / 453 lookups); 27 more read by the GPU over PCIe or from another GPU (5.6% of all 480 routed)
strata serve: resident RAM: 63.28 GiB of experts in RAM, 0 exchanged with the VRAM tier, 0 blob reads from the file
safetensors residency metrics: ram_bytes=67948118016 os_locked_bytes=0 cuda_pinned_bytes=67948118016 promotions=1632 promoted_payload_bytes=4512179712 expert_file_bytes=0 (cumulative; payload is not a physical PCIe counter)
safetensors ngram metrics: ple io: 526240 rows, 43.2% row-cache hits, 257378 SSD reads (1054.5 MB), read p50 231 us p99 16321 us, blocked 1034.979 ms total (submit 1.242 ms), cache 248236/1048576 rows, SSD kept awake by 95 reads (slowest 40.5 ms)
strata serve: expert tiers: GPU 305 hits this request; since the start RAM 183012 blobs, files 0 blobs 0.0 MB read
strata serve: prompt 24604 tokens = 24603 reused + 1 read in 0 ms (16694.5 tok/s), 1 generated in 27 ms (36.6 tok/s), drafts accepted 0 of 0, 2 checkpoints
strata serve: decode expert cache hit rate: 63.4% (284 hits / 448 lookups); 32 more read by the GPU over PCIe or from another GPU (6.7% of all 480 routed)
strata serve: resident RAM: 63.28 GiB of experts in RAM, 0 exchanged with the VRAM tier, 0 blob reads from the file
safetensors residency metrics: ram_bytes=67948118016 os_locked_bytes=0 cuda_pinned_bytes=67948118016 promotions=1632 promoted_payload_bytes=4512179712 expert_file_bytes=0 (cumulative; payload is not a physical PCIe counter)
safetensors ngram metrics: ple io: 526256 rows, 43.2% row-cache hits, 257386 SSD reads (1054.5 MB), read p50 231 us p99 16321 us, blocked 1035.316 ms total (submit 1.256 ms), cache 248244/1048576 rows, SSD kept awake by 95 reads (slowest 40.5 ms)
strata serve: expert tiers: GPU 284 hits this request; since the start RAM 183208 blobs, files 0 blobs 0.0 MB read
strata serve: prompt 24605 tokens = 24604 reused + 1 read in 0 ms (17730.5 tok/s), 1 generated in 21 ms (47.4 tok/s), drafts accepted 0 of 0, 2 checkpoints
strata serve: decode expert cache hit rate: 56.1% (247 hits / 440 lookups); 40 more read by the GPU over PCIe or from another GPU (8.3% of all 480 routed)
strata serve: resident RAM: 63.28 GiB of experts in RAM, 0 exchanged with the VRAM tier, 0 blob reads from the file
safetensors residency metrics: ram_bytes=67948118016 os_locked_bytes=0 cuda_pinned_bytes=67948118016 promotions=1632 promoted_payload_bytes=4512179712 expert_file_bytes=0 (cumulative; payload is not a physical PCIe counter)
safetensors ngram metrics: ple io: 526272 rows, 43.2% row-cache hits, 257402 SSD reads (1054.6 MB), read p50 231 us p99 16321 us, blocked 1035.317 ms total (submit 1.270 ms), cache 248260/1048576 rows, SSD kept awake by 95 reads (slowest 40.5 ms)
strata serve: expert tiers: GPU 247 hits this request; since the start RAM 183537 blobs, files 0 blobs 0.0 MB read
strata serve: prompt 24606 tokens = 24605 reused + 1 read in 0 ms (6635.7 tok/s), 1 generated in 20 ms (51.2 tok/s), drafts accepted 0 of 0, 2 checkpoints
strata serve: decode expert cache hit rate: 60.3% (269 hits / 446 lookups); 34 more read by the GPU over PCIe or from another GPU (7.1% of all 480 routed)
strata serve: resident RAM: 63.28 GiB of experts in RAM, 0 exchanged with the VRAM tier, 0 blob reads from the file
safetensors residency metrics: ram_bytes=67948118016 os_locked_bytes=0 cuda_pinned_bytes=67948118016 promotions=1728 promoted_payload_bytes=4777602048 expert_file_bytes=0 (cumulative; payload is not a physical PCIe counter)
safetensors ngram metrics: ple io: 526288 rows, 43.2% row-cache hits, 257418 SSD reads (1054.7 MB), read p50 231 us p99 16321 us, blocked 1036.401 ms total (submit 1.287 ms), cache 248276/1048576 rows, SSD kept awake by 95 reads (slowest 40.5 ms)
strata serve: expert tiers: GPU 269 hits this request; since the start RAM 183748 blobs, files 0 blobs 0.0 MB read
strata serve: prompt 24607 tokens = 24606 reused + 1 read in 0 ms (17667.8 tok/s), 1 generated in 18 ms (54.1 tok/s), drafts accepted 0 of 0, 2 checkpoints
strata serve: decode expert cache hit rate: 61.3% (271 hits / 442 lookups); 38 more read by the GPU over PCIe or from another GPU (7.9% of all 480 routed)
strata serve: resident RAM: 63.28 GiB of experts in RAM, 0 exchanged with the VRAM tier, 0 blob reads from the file
safetensors residency metrics: ram_bytes=67948118016 os_locked_bytes=0 cuda_pinned_bytes=67948118016 promotions=1728 promoted_payload_bytes=4777602048 expert_file_bytes=0 (cumulative; payload is not a physical PCIe counter)
safetensors ngram metrics: ple io: 526304 rows, 43.2% row-cache hits, 257434 SSD reads (1054.7 MB), read p50 231 us p99 16321 us, blocked 1036.401 ms total (submit 1.305 ms), cache 248292/1048576 rows, SSD kept awake by 95 reads (slowest 40.5 ms)
strata serve: expert tiers: GPU 271 hits this request; since the start RAM 183957 blobs, files 0 blobs 0.0 MB read
strata serve: prompt 24608 tokens = 24607 reused + 1 read in 0 ms (14326.6 tok/s), 1 generated in 17 ms (60.1 tok/s), drafts accepted 0 of 0, 2 checkpoints
strata serve: decode expert cache hit rate: 79.5% (373 hits / 469 lookups); 11 more read by the GPU over PCIe or from another GPU (2.3% of all 480 routed)
strata serve: resident RAM: 63.28 GiB of experts in RAM, 0 exchanged with the VRAM tier, 0 blob reads from the file
safetensors residency metrics: ram_bytes=67948118016 os_locked_bytes=0 cuda_pinned_bytes=67948118016 promotions=1728 promoted_payload_bytes=4777602048 expert_file_bytes=0 (cumulative; payload is not a physical PCIe counter)
safetensors ngram metrics: ple io: 526320 rows, 43.2% row-cache hits, 257450 SSD reads (1054.8 MB), read p50 231 us p99 16321 us, blocked 1037.321 ms total (submit 1.321 ms), cache 248308/1048576 rows, SSD kept awake by 95 reads (slowest 40.5 ms)
strata serve: expert tiers: GPU 373 hits this request; since the start RAM 184064 blobs, files 0 blobs 0.0 MB read
strata serve: prompt 24609 tokens = 24608 reused + 1 read in 0 ms (18148.8 tok/s), 1 generated in 22 ms (46.0 tok/s), drafts accepted 0 of 0, 2 checkpoints
strata serve: decode expert cache hit rate: 64.8% (293 hits / 452 lookups); 28 more read by the GPU over PCIe or from another GPU (5.8% of all 480 routed)
strata serve: resident RAM: 63.28 GiB of experts in RAM, 0 exchanged with the VRAM tier, 0 blob reads from the file
safetensors residency metrics: ram_bytes=67948118016 os_locked_bytes=0 cuda_pinned_bytes=67948118016 promotions=1728 promoted_payload_bytes=4777602048 expert_file_bytes=0 (cumulative; payload is not a physical PCIe counter)
safetensors ngram metrics: ple io: 526336 rows, 43.2% row-cache hits, 257466 SSD reads (1054.9 MB), read p50 231 us p99 16321 us, blocked 1039.140 ms total (submit 1.340 ms), cache 248324/1048576 rows, SSD kept awake by 95 reads (slowest 40.5 ms)
strata serve: expert tiers: GPU 293 hits this request; since the start RAM 184347 blobs, files 0 blobs 0.0 MB read
strata serve: prompt 24610 tokens = 24609 reused + 1 read in 0 ms (6675.6 tok/s), 1 generated in 18 ms (56.1 tok/s), drafts accepted 0 of 0, 2 checkpoints
strata serve: decode expert cache hit rate: 67.2% (305 hits / 454 lookups); 26 more read by the GPU over PCIe or from another GPU (5.4% of all 480 routed)
strata serve: resident RAM: 63.28 GiB of experts in RAM, 0 exchanged with the VRAM tier, 0 blob reads from the file
safetensors residency metrics: ram_bytes=67948118016 os_locked_bytes=0 cuda_pinned_bytes=67948118016 promotions=1824 promoted_payload_bytes=5043024384 expert_file_bytes=0 (cumulative; payload is not a physical PCIe counter)
safetensors ngram metrics: ple io: 526352 rows, 43.2% row-cache hits, 257482 SSD reads (1054.9 MB), read p50 231 us p99 16321 us, blocked 1039.140 ms total (submit 1.356 ms), cache 248340/1048576 rows, SSD kept awake by 95 reads (slowest 40.5 ms)
strata serve: expert tiers: GPU 305 hits this request; since the start RAM 184522 blobs, files 0 blobs 0.0 MB read
strata serve: prompt 24611 tokens = 24610 reused + 1 read in 0 ms (16025.6 tok/s), 1 generated in 19 ms (52.2 tok/s), drafts accepted 0 of 0, 2 checkpoints
strata serve: decode expert cache hit rate: 56.5% (247 hits / 437 lookups); 43 more read by the GPU over PCIe or from another GPU (9.0% of all 480 routed)
strata serve: resident RAM: 63.28 GiB of experts in RAM, 0 exchanged with the VRAM tier, 0 blob reads from the file
safetensors residency metrics: ram_bytes=67948118016 os_locked_bytes=0 cuda_pinned_bytes=67948118016 promotions=1824 promoted_payload_bytes=5043024384 expert_file_bytes=0 (cumulative; payload is not a physical PCIe counter)
safetensors ngram metrics: ple io: 526368 rows, 43.2% row-cache hits, 257498 SSD reads (1055.0 MB), read p50 231 us p99 16321 us, blocked 1039.348 ms total (submit 1.370 ms), cache 248356/1048576 rows, SSD kept awake by 95 reads (slowest 40.5 ms)
strata serve: expert tiers: GPU 247 hits this request; since the start RAM 184755 blobs, files 0 blobs 0.0 MB read
strata serve: prompt 24612 tokens = 24611 reused + 1 read in 0 ms (16103.1 tok/s), 1 generated in 17 ms (57.6 tok/s), drafts accepted 0 of 0, 2 checkpoints
strata serve: decode expert cache hit rate: 69.9% (320 hits / 458 lookups); 22 more read by the GPU over PCIe or from another GPU (4.6% of all 480 routed)
strata serve: resident RAM: 63.28 GiB of experts in RAM, 0 exchanged with the VRAM tier, 0 blob reads from the file
safetensors residency metrics: ram_bytes=67948118016 os_locked_bytes=0 cuda_pinned_bytes=67948118016 promotions=1824 promoted_payload_bytes=5043024384 expert_file_bytes=0 (cumulative; payload is not a physical PCIe counter)
safetensors ngram metrics: ple io: 526384 rows, 43.2% row-cache hits, 257514 SSD reads (1055.1 MB), read p50 231 us p99 16321 us, blocked 1039.348 ms total (submit 1.386 ms), cache 248372/1048576 rows, SSD kept awake by 95 reads (slowest 40.5 ms)
strata serve: expert tiers: GPU 320 hits this request; since the start RAM 184915 blobs, files 0 blobs 0.0 MB read
strata serve: prompt 24613 tokens = 24612 reused + 1 read in 0 ms (8992.8 tok/s), 1 generated in 20 ms (51.3 tok/s), drafts accepted 0 of 0, 2 checkpoints
strata serve: decode expert cache hit rate: 62.6% (280 hits / 447 lookups); 33 more read by the GPU over PCIe or from another GPU (6.9% of all 480 routed)
strata serve: resident RAM: 63.28 GiB of experts in RAM, 0 exchanged with the VRAM tier, 0 blob reads from the file
safetensors residency metrics: ram_bytes=67948118016 os_locked_bytes=0 cuda_pinned_bytes=67948118016 promotions=1824 promoted_payload_bytes=5043024384 expert_file_bytes=0 (cumulative; payload is not a physical PCIe counter)
safetensors ngram metrics: ple io: 526400 rows, 43.2% row-cache hits, 257530 SSD reads (1055.1 MB), read p50 231 us p99 16321 us, blocked 1039.349 ms total (submit 1.404 ms), cache 248388/1048576 rows, SSD kept awake by 95 reads (slowest 40.5 ms)
strata serve: expert tiers: GPU 280 hits this request; since the start RAM 185211 blobs, files 0 blobs 0.0 MB read
strata serve: prompt 24614 tokens = 24613 reused + 1 read in 0 ms (7137.8 tok/s), 1 generated in 17 ms (58.3 tok/s), drafts accepted 0 of 0, 2 checkpoints
strata serve: decode expert cache hit rate: 71.3% (326 hits / 457 lookups); 23 more read by the GPU over PCIe or from another GPU (4.8% of all 480 routed)
strata serve: resident RAM: 63.28 GiB of experts in RAM, 0 exchanged with the VRAM tier, 0 blob reads from the file
safetensors residency metrics: ram_bytes=67948118016 os_locked_bytes=0 cuda_pinned_bytes=67948118016 promotions=1920 promoted_payload_bytes=5308446720 expert_file_bytes=0 (cumulative; payload is not a physical PCIe counter)
safetensors ngram metrics: ple io: 526416 rows, 43.2% row-cache hits, 257546 SSD reads (1055.2 MB), read p50 231 us p99 16321 us, blocked 1039.349 ms total (submit 1.418 ms), cache 248404/1048576 rows, SSD kept awake by 95 reads (slowest 40.5 ms)
strata serve: expert tiers: GPU 326 hits this request; since the start RAM 185365 blobs, files 0 blobs 0.0 MB read
strata serve: prompt 24615 tokens = 24614 reused + 1 read in 0 ms (17793.6 tok/s), 1 generated in 21 ms (47.0 tok/s), drafts accepted 0 of 0, 2 checkpoints
strata serve: decode expert cache hit rate: 44.9% (189 hits / 421 lookups); 59 more read by the GPU over PCIe or from another GPU (12.3% of all 480 routed)
strata serve: resident RAM: 63.28 GiB of experts in RAM, 0 exchanged with the VRAM tier, 0 blob reads from the file
safetensors residency metrics: ram_bytes=67948118016 os_locked_bytes=0 cuda_pinned_bytes=67948118016 promotions=1920 promoted_payload_bytes=5308446720 expert_file_bytes=0 (cumulative; payload is not a physical PCIe counter)
safetensors ngram metrics: ple io: 526432 rows, 43.2% row-cache hits, 257562 SSD reads (1055.3 MB), read p50 231 us p99 16321 us, blocked 1039.478 ms total (submit 1.442 ms), cache 248420/1048576 rows, SSD kept awake by 95 reads (slowest 40.5 ms)
strata serve: expert tiers: GPU 189 hits this request; since the start RAM 185656 blobs, files 0 blobs 0.0 MB read
strata serve: prompt 24616 tokens = 24615 reused + 1 read in 0 ms (16339.9 tok/s), 1 generated in 23 ms (43.0 tok/s), drafts accepted 0 of 0, 2 checkpoints
strata serve: decode expert cache hit rate: 49.3% (212 hits / 430 lookups); 50 more read by the GPU over PCIe or from another GPU (10.4% of all 480 routed)
strata serve: resident RAM: 63.28 GiB of experts in RAM, 0 exchanged with the VRAM tier, 0 blob reads from the file
safetensors residency metrics: ram_bytes=67948118016 os_locked_bytes=0 cuda_pinned_bytes=67948118016 promotions=1920 promoted_payload_bytes=5308446720 expert_file_bytes=0 (cumulative; payload is not a physical PCIe counter)
safetensors ngram metrics: ple io: 526448 rows, 43.2% row-cache hits, 257578 SSD reads (1055.3 MB), read p50 231 us p99 16321 us, blocked 1041.654 ms total (submit 1.457 ms), cache 248436/1048576 rows, SSD kept awake by 95 reads (slowest 40.5 ms)
strata serve: expert tiers: GPU 212 hits this request; since the start RAM 185924 blobs, files 0 blobs 0.0 MB read
strata serve: prompt 24617 tokens = 24616 reused + 1 read in 0 ms (16181.2 tok/s), 1 generated in 20 ms (50.9 tok/s), drafts accepted 0 of 0, 2 checkpoints
strata serve: decode expert cache hit rate: 62.7% (281 hits / 448 lookups); 32 more read by the GPU over PCIe or from another GPU (6.7% of all 480 routed)
strata serve: resident RAM: 63.28 GiB of experts in RAM, 0 exchanged with the VRAM tier, 0 blob reads from the file
safetensors residency metrics: ram_bytes=67948118016 os_locked_bytes=0 cuda_pinned_bytes=67948118016 promotions=1920 promoted_payload_bytes=5308446720 expert_file_bytes=0 (cumulative; payload is not a physical PCIe counter)
safetensors ngram metrics: ple io: 526464 rows, 43.2% row-cache hits, 257594 SSD reads (1055.4 MB), read p50 231 us p99 16321 us, blocked 1041.654 ms total (submit 1.476 ms), cache 248452/1048576 rows, SSD kept awake by 95 reads (slowest 40.5 ms)
strata serve: expert tiers: GPU 281 hits this request; since the start RAM 186219 blobs, files 0 blobs 0.0 MB read
strata serve: prompt 24618 tokens = 24617 reused + 1 read in 0 ms (7326.0 tok/s), 1 generated in 19 ms (51.5 tok/s), drafts accepted 0 of 0, 2 checkpoints
strata serve: decode expert cache hit rate: 54.3% (236 hits / 435 lookups); 45 more read by the GPU over PCIe or from another GPU (9.4% of all 480 routed)
strata serve: resident RAM: 63.28 GiB of experts in RAM, 0 exchanged with the VRAM tier, 0 blob reads from the file
safetensors residency metrics: ram_bytes=67948118016 os_locked_bytes=0 cuda_pinned_bytes=67948118016 promotions=2016 promoted_payload_bytes=5573869056 expert_file_bytes=0 (cumulative; payload is not a physical PCIe counter)
safetensors ngram metrics: ple io: 526480 rows, 43.2% row-cache hits, 257610 SSD reads (1055.5 MB), read p50 231 us p99 16321 us, blocked 1041.654 ms total (submit 1.493 ms), cache 248468/1048576 rows, SSD kept awake by 95 reads (slowest 40.5 ms)
strata serve: expert tiers: GPU 236 hits this request; since the start RAM 186463 blobs, files 0 blobs 0.0 MB read
strata serve: prompt 24619 tokens = 24618 reused + 1 read in 0 ms (16977.9 tok/s), 1 generated in 17 ms (58.4 tok/s), drafts accepted 0 of 0, 2 checkpoints
strata serve: decode expert cache hit rate: 69.0% (314 hits / 455 lookups); 25 more read by the GPU over PCIe or from another GPU (5.2% of all 480 routed)
strata serve: resident RAM: 63.28 GiB of experts in RAM, 0 exchanged with the VRAM tier, 0 blob reads from the file
safetensors residency metrics: ram_bytes=67948118016 os_locked_bytes=0 cuda_pinned_bytes=67948118016 promotions=2016 promoted_payload_bytes=5573869056 expert_file_bytes=0 (cumulative; payload is not a physical PCIe counter)
safetensors ngram metrics: ple io: 526496 rows, 43.2% row-cache hits, 257626 SSD reads (1055.5 MB), read p50 231 us p99 16321 us, blocked 1041.655 ms total (submit 1.511 ms), cache 248484/1048576 rows, SSD kept awake by 95 reads (slowest 40.5 ms)
strata serve: expert tiers: GPU 314 hits this request; since the start RAM 186629 blobs, files 0 blobs 0.0 MB read
strata serve: prompt 24620 tokens = 24619 reused + 1 read in 0 ms (15552.1 tok/s), 1 generated in 24 ms (42.0 tok/s), drafts accepted 0 of 0, 2 checkpoints
strata serve: decode expert cache hit rate: 68.9% (315 hits / 457 lookups); 23 more read by the GPU over PCIe or from another GPU (4.8% of all 480 routed)
strata serve: resident RAM: 63.28 GiB of experts in RAM, 0 exchanged with the VRAM tier, 0 blob reads from the file
safetensors residency metrics: ram_bytes=67948118016 os_locked_bytes=0 cuda_pinned_bytes=67948118016 promotions=2016 promoted_payload_bytes=5573869056 expert_file_bytes=0 (cumulative; payload is not a physical PCIe counter)
safetensors ngram metrics: ple io: 526512 rows, 43.2% row-cache hits, 257642 SSD reads (1055.6 MB), read p50 231 us p99 16321 us, blocked 1048.242 ms total (submit 1.527 ms), cache 248500/1048576 rows, SSD kept awake by 95 reads (slowest 40.5 ms)
strata serve: expert tiers: GPU 315 hits this request; since the start RAM 186794 blobs, files 0 blobs 0.0 MB read
strata serve: prompt 24621 tokens = 24620 reused + 1 read in 0 ms (16207.5 tok/s), 1 generated in 23 ms (44.2 tok/s), drafts accepted 0 of 0, 2 checkpoints
strata serve: decode expert cache hit rate: 70.4% (323 hits / 459 lookups); 21 more read by the GPU over PCIe or from another GPU (4.4% of all 480 routed)
strata serve: resident RAM: 63.28 GiB of experts in RAM, 0 exchanged with the VRAM tier, 0 blob reads from the file
safetensors residency metrics: ram_bytes=67948118016 os_locked_bytes=0 cuda_pinned_bytes=67948118016 promotions=2016 promoted_payload_bytes=5573869056 expert_file_bytes=0 (cumulative; payload is not a physical PCIe counter)
safetensors ngram metrics: ple io: 526528 rows, 43.2% row-cache hits, 257658 SSD reads (1055.7 MB), read p50 231 us p99 16321 us, blocked 1052.116 ms total (submit 1.545 ms), cache 248516/1048576 rows, SSD kept awake by 95 reads (slowest 40.5 ms)
strata serve: expert tiers: GPU 323 hits this request; since the start RAM 187047 blobs, files 0 blobs 0.0 MB read
strata serve: prompt 24622 tokens = 24621 reused + 1 read in 0 ms (7315.3 tok/s), 1 generated in 16 ms (62.1 tok/s), drafts accepted 0 of 0, 2 checkpoints
strata serve: decode expert cache hit rate: 75.2% (349 hits / 464 lookups); 16 more read by the GPU over PCIe or from another GPU (3.3% of all 480 routed)
strata serve: resident RAM: 63.28 GiB of experts in RAM, 0 exchanged with the VRAM tier, 0 blob reads from the file
safetensors residency metrics: ram_bytes=67948118016 os_locked_bytes=0 cuda_pinned_bytes=67948118016 promotions=2112 promoted_payload_bytes=5839291392 expert_file_bytes=0 (cumulative; payload is not a physical PCIe counter)
safetensors ngram metrics: ple io: 526544 rows, 43.2% row-cache hits, 257674 SSD reads (1055.7 MB), read p50 231 us p99 16321 us, blocked 1052.116 ms total (submit 1.563 ms), cache 248532/1048576 rows, SSD kept awake by 95 reads (slowest 40.5 ms)
strata serve: expert tiers: GPU 349 hits this request; since the start RAM 187178 blobs, files 0 blobs 0.0 MB read
strata serve: prompt 24623 tokens = 24622 reused + 1 read in 0 ms (16949.2 tok/s), 1 generated in 16 ms (61.6 tok/s), drafts accepted 0 of 0, 2 checkpoints
strata serve: decode expert cache hit rate: 77.0% (362 hits / 470 lookups); 10 more read by the GPU over PCIe or from another GPU (2.1% of all 480 routed)
strata serve: resident RAM: 63.28 GiB of experts in RAM, 0 exchanged with the VRAM tier, 0 blob reads from the file
safetensors residency metrics: ram_bytes=67948118016 os_locked_bytes=0 cuda_pinned_bytes=67948118016 promotions=2112 promoted_payload_bytes=5839291392 expert_file_bytes=0 (cumulative; payload is not a physical PCIe counter)
safetensors ngram metrics: ple io: 526560 rows, 43.2% row-cache hits, 257690 SSD reads (1055.8 MB), read p50 231 us p99 16321 us, blocked 1052.256 ms total (submit 1.578 ms), cache 248548/1048576 rows, SSD kept awake by 95 reads (slowest 40.5 ms)
strata serve: expert tiers: GPU 362 hits this request; since the start RAM 187296 blobs, files 0 blobs 0.0 MB read
strata serve: prompt 24624 tokens = 24623 reused + 1 read in 0 ms (15698.6 tok/s), 1 generated in 23 ms (43.0 tok/s), drafts accepted 0 of 0, 2 checkpoints
strata serve: decode expert cache hit rate: 77.9% (366 hits / 470 lookups); 10 more read by the GPU over PCIe or from another GPU (2.1% of all 480 routed)
strata serve: resident RAM: 63.28 GiB of experts in RAM, 0 exchanged with the VRAM tier, 0 blob reads from the file
safetensors residency metrics: ram_bytes=67948118016 os_locked_bytes=0 cuda_pinned_bytes=67948118016 promotions=2112 promoted_payload_bytes=5839291392 expert_file_bytes=0 (cumulative; payload is not a physical PCIe counter)
safetensors ngram metrics: ple io: 526576 rows, 43.2% row-cache hits, 257706 SSD reads (1055.9 MB), read p50 231 us p99 16321 us, blocked 1059.200 ms total (submit 1.593 ms), cache 248564/1048576 rows, SSD kept awake by 95 reads (slowest 40.5 ms)
strata serve: expert tiers: GPU 366 hits this request; since the start RAM 187410 blobs, files 0 blobs 0.0 MB read
strata serve: prompt 24625 tokens = 24624 reused + 1 read in 0 ms (16891.9 tok/s), 1 generated in 16 ms (61.5 tok/s), drafts accepted 0 of 0, 2 checkpoints
strata serve: decode expert cache hit rate: 86.6% (414 hits / 478 lookups); 2 more read by the GPU over PCIe or from another GPU (0.4% of all 480 routed)
strata serve: resident RAM: 63.28 GiB of experts in RAM, 0 exchanged with the VRAM tier, 0 blob reads from the file
safetensors residency metrics: ram_bytes=67948118016 os_locked_bytes=0 cuda_pinned_bytes=67948118016 promotions=2112 promoted_payload_bytes=5839291392 expert_file_bytes=0 (cumulative; payload is not a physical PCIe counter)
safetensors ngram metrics: ple io: 526592 rows, 43.2% row-cache hits, 257722 SSD reads (1055.9 MB), read p50 231 us p99 16321 us, blocked 1059.200 ms total (submit 1.609 ms), cache 248580/1048576 rows, SSD kept awake by 95 reads (slowest 40.5 ms)
strata serve: expert tiers: GPU 414 hits this request; since the start RAM 187572 blobs, files 0 blobs 0.0 MB read
strata serve: prompt 24626 tokens = 24625 reused + 1 read in 0 ms (6793.5 tok/s), 1 generated in 17 ms (57.8 tok/s), drafts accepted 0 of 0, 2 checkpoints
strata serve: decode expert cache hit rate: 72.7% (338 hits / 465 lookups); 15 more read by the GPU over PCIe or from another GPU (3.1% of all 480 routed)
strata serve: resident RAM: 63.28 GiB of experts in RAM, 0 exchanged with the VRAM tier, 0 blob reads from the file
safetensors residency metrics: ram_bytes=67948118016 os_locked_bytes=0 cuda_pinned_bytes=67948118016 promotions=2208 promoted_payload_bytes=6104713728 expert_file_bytes=0 (cumulative; payload is not a physical PCIe counter)
safetensors ngram metrics: ple io: 526608 rows, 43.2% row-cache hits, 257738 SSD reads (1056.0 MB), read p50 231 us p99 16321 us, blocked 1059.201 ms total (submit 1.622 ms), cache 248596/1048576 rows, SSD kept awake by 95 reads (slowest 40.5 ms)
strata serve: expert tiers: GPU 338 hits this request; since the start RAM 187714 blobs, files 0 blobs 0.0 MB read
strata serve: prompt 24627 tokens = 24626 reused + 1 read in 0 ms (17271.2 tok/s), 1 generated in 16 ms (62.4 tok/s), drafts accepted 0 of 0, 2 checkpoints
strata serve: decode expert cache hit rate: 77.8% (367 hits / 472 lookups); 8 more read by the GPU over PCIe or from another GPU (1.7% of all 480 routed)
strata serve: resident RAM: 63.28 GiB of experts in RAM, 0 exchanged with the VRAM tier, 0 blob reads from the file
safetensors residency metrics: ram_bytes=67948118016 os_locked_bytes=0 cuda_pinned_bytes=67948118016 promotions=2208 promoted_payload_bytes=6104713728 expert_file_bytes=0 (cumulative; payload is not a physical PCIe counter)
safetensors ngram metrics: ple io: 526624 rows, 43.2% row-cache hits, 257754 SSD reads (1056.1 MB), read p50 231 us p99 16321 us, blocked 1059.201 ms total (submit 1.638 ms), cache 248612/1048576 rows, SSD kept awake by 95 reads (slowest 40.5 ms)
strata serve: expert tiers: GPU 367 hits this request; since the start RAM 187827 blobs, files 0 blobs 0.0 MB read
strata serve: prompt 24628 tokens = 24627 reused + 1 read in 0 ms (16501.7 tok/s), 1 generated in 20 ms (49.6 tok/s), drafts accepted 0 of 0, 2 checkpoints
strata serve: decode expert cache hit rate: 79.8% (376 hits / 471 lookups); 9 more read by the GPU over PCIe or from another GPU (1.9% of all 480 routed)
strata serve: resident RAM: 63.28 GiB of experts in RAM, 0 exchanged with the VRAM tier, 0 blob reads from the file
safetensors residency metrics: ram_bytes=67948118016 os_locked_bytes=0 cuda_pinned_bytes=67948118016 promotions=2208 promoted_payload_bytes=6104713728 expert_file_bytes=0 (cumulative; payload is not a physical PCIe counter)
safetensors ngram metrics: ple io: 526640 rows, 43.2% row-cache hits, 257762 SSD reads (1056.1 MB), read p50 231 us p99 16321 us, blocked 1063.762 ms total (submit 1.652 ms), cache 248619/1048576 rows, SSD kept awake by 95 reads (slowest 40.5 ms)
strata serve: expert tiers: GPU 376 hits this request; since the start RAM 187931 blobs, files 0 blobs 0.0 MB read
strata serve: prompt 24629 tokens = 24628 reused + 1 read in 0 ms (17182.1 tok/s), 1 generated in 18 ms (54.7 tok/s), drafts accepted 0 of 0, 2 checkpoints
strata serve: decode expert cache hit rate: 76.6% (357 hits / 466 lookups); 14 more read by the GPU over PCIe or from another GPU (2.9% of all 480 routed)
strata serve: resident RAM: 63.28 GiB of experts in RAM, 0 exchanged with the VRAM tier, 0 blob reads from the file
safetensors residency metrics: ram_bytes=67948118016 os_locked_bytes=0 cuda_pinned_bytes=67948118016 promotions=2208 promoted_payload_bytes=6104713728 expert_file_bytes=0 (cumulative; payload is not a physical PCIe counter)
safetensors ngram metrics: ple io: 526656 rows, 43.2% row-cache hits, 257778 SSD reads (1056.2 MB), read p50 231 us p99 16321 us, blocked 1064.811 ms total (submit 1.669 ms), cache 248635/1048576 rows, SSD kept awake by 95 reads (slowest 40.5 ms)
strata serve: expert tiers: GPU 357 hits this request; since the start RAM 188150 blobs, files 0 blobs 0.0 MB read
strata serve: prompt 24630 tokens = 24629 reused + 1 read in 0 ms (6973.5 tok/s), 1 generated in 18 ms (56.2 tok/s), drafts accepted 0 of 0, 2 checkpoints
strata serve: decode expert cache hit rate: 74.1% (343 hits / 463 lookups); 17 more read by the GPU over PCIe or from another GPU (3.5% of all 480 routed)
strata serve: resident RAM: 63.28 GiB of experts in RAM, 0 exchanged with the VRAM tier, 0 blob reads from the file
safetensors residency metrics: ram_bytes=67948118016 os_locked_bytes=0 cuda_pinned_bytes=67948118016 promotions=2304 promoted_payload_bytes=6370136064 expert_file_bytes=0 (cumulative; payload is not a physical PCIe counter)
safetensors ngram metrics: ple io: 526672 rows, 43.2% row-cache hits, 257794 SSD reads (1056.3 MB), read p50 231 us p99 16321 us, blocked 1064.812 ms total (submit 1.684 ms), cache 248651/1048576 rows, SSD kept awake by 95 reads (slowest 40.5 ms)
strata serve: expert tiers: GPU 343 hits this request; since the start RAM 188287 blobs, files 0 blobs 0.0 MB read
strata serve: prompt 24631 tokens = 24630 reused + 1 read in 0 ms (16750.4 tok/s), 1 generated in 21 ms (47.0 tok/s), drafts accepted 0 of 0, 2 checkpoints
strata serve: decode expert cache hit rate: 83.3% (394 hits / 473 lookups); 7 more read by the GPU over PCIe or from another GPU (1.5% of all 480 routed)
strata serve: resident RAM: 63.28 GiB of experts in RAM, 0 exchanged with the VRAM tier, 0 blob reads from the file
safetensors residency metrics: ram_bytes=67948118016 os_locked_bytes=0 cuda_pinned_bytes=67948118016 promotions=2304 promoted_payload_bytes=6370136064 expert_file_bytes=0 (cumulative; payload is not a physical PCIe counter)
safetensors ngram metrics: ple io: 526688 rows, 43.2% row-cache hits, 257810 SSD reads (1056.3 MB), read p50 231 us p99 16321 us, blocked 1070.787 ms total (submit 1.700 ms), cache 248667/1048576 rows, SSD kept awake by 95 reads (slowest 40.5 ms)
strata serve: expert tiers: GPU 394 hits this request; since the start RAM 188373 blobs, files 0 blobs 0.0 MB read
strata serve: prompt 24632 tokens = 24631 reused + 1 read in 0 ms (17667.8 tok/s), 1 generated in 19 ms (51.5 tok/s), drafts accepted 0 of 0, 2 checkpoints
strata serve: decode expert cache hit rate: 76.2% (356 hits / 467 lookups); 13 more read by the GPU over PCIe or from another GPU (2.7% of all 480 routed)
strata serve: resident RAM: 63.28 GiB of experts in RAM, 0 exchanged with the VRAM tier, 0 blob reads from the file
safetensors residency metrics: ram_bytes=67948118016 os_locked_bytes=0 cuda_pinned_bytes=67948118016 promotions=2304 promoted_payload_bytes=6370136064 expert_file_bytes=0 (cumulative; payload is not a physical PCIe counter)
safetensors ngram metrics: ple io: 526704 rows, 43.2% row-cache hits, 257826 SSD reads (1056.4 MB), read p50 231 us p99 16321 us, blocked 1073.108 ms total (submit 1.717 ms), cache 248683/1048576 rows, SSD kept awake by 95 reads (slowest 40.5 ms)
strata serve: expert tiers: GPU 356 hits this request; since the start RAM 188497 blobs, files 0 blobs 0.0 MB read
strata serve: prompt 24633 tokens = 24632 reused + 1 read in 0 ms (17730.5 tok/s), 1 generated in 20 ms (50.8 tok/s), drafts accepted 0 of 0, 2 checkpoints
strata serve: decode expert cache hit rate: 76.1% (353 hits / 464 lookups); 16 more read by the GPU over PCIe or from another GPU (3.3% of all 480 routed)
strata serve: resident RAM: 63.28 GiB of experts in RAM, 0 exchanged with the VRAM tier, 0 blob reads from the file
safetensors residency metrics: ram_bytes=67948118016 os_locked_bytes=0 cuda_pinned_bytes=67948118016 promotions=2304 promoted_payload_bytes=6370136064 expert_file_bytes=0 (cumulative; payload is not a physical PCIe counter)
safetensors ngram metrics: ple io: 526720 rows, 43.2% row-cache hits, 257842 SSD reads (1056.5 MB), read p50 231 us p99 16321 us, blocked 1075.351 ms total (submit 1.735 ms), cache 248699/1048576 rows, SSD kept awake by 95 reads (slowest 40.5 ms)
strata serve: expert tiers: GPU 353 hits this request; since the start RAM 188720 blobs, files 0 blobs 0.0 MB read
strata serve: prompt 24634 tokens = 24633 reused + 1 read in 0 ms (6944.4 tok/s), 1 generated in 15 ms (66.2 tok/s), drafts accepted 0 of 0, 2 checkpoints
strata serve: decode expert cache hit rate: 83.9% (402 hits / 479 lookups); 1 more read by the GPU over PCIe or from another GPU (0.2% of all 480 routed)
strata serve: resident RAM: 63.28 GiB of experts in RAM, 0 exchanged with the VRAM tier, 0 blob reads from the file
safetensors residency metrics: ram_bytes=67948118016 os_locked_bytes=0 cuda_pinned_bytes=67948118016 promotions=2400 promoted_payload_bytes=6635558400 expert_file_bytes=0 (cumulative; payload is not a physical PCIe counter)
safetensors ngram metrics: ple io: 526736 rows, 43.2% row-cache hits, 257858 SSD reads (1056.5 MB), read p50 231 us p99 16321 us, blocked 1075.352 ms total (submit 1.750 ms), cache 248715/1048576 rows, SSD kept awake by 95 reads (slowest 40.5 ms)
strata serve: expert tiers: GPU 402 hits this request; since the start RAM 188798 blobs, files 0 blobs 0.0 MB read
strata serve: prompt 24635 tokens = 24634 reused + 1 read in 0 ms (18115.9 tok/s), 1 generated in 18 ms (55.2 tok/s), drafts accepted 0 of 0, 2 checkpoints
strata serve: decode expert cache hit rate: 83.4% (396 hits / 475 lookups); 5 more read by the GPU over PCIe or from another GPU (1.0% of all 480 routed)
strata serve: resident RAM: 63.28 GiB of experts in RAM, 0 exchanged with the VRAM tier, 0 blob reads from the file
safetensors residency metrics: ram_bytes=67948118016 os_locked_bytes=0 cuda_pinned_bytes=67948118016 promotions=2400 promoted_payload_bytes=6635558400 expert_file_bytes=0 (cumulative; payload is not a physical PCIe counter)
safetensors ngram metrics: ple io: 526752 rows, 43.2% row-cache hits, 257874 SSD reads (1056.6 MB), read p50 231 us p99 16321 us, blocked 1078.177 ms total (submit 1.767 ms), cache 248731/1048576 rows, SSD kept awake by 95 reads (slowest 40.5 ms)
strata serve: expert tiers: GPU 396 hits this request; since the start RAM 188882 blobs, files 0 blobs 0.0 MB read
strata serve: prompt 24636 tokens = 24635 reused + 1 read in 0 ms (13624.0 tok/s), 1 generated in 17 ms (58.1 tok/s), drafts accepted 0 of 0, 2 checkpoints
strata serve: decode expert cache hit rate: 83.2% (395 hits / 475 lookups); 5 more read by the GPU over PCIe or from another GPU (1.0% of all 480 routed)
strata serve: resident RAM: 63.28 GiB of experts in RAM, 0 exchanged with the VRAM tier, 0 blob reads from the file
safetensors residency metrics: ram_bytes=67948118016 os_locked_bytes=0 cuda_pinned_bytes=67948118016 promotions=2400 promoted_payload_bytes=6635558400 expert_file_bytes=0 (cumulative; payload is not a physical PCIe counter)
safetensors ngram metrics: ple io: 526768 rows, 43.2% row-cache hits, 257890 SSD reads (1056.7 MB), read p50 231 us p99 16321 us, blocked 1080.088 ms total (submit 1.784 ms), cache 248747/1048576 rows, SSD kept awake by 95 reads (slowest 40.5 ms)
strata serve: expert tiers: GPU 395 hits this request; since the start RAM 188967 blobs, files 0 blobs 0.0 MB read
strata serve: prompt 24637 tokens = 24636 reused + 1 read in 0 ms (14771.0 tok/s), 1 generated in 17 ms (57.3 tok/s), drafts accepted 0 of 0, 2 checkpoints
strata serve: decode expert cache hit rate: 77.4% (362 hits / 468 lookups); 12 more read by the GPU over PCIe or from another GPU (2.5% of all 480 routed)
strata serve: resident RAM: 63.28 GiB of experts in RAM, 0 exchanged with the VRAM tier, 0 blob reads from the file
safetensors residency metrics: ram_bytes=67948118016 os_locked_bytes=0 cuda_pinned_bytes=67948118016 promotions=2400 promoted_payload_bytes=6635558400 expert_file_bytes=0 (cumulative; payload is not a physical PCIe counter)
safetensors ngram metrics: ple io: 526784 rows, 43.2% row-cache hits, 257906 SSD reads (1056.7 MB), read p50 231 us p99 16321 us, blocked 1080.088 ms total (submit 1.801 ms), cache 248763/1048576 rows, SSD kept awake by 95 reads (slowest 40.5 ms)
strata serve: expert tiers: GPU 362 hits this request; since the start RAM 189181 blobs, files 0 blobs 0.0 MB read
strata serve: prompt 24638 tokens = 24637 reused + 1 read in 0 ms (7012.6 tok/s), 1 generated in 20 ms (50.0 tok/s), drafts accepted 0 of 0, 2 checkpoints
strata serve: decode expert cache hit rate: 60.1% (268 hits / 446 lookups); 34 more read by the GPU over PCIe or from another GPU (7.1% of all 480 routed)
strata serve: resident RAM: 63.28 GiB of experts in RAM, 0 exchanged with the VRAM tier, 0 blob reads from the file
safetensors residency metrics: ram_bytes=67948118016 os_locked_bytes=0 cuda_pinned_bytes=67948118016 promotions=2496 promoted_payload_bytes=6900980736 expert_file_bytes=0 (cumulative; payload is not a physical PCIe counter)
safetensors ngram metrics: ple io: 526800 rows, 43.2% row-cache hits, 257922 SSD reads (1056.8 MB), read p50 231 us p99 16321 us, blocked 1080.867 ms total (submit 1.817 ms), cache 248779/1048576 rows, SSD kept awake by 95 reads (slowest 40.5 ms)
strata serve: expert tiers: GPU 268 hits this request; since the start RAM 189393 blobs, files 0 blobs 0.0 MB read
strata serve: prompt 24639 tokens = 24638 reused + 1 read in 0 ms (15674.0 tok/s), 1 generated in 25 ms (40.2 tok/s), drafts accepted 0 of 0, 2 checkpoints
strata serve: decode expert cache hit rate: 63.0% (283 hits / 449 lookups); 31 more read by the GPU over PCIe or from another GPU (6.5% of all 480 routed)
strata serve: resident RAM: 63.28 GiB of experts in RAM, 0 exchanged with the VRAM tier, 0 blob reads from the file
safetensors residency metrics: ram_bytes=67948118016 os_locked_bytes=0 cuda_pinned_bytes=67948118016 promotions=2496 promoted_payload_bytes=6900980736 expert_file_bytes=0 (cumulative; payload is not a physical PCIe counter)
safetensors ngram metrics: ple io: 526816 rows, 43.2% row-cache hits, 257938 SSD reads (1056.9 MB), read p50 231 us p99 16321 us, blocked 1087.334 ms total (submit 1.841 ms), cache 248795/1048576 rows, SSD kept awake by 95 reads (slowest 40.5 ms)
strata serve: expert tiers: GPU 283 hits this request; since the start RAM 189590 blobs, files 0 blobs 0.0 MB read
strata serve: prompt 24640 tokens = 24639 reused + 1 read in 0 ms (15408.3 tok/s), 1 generated in 18 ms (56.9 tok/s), drafts accepted 0 of 0, 2 checkpoints
strata serve: decode expert cache hit rate: 75.8% (350 hits / 462 lookups); 18 more read by the GPU over PCIe or from another GPU (3.8% of all 480 routed)
strata serve: resident RAM: 63.28 GiB of experts in RAM, 0 exchanged with the VRAM tier, 0 blob reads from the file
safetensors residency metrics: ram_bytes=67948118016 os_locked_bytes=0 cuda_pinned_bytes=67948118016 promotions=2496 promoted_payload_bytes=6900980736 expert_file_bytes=0 (cumulative; payload is not a physical PCIe counter)
safetensors ngram metrics: ple io: 526832 rows, 43.2% row-cache hits, 257946 SSD reads (1056.9 MB), read p50 231 us p99 16321 us, blocked 1088.212 ms total (submit 1.854 ms), cache 248803/1048576 rows, SSD kept awake by 95 reads (slowest 40.5 ms)
strata serve: expert tiers: GPU 350 hits this request; since the start RAM 189720 blobs, files 0 blobs 0.0 MB read
strata serve: prompt 24641 tokens = 24640 reused + 1 read in 0 ms (16233.8 tok/s), 1 generated in 26 ms (39.1 tok/s), drafts accepted 0 of 0, 2 checkpoints
strata serve: decode expert cache hit rate: 76.7% (355 hits / 463 lookups); 17 more read by the GPU over PCIe or from another GPU (3.5% of all 480 routed)
strata serve: resident RAM: 63.28 GiB of experts in RAM, 0 exchanged with the VRAM tier, 0 blob reads from the file
safetensors residency metrics: ram_bytes=67948118016 os_locked_bytes=0 cuda_pinned_bytes=67948118016 promotions=2496 promoted_payload_bytes=6900980736 expert_file_bytes=0 (cumulative; payload is not a physical PCIe counter)
safetensors ngram metrics: ple io: 526848 rows, 43.2% row-cache hits, 257954 SSD reads (1056.9 MB), read p50 231 us p99 16321 us, blocked 1096.030 ms total (submit 1.868 ms), cache 248811/1048576 rows, SSD kept awake by 95 reads (slowest 40.5 ms)
strata serve: expert tiers: GPU 355 hits this request; since the start RAM 189941 blobs, files 0 blobs 0.0 MB read
strata serve: prompt 24642 tokens = 24641 reused + 1 read in 0 ms (6812.0 tok/s), 1 generated in 18 ms (56.1 tok/s), drafts accepted 0 of 0, 2 checkpoints
strata serve: decode expert cache hit rate: 79.2% (374 hits / 472 lookups); 8 more read by the GPU over PCIe or from another GPU (1.7% of all 480 routed)
strata serve: resident RAM: 63.28 GiB of experts in RAM, 0 exchanged with the VRAM tier, 0 blob reads from the file
safetensors residency metrics: ram_bytes=67948118016 os_locked_bytes=0 cuda_pinned_bytes=67948118016 promotions=2592 promoted_payload_bytes=7166403072 expert_file_bytes=0 (cumulative; payload is not a physical PCIe counter)
safetensors ngram metrics: ple io: 526864 rows, 43.2% row-cache hits, 257970 SSD reads (1057.0 MB), read p50 231 us p99 16321 us, blocked 1097.212 ms total (submit 1.885 ms), cache 248827/1048576 rows, SSD kept awake by 95 reads (slowest 40.5 ms)
strata serve: expert tiers: GPU 374 hits this request; since the start RAM 190047 blobs, files 0 blobs 0.0 MB read
strata serve: prompt 24643 tokens = 24642 reused + 1 read in 0 ms (17667.8 tok/s), 1 generated in 19 ms (53.8 tok/s), drafts accepted 0 of 0, 2 checkpoints
strata serve: decode expert cache hit rate: 74.0% (341 hits / 461 lookups); 19 more read by the GPU over PCIe or from another GPU (4.0% of all 480 routed)
strata serve: resident RAM: 63.28 GiB of experts in RAM, 0 exchanged with the VRAM tier, 0 blob reads from the file
safetensors residency metrics: ram_bytes=67948118016 os_locked_bytes=0 cuda_pinned_bytes=67948118016 promotions=2592 promoted_payload_bytes=7166403072 expert_file_bytes=0 (cumulative; payload is not a physical PCIe counter)
safetensors ngram metrics: ple io: 526880 rows, 43.2% row-cache hits, 257986 SSD reads (1057.1 MB), read p50 231 us p99 16321 us, blocked 1097.213 ms total (submit 1.902 ms), cache 248843/1048576 rows, SSD kept awake by 95 reads (slowest 40.5 ms)
strata serve: expert tiers: GPU 341 hits this request; since the start RAM 190186 blobs, files 0 blobs 0.0 MB read
strata serve: prompt 24644 tokens = 24643 reused + 1 read in 0 ms (17301.0 tok/s), 1 generated in 31 ms (32.6 tok/s), drafts accepted 0 of 0, 2 checkpoints
strata serve: decode expert cache hit rate: 80.4% (381 hits / 474 lookups); 6 more read by the GPU over PCIe or from another GPU (1.2% of all 480 routed)
strata serve: resident RAM: 63.28 GiB of experts in RAM, 0 exchanged with the VRAM tier, 0 blob reads from the file
safetensors residency metrics: ram_bytes=67948118016 os_locked_bytes=0 cuda_pinned_bytes=67948118016 promotions=2592 promoted_payload_bytes=7166403072 expert_file_bytes=0 (cumulative; payload is not a physical PCIe counter)
safetensors ngram metrics: ple io: 526896 rows, 43.2% row-cache hits, 258002 SSD reads (1057.2 MB), read p50 231 us p99 16321 us, blocked 1112.162 ms total (submit 1.919 ms), cache 248859/1048576 rows, SSD kept awake by 95 reads (slowest 40.5 ms)
strata serve: expert tiers: GPU 381 hits this request; since the start RAM 190285 blobs, files 0 blobs 0.0 MB read
strata serve: prompt 24645 tokens = 24644 reused + 1 read in 0 ms (18115.9 tok/s), 1 generated in 40 ms (25.1 tok/s), drafts accepted 0 of 0, 2 checkpoints
strata serve: decode expert cache hit rate: 84.1% (401 hits / 477 lookups); 3 more read by the GPU over PCIe or from another GPU (0.6% of all 480 routed)
strata serve: resident RAM: 63.28 GiB of experts in RAM, 0 exchanged with the VRAM tier, 0 blob reads from the file
safetensors residency metrics: ram_bytes=67948118016 os_locked_bytes=0 cuda_pinned_bytes=67948118016 promotions=2592 promoted_payload_bytes=7166403072 expert_file_bytes=0 (cumulative; payload is not a physical PCIe counter)
safetensors ngram metrics: ple io: 526912 rows, 43.2% row-cache hits, 258018 SSD reads (1057.2 MB), read p50 231 us p99 16776 us, blocked 1135.494 ms total (submit 1.934 ms), cache 248875/1048576 rows, SSD kept awake by 95 reads (slowest 40.5 ms)
strata serve: expert tiers: GPU 401 hits this request; since the start RAM 190460 blobs, files 0 blobs 0.0 MB read
strata serve: prompt 24646 tokens = 24645 reused + 1 read in 0 ms (6920.4 tok/s), 1 generated in 18 ms (55.7 tok/s), drafts accepted 0 of 0, 2 checkpoints
strata serve: decode expert cache hit rate: 77.1% (357 hits / 463 lookups); 17 more read by the GPU over PCIe or from another GPU (3.5% of all 480 routed)
strata serve: resident RAM: 63.28 GiB of experts in RAM, 0 exchanged with the VRAM tier, 0 blob reads from the file
safetensors residency metrics: ram_bytes=67948118016 os_locked_bytes=0 cuda_pinned_bytes=67948118016 promotions=2688 promoted_payload_bytes=7431825408 expert_file_bytes=0 (cumulative; payload is not a physical PCIe counter)
safetensors ngram metrics: ple io: 526928 rows, 43.2% row-cache hits, 258034 SSD reads (1057.3 MB), read p50 231 us p99 16776 us, blocked 1137.285 ms total (submit 1.950 ms), cache 248891/1048576 rows, SSD kept awake by 95 reads (slowest 40.5 ms)
strata serve: expert tiers: GPU 357 hits this request; since the start RAM 190583 blobs, files 0 blobs 0.0 MB read
strata serve: prompt 24647 tokens = 24646 reused + 1 read in 0 ms (16313.2 tok/s), 1 generated in 16 ms (63.9 tok/s), drafts accepted 0 of 0, 2 checkpoints
strata serve: decode expert cache hit rate: 85.1% (404 hits / 475 lookups); 5 more read by the GPU over PCIe or from another GPU (1.0% of all 480 routed)
strata serve: resident RAM: 63.28 GiB of experts in RAM, 0 exchanged with the VRAM tier, 0 blob reads from the file
safetensors residency metrics: ram_bytes=67948118016 os_locked_bytes=0 cuda_pinned_bytes=67948118016 promotions=2688 promoted_payload_bytes=7431825408 expert_file_bytes=0 (cumulative; payload is not a physical PCIe counter)
safetensors ngram metrics: ple io: 526944 rows, 43.2% row-cache hits, 258042 SSD reads (1057.3 MB), read p50 231 us p99 16776 us, blocked 1137.285 ms total (submit 1.963 ms), cache 248899/1048576 rows, SSD kept awake by 95 reads (slowest 40.5 ms)
strata serve: expert tiers: GPU 404 hits this request; since the start RAM 190659 blobs, files 0 blobs 0.0 MB read
strata serve: prompt 24648 tokens = 24647 reused + 1 read in 0 ms (16694.5 tok/s), 1 generated in 17 ms (60.2 tok/s), drafts accepted 0 of 0, 2 checkpoints
strata serve: decode expert cache hit rate: 75.2% (349 hits / 464 lookups); 16 more read by the GPU over PCIe or from another GPU (3.3% of all 480 routed)
strata serve: resident RAM: 63.28 GiB of experts in RAM, 0 exchanged with the VRAM tier, 0 blob reads from the file
safetensors residency metrics: ram_bytes=67948118016 os_locked_bytes=0 cuda_pinned_bytes=67948118016 promotions=2688 promoted_payload_bytes=7431825408 expert_file_bytes=0 (cumulative; payload is not a physical PCIe counter)
safetensors ngram metrics: ple io: 526960 rows, 43.2% row-cache hits, 258042 SSD reads (1057.3 MB), read p50 231 us p99 16776 us, blocked 1137.285 ms total (submit 1.963 ms), cache 248899/1048576 rows, SSD kept awake by 95 reads (slowest 40.5 ms)
strata serve: expert tiers: GPU 349 hits this request; since the start RAM 190790 blobs, files 0 blobs 0.0 MB read
strata serve: prompt 24649 tokens = 24648 reused + 1 read in 0 ms (17513.1 tok/s), 1 generated in 17 ms (58.5 tok/s), drafts accepted 0 of 0, 2 checkpoints
strata serve: decode expert cache hit rate: 77.8% (362 hits / 465 lookups); 15 more read by the GPU over PCIe or from another GPU (3.1% of all 480 routed)
strata serve: resident RAM: 63.28 GiB of experts in RAM, 0 exchanged with the VRAM tier, 0 blob reads from the file
safetensors residency metrics: ram_bytes=67948118016 os_locked_bytes=0 cuda_pinned_bytes=67948118016 promotions=2688 promoted_payload_bytes=7431825408 expert_file_bytes=0 (cumulative; payload is not a physical PCIe counter)
safetensors ngram metrics: ple io: 526976 rows, 43.2% row-cache hits, 258042 SSD reads (1057.3 MB), read p50 231 us p99 16776 us, blocked 1137.286 ms total (submit 1.963 ms), cache 248899/1048576 rows, SSD kept awake by 95 reads (slowest 40.5 ms)
strata serve: expert tiers: GPU 362 hits this request; since the start RAM 191004 blobs, files 0 blobs 0.0 MB read
strata serve: prompt 24650 tokens = 24649 reused + 1 read in 0 ms (6944.4 tok/s), 1 generated in 17 ms (60.6 tok/s), drafts accepted 0 of 0, 2 checkpoints
strata serve: decode expert cache hit rate: 90.2% (431 hits / 478 lookups); 2 more read by the GPU over PCIe or from another GPU (0.4% of all 480 routed)
strata serve: resident RAM: 63.28 GiB of experts in RAM, 0 exchanged with the VRAM tier, 0 blob reads from the file
safetensors residency metrics: ram_bytes=67948118016 os_locked_bytes=0 cuda_pinned_bytes=67948118016 promotions=2784 promoted_payload_bytes=7697247744 expert_file_bytes=0 (cumulative; payload is not a physical PCIe counter)
safetensors ngram metrics: ple io: 526992 rows, 43.2% row-cache hits, 258058 SSD reads (1057.4 MB), read p50 231 us p99 16776 us, blocked 1139.705 ms total (submit 1.978 ms), cache 248915/1048576 rows, SSD kept awake by 95 reads (slowest 40.5 ms)
strata serve: expert tiers: GPU 431 hits this request; since the start RAM 191053 blobs, files 0 blobs 0.0 MB read
strata serve: prompt 24651 tokens = 24650 reused + 1 read in 0 ms (18181.8 tok/s), 1 generated in 15 ms (68.8 tok/s), drafts accepted 0 of 0, 2 checkpoints
strata serve: decode expert cache hit rate: 89.5% (427 hits / 477 lookups); 3 more read by the GPU over PCIe or from another GPU (0.6% of all 480 routed)
strata serve: resident RAM: 63.28 GiB of experts in RAM, 0 exchanged with the VRAM tier, 0 blob reads from the file
safetensors residency metrics: ram_bytes=67948118016 os_locked_bytes=0 cuda_pinned_bytes=67948118016 promotions=2784 promoted_payload_bytes=7697247744 expert_file_bytes=0 (cumulative; payload is not a physical PCIe counter)
safetensors ngram metrics: ple io: 527008 rows, 43.2% row-cache hits, 258074 SSD reads (1057.5 MB), read p50 231 us p99 16776 us, blocked 1139.706 ms total (submit 1.994 ms), cache 248931/1048576 rows, SSD kept awake by 95 reads (slowest 40.5 ms)
strata serve: expert tiers: GPU 427 hits this request; since the start RAM 191106 blobs, files 0 blobs 0.0 MB read
strata serve: prompt 24652 tokens = 24651 reused + 1 read in 0 ms (16313.2 tok/s), 1 generated in 22 ms (46.0 tok/s), drafts accepted 0 of 0, 2 checkpoints
strata serve: decode expert cache hit rate: 83.7% (400 hits / 478 lookups); 2 more read by the GPU over PCIe or from another GPU (0.4% of all 480 routed)
strata serve: resident RAM: 63.28 GiB of experts in RAM, 0 exchanged with the VRAM tier, 0 blob reads from the file
safetensors residency metrics: ram_bytes=67948118016 os_locked_bytes=0 cuda_pinned_bytes=67948118016 promotions=2784 promoted_payload_bytes=7697247744 expert_file_bytes=0 (cumulative; payload is not a physical PCIe counter)
safetensors ngram metrics: ple io: 527024 rows, 43.2% row-cache hits, 258090 SSD reads (1057.5 MB), read p50 231 us p99 16776 us, blocked 1145.629 ms total (submit 2.010 ms), cache 248947/1048576 rows, SSD kept awake by 95 reads (slowest 40.5 ms)
strata serve: expert tiers: GPU 400 hits this request; since the start RAM 191186 blobs, files 0 blobs 0.0 MB read
strata serve: prompt 24653 tokens = 24652 reused + 1 read in 0 ms (17152.7 tok/s), 1 generated in 18 ms (56.6 tok/s), drafts accepted 0 of 0, 2 checkpoints
strata serve: decode expert cache hit rate: 81.3% (383 hits / 471 lookups); 9 more read by the GPU over PCIe or from another GPU (1.9% of all 480 routed)
strata serve: resident RAM: 63.28 GiB of experts in RAM, 0 exchanged with the VRAM tier, 0 blob reads from the file
safetensors residency metrics: ram_bytes=67948118016 os_locked_bytes=0 cuda_pinned_bytes=67948118016 promotions=2784 promoted_payload_bytes=7697247744 expert_file_bytes=0 (cumulative; payload is not a physical PCIe counter)
safetensors ngram metrics: ple io: 527040 rows, 43.2% row-cache hits, 258106 SSD reads (1057.6 MB), read p50 231 us p99 16776 us, blocked 1146.660 ms total (submit 2.027 ms), cache 248963/1048576 rows, SSD kept awake by 95 reads (slowest 40.5 ms)
strata serve: expert tiers: GPU 383 hits this request; since the start RAM 191379 blobs, files 0 blobs 0.0 MB read
strata serve: prompt 24654 tokens = 24653 reused + 1 read in 0 ms (7117.4 tok/s), 1 generated in 15 ms (65.8 tok/s), drafts accepted 0 of 0, 2 checkpoints
strata serve: decode expert cache hit rate: 87.6% (417 hits / 476 lookups); 4 more read by the GPU over PCIe or from another GPU (0.8% of all 480 routed)
strata serve: resident RAM: 63.28 GiB of experts in RAM, 0 exchanged with the VRAM tier, 0 blob reads from the file
safetensors residency metrics: ram_bytes=67948118016 os_locked_bytes=0 cuda_pinned_bytes=67948118016 promotions=2880 promoted_payload_bytes=7962670080 expert_file_bytes=0 (cumulative; payload is not a physical PCIe counter)
safetensors ngram metrics: ple io: 527056 rows, 43.2% row-cache hits, 258122 SSD reads (1057.7 MB), read p50 231 us p99 16776 us, blocked 1147.262 ms total (submit 2.044 ms), cache 248979/1048576 rows, SSD kept awake by 95 reads (slowest 40.5 ms)
strata serve: expert tiers: GPU 417 hits this request; since the start RAM 191442 blobs, files 0 blobs 0.0 MB read
strata serve: prompt 24655 tokens = 24654 reused + 1 read in 0 ms (18484.3 tok/s), 1 generated in 15 ms (68.9 tok/s), drafts accepted 0 of 0, 2 checkpoints
strata serve: decode expert cache hit rate: 87.1% (413 hits / 474 lookups); 6 more read by the GPU over PCIe or from another GPU (1.2% of all 480 routed)
strata serve: resident RAM: 63.28 GiB of experts in RAM, 0 exchanged with the VRAM tier, 0 blob reads from the file
safetensors residency metrics: ram_bytes=67948118016 os_locked_bytes=0 cuda_pinned_bytes=67948118016 promotions=2880 promoted_payload_bytes=7962670080 expert_file_bytes=0 (cumulative; payload is not a physical PCIe counter)
safetensors ngram metrics: ple io: 527072 rows, 43.2% row-cache hits, 258138 SSD reads (1057.7 MB), read p50 231 us p99 16776 us, blocked 1147.263 ms total (submit 2.059 ms), cache 248995/1048576 rows, SSD kept awake by 95 reads (slowest 40.5 ms)
strata serve: expert tiers: GPU 413 hits this request; since the start RAM 191509 blobs, files 0 blobs 0.0 MB read
strata serve: prompt 24656 tokens = 24655 reused + 1 read in 0 ms (18450.2 tok/s), 1 generated in 19 ms (51.9 tok/s), drafts accepted 0 of 0, 2 checkpoints
strata serve: decode expert cache hit rate: 81.2% (379 hits / 467 lookups); 13 more read by the GPU over PCIe or from another GPU (2.7% of all 480 routed)
strata serve: resident RAM: 63.28 GiB of experts in RAM, 0 exchanged with the VRAM tier, 0 blob reads from the file
safetensors residency metrics: ram_bytes=67948118016 os_locked_bytes=0 cuda_pinned_bytes=67948118016 promotions=2880 promoted_payload_bytes=7962670080 expert_file_bytes=0 (cumulative; payload is not a physical PCIe counter)
safetensors ngram metrics: ple io: 527088 rows, 43.2% row-cache hits, 258154 SSD reads (1057.8 MB), read p50 231 us p99 16776 us, blocked 1150.721 ms total (submit 2.074 ms), cache 249011/1048576 rows, SSD kept awake by 95 reads (slowest 40.5 ms)
strata serve: expert tiers: GPU 379 hits this request; since the start RAM 191610 blobs, files 0 blobs 0.0 MB read
strata serve: prompt 24657 tokens = 24656 reused + 1 read in 0 ms (18656.7 tok/s), 1 generated in 17 ms (57.8 tok/s), drafts accepted 0 of 0, 2 checkpoints
strata serve: decode expert cache hit rate: 80.9% (381 hits / 471 lookups); 9 more read by the GPU over PCIe or from another GPU (1.9% of all 480 routed)
strata serve: resident RAM: 63.28 GiB of experts in RAM, 0 exchanged with the VRAM tier, 0 blob reads from the file
safetensors residency metrics: ram_bytes=67948118016 os_locked_bytes=0 cuda_pinned_bytes=67948118016 promotions=2880 promoted_payload_bytes=7962670080 expert_file_bytes=0 (cumulative; payload is not a physical PCIe counter)
safetensors ngram metrics: ple io: 527104 rows, 43.2% row-cache hits, 258170 SSD reads (1057.9 MB), read p50 231 us p99 16776 us, blocked 1151.459 ms total (submit 2.087 ms), cache 249027/1048576 rows, SSD kept awake by 95 reads (slowest 40.5 ms)
strata serve: expert tiers: GPU 381 hits this request; since the start RAM 191791 blobs, files 0 blobs 0.0 MB read
strata serve: prompt 24658 tokens = 24657 reused + 1 read in 0 ms (6784.3 tok/s), 1 generated in 16 ms (63.9 tok/s), drafts accepted 0 of 0, 2 checkpoints
strata serve: decode expert cache hit rate: 84.6% (401 hits / 474 lookups); 6 more read by the GPU over PCIe or from another GPU (1.2% of all 480 routed)
strata serve: resident RAM: 63.28 GiB of experts in RAM, 0 exchanged with the VRAM tier, 0 blob reads from the file
safetensors residency metrics: ram_bytes=67948118016 os_locked_bytes=0 cuda_pinned_bytes=67948118016 promotions=2962 promoted_payload_bytes=8189384992 expert_file_bytes=0 (cumulative; payload is not a physical PCIe counter)
safetensors ngram metrics: ple io: 527120 rows, 43.2% row-cache hits, 258186 SSD reads (1057.9 MB), read p50 231 us p99 16776 us, blocked 1152.434 ms total (submit 2.103 ms), cache 249043/1048576 rows, SSD kept awake by 95 reads (slowest 40.5 ms)
strata serve: expert tiers: GPU 401 hits this request; since the start RAM 191870 blobs, files 0 blobs 0.0 MB read
strata serve: prompt 24659 tokens = 24658 reused + 1 read in 0 ms (19379.8 tok/s), 1 generated in 15 ms (64.9 tok/s), drafts accepted 0 of 0, 2 checkpoints
strata serve: decode expert cache hit rate: 85.2% (404 hits / 474 lookups); 6 more read by the GPU over PCIe or from another GPU (1.2% of all 480 routed)
strata serve: resident RAM: 63.28 GiB of experts in RAM, 0 exchanged with the VRAM tier, 0 blob reads from the file
safetensors residency metrics: ram_bytes=67948118016 os_locked_bytes=0 cuda_pinned_bytes=67948118016 promotions=2962 promoted_payload_bytes=8189384992 expert_file_bytes=0 (cumulative; payload is not a physical PCIe counter)
safetensors ngram metrics: ple io: 527136 rows, 43.2% row-cache hits, 258202 SSD reads (1058.0 MB), read p50 231 us p99 16776 us, blocked 1153.211 ms total (submit 2.119 ms), cache 249059/1048576 rows, SSD kept awake by 95 reads (slowest 40.5 ms)
strata serve: expert tiers: GPU 404 hits this request; since the start RAM 191946 blobs, files 0 blobs 0.0 MB read
strata serve: prompt 24660 tokens = 24659 reused + 1 read in 0 ms (19305.0 tok/s), 1 generated in 16 ms (60.8 tok/s), drafts accepted 0 of 0, 2 checkpoints
strata serve: decode expert cache hit rate: 84.0% (399 hits / 475 lookups); 5 more read by the GPU over PCIe or from another GPU (1.0% of all 480 routed)
strata serve: resident RAM: 63.28 GiB of experts in RAM, 0 exchanged with the VRAM tier, 0 blob reads from the file
safetensors residency metrics: ram_bytes=67948118016 os_locked_bytes=0 cuda_pinned_bytes=67948118016 promotions=2962 promoted_payload_bytes=8189384992 expert_file_bytes=0 (cumulative; payload is not a physical PCIe counter)
safetensors ngram metrics: ple io: 527152 rows, 43.2% row-cache hits, 258218 SSD reads (1058.1 MB), read p50 231 us p99 16776 us, blocked 1153.212 ms total (submit 2.137 ms), cache 249075/1048576 rows, SSD kept awake by 95 reads (slowest 40.5 ms)
strata serve: expert tiers: GPU 399 hits this request; since the start RAM 192027 blobs, files 0 blobs 0.0 MB read
strata serve: prompt 24661 tokens = 24660 reused + 1 read in 0 ms (17762.0 tok/s), 1 generated in 15 ms (64.8 tok/s), drafts accepted 0 of 0, 2 checkpoints
strata serve: decode expert cache hit rate: 87.7% (419 hits / 478 lookups); 2 more read by the GPU over PCIe or from another GPU (0.4% of all 480 routed)
strata serve: resident RAM: 63.28 GiB of experts in RAM, 0 exchanged with the VRAM tier, 0 blob reads from the file
safetensors residency metrics: ram_bytes=67948118016 os_locked_bytes=0 cuda_pinned_bytes=67948118016 promotions=2962 promoted_payload_bytes=8189384992 expert_file_bytes=0 (cumulative; payload is not a physical PCIe counter)
safetensors ngram metrics: ple io: 527168 rows, 43.2% row-cache hits, 258234 SSD reads (1058.2 MB), read p50 231 us p99 16776 us, blocked 1153.212 ms total (submit 2.151 ms), cache 249091/1048576 rows, SSD kept awake by 95 reads (slowest 40.5 ms)
strata serve: expert tiers: GPU 419 hits this request; since the start RAM 192167 blobs, files 0 blobs 0.0 MB read
strata serve: prompt 24662 tokens = 24661 reused + 1 read in 0 ms (7358.4 tok/s), 1 generated in 14 ms (71.3 tok/s), drafts accepted 0 of 0, 2 checkpoints
strata serve: decode expert cache hit rate: 91.7% (440 hits / 480 lookups)
strata serve: resident RAM: 63.28 GiB of experts in RAM, 0 exchanged with the VRAM tier, 0 blob reads from the file
safetensors residency metrics: ram_bytes=67948118016 os_locked_bytes=0 cuda_pinned_bytes=67948118016 promotions=3041 promoted_payload_bytes=8407805456 expert_file_bytes=0 (cumulative; payload is not a physical PCIe counter)
safetensors ngram metrics: ple io: 527184 rows, 43.2% row-cache hits, 258250 SSD reads (1058.2 MB), read p50 231 us p99 16776 us, blocked 1153.257 ms total (submit 2.168 ms), cache 249107/1048576 rows, SSD kept awake by 95 reads (slowest 40.5 ms)
strata serve: expert tiers: GPU 440 hits this request; since the start RAM 192207 blobs, files 0 blobs 0.0 MB read
strata serve: prompt 24663 tokens = 24662 reused + 1 read in 0 ms (20408.2 tok/s), 1 generated in 18 ms (55.7 tok/s), drafts accepted 0 of 0, 2 checkpoints
strata serve: decode expert cache hit rate: 84.8% (401 hits / 473 lookups); 7 more read by the GPU over PCIe or from another GPU (1.5% of all 480 routed)
strata serve: resident RAM: 63.28 GiB of experts in RAM, 0 exchanged with the VRAM tier, 0 blob reads from the file
safetensors residency metrics: ram_bytes=67948118016 os_locked_bytes=0 cuda_pinned_bytes=67948118016 promotions=3041 promoted_payload_bytes=8407805456 expert_file_bytes=0 (cumulative; payload is not a physical PCIe counter)
safetensors ngram metrics: ple io: 527200 rows, 43.2% row-cache hits, 258266 SSD reads (1058.3 MB), read p50 231 us p99 16776 us, blocked 1156.440 ms total (submit 2.180 ms), cache 249123/1048576 rows, SSD kept awake by 95 reads (slowest 40.5 ms)
strata serve: expert tiers: GPU 401 hits this request; since the start RAM 192286 blobs, files 0 blobs 0.0 MB read
strata serve: prompt 24664 tokens = 24663 reused + 1 read in 0 ms (17921.1 tok/s), 1 generated in 25 ms (40.7 tok/s), drafts accepted 0 of 0, 2 checkpoints
strata serve: decode expert cache hit rate: 75.9% (355 hits / 468 lookups); 12 more read by the GPU over PCIe or from another GPU (2.5% of all 480 routed)
strata serve: resident RAM: 63.28 GiB of experts in RAM, 0 exchanged with the VRAM tier, 0 blob reads from the file
safetensors residency metrics: ram_bytes=67948118016 os_locked_bytes=0 cuda_pinned_bytes=67948118016 promotions=3041 promoted_payload_bytes=8407805456 expert_file_bytes=0 (cumulative; payload is not a physical PCIe counter)
safetensors ngram metrics: ple io: 527216 rows, 43.2% row-cache hits, 258282 SSD reads (1058.4 MB), read p50 231 us p99 16776 us, blocked 1164.797 ms total (submit 2.199 ms), cache 249139/1048576 rows, SSD kept awake by 95 reads (slowest 40.5 ms)
strata serve: expert tiers: GPU 355 hits this request; since the start RAM 192411 blobs, files 0 blobs 0.0 MB read
strata serve: prompt 24665 tokens = 24664 reused + 1 read in 0 ms (18382.4 tok/s), 1 generated in 18 ms (55.4 tok/s), drafts accepted 0 of 0, 2 checkpoints
strata serve: decode expert cache hit rate: 81.9% (384 hits / 469 lookups); 11 more read by the GPU over PCIe or from another GPU (2.3% of all 480 routed)
strata serve: resident RAM: 63.28 GiB of experts in RAM, 0 exchanged with the VRAM tier, 0 blob reads from the file
safetensors residency metrics: ram_bytes=67948118016 os_locked_bytes=0 cuda_pinned_bytes=67948118016 promotions=3041 promoted_payload_bytes=8407805456 expert_file_bytes=0 (cumulative; payload is not a physical PCIe counter)
safetensors ngram metrics: ple io: 527232 rows, 43.2% row-cache hits, 258298 SSD reads (1058.4 MB), read p50 231 us p99 16776 us, blocked 1165.953 ms total (submit 2.209 ms), cache 249155/1048576 rows, SSD kept awake by 95 reads (slowest 40.5 ms)
strata serve: expert tiers: GPU 384 hits this request; since the start RAM 192584 blobs, files 0 blobs 0.0 MB read
strata serve: prompt 24666 tokens = 24665 reused + 1 read in 0 ms (6793.5 tok/s), 1 generated in 17 ms (57.6 tok/s), drafts accepted 0 of 0, 2 checkpoints
strata serve: decode expert cache hit rate: 83.3% (395 hits / 474 lookups); 6 more read by the GPU over PCIe or from another GPU (1.2% of all 480 routed)
strata serve: resident RAM: 63.28 GiB of experts in RAM, 0 exchanged with the VRAM tier, 0 blob reads from the file
safetensors residency metrics: ram_bytes=67948118016 os_locked_bytes=0 cuda_pinned_bytes=67948118016 promotions=3118 promoted_payload_bytes=8620696288 expert_file_bytes=0 (cumulative; payload is not a physical PCIe counter)
safetensors ngram metrics: ple io: 527248 rows, 43.2% row-cache hits, 258314 SSD reads (1058.5 MB), read p50 231 us p99 16776 us, blocked 1168.127 ms total (submit 2.228 ms), cache 249171/1048576 rows, SSD kept awake by 95 reads (slowest 40.5 ms)
strata serve: expert tiers: GPU 395 hits this request; since the start RAM 192669 blobs, files 0 blobs 0.0 MB read
strata serve: prompt 24667 tokens = 24666 reused + 1 read in 0 ms (18281.5 tok/s), 1 generated in 37 ms (26.7 tok/s), drafts accepted 0 of 0, 2 checkpoints
strata serve: decode expert cache hit rate: 92.5% (443 hits / 479 lookups); 1 more read by the GPU over PCIe or from another GPU (0.2% of all 480 routed)
strata serve: resident RAM: 63.28 GiB of experts in RAM, 0 exchanged with the VRAM tier, 0 blob reads from the file
safetensors residency metrics: ram_bytes=67948118016 os_locked_bytes=0 cuda_pinned_bytes=67948118016 promotions=3118 promoted_payload_bytes=8620696288 expert_file_bytes=0 (cumulative; payload is not a physical PCIe counter)
safetensors ngram metrics: ple io: 527264 rows, 43.2% row-cache hits, 258330 SSD reads (1058.6 MB), read p50 231 us p99 17089 us, blocked 1191.813 ms total (submit 2.245 ms), cache 249187/1048576 rows, SSD kept awake by 95 reads (slowest 40.5 ms)
strata serve: expert tiers: GPU 443 hits this request; since the start RAM 192706 blobs, files 0 blobs 0.0 MB read
strata serve: prompt 24668 tokens = 24667 reused + 1 read in 0 ms (18518.5 tok/s), 1 generated in 21 ms (47.1 tok/s), drafts accepted 0 of 0, 2 checkpoints
strata serve: decode expert cache hit rate: 81.1% (381 hits / 470 lookups); 10 more read by the GPU over PCIe or from another GPU (2.1% of all 480 routed)
strata serve: resident RAM: 63.28 GiB of experts in RAM, 0 exchanged with the VRAM tier, 0 blob reads from the file
safetensors residency metrics: ram_bytes=67948118016 os_locked_bytes=0 cuda_pinned_bytes=67948118016 promotions=3118 promoted_payload_bytes=8620696288 expert_file_bytes=0 (cumulative; payload is not a physical PCIe counter)
safetensors ngram metrics: ple io: 527280 rows, 43.2% row-cache hits, 258346 SSD reads (1058.6 MB), read p50 231 us p99 17089 us, blocked 1197.600 ms total (submit 2.261 ms), cache 249203/1048576 rows, SSD kept awake by 95 reads (slowest 40.5 ms)
strata serve: expert tiers: GPU 381 hits this request; since the start RAM 192805 blobs, files 0 blobs 0.0 MB read
strata serve: prompt 24669 tokens = 24668 reused + 1 read in 0 ms (19723.9 tok/s), 1 generated in 20 ms (51.1 tok/s), drafts accepted 0 of 0, 2 checkpoints
strata serve: decode expert cache hit rate: 80.9% (382 hits / 472 lookups); 8 more read by the GPU over PCIe or from another GPU (1.7% of all 480 routed)
strata serve: resident RAM: 63.28 GiB of experts in RAM, 0 exchanged with the VRAM tier, 0 blob reads from the file
safetensors residency metrics: ram_bytes=67948118016 os_locked_bytes=0 cuda_pinned_bytes=67948118016 promotions=3118 promoted_payload_bytes=8620696288 expert_file_bytes=0 (cumulative; payload is not a physical PCIe counter)
safetensors ngram metrics: ple io: 527296 rows, 43.2% row-cache hits, 258362 SSD reads (1058.7 MB), read p50 231 us p99 17089 us, blocked 1198.009 ms total (submit 2.277 ms), cache 249219/1048576 rows, SSD kept awake by 95 reads (slowest 40.5 ms)
strata serve: expert tiers: GPU 382 hits this request; since the start RAM 192956 blobs, files 0 blobs 0.0 MB read
strata serve: prompt 24670 tokens = 24669 reused + 1 read in 0 ms (7479.4 tok/s), 1 generated in 15 ms (68.5 tok/s), drafts accepted 0 of 0, 2 checkpoints
strata serve: decode expert cache hit rate: 85.9% (409 hits / 476 lookups); 4 more read by the GPU over PCIe or from another GPU (0.8% of all 480 routed)
strata serve: resident RAM: 63.28 GiB of experts in RAM, 0 exchanged with the VRAM tier, 0 blob reads from the file
safetensors residency metrics: ram_bytes=67948118016 os_locked_bytes=0 cuda_pinned_bytes=67948118016 promotions=3171 promoted_payload_bytes=8767231536 expert_file_bytes=0 (cumulative; payload is not a physical PCIe counter)
safetensors ngram metrics: ple io: 527312 rows, 43.2% row-cache hits, 258378 SSD reads (1058.8 MB), read p50 231 us p99 17089 us, blocked 1198.009 ms total (submit 2.292 ms), cache 249235/1048576 rows, SSD kept awake by 95 reads (slowest 40.5 ms)
strata serve: expert tiers: GPU 409 hits this request; since the start RAM 193027 blobs, files 0 blobs 0.0 MB read
strata serve: prompt 24671 tokens = 24670 reused + 1 read in 0 ms (19607.8 tok/s), 1 generated in 20 ms (51.1 tok/s), drafts accepted 0 of 0, 2 checkpoints
strata serve: decode expert cache hit rate: 75.1% (346 hits / 461 lookups); 19 more read by the GPU over PCIe or from another GPU (4.0% of all 480 routed)
strata serve: resident RAM: 63.28 GiB of experts in RAM, 0 exchanged with the VRAM tier, 0 blob reads from the file
safetensors residency metrics: ram_bytes=67948118016 os_locked_bytes=0 cuda_pinned_bytes=67948118016 promotions=3171 promoted_payload_bytes=8767231536 expert_file_bytes=0 (cumulative; payload is not a physical PCIe counter)
safetensors ngram metrics: ple io: 527328 rows, 43.1% row-cache hits, 258394 SSD reads (1058.8 MB), read p50 231 us p99 17089 us, blocked 1201.091 ms total (submit 2.308 ms), cache 249251/1048576 rows, SSD kept awake by 95 reads (slowest 40.5 ms)
strata serve: expert tiers: GPU 346 hits this request; since the start RAM 193161 blobs, files 0 blobs 0.0 MB read
strata serve: prompt 24672 tokens = 24671 reused + 1 read in 0 ms (17035.8 tok/s), 1 generated in 15 ms (67.9 tok/s), drafts accepted 0 of 0, 2 checkpoints
strata serve: decode expert cache hit rate: 86.1% (409 hits / 475 lookups); 5 more read by the GPU over PCIe or from another GPU (1.0% of all 480 routed)
strata serve: resident RAM: 63.28 GiB of experts in RAM, 0 exchanged with the VRAM tier, 0 blob reads from the file
safetensors residency metrics: ram_bytes=67948118016 os_locked_bytes=0 cuda_pinned_bytes=67948118016 promotions=3171 promoted_payload_bytes=8767231536 expert_file_bytes=0 (cumulative; payload is not a physical PCIe counter)
safetensors ngram metrics: ple io: 527344 rows, 43.1% row-cache hits, 258410 SSD reads (1058.9 MB), read p50 231 us p99 17089 us, blocked 1201.091 ms total (submit 2.326 ms), cache 249267/1048576 rows, SSD kept awake by 95 reads (slowest 40.5 ms)
strata serve: expert tiers: GPU 409 hits this request; since the start RAM 193232 blobs, files 0 blobs 0.0 MB read
strata serve: prompt 24673 tokens = 24672 reused + 1 read in 0 ms (17421.6 tok/s), 1 generated in 16 ms (63.9 tok/s), drafts accepted 0 of 0, 2 checkpoints
strata serve: decode expert cache hit rate: 89.1% (426 hits / 478 lookups); 2 more read by the GPU over PCIe or from another GPU (0.4% of all 480 routed)
strata serve: resident RAM: 63.28 GiB of experts in RAM, 0 exchanged with the VRAM tier, 0 blob reads from the file
safetensors residency metrics: ram_bytes=67948118016 os_locked_bytes=0 cuda_pinned_bytes=67948118016 promotions=3171 promoted_payload_bytes=8767231536 expert_file_bytes=0 (cumulative; payload is not a physical PCIe counter)
safetensors ngram metrics: ple io: 527360 rows, 43.1% row-cache hits, 258426 SSD reads (1059.0 MB), read p50 231 us p99 17089 us, blocked 1201.542 ms total (submit 2.342 ms), cache 249283/1048576 rows, SSD kept awake by 95 reads (slowest 40.5 ms)
strata serve: expert tiers: GPU 426 hits this request; since the start RAM 193350 blobs, files 0 blobs 0.0 MB read
strata serve: prompt 24674 tokens = 24673 reused + 1 read in 0 ms (7017.5 tok/s), 1 generated in 15 ms (68.5 tok/s), drafts accepted 0 of 0, 2 checkpoints
strata serve: decode expert cache hit rate: 85.0% (403 hits / 474 lookups); 6 more read by the GPU over PCIe or from another GPU (1.2% of all 480 routed)
strata serve: resident RAM: 63.28 GiB of experts in RAM, 0 exchanged with the VRAM tier, 0 blob reads from the file
safetensors residency metrics: ram_bytes=67948118016 os_locked_bytes=0 cuda_pinned_bytes=67948118016 promotions=3235 promoted_payload_bytes=8944179760 expert_file_bytes=0 (cumulative; payload is not a physical PCIe counter)
safetensors ngram metrics: ple io: 527376 rows, 43.1% row-cache hits, 258442 SSD reads (1059.0 MB), read p50 231 us p99 17089 us, blocked 1201.543 ms total (submit 2.354 ms), cache 249299/1048576 rows, SSD kept awake by 95 reads (slowest 40.5 ms)
strata serve: expert tiers: GPU 403 hits this request; since the start RAM 193427 blobs, files 0 blobs 0.0 MB read
strata serve: prompt 24675 tokens = 24674 reused + 1 read in 0 ms (17889.1 tok/s), 1 generated in 14 ms (69.6 tok/s), drafts accepted 0 of 0, 2 checkpoints
strata serve: decode expert cache hit rate: 89.1% (426 hits / 478 lookups); 2 more read by the GPU over PCIe or from another GPU (0.4% of all 480 routed)
strata serve: resident RAM: 63.28 GiB of experts in RAM, 0 exchanged with the VRAM tier, 0 blob reads from the file
safetensors residency metrics: ram_bytes=67948118016 os_locked_bytes=0 cuda_pinned_bytes=67948118016 promotions=3235 promoted_payload_bytes=8944179760 expert_file_bytes=0 (cumulative; payload is not a physical PCIe counter)
safetensors ngram metrics: ple io: 527392 rows, 43.1% row-cache hits, 258458 SSD reads (1059.1 MB), read p50 231 us p99 17089 us, blocked 1201.829 ms total (submit 2.367 ms), cache 249315/1048576 rows, SSD kept awake by 95 reads (slowest 40.5 ms)
strata serve: expert tiers: GPU 426 hits this request; since the start RAM 193481 blobs, files 0 blobs 0.0 MB read
strata serve: prompt 24676 tokens = 24675 reused + 1 read in 0 ms (17421.6 tok/s), 1 generated in 17 ms (57.4 tok/s), drafts accepted 0 of 0, 2 checkpoints
strata serve: decode expert cache hit rate: 88.1% (421 hits / 478 lookups); 2 more read by the GPU over PCIe or from another GPU (0.4% of all 480 routed)
strata serve: resident RAM: 63.28 GiB of experts in RAM, 0 exchanged with the VRAM tier, 0 blob reads from the file
safetensors residency metrics: ram_bytes=67948118016 os_locked_bytes=0 cuda_pinned_bytes=67948118016 promotions=3235 promoted_payload_bytes=8944179760 expert_file_bytes=0 (cumulative; payload is not a physical PCIe counter)
safetensors ngram metrics: ple io: 527408 rows, 43.1% row-cache hits, 258474 SSD reads (1059.2 MB), read p50 231 us p99 17089 us, blocked 1204.639 ms total (submit 2.382 ms), cache 249331/1048576 rows, SSD kept awake by 95 reads (slowest 40.5 ms)
strata serve: expert tiers: GPU 421 hits this request; since the start RAM 193540 blobs, files 0 blobs 0.0 MB read
strata serve: prompt 24677 tokens = 24676 reused + 1 read in 0 ms (18050.5 tok/s), 1 generated in 16 ms (64.1 tok/s), drafts accepted 0 of 0, 2 checkpoints
strata serve: decode expert cache hit rate: 92.3% (443 hits / 480 lookups)
strata serve: resident RAM: 63.28 GiB of experts in RAM, 0 exchanged with the VRAM tier, 0 blob reads from the file
safetensors residency metrics: ram_bytes=67948118016 os_locked_bytes=0 cuda_pinned_bytes=67948118016 promotions=3235 promoted_payload_bytes=8944179760 expert_file_bytes=0 (cumulative; payload is not a physical PCIe counter)
safetensors ngram metrics: ple io: 527424 rows, 43.1% row-cache hits, 258490 SSD reads (1059.3 MB), read p50 231 us p99 17089 us, blocked 1205.311 ms total (submit 2.397 ms), cache 249347/1048576 rows, SSD kept awake by 95 reads (slowest 40.5 ms)
strata serve: expert tiers: GPU 443 hits this request; since the start RAM 193647 blobs, files 0 blobs 0.0 MB read
strata serve: prompt 24678 tokens = 24677 reused + 1 read in 0 ms (7142.9 tok/s), 1 generated in 16 ms (63.4 tok/s), drafts accepted 0 of 0, 2 checkpoints
strata serve: decode expert cache hit rate: 80.6% (378 hits / 469 lookups); 11 more read by the GPU over PCIe or from another GPU (2.3% of all 480 routed)
strata serve: resident RAM: 63.28 GiB of experts in RAM, 0 exchanged with the VRAM tier, 0 blob reads from the file
safetensors residency metrics: ram_bytes=67948118016 os_locked_bytes=0 cuda_pinned_bytes=67948118016 promotions=3305 promoted_payload_bytes=9137716880 expert_file_bytes=0 (cumulative; payload is not a physical PCIe counter)
safetensors ngram metrics: ple io: 527440 rows, 43.1% row-cache hits, 258506 SSD reads (1059.3 MB), read p50 231 us p99 17089 us, blocked 1205.312 ms total (submit 2.408 ms), cache 249363/1048576 rows, SSD kept awake by 95 reads (slowest 40.5 ms)
strata serve: expert tiers: GPU 378 hits this request; since the start RAM 193749 blobs, files 0 blobs 0.0 MB read
strata serve: prompt 24679 tokens = 24678 reused + 1 read in 0 ms (16920.5 tok/s), 1 generated in 22 ms (46.1 tok/s), drafts accepted 0 of 0, 2 checkpoints
strata serve: decode expert cache hit rate: 73.9% (342 hits / 463 lookups); 17 more read by the GPU over PCIe or from another GPU (3.5% of all 480 routed)
strata serve: resident RAM: 63.28 GiB of experts in RAM, 0 exchanged with the VRAM tier, 0 blob reads from the file
safetensors residency metrics: ram_bytes=67948118016 os_locked_bytes=0 cuda_pinned_bytes=67948118016 promotions=3305 promoted_payload_bytes=9137716880 expert_file_bytes=0 (cumulative; payload is not a physical PCIe counter)
safetensors ngram metrics: ple io: 527456 rows, 43.1% row-cache hits, 258522 SSD reads (1059.4 MB), read p50 231 us p99 17089 us, blocked 1210.515 ms total (submit 2.424 ms), cache 249379/1048576 rows, SSD kept awake by 95 reads (slowest 40.5 ms)
strata serve: expert tiers: GPU 342 hits this request; since the start RAM 193887 blobs, files 0 blobs 0.0 MB read
strata serve: prompt 24680 tokens = 24679 reused + 1 read in 0 ms (17182.1 tok/s), 1 generated in 20 ms (50.8 tok/s), drafts accepted 0 of 0, 2 checkpoints
strata serve: decode expert cache hit rate: 74.0% (345 hits / 466 lookups); 14 more read by the GPU over PCIe or from another GPU (2.9% of all 480 routed)
strata serve: resident RAM: 63.28 GiB of experts in RAM, 0 exchanged with the VRAM tier, 0 blob reads from the file
safetensors residency metrics: ram_bytes=67948118016 os_locked_bytes=0 cuda_pinned_bytes=67948118016 promotions=3305 promoted_payload_bytes=9137716880 expert_file_bytes=0 (cumulative; payload is not a physical PCIe counter)
safetensors ngram metrics: ple io: 527472 rows, 43.1% row-cache hits, 258538 SSD reads (1059.5 MB), read p50 231 us p99 17089 us, blocked 1213.775 ms total (submit 2.442 ms), cache 249395/1048576 rows, SSD kept awake by 95 reads (slowest 40.5 ms)
strata serve: expert tiers: GPU 345 hits this request; since the start RAM 194022 blobs, files 0 blobs 0.0 MB read
strata serve: prompt 24681 tokens = 24680 reused + 1 read in 0 ms (16129.0 tok/s), 1 generated in 25 ms (40.1 tok/s), drafts accepted 0 of 0, 2 checkpoints
strata serve: decode expert cache hit rate: 54.2% (237 hits / 437 lookups); 43 more read by the GPU over PCIe or from another GPU (9.0% of all 480 routed)
strata serve: resident RAM: 63.28 GiB of experts in RAM, 0 exchanged with the VRAM tier, 0 blob reads from the file
safetensors residency metrics: ram_bytes=67948118016 os_locked_bytes=0 cuda_pinned_bytes=67948118016 promotions=3305 promoted_payload_bytes=9137716880 expert_file_bytes=0 (cumulative; payload is not a physical PCIe counter)
safetensors ngram metrics: ple io: 527488 rows, 43.1% row-cache hits, 258554 SSD reads (1059.5 MB), read p50 231 us p99 17089 us, blocked 1218.084 ms total (submit 2.459 ms), cache 249411/1048576 rows, SSD kept awake by 95 reads (slowest 40.5 ms)
strata serve: expert tiers: GPU 237 hits this request; since the start RAM 194361 blobs, files 0 blobs 0.0 MB read
strata serve: prompt 24682 tokens = 24681 reused + 1 read in 0 ms (6497.7 tok/s), 1 generated in 17 ms (58.2 tok/s), drafts accepted 0 of 0, 2 checkpoints
strata serve: decode expert cache hit rate: 70.7% (323 hits / 457 lookups); 23 more read by the GPU over PCIe or from another GPU (4.8% of all 480 routed)
strata serve: resident RAM: 63.28 GiB of experts in RAM, 0 exchanged with the VRAM tier, 0 blob reads from the file
safetensors residency metrics: ram_bytes=67948118016 os_locked_bytes=0 cuda_pinned_bytes=67948118016 promotions=3401 promoted_payload_bytes=9403139216 expert_file_bytes=0 (cumulative; payload is not a physical PCIe counter)
safetensors ngram metrics: ple io: 527504 rows, 43.1% row-cache hits, 258570 SSD reads (1059.6 MB), read p50 231 us p99 17089 us, blocked 1218.141 ms total (submit 2.474 ms), cache 249427/1048576 rows, SSD kept awake by 95 reads (slowest 40.5 ms)
strata serve: expert tiers: GPU 323 hits this request; since the start RAM 194518 blobs, files 0 blobs 0.0 MB read
strata serve: prompt 24683 tokens = 24682 reused + 1 read in 0 ms (13369.0 tok/s), 1 generated in 17 ms (60.5 tok/s), drafts accepted 0 of 0, 2 checkpoints
strata serve: decode expert cache hit rate: 75.3% (347 hits / 461 lookups); 19 more read by the GPU over PCIe or from another GPU (4.0% of all 480 routed)
strata serve: resident RAM: 63.28 GiB of experts in RAM, 0 exchanged with the VRAM tier, 0 blob reads from the file
safetensors residency metrics: ram_bytes=67948118016 os_locked_bytes=0 cuda_pinned_bytes=67948118016 promotions=3401 promoted_payload_bytes=9403139216 expert_file_bytes=0 (cumulative; payload is not a physical PCIe counter)
safetensors ngram metrics: ple io: 527520 rows, 43.1% row-cache hits, 258586 SSD reads (1059.7 MB), read p50 231 us p99 17089 us, blocked 1218.554 ms total (submit 2.492 ms), cache 249443/1048576 rows, SSD kept awake by 95 reads (slowest 40.5 ms)
strata serve: expert tiers: GPU 347 hits this request; since the start RAM 194651 blobs, files 0 blobs 0.0 MB read
strata serve: conversation cache: parked 24683 tokens in 154.6 ms; parked=2 bytes=1462283672 evictions=0 snapshot_bytes=731233440 reused_kv_bytes=0
strata serve prefill segment: start=16384 end=24599 root=0 turn=1 message=0 pin=0 reread=0
strata ple batch phases: rows=65536 misses=1 pages=1 total_ms=5.170 call_lock_ms=0.000 lookup_ms=2.895 plan_ms=0.002 group_wait_ms=0.136 cache_insert_ms=0.001 callback_ms=2.110 reader_drain_ms=0.000
strata ple gather phases: tokens=4096 rows=65536 total_ms=5.204 raw_resize_ms=0.004 host_available_mib=12174
strata ple: chunk 0: read started 0.1 ms into the run, layer 1 reached at 15.9, waited 0.0 ms
strata ple batch phases: rows=65536 misses=0 pages=0 total_ms=5.292 call_lock_ms=0.000 lookup_ms=3.146 plan_ms=0.001 group_wait_ms=0.000 cache_insert_ms=0.000 callback_ms=2.145 reader_drain_ms=0.000
strata ple gather phases: tokens=4096 rows=65536 total_ms=5.329 raw_resize_ms=0.005 host_available_mib=12174
strata draft batch: weights=bf16 math=bf16x3 start=16384 rows=4096 batch=3840
strata prefill callback: start=16384 rows=4096 draft_path=batched draft_ms=9.332 checkpoint_ms=0.002 total_ms=9.358
strata prefill chunk: start=16384 rows=4096 main_and_wait_ms=1159.748 callback_ms=9.370 total_ms=1169.118
strata ple: chunk 4096: read started 16.0 ms into the run, layer 1 reached at 1184.9, waited 0.0 ms
strata draft batch: weights=bf16 math=bf16x3 start=20480 rows=4096 batch=3840
strata prefill callback: start=20480 rows=4096 draft_path=batched draft_ms=8.841 checkpoint_ms=0.002 total_ms=8.866
strata prefill chunk: start=20480 rows=4096 main_and_wait_ms=1160.371 callback_ms=8.874 total_ms=1169.245
strata ple: chunk 8192: read started 1184.9 ms into the run, layer 1 reached at 2343.3, waited 0.0 ms
strata prefill callback: start=24576 rows=23 draft_path=token draft_ms=0.841 checkpoint_ms=0.002 total_ms=0.884
strata prefill chunk: start=24576 rows=23 main_and_wait_ms=223.153 callback_ms=0.896 total_ms=224.048
strata prefill executed: tokens=8215 max_chunk=4096 capacity=4096 start=16384
strata serve prefill segment: start=24599 end=24605 root=0 turn=0 message=0 pin=0 reread=0
strata serve: prompt 24606 tokens = 16384 reused + 8222 read in 2808 ms (2927.8 tok/s), 1 generated in 16 ms (64.3 tok/s), drafts accepted 0 of 0, 2 checkpoints
strata serve: decode expert cache hit rate: 85.0% (403 hits / 474 lookups); 6 more read by the GPU over PCIe or from another GPU (1.2% of all 480 routed)
strata serve: resident RAM: 63.28 GiB of experts in RAM, 0 exchanged with the VRAM tier, 0 blob reads from the file
safetensors residency metrics: ram_bytes=67948118016 os_locked_bytes=0 cuda_pinned_bytes=67948118016 promotions=3401 promoted_payload_bytes=9403139216 expert_file_bytes=0 (cumulative; payload is not a physical PCIe counter)
safetensors ngram metrics: ple io: 659072 rows, 54.5% row-cache hits, 258771 SSD reads (1060.5 MB), read p50 231 us p99 17089 us, blocked 1229.235 ms total (submit 2.526 ms), cache 249627/1048576 rows, SSD kept awake by 120 reads (slowest 40.5 ms)
strata serve: expert tiers: GPU 403 hits this request; since the start RAM 237954 blobs, files 0 blobs 0.0 MB read
strata serve: prompt 24607 tokens = 24606 reused + 1 read in 0 ms (12484.4 tok/s), 1 generated in 21 ms (47.5 tok/s), drafts accepted 0 of 0, 2 checkpoints
strata serve: decode expert cache hit rate: 59.9% (266 hits / 444 lookups); 36 more read by the GPU over PCIe or from another GPU (7.5% of all 480 routed)
strata serve: resident RAM: 63.28 GiB of experts in RAM, 0 exchanged with the VRAM tier, 0 blob reads from the file
safetensors residency metrics: ram_bytes=67948118016 os_locked_bytes=0 cuda_pinned_bytes=67948118016 promotions=3401 promoted_payload_bytes=9403139216 expert_file_bytes=0 (cumulative; payload is not a physical PCIe counter)
safetensors ngram metrics: ple io: 659088 rows, 54.5% row-cache hits, 258787 SSD reads (1060.5 MB), read p50 231 us p99 17089 us, blocked 1229.235 ms total (submit 2.544 ms), cache 249643/1048576 rows, SSD kept awake by 120 reads (slowest 40.5 ms)
strata serve: expert tiers: GPU 266 hits this request; since the start RAM 238264 blobs, files 0 blobs 0.0 MB read
strata serve: prompt 24608 tokens = 24607 reused + 1 read in 0 ms (6775.1 tok/s), 1 generated in 19 ms (52.4 tok/s), drafts accepted 0 of 0, 2 checkpoints
strata serve: decode expert cache hit rate: 63.5% (283 hits / 446 lookups); 34 more read by the GPU over PCIe or from another GPU (7.1% of all 480 routed)
strata serve: resident RAM: 63.28 GiB of experts in RAM, 0 exchanged with the VRAM tier, 0 blob reads from the file
safetensors residency metrics: ram_bytes=67948118016 os_locked_bytes=0 cuda_pinned_bytes=67948118016 promotions=3497 promoted_payload_bytes=9668561552 expert_file_bytes=0 (cumulative; payload is not a physical PCIe counter)
safetensors ngram metrics: ple io: 659104 rows, 54.5% row-cache hits, 258803 SSD reads (1060.6 MB), read p50 231 us p99 17089 us, blocked 1230.200 ms total (submit 2.560 ms), cache 249659/1048576 rows, SSD kept awake by 120 reads (slowest 40.5 ms)
strata serve: expert tiers: GPU 283 hits this request; since the start RAM 238461 blobs, files 0 blobs 0.0 MB read
strata serve: prompt 24609 tokens = 24608 reused + 1 read in 0 ms (14224.8 tok/s), 1 generated in 21 ms (48.5 tok/s), drafts accepted 0 of 0, 2 checkpoints
strata serve: decode expert cache hit rate: 57.7% (252 hits / 437 lookups); 43 more read by the GPU over PCIe or from another GPU (9.0% of all 480 routed)
strata serve: resident RAM: 63.28 GiB of experts in RAM, 0 exchanged with the VRAM tier, 0 blob reads from the file
safetensors residency metrics: ram_bytes=67948118016 os_locked_bytes=0 cuda_pinned_bytes=67948118016 promotions=3497 promoted_payload_bytes=9668561552 expert_file_bytes=0 (cumulative; payload is not a physical PCIe counter)
safetensors ngram metrics: ple io: 659120 rows, 54.5% row-cache hits, 258819 SSD reads (1060.7 MB), read p50 231 us p99 17089 us, blocked 1230.201 ms total (submit 2.576 ms), cache 249675/1048576 rows, SSD kept awake by 120 reads (slowest 40.5 ms)
strata serve: expert tiers: GPU 252 hits this request; since the start RAM 238689 blobs, files 0 blobs 0.0 MB read
strata serve: prompt 24610 tokens = 24609 reused + 1 read in 0 ms (13908.2 tok/s), 1 generated in 23 ms (43.9 tok/s), drafts accepted 0 of 0, 2 checkpoints
strata serve: decode expert cache hit rate: 56.7% (247 hits / 436 lookups); 44 more read by the GPU over PCIe or from another GPU (9.2% of all 480 routed)
strata serve: resident RAM: 63.28 GiB of experts in RAM, 0 exchanged with the VRAM tier, 0 blob reads from the file
safetensors residency metrics: ram_bytes=67948118016 os_locked_bytes=0 cuda_pinned_bytes=67948118016 promotions=3497 promoted_payload_bytes=9668561552 expert_file_bytes=0 (cumulative; payload is not a physical PCIe counter)
safetensors ngram metrics: ple io: 659136 rows, 54.5% row-cache hits, 258835 SSD reads (1060.7 MB), read p50 231 us p99 17089 us, blocked 1233.015 ms total (submit 2.589 ms), cache 249691/1048576 rows, SSD kept awake by 120 reads (slowest 40.5 ms)
strata serve: expert tiers: GPU 247 hits this request; since the start RAM 238922 blobs, files 0 blobs 0.0 MB read
strata serve: prompt 24611 tokens = 24610 reused + 1 read in 0 ms (13157.9 tok/s), 1 generated in 28 ms (35.5 tok/s), drafts accepted 0 of 0, 2 checkpoints
strata serve: decode expert cache hit rate: 50.0% (216 hits / 432 lookups); 48 more read by the GPU over PCIe or from another GPU (10.0% of all 480 routed)
strata serve: resident RAM: 63.28 GiB of experts in RAM, 0 exchanged with the VRAM tier, 0 blob reads from the file
safetensors residency metrics: ram_bytes=67948118016 os_locked_bytes=0 cuda_pinned_bytes=67948118016 promotions=3497 promoted_payload_bytes=9668561552 expert_file_bytes=0 (cumulative; payload is not a physical PCIe counter)
safetensors ngram metrics: ple io: 659152 rows, 54.5% row-cache hits, 258851 SSD reads (1060.8 MB), read p50 231 us p99 17089 us, blocked 1239.473 ms total (submit 2.604 ms), cache 249706/1048576 rows, SSD kept awake by 120 reads (slowest 40.5 ms)
strata serve: expert tiers: GPU 216 hits this request; since the start RAM 239282 blobs, files 0 blobs 0.0 MB read
strata serve: prompt 24612 tokens = 24611 reused + 1 read in 0 ms (5665.7 tok/s), 1 generated in 17 ms (58.2 tok/s), drafts accepted 0 of 0, 2 checkpoints
strata serve: decode expert cache hit rate: 73.2% (334 hits / 456 lookups); 24 more read by the GPU over PCIe or from another GPU (5.0% of all 480 routed)
strata serve: resident RAM: 63.28 GiB of experts in RAM, 0 exchanged with the VRAM tier, 0 blob reads from the file
safetensors residency metrics: ram_bytes=67948118016 os_locked_bytes=0 cuda_pinned_bytes=67948118016 promotions=3593 promoted_payload_bytes=9933983888 expert_file_bytes=0 (cumulative; payload is not a physical PCIe counter)
safetensors ngram metrics: ple io: 659168 rows, 54.4% row-cache hits, 258867 SSD reads (1060.9 MB), read p50 231 us p99 17089 us, blocked 1239.476 ms total (submit 2.622 ms), cache 249722/1048576 rows, SSD kept awake by 120 reads (slowest 40.5 ms)
strata serve: expert tiers: GPU 334 hits this request; since the start RAM 239428 blobs, files 0 blobs 0.0 MB read
strata serve: prompt 24613 tokens = 24612 reused + 1 read in 0 ms (13966.5 tok/s), 1 generated in 20 ms (51.0 tok/s), drafts accepted 0 of 0, 2 checkpoints
strata serve: decode expert cache hit rate: 58.2% (256 hits / 440 lookups); 40 more read by the GPU over PCIe or from another GPU (8.3% of all 480 routed)
strata serve: resident RAM: 63.28 GiB of experts in RAM, 0 exchanged with the VRAM tier, 0 blob reads from the file
safetensors residency metrics: ram_bytes=67948118016 os_locked_bytes=0 cuda_pinned_bytes=67948118016 promotions=3593 promoted_payload_bytes=9933983888 expert_file_bytes=0 (cumulative; payload is not a physical PCIe counter)
safetensors ngram metrics: ple io: 659184 rows, 54.4% row-cache hits, 258883 SSD reads (1060.9 MB), read p50 231 us p99 17089 us, blocked 1239.477 ms total (submit 2.636 ms), cache 249738/1048576 rows, SSD kept awake by 120 reads (slowest 40.5 ms)
strata serve: expert tiers: GPU 256 hits this request; since the start RAM 239652 blobs, files 0 blobs 0.0 MB read
strata serve: prompt 24614 tokens = 24613 reused + 1 read in 0 ms (14265.3 tok/s), 1 generated in 21 ms (46.9 tok/s), drafts accepted 0 of 0, 2 checkpoints
strata serve: decode expert cache hit rate: 69.4% (318 hits / 458 lookups); 22 more read by the GPU over PCIe or from another GPU (4.6% of all 480 routed)
strata serve: resident RAM: 63.28 GiB of experts in RAM, 0 exchanged with the VRAM tier, 0 blob reads from the file
safetensors residency metrics: ram_bytes=67948118016 os_locked_bytes=0 cuda_pinned_bytes=67948118016 promotions=3593 promoted_payload_bytes=9933983888 expert_file_bytes=0 (cumulative; payload is not a physical PCIe counter)
safetensors ngram metrics: ple io: 659200 rows, 54.4% row-cache hits, 258891 SSD reads (1061.0 MB), read p50 231 us p99 17089 us, blocked 1243.364 ms total (submit 2.651 ms), cache 249746/1048576 rows, SSD kept awake by 120 reads (slowest 40.5 ms)
strata serve: expert tiers: GPU 318 hits this request; since the start RAM 239814 blobs, files 0 blobs 0.0 MB read
strata serve: prompt 24615 tokens = 24614 reused + 1 read in 0 ms (13054.8 tok/s), 1 generated in 20 ms (51.1 tok/s), drafts accepted 0 of 0, 2 checkpoints
strata serve: decode expert cache hit rate: 63.3% (281 hits / 444 lookups); 36 more read by the GPU over PCIe or from another GPU (7.5% of all 480 routed)
strata serve: resident RAM: 63.28 GiB of experts in RAM, 0 exchanged with the VRAM tier, 0 blob reads from the file
safetensors residency metrics: ram_bytes=67948118016 os_locked_bytes=0 cuda_pinned_bytes=67948118016 promotions=3593 promoted_payload_bytes=9933983888 expert_file_bytes=0 (cumulative; payload is not a physical PCIe counter)
safetensors ngram metrics: ple io: 659216 rows, 54.4% row-cache hits, 258899 SSD reads (1061.0 MB), read p50 231 us p99 17089 us, blocked 1243.364 ms total (submit 2.664 ms), cache 249754/1048576 rows, SSD kept awake by 120 reads (slowest 40.5 ms)
strata serve: expert tiers: GPU 281 hits this request; since the start RAM 240109 blobs, files 0 blobs 0.0 MB read
strata serve: prompt 24616 tokens = 24615 reused + 1 read in 0 ms (6557.4 tok/s), 1 generated in 26 ms (39.2 tok/s), drafts accepted 0 of 0, 2 checkpoints
strata serve: decode expert cache hit rate: 77.9% (364 hits / 467 lookups); 13 more read by the GPU over PCIe or from another GPU (2.7% of all 480 routed)
strata serve: resident RAM: 63.28 GiB of experts in RAM, 0 exchanged with the VRAM tier, 0 blob reads from the file
safetensors residency metrics: ram_bytes=67948118016 os_locked_bytes=0 cuda_pinned_bytes=67948118016 promotions=3689 promoted_payload_bytes=10199406224 expert_file_bytes=0 (cumulative; payload is not a physical PCIe counter)
safetensors ngram metrics: ple io: 659232 rows, 54.4% row-cache hits, 258915 SSD reads (1061.1 MB), read p50 232 us p99 17089 us, blocked 1249.154 ms total (submit 2.677 ms), cache 249770/1048576 rows, SSD kept awake by 120 reads (slowest 40.5 ms)
strata serve: expert tiers: GPU 364 hits this request; since the start RAM 240225 blobs, files 0 blobs 0.0 MB read
strata serve: prompt 24617 tokens = 24616 reused + 1 read in 0 ms (14285.7 tok/s), 1 generated in 21 ms (46.6 tok/s), drafts accepted 0 of 0, 2 checkpoints
strata serve: decode expert cache hit rate: 65.3% (295 hits / 452 lookups); 28 more read by the GPU over PCIe or from another GPU (5.8% of all 480 routed)
strata serve: resident RAM: 63.28 GiB of experts in RAM, 0 exchanged with the VRAM tier, 0 blob reads from the file
safetensors residency metrics: ram_bytes=67948118016 os_locked_bytes=0 cuda_pinned_bytes=67948118016 promotions=3689 promoted_payload_bytes=10199406224 expert_file_bytes=0 (cumulative; payload is not a physical PCIe counter)
safetensors ngram metrics: ple io: 659248 rows, 54.4% row-cache hits, 258931 SSD reads (1061.1 MB), read p50 232 us p99 17089 us, blocked 1252.765 ms total (submit 2.691 ms), cache 249786/1048576 rows, SSD kept awake by 120 reads (slowest 40.5 ms)
strata serve: expert tiers: GPU 295 hits this request; since the start RAM 240410 blobs, files 0 blobs 0.0 MB read
strata serve: prompt 24618 tokens = 24617 reused + 1 read in 0 ms (13297.9 tok/s), 1 generated in 26 ms (38.9 tok/s), drafts accepted 0 of 0, 2 checkpoints
strata serve: decode expert cache hit rate: 67.6% (309 hits / 457 lookups); 23 more read by the GPU over PCIe or from another GPU (4.8% of all 480 routed)
strata serve: resident RAM: 63.28 GiB of experts in RAM, 0 exchanged with the VRAM tier, 0 blob reads from the file
safetensors residency metrics: ram_bytes=67948118016 os_locked_bytes=0 cuda_pinned_bytes=67948118016 promotions=3689 promoted_payload_bytes=10199406224 expert_file_bytes=0 (cumulative; payload is not a physical PCIe counter)
safetensors ngram metrics: ple io: 659264 rows, 54.4% row-cache hits, 258939 SSD reads (1061.2 MB), read p50 232 us p99 17089 us, blocked 1260.352 ms total (submit 2.704 ms), cache 249794/1048576 rows, SSD kept awake by 120 reads (slowest 40.5 ms)
strata serve: expert tiers: GPU 309 hits this request; since the start RAM 240581 blobs, files 0 blobs 0.0 MB read
strata serve: prompt 24619 tokens = 24618 reused + 1 read in 0 ms (13698.6 tok/s), 1 generated in 24 ms (41.5 tok/s), drafts accepted 0 of 0, 2 checkpoints
strata serve: decode expert cache hit rate: 63.5% (284 hits / 447 lookups); 33 more read by the GPU over PCIe or from another GPU (6.9% of all 480 routed)
strata serve: resident RAM: 63.28 GiB of experts in RAM, 0 exchanged with the VRAM tier, 0 blob reads from the file
safetensors residency metrics: ram_bytes=67948118016 os_locked_bytes=0 cuda_pinned_bytes=67948118016 promotions=3689 promoted_payload_bytes=10199406224 expert_file_bytes=0 (cumulative; payload is not a physical PCIe counter)
safetensors ngram metrics: ple io: 659280 rows, 54.4% row-cache hits, 258955 SSD reads (1061.2 MB), read p50 232 us p99 17089 us, blocked 1260.352 ms total (submit 2.720 ms), cache 249810/1048576 rows, SSD kept awake by 120 reads (slowest 40.5 ms)
strata serve: expert tiers: GPU 284 hits this request; since the start RAM 240873 blobs, files 0 blobs 0.0 MB read
strata serve: prompt 24620 tokens = 24619 reused + 1 read in 0 ms (6341.2 tok/s), 1 generated in 17 ms (60.5 tok/s), drafts accepted 0 of 0, 2 checkpoints
strata serve: decode expert cache hit rate: 75.6% (351 hits / 464 lookups); 16 more read by the GPU over PCIe or from another GPU (3.3% of all 480 routed)
strata serve: resident RAM: 63.28 GiB of experts in RAM, 0 exchanged with the VRAM tier, 0 blob reads from the file
safetensors residency metrics: ram_bytes=67948118016 os_locked_bytes=0 cuda_pinned_bytes=67948118016 promotions=3785 promoted_payload_bytes=10464828560 expert_file_bytes=0 (cumulative; payload is not a physical PCIe counter)
safetensors ngram metrics: ple io: 659296 rows, 54.4% row-cache hits, 258963 SSD reads (1061.3 MB), read p50 232 us p99 17089 us, blocked 1260.353 ms total (submit 2.733 ms), cache 249818/1048576 rows, SSD kept awake by 120 reads (slowest 40.5 ms)
strata serve: expert tiers: GPU 351 hits this request; since the start RAM 241002 blobs, files 0 blobs 0.0 MB read
strata serve: prompt 24621 tokens = 24620 reused + 1 read in 0 ms (12239.9 tok/s), 1 generated in 18 ms (54.4 tok/s), drafts accepted 0 of 0, 2 checkpoints
strata serve: decode expert cache hit rate: 62.5% (282 hits / 451 lookups); 29 more read by the GPU over PCIe or from another GPU (6.0% of all 480 routed)
strata serve: resident RAM: 63.28 GiB of experts in RAM, 0 exchanged with the VRAM tier, 0 blob reads from the file
safetensors residency metrics: ram_bytes=67948118016 os_locked_bytes=0 cuda_pinned_bytes=67948118016 promotions=3785 promoted_payload_bytes=10464828560 expert_file_bytes=0 (cumulative; payload is not a physical PCIe counter)
safetensors ngram metrics: ple io: 659312 rows, 54.4% row-cache hits, 258971 SSD reads (1061.3 MB), read p50 232 us p99 17089 us, blocked 1260.353 ms total (submit 2.746 ms), cache 249826/1048576 rows, SSD kept awake by 120 reads (slowest 40.5 ms)
strata serve: expert tiers: GPU 282 hits this request; since the start RAM 241200 blobs, files 0 blobs 0.0 MB read
strata serve: prompt 24622 tokens = 24621 reused + 1 read in 0 ms (14064.7 tok/s), 1 generated in 28 ms (36.1 tok/s), drafts accepted 0 of 0, 2 checkpoints
strata serve: decode expert cache hit rate: 59.7% (262 hits / 439 lookups); 41 more read by the GPU over PCIe or from another GPU (8.5% of all 480 routed)
strata serve: resident RAM: 63.28 GiB of experts in RAM, 0 exchanged with the VRAM tier, 0 blob reads from the file
safetensors residency metrics: ram_bytes=67948118016 os_locked_bytes=0 cuda_pinned_bytes=67948118016 promotions=3785 promoted_payload_bytes=10464828560 expert_file_bytes=0 (cumulative; payload is not a physical PCIe counter)
safetensors ngram metrics: ple io: 659328 rows, 54.4% row-cache hits, 258971 SSD reads (1061.3 MB), read p50 232 us p99 17089 us, blocked 1260.353 ms total (submit 2.746 ms), cache 249826/1048576 rows, SSD kept awake by 120 reads (slowest 40.5 ms)
strata serve: expert tiers: GPU 262 hits this request; since the start RAM 241418 blobs, files 0 blobs 0.0 MB read
strata serve: prompt 24623 tokens = 24622 reused + 1 read in 0 ms (13736.3 tok/s), 1 generated in 19 ms (51.3 tok/s), drafts accepted 0 of 0, 2 checkpoints
strata serve: decode expert cache hit rate: 64.7% (291 hits / 450 lookups); 30 more read by the GPU over PCIe or from another GPU (6.2% of all 480 routed)
strata serve: resident RAM: 63.28 GiB of experts in RAM, 0 exchanged with the VRAM tier, 0 blob reads from the file
safetensors residency metrics: ram_bytes=67948118016 os_locked_bytes=0 cuda_pinned_bytes=67948118016 promotions=3785 promoted_payload_bytes=10464828560 expert_file_bytes=0 (cumulative; payload is not a physical PCIe counter)
safetensors ngram metrics: ple io: 659344 rows, 54.4% row-cache hits, 258987 SSD reads (1061.4 MB), read p50 231 us p99 17089 us, blocked 1260.354 ms total (submit 2.760 ms), cache 249842/1048576 rows, SSD kept awake by 120 reads (slowest 40.5 ms)
strata serve: expert tiers: GPU 291 hits this request; since the start RAM 241703 blobs, files 0 blobs 0.0 MB read
strata serve: prompt 24624 tokens = 24623 reused + 1 read in 0 ms (6309.1 tok/s), 1 generated in 18 ms (55.7 tok/s), drafts accepted 0 of 0, 2 checkpoints
strata serve: decode expert cache hit rate: 70.8% (322 hits / 455 lookups); 25 more read by the GPU over PCIe or from another GPU (5.2% of all 480 routed)
strata serve: resident RAM: 63.28 GiB of experts in RAM, 0 exchanged with the VRAM tier, 0 blob reads from the file
safetensors residency metrics: ram_bytes=67948118016 os_locked_bytes=0 cuda_pinned_bytes=67948118016 promotions=3881 promoted_payload_bytes=10730250896 expert_file_bytes=0 (cumulative; payload is not a physical PCIe counter)
safetensors ngram metrics: ple io: 659360 rows, 54.4% row-cache hits, 259003 SSD reads (1061.4 MB), read p50 231 us p99 17089 us, blocked 1260.354 ms total (submit 2.772 ms), cache 249858/1048576 rows, SSD kept awake by 120 reads (slowest 40.5 ms)
strata serve: expert tiers: GPU 322 hits this request; since the start RAM 241861 blobs, files 0 blobs 0.0 MB read
strata serve: prompt 24625 tokens = 24624 reused + 1 read in 0 ms (13404.8 tok/s), 1 generated in 21 ms (48.5 tok/s), drafts accepted 0 of 0, 2 checkpoints
strata serve: decode expert cache hit rate: 73.8% (338 hits / 458 lookups); 22 more read by the GPU over PCIe or from another GPU (4.6% of all 480 routed)
strata serve: resident RAM: 63.28 GiB of experts in RAM, 0 exchanged with the VRAM tier, 0 blob reads from the file
safetensors residency metrics: ram_bytes=67948118016 os_locked_bytes=0 cuda_pinned_bytes=67948118016 promotions=3881 promoted_payload_bytes=10730250896 expert_file_bytes=0 (cumulative; payload is not a physical PCIe counter)
safetensors ngram metrics: ple io: 659376 rows, 54.4% row-cache hits, 259019 SSD reads (1061.5 MB), read p50 231 us p99 17089 us, blocked 1263.769 ms total (submit 2.792 ms), cache 249874/1048576 rows, SSD kept awake by 120 reads (slowest 40.5 ms)
strata serve: expert tiers: GPU 338 hits this request; since the start RAM 242003 blobs, files 0 blobs 0.0 MB read
strata serve: prompt 24626 tokens = 24625 reused + 1 read in 0 ms (14534.9 tok/s), 1 generated in 22 ms (46.0 tok/s), drafts accepted 0 of 0, 2 checkpoints
strata serve: decode expert cache hit rate: 68.7% (314 hits / 457 lookups); 23 more read by the GPU over PCIe or from another GPU (4.8% of all 480 routed)
strata serve: resident RAM: 63.28 GiB of experts in RAM, 0 exchanged with the VRAM tier, 0 blob reads from the file
safetensors residency metrics: ram_bytes=67948118016 os_locked_bytes=0 cuda_pinned_bytes=67948118016 promotions=3881 promoted_payload_bytes=10730250896 expert_file_bytes=0 (cumulative; payload is not a physical PCIe counter)
safetensors ngram metrics: ple io: 659392 rows, 54.4% row-cache hits, 259027 SSD reads (1061.5 MB), read p50 231 us p99 17089 us, blocked 1263.769 ms total (submit 2.803 ms), cache 249882/1048576 rows, SSD kept awake by 120 reads (slowest 40.5 ms)
strata serve: expert tiers: GPU 314 hits this request; since the start RAM 242169 blobs, files 0 blobs 0.0 MB read
strata serve: prompt 24627 tokens = 24626 reused + 1 read in 0 ms (14044.9 tok/s), 1 generated in 20 ms (49.9 tok/s), drafts accepted 0 of 0, 2 checkpoints
strata serve: decode expert cache hit rate: 70.4% (319 hits / 453 lookups); 27 more read by the GPU over PCIe or from another GPU (5.6% of all 480 routed)
strata serve: resident RAM: 63.28 GiB of experts in RAM, 0 exchanged with the VRAM tier, 0 blob reads from the file
safetensors residency metrics: ram_bytes=67948118016 os_locked_bytes=0 cuda_pinned_bytes=67948118016 promotions=3881 promoted_payload_bytes=10730250896 expert_file_bytes=0 (cumulative; payload is not a physical PCIe counter)
safetensors ngram metrics: ple io: 659408 rows, 54.4% row-cache hits, 259035 SSD reads (1061.6 MB), read p50 231 us p99 17089 us, blocked 1265.241 ms total (submit 2.816 ms), cache 249890/1048576 rows, SSD kept awake by 120 reads (slowest 40.5 ms)
strata serve: expert tiers: GPU 319 hits this request; since the start RAM 242426 blobs, files 0 blobs 0.0 MB read
strata serve: prompt 24628 tokens = 24627 reused + 1 read in 0 ms (6472.5 tok/s), 1 generated in 25 ms (40.7 tok/s), drafts accepted 0 of 0, 2 checkpoints
strata serve: decode expert cache hit rate: 69.9% (318 hits / 455 lookups); 25 more read by the GPU over PCIe or from another GPU (5.2% of all 480 routed)
strata serve: resident RAM: 63.28 GiB of experts in RAM, 0 exchanged with the VRAM tier, 0 blob reads from the file
safetensors residency metrics: ram_bytes=67948118016 os_locked_bytes=0 cuda_pinned_bytes=67948118016 promotions=3977 promoted_payload_bytes=10995673232 expert_file_bytes=0 (cumulative; payload is not a physical PCIe counter)
safetensors ngram metrics: ple io: 659424 rows, 54.4% row-cache hits, 259051 SSD reads (1061.6 MB), read p50 232 us p99 17089 us, blocked 1270.175 ms total (submit 2.833 ms), cache 249906/1048576 rows, SSD kept awake by 120 reads (slowest 40.5 ms)
strata serve: expert tiers: GPU 318 hits this request; since the start RAM 242588 blobs, files 0 blobs 0.0 MB read
strata serve: prompt 24629 tokens = 24628 reused + 1 read in 0 ms (14367.8 tok/s), 1 generated in 21 ms (47.9 tok/s), drafts accepted 0 of 0, 2 checkpoints
strata serve: decode expert cache hit rate: 70.9% (326 hits / 460 lookups); 20 more read by the GPU over PCIe or from another GPU (4.2% of all 480 routed)
strata serve: resident RAM: 63.28 GiB of experts in RAM, 0 exchanged with the VRAM tier, 0 blob reads from the file
safetensors residency metrics: ram_bytes=67948118016 os_locked_bytes=0 cuda_pinned_bytes=67948118016 promotions=3977 promoted_payload_bytes=10995673232 expert_file_bytes=0 (cumulative; payload is not a physical PCIe counter)
safetensors ngram metrics: ple io: 659440 rows, 54.4% row-cache hits, 259067 SSD reads (1061.7 MB), read p50 232 us p99 17089 us, blocked 1273.972 ms total (submit 2.849 ms), cache 249922/1048576 rows, SSD kept awake by 120 reads (slowest 40.5 ms)
strata serve: expert tiers: GPU 326 hits this request; since the start RAM 242742 blobs, files 0 blobs 0.0 MB read
strata serve: prompt 24630 tokens = 24629 reused + 1 read in 0 ms (14492.8 tok/s), 1 generated in 19 ms (51.6 tok/s), drafts accepted 0 of 0, 2 checkpoints
strata serve: decode expert cache hit rate: 66.9% (303 hits / 453 lookups); 27 more read by the GPU over PCIe or from another GPU (5.6% of all 480 routed)
strata serve: resident RAM: 63.28 GiB of experts in RAM, 0 exchanged with the VRAM tier, 0 blob reads from the file
safetensors residency metrics: ram_bytes=67948118016 os_locked_bytes=0 cuda_pinned_bytes=67948118016 promotions=3977 promoted_payload_bytes=10995673232 expert_file_bytes=0 (cumulative; payload is not a physical PCIe counter)
safetensors ngram metrics: ple io: 659456 rows, 54.4% row-cache hits, 259083 SSD reads (1061.8 MB), read p50 232 us p99 17089 us, blocked 1275.712 ms total (submit 2.867 ms), cache 249938/1048576 rows, SSD kept awake by 120 reads (slowest 40.5 ms)
strata serve: expert tiers: GPU 303 hits this request; since the start RAM 242919 blobs, files 0 blobs 0.0 MB read
strata serve: prompt 24631 tokens = 24630 reused + 1 read in 0 ms (11037.5 tok/s), 1 generated in 19 ms (51.4 tok/s), drafts accepted 0 of 0, 2 checkpoints
strata serve: decode expert cache hit rate: 69.7% (319 hits / 458 lookups); 22 more read by the GPU over PCIe or from another GPU (4.6% of all 480 routed)
strata serve: resident RAM: 63.28 GiB of experts in RAM, 0 exchanged with the VRAM tier, 0 blob reads from the file
safetensors residency metrics: ram_bytes=67948118016 os_locked_bytes=0 cuda_pinned_bytes=67948118016 promotions=3977 promoted_payload_bytes=10995673232 expert_file_bytes=0 (cumulative; payload is not a physical PCIe counter)
safetensors ngram metrics: ple io: 659472 rows, 54.4% row-cache hits, 259099 SSD reads (1061.8 MB), read p50 232 us p99 17089 us, blocked 1276.873 ms total (submit 2.884 ms), cache 249954/1048576 rows, SSD kept awake by 120 reads (slowest 40.5 ms)
strata serve: expert tiers: GPU 319 hits this request; since the start RAM 243176 blobs, files 0 blobs 0.0 MB read
strata serve: prompt 24632 tokens = 24631 reused + 1 read in 0 ms (6289.3 tok/s), 1 generated in 16 ms (63.1 tok/s), drafts accepted 0 of 0, 2 checkpoints
strata serve: decode expert cache hit rate: 79.0% (369 hits / 467 lookups); 13 more read by the GPU over PCIe or from another GPU (2.7% of all 480 routed)
strata serve: resident RAM: 63.28 GiB of experts in RAM, 0 exchanged with the VRAM tier, 0 blob reads from the file
safetensors residency metrics: ram_bytes=67948118016 os_locked_bytes=0 cuda_pinned_bytes=67948118016 promotions=4073 promoted_payload_bytes=11261095568 expert_file_bytes=0 (cumulative; payload is not a physical PCIe counter)
safetensors ngram metrics: ple io: 659488 rows, 54.4% row-cache hits, 259115 SSD reads (1061.9 MB), read p50 232 us p99 17089 us, blocked 1276.873 ms total (submit 2.899 ms), cache 249970/1048576 rows, SSD kept awake by 120 reads (slowest 40.5 ms)
strata serve: expert tiers: GPU 369 hits this request; since the start RAM 243287 blobs, files 0 blobs 0.0 MB read
strata serve: prompt 24633 tokens = 24632 reused + 1 read in 0 ms (14285.7 tok/s), 1 generated in 17 ms (60.0 tok/s), drafts accepted 0 of 0, 2 checkpoints
strata serve: decode expert cache hit rate: 74.5% (342 hits / 459 lookups); 21 more read by the GPU over PCIe or from another GPU (4.4% of all 480 routed)
strata serve: resident RAM: 63.28 GiB of experts in RAM, 0 exchanged with the VRAM tier, 0 blob reads from the file
safetensors residency metrics: ram_bytes=67948118016 os_locked_bytes=0 cuda_pinned_bytes=67948118016 promotions=4073 promoted_payload_bytes=11261095568 expert_file_bytes=0 (cumulative; payload is not a physical PCIe counter)
safetensors ngram metrics: ple io: 659504 rows, 54.4% row-cache hits, 259123 SSD reads (1061.9 MB), read p50 232 us p99 17089 us, blocked 1276.874 ms total (submit 2.913 ms), cache 249978/1048576 rows, SSD kept awake by 120 reads (slowest 40.5 ms)
strata serve: expert tiers: GPU 342 hits this request; since the start RAM 243425 blobs, files 0 blobs 0.0 MB read
strata serve: prompt 24634 tokens = 24633 reused + 1 read in 0 ms (13661.2 tok/s), 1 generated in 17 ms (58.8 tok/s), drafts accepted 0 of 0, 2 checkpoints
strata serve: decode expert cache hit rate: 71.3% (326 hits / 457 lookups); 23 more read by the GPU over PCIe or from another GPU (4.8% of all 480 routed)
strata serve: resident RAM: 63.28 GiB of experts in RAM, 0 exchanged with the VRAM tier, 0 blob reads from the file
safetensors residency metrics: ram_bytes=67948118016 os_locked_bytes=0 cuda_pinned_bytes=67948118016 promotions=4073 promoted_payload_bytes=11261095568 expert_file_bytes=0 (cumulative; payload is not a physical PCIe counter)
safetensors ngram metrics: ple io: 659520 rows, 54.4% row-cache hits, 259131 SSD reads (1062.0 MB), read p50 232 us p99 17089 us, blocked 1276.875 ms total (submit 2.929 ms), cache 249986/1048576 rows, SSD kept awake by 120 reads (slowest 40.5 ms)
strata serve: expert tiers: GPU 326 hits this request; since the start RAM 243579 blobs, files 0 blobs 0.0 MB read
strata serve: prompt 24635 tokens = 24634 reused + 1 read in 0 ms (13624.0 tok/s), 1 generated in 21 ms (46.8 tok/s), drafts accepted 0 of 0, 2 checkpoints
strata serve: decode expert cache hit rate: 81.8% (383 hits / 468 lookups); 12 more read by the GPU over PCIe or from another GPU (2.5% of all 480 routed)
strata serve: resident RAM: 63.28 GiB of experts in RAM, 0 exchanged with the VRAM tier, 0 blob reads from the file
safetensors residency metrics: ram_bytes=67948118016 os_locked_bytes=0 cuda_pinned_bytes=67948118016 promotions=4073 promoted_payload_bytes=11261095568 expert_file_bytes=0 (cumulative; payload is not a physical PCIe counter)
safetensors ngram metrics: ple io: 659536 rows, 54.4% row-cache hits, 259147 SSD reads (1062.0 MB), read p50 232 us p99 17089 us, blocked 1281.544 ms total (submit 2.946 ms), cache 250002/1048576 rows, SSD kept awake by 120 reads (slowest 40.5 ms)
strata serve: expert tiers: GPU 383 hits this request; since the start RAM 243772 blobs, files 0 blobs 0.0 MB read
strata serve: prompt 24636 tokens = 24635 reused + 1 read in 0 ms (6600.7 tok/s), 1 generated in 18 ms (55.1 tok/s), drafts accepted 0 of 0, 2 checkpoints
strata serve: decode expert cache hit rate: 70.2% (321 hits / 457 lookups); 23 more read by the GPU over PCIe or from another GPU (4.8% of all 480 routed)
strata serve: resident RAM: 63.28 GiB of experts in RAM, 0 exchanged with the VRAM tier, 0 blob reads from the file
safetensors residency metrics: ram_bytes=67948118016 os_locked_bytes=0 cuda_pinned_bytes=67948118016 promotions=4169 promoted_payload_bytes=11526517904 expert_file_bytes=0 (cumulative; payload is not a physical PCIe counter)
safetensors ngram metrics: ple io: 659552 rows, 54.4% row-cache hits, 259163 SSD reads (1062.1 MB), read p50 232 us p99 17089 us, blocked 1282.670 ms total (submit 2.962 ms), cache 250018/1048576 rows, SSD kept awake by 120 reads (slowest 40.5 ms)
strata serve: expert tiers: GPU 321 hits this request; since the start RAM 243931 blobs, files 0 blobs 0.0 MB read
strata serve: prompt 24637 tokens = 24636 reused + 1 read in 0 ms (13698.6 tok/s), 1 generated in 18 ms (55.4 tok/s), drafts accepted 0 of 0, 2 checkpoints
strata serve: decode expert cache hit rate: 62.2% (280 hits / 450 lookups); 30 more read by the GPU over PCIe or from another GPU (6.2% of all 480 routed)
strata serve: resident RAM: 63.28 GiB of experts in RAM, 0 exchanged with the VRAM tier, 0 blob reads from the file
safetensors residency metrics: ram_bytes=67948118016 os_locked_bytes=0 cuda_pinned_bytes=67948118016 promotions=4169 promoted_payload_bytes=11526517904 expert_file_bytes=0 (cumulative; payload is not a physical PCIe counter)
safetensors ngram metrics: ple io: 659568 rows, 54.4% row-cache hits, 259179 SSD reads (1062.2 MB), read p50 232 us p99 17089 us, blocked 1282.670 ms total (submit 2.980 ms), cache 250034/1048576 rows, SSD kept awake by 120 reads (slowest 40.5 ms)
strata serve: expert tiers: GPU 280 hits this request; since the start RAM 244131 blobs, files 0 blobs 0.0 MB read
strata serve: prompt 24638 tokens = 24637 reused + 1 read in 0 ms (13661.2 tok/s), 1 generated in 18 ms (56.5 tok/s), drafts accepted 0 of 0, 2 checkpoints
strata serve: decode expert cache hit rate: 74.7% (345 hits / 462 lookups); 18 more read by the GPU over PCIe or from another GPU (3.8% of all 480 routed)
strata serve: resident RAM: 63.28 GiB of experts in RAM, 0 exchanged with the VRAM tier, 0 blob reads from the file
safetensors residency metrics: ram_bytes=67948118016 os_locked_bytes=0 cuda_pinned_bytes=67948118016 promotions=4169 promoted_payload_bytes=11526517904 expert_file_bytes=0 (cumulative; payload is not a physical PCIe counter)
safetensors ngram metrics: ple io: 659584 rows, 54.4% row-cache hits, 259195 SSD reads (1062.2 MB), read p50 232 us p99 17089 us, blocked 1283.756 ms total (submit 2.995 ms), cache 250050/1048576 rows, SSD kept awake by 120 reads (slowest 40.5 ms)
strata serve: expert tiers: GPU 345 hits this request; since the start RAM 244266 blobs, files 0 blobs 0.0 MB read
strata serve: prompt 24639 tokens = 24638 reused + 1 read in 0 ms (13587.0 tok/s), 1 generated in 19 ms (51.6 tok/s), drafts accepted 0 of 0, 2 checkpoints
strata serve: decode expert cache hit rate: 65.0% (294 hits / 452 lookups); 28 more read by the GPU over PCIe or from another GPU (5.8% of all 480 routed)
strata serve: resident RAM: 63.28 GiB of experts in RAM, 0 exchanged with the VRAM tier, 0 blob reads from the file
safetensors residency metrics: ram_bytes=67948118016 os_locked_bytes=0 cuda_pinned_bytes=67948118016 promotions=4169 promoted_payload_bytes=11526517904 expert_file_bytes=0 (cumulative; payload is not a physical PCIe counter)
safetensors ngram metrics: ple io: 659600 rows, 54.4% row-cache hits, 259211 SSD reads (1062.3 MB), read p50 232 us p99 17089 us, blocked 1284.073 ms total (submit 3.010 ms), cache 250066/1048576 rows, SSD kept awake by 120 reads (slowest 40.5 ms)
strata serve: expert tiers: GPU 294 hits this request; since the start RAM 244548 blobs, files 0 blobs 0.0 MB read
strata serve: prompt 24640 tokens = 24639 reused + 1 read in 0 ms (6341.2 tok/s), 1 generated in 17 ms (59.0 tok/s), drafts accepted 0 of 0, 2 checkpoints
strata serve: decode expert cache hit rate: 74.5% (348 hits / 467 lookups); 13 more read by the GPU over PCIe or from another GPU (2.7% of all 480 routed)
strata serve: resident RAM: 63.28 GiB of experts in RAM, 0 exchanged with the VRAM tier, 0 blob reads from the file
safetensors residency metrics: ram_bytes=67948118016 os_locked_bytes=0 cuda_pinned_bytes=67948118016 promotions=4265 promoted_payload_bytes=11791940240 expert_file_bytes=0 (cumulative; payload is not a physical PCIe counter)
safetensors ngram metrics: ple io: 659616 rows, 54.4% row-cache hits, 259227 SSD reads (1062.4 MB), read p50 232 us p99 17089 us, blocked 1284.073 ms total (submit 3.027 ms), cache 250082/1048576 rows, SSD kept awake by 120 reads (slowest 40.5 ms)
strata serve: expert tiers: GPU 348 hits this request; since the start RAM 244680 blobs, files 0 blobs 0.0 MB read
strata serve: prompt 24641 tokens = 24640 reused + 1 read in 0 ms (12919.9 tok/s), 1 generated in 17 ms (57.7 tok/s), drafts accepted 0 of 0, 2 checkpoints
strata serve: decode expert cache hit rate: 72.1% (331 hits / 459 lookups); 21 more read by the GPU over PCIe or from another GPU (4.4% of all 480 routed)
strata serve: resident RAM: 63.28 GiB of experts in RAM, 0 exchanged with the VRAM tier, 0 blob reads from the file
safetensors residency metrics: ram_bytes=67948118016 os_locked_bytes=0 cuda_pinned_bytes=67948118016 promotions=4265 promoted_payload_bytes=11791940240 expert_file_bytes=0 (cumulative; payload is not a physical PCIe counter)
safetensors ngram metrics: ple io: 659632 rows, 54.4% row-cache hits, 259243 SSD reads (1062.4 MB), read p50 232 us p99 17089 us, blocked 1284.074 ms total (submit 3.044 ms), cache 250098/1048576 rows, SSD kept awake by 120 reads (slowest 40.5 ms)
strata serve: expert tiers: GPU 331 hits this request; since the start RAM 244829 blobs, files 0 blobs 0.0 MB read
strata serve: prompt 24642 tokens = 24641 reused + 1 read in 0 ms (14577.3 tok/s), 1 generated in 18 ms (56.4 tok/s), drafts accepted 0 of 0, 2 checkpoints
strata serve: decode expert cache hit rate: 65.1% (293 hits / 450 lookups); 30 more read by the GPU over PCIe or from another GPU (6.2% of all 480 routed)
strata serve: resident RAM: 63.28 GiB of experts in RAM, 0 exchanged with the VRAM tier, 0 blob reads from the file
safetensors residency metrics: ram_bytes=67948118016 os_locked_bytes=0 cuda_pinned_bytes=67948118016 promotions=4265 promoted_payload_bytes=11791940240 expert_file_bytes=0 (cumulative; payload is not a physical PCIe counter)
safetensors ngram metrics: ple io: 659648 rows, 54.4% row-cache hits, 259259 SSD reads (1062.5 MB), read p50 232 us p99 17089 us, blocked 1284.074 ms total (submit 3.060 ms), cache 250114/1048576 rows, SSD kept awake by 120 reads (slowest 40.5 ms)
strata serve: expert tiers: GPU 293 hits this request; since the start RAM 245016 blobs, files 0 blobs 0.0 MB read
strata serve: prompt 24643 tokens = 24642 reused + 1 read in 0 ms (14064.7 tok/s), 1 generated in 17 ms (58.4 tok/s), drafts accepted 0 of 0, 2 checkpoints
strata serve: decode expert cache hit rate: 78.0% (361 hits / 463 lookups); 17 more read by the GPU over PCIe or from another GPU (3.5% of all 480 routed)
strata serve: resident RAM: 63.28 GiB of experts in RAM, 0 exchanged with the VRAM tier, 0 blob reads from the file
safetensors residency metrics: ram_bytes=67948118016 os_locked_bytes=0 cuda_pinned_bytes=67948118016 promotions=4265 promoted_payload_bytes=11791940240 expert_file_bytes=0 (cumulative; payload is not a physical PCIe counter)
safetensors ngram metrics: ple io: 659664 rows, 54.4% row-cache hits, 259275 SSD reads (1062.6 MB), read p50 232 us p99 17089 us, blocked 1284.075 ms total (submit 3.075 ms), cache 250130/1048576 rows, SSD kept awake by 120 reads (slowest 40.5 ms)
strata serve: expert tiers: GPU 361 hits this request; since the start RAM 245231 blobs, files 0 blobs 0.0 MB read
strata serve: prompt 24644 tokens = 24643 reused + 1 read in 0 ms (6574.6 tok/s), 1 generated in 19 ms (53.4 tok/s), drafts accepted 0 of 0, 2 checkpoints
strata serve: decode expert cache hit rate: 73.5% (339 hits / 461 lookups); 19 more read by the GPU over PCIe or from another GPU (4.0% of all 480 routed)
strata serve: resident RAM: 63.28 GiB of experts in RAM, 0 exchanged with the VRAM tier, 0 blob reads from the file
safetensors residency metrics: ram_bytes=67948118016 os_locked_bytes=0 cuda_pinned_bytes=67948118016 promotions=4361 promoted_payload_bytes=12057362576 expert_file_bytes=0 (cumulative; payload is not a physical PCIe counter)
safetensors ngram metrics: ple io: 659680 rows, 54.4% row-cache hits, 259283 SSD reads (1062.6 MB), read p50 232 us p99 17089 us, blocked 1286.314 ms total (submit 3.088 ms), cache 250138/1048576 rows, SSD kept awake by 120 reads (slowest 40.5 ms)
strata serve: expert tiers: GPU 339 hits this request; since the start RAM 245372 blobs, files 0 blobs 0.0 MB read
strata serve: prompt 24645 tokens = 24644 reused + 1 read in 0 ms (13531.8 tok/s), 1 generated in 16 ms (61.8 tok/s), drafts accepted 0 of 0, 2 checkpoints
strata serve: decode expert cache hit rate: 74.5% (347 hits / 466 lookups); 14 more read by the GPU over PCIe or from another GPU (2.9% of all 480 routed)
strata serve: resident RAM: 63.28 GiB of experts in RAM, 0 exchanged with the VRAM tier, 0 blob reads from the file
safetensors residency metrics: ram_bytes=67948118016 os_locked_bytes=0 cuda_pinned_bytes=67948118016 promotions=4361 promoted_payload_bytes=12057362576 expert_file_bytes=0 (cumulative; payload is not a physical PCIe counter)
safetensors ngram metrics: ple io: 659696 rows, 54.4% row-cache hits, 259291 SSD reads (1062.7 MB), read p50 232 us p99 17089 us, blocked 1286.314 ms total (submit 3.118 ms), cache 250146/1048576 rows, SSD kept awake by 120 reads (slowest 40.5 ms)
strata serve: expert tiers: GPU 347 hits this request; since the start RAM 245505 blobs, files 0 blobs 0.0 MB read
strata serve: prompt 24646 tokens = 24645 reused + 1 read in 0 ms (15060.2 tok/s), 1 generated in 16 ms (60.8 tok/s), drafts accepted 0 of 0, 2 checkpoints
strata serve: decode expert cache hit rate: 76.3% (355 hits / 465 lookups); 15 more read by the GPU over PCIe or from another GPU (3.1% of all 480 routed)
strata serve: resident RAM: 63.28 GiB of experts in RAM, 0 exchanged with the VRAM tier, 0 blob reads from the file
safetensors residency metrics: ram_bytes=67948118016 os_locked_bytes=0 cuda_pinned_bytes=67948118016 promotions=4361 promoted_payload_bytes=12057362576 expert_file_bytes=0 (cumulative; payload is not a physical PCIe counter)
safetensors ngram metrics: ple io: 659712 rows, 54.4% row-cache hits, 259299 SSD reads (1062.7 MB), read p50 232 us p99 17089 us, blocked 1286.315 ms total (submit 3.130 ms), cache 250154/1048576 rows, SSD kept awake by 120 reads (slowest 40.5 ms)
strata serve: expert tiers: GPU 355 hits this request; since the start RAM 245630 blobs, files 0 blobs 0.0 MB read
strata serve: prompt 24647 tokens = 24646 reused + 1 read in 0 ms (14347.2 tok/s), 1 generated in 20 ms (51.0 tok/s), drafts accepted 0 of 0, 2 checkpoints
strata serve: decode expert cache hit rate: 78.2% (363 hits / 464 lookups); 16 more read by the GPU over PCIe or from another GPU (3.3% of all 480 routed)
strata serve: resident RAM: 63.28 GiB of experts in RAM, 0 exchanged with the VRAM tier, 0 blob reads from the file
safetensors residency metrics: ram_bytes=67948118016 os_locked_bytes=0 cuda_pinned_bytes=67948118016 promotions=4361 promoted_payload_bytes=12057362576 expert_file_bytes=0 (cumulative; payload is not a physical PCIe counter)
safetensors ngram metrics: ple io: 659728 rows, 54.4% row-cache hits, 259315 SSD reads (1062.8 MB), read p50 232 us p99 17089 us, blocked 1286.315 ms total (submit 3.145 ms), cache 250170/1048576 rows, SSD kept awake by 120 reads (slowest 40.5 ms)
strata serve: expert tiers: GPU 363 hits this request; since the start RAM 245843 blobs, files 0 blobs 0.0 MB read
strata serve: prompt 24648 tokens = 24647 reused + 1 read in 0 ms (6635.7 tok/s), 1 generated in 16 ms (62.7 tok/s), drafts accepted 0 of 0, 2 checkpoints
strata serve: decode expert cache hit rate: 78.1% (367 hits / 470 lookups); 10 more read by the GPU over PCIe or from another GPU (2.1% of all 480 routed)
strata serve: resident RAM: 63.28 GiB of experts in RAM, 0 exchanged with the VRAM tier, 0 blob reads from the file
safetensors residency metrics: ram_bytes=67948118016 os_locked_bytes=0 cuda_pinned_bytes=67948118016 promotions=4457 promoted_payload_bytes=12322784912 expert_file_bytes=0 (cumulative; payload is not a physical PCIe counter)
safetensors ngram metrics: ple io: 659744 rows, 54.4% row-cache hits, 259331 SSD reads (1062.8 MB), read p50 232 us p99 17089 us, blocked 1286.316 ms total (submit 3.163 ms), cache 250186/1048576 rows, SSD kept awake by 120 reads (slowest 40.5 ms)
strata serve: expert tiers: GPU 367 hits this request; since the start RAM 245956 blobs, files 0 blobs 0.0 MB read
strata serve: prompt 24649 tokens = 24648 reused + 1 read in 0 ms (13986.0 tok/s), 1 generated in 16 ms (64.0 tok/s), drafts accepted 0 of 0, 2 checkpoints
strata serve: decode expert cache hit rate: 80.9% (381 hits / 471 lookups); 9 more read by the GPU over PCIe or from another GPU (1.9% of all 480 routed)
strata serve: resident RAM: 63.28 GiB of experts in RAM, 0 exchanged with the VRAM tier, 0 blob reads from the file
safetensors residency metrics: ram_bytes=67948118016 os_locked_bytes=0 cuda_pinned_bytes=67948118016 promotions=4457 promoted_payload_bytes=12322784912 expert_file_bytes=0 (cumulative; payload is not a physical PCIe counter)
safetensors ngram metrics: ple io: 659760 rows, 54.4% row-cache hits, 259347 SSD reads (1062.9 MB), read p50 232 us p99 17089 us, blocked 1286.316 ms total (submit 3.181 ms), cache 250202/1048576 rows, SSD kept awake by 120 reads (slowest 40.5 ms)
strata serve: expert tiers: GPU 381 hits this request; since the start RAM 246055 blobs, files 0 blobs 0.0 MB read
strata serve: prompt 24650 tokens = 24649 reused + 1 read in 0 ms (14903.1 tok/s), 1 generated in 16 ms (63.8 tok/s), drafts accepted 0 of 0, 2 checkpoints
strata serve: decode expert cache hit rate: 79.8% (375 hits / 470 lookups); 10 more read by the GPU over PCIe or from another GPU (2.1% of all 480 routed)
strata serve: resident RAM: 63.28 GiB of experts in RAM, 0 exchanged with the VRAM tier, 0 blob reads from the file
safetensors residency metrics: ram_bytes=67948118016 os_locked_bytes=0 cuda_pinned_bytes=67948118016 promotions=4457 promoted_payload_bytes=12322784912 expert_file_bytes=0 (cumulative; payload is not a physical PCIe counter)
safetensors ngram metrics: ple io: 659776 rows, 54.4% row-cache hits, 259363 SSD reads (1063.0 MB), read p50 232 us p99 17089 us, blocked 1286.317 ms total (submit 3.195 ms), cache 250218/1048576 rows, SSD kept awake by 120 reads (slowest 40.5 ms)
strata serve: expert tiers: GPU 375 hits this request; since the start RAM 246160 blobs, files 0 blobs 0.0 MB read
strata serve: prompt 24651 tokens = 24650 reused + 1 read in 0 ms (14164.3 tok/s), 1 generated in 17 ms (59.3 tok/s), drafts accepted 0 of 0, 2 checkpoints
strata serve: decode expert cache hit rate: 81.8% (386 hits / 472 lookups); 8 more read by the GPU over PCIe or from another GPU (1.7% of all 480 routed)
strata serve: resident RAM: 63.28 GiB of experts in RAM, 0 exchanged with the VRAM tier, 0 blob reads from the file
safetensors residency metrics: ram_bytes=67948118016 os_locked_bytes=0 cuda_pinned_bytes=67948118016 promotions=4457 promoted_payload_bytes=12322784912 expert_file_bytes=0 (cumulative; payload is not a physical PCIe counter)
safetensors ngram metrics: ple io: 659792 rows, 54.4% row-cache hits, 259379 SSD reads (1063.0 MB), read p50 232 us p99 17089 us, blocked 1286.474 ms total (submit 3.210 ms), cache 250234/1048576 rows, SSD kept awake by 120 reads (slowest 40.5 ms)
strata serve: expert tiers: GPU 386 hits this request; since the start RAM 246350 blobs, files 0 blobs 0.0 MB read
strata serve: prompt 24652 tokens = 24651 reused + 1 read in 0 ms (6835.3 tok/s), 1 generated in 23 ms (43.2 tok/s), drafts accepted 0 of 0, 2 checkpoints
strata serve: decode expert cache hit rate: 82.0% (387 hits / 472 lookups); 8 more read by the GPU over PCIe or from another GPU (1.7% of all 480 routed)
strata serve: resident RAM: 63.28 GiB of experts in RAM, 0 exchanged with the VRAM tier, 0 blob reads from the file
safetensors residency metrics: ram_bytes=67948118016 os_locked_bytes=0 cuda_pinned_bytes=67948118016 promotions=4553 promoted_payload_bytes=12588207248 expert_file_bytes=0 (cumulative; payload is not a physical PCIe counter)
safetensors ngram metrics: ple io: 659808 rows, 54.4% row-cache hits, 259395 SSD reads (1063.1 MB), read p50 232 us p99 17089 us, blocked 1294.596 ms total (submit 3.225 ms), cache 250250/1048576 rows, SSD kept awake by 120 reads (slowest 40.5 ms)
strata serve: expert tiers: GPU 387 hits this request; since the start RAM 246443 blobs, files 0 blobs 0.0 MB read
strata serve: prompt 24653 tokens = 24652 reused + 1 read in 0 ms (14556.0 tok/s), 1 generated in 16 ms (62.4 tok/s), drafts accepted 0 of 0, 2 checkpoints
strata serve: decode expert cache hit rate: 76.4% (357 hits / 467 lookups); 13 more read by the GPU over PCIe or from another GPU (2.7% of all 480 routed)
strata serve: resident RAM: 63.28 GiB of experts in RAM, 0 exchanged with the VRAM tier, 0 blob reads from the file
safetensors residency metrics: ram_bytes=67948118016 os_locked_bytes=0 cuda_pinned_bytes=67948118016 promotions=4553 promoted_payload_bytes=12588207248 expert_file_bytes=0 (cumulative; payload is not a physical PCIe counter)
safetensors ngram metrics: ple io: 659824 rows, 54.4% row-cache hits, 259411 SSD reads (1063.2 MB), read p50 232 us p99 17089 us, blocked 1294.596 ms total (submit 3.240 ms), cache 250266/1048576 rows, SSD kept awake by 120 reads (slowest 40.5 ms)
strata serve: expert tiers: GPU 357 hits this request; since the start RAM 246566 blobs, files 0 blobs 0.0 MB read
strata serve: prompt 24654 tokens = 24653 reused + 1 read in 0 ms (14858.8 tok/s), 1 generated in 19 ms (52.3 tok/s), drafts accepted 0 of 0, 2 checkpoints
strata serve: decode expert cache hit rate: 66.9% (303 hits / 453 lookups); 27 more read by the GPU over PCIe or from another GPU (5.6% of all 480 routed)
strata serve: resident RAM: 63.28 GiB of experts in RAM, 0 exchanged with the VRAM tier, 0 blob reads from the file
safetensors residency metrics: ram_bytes=67948118016 os_locked_bytes=0 cuda_pinned_bytes=67948118016 promotions=4553 promoted_payload_bytes=12588207248 expert_file_bytes=0 (cumulative; payload is not a physical PCIe counter)
safetensors ngram metrics: ple io: 659840 rows, 54.4% row-cache hits, 259419 SSD reads (1063.2 MB), read p50 232 us p99 17089 us, blocked 1294.597 ms total (submit 3.252 ms), cache 250274/1048576 rows, SSD kept awake by 120 reads (slowest 40.5 ms)
strata serve: expert tiers: GPU 303 hits this request; since the start RAM 246743 blobs, files 0 blobs 0.0 MB read
strata serve: prompt 24655 tokens = 24654 reused + 1 read in 0 ms (13661.2 tok/s), 1 generated in 18 ms (56.5 tok/s), drafts accepted 0 of 0, 2 checkpoints
strata serve: decode expert cache hit rate: 76.4% (349 hits / 457 lookups); 23 more read by the GPU over PCIe or from another GPU (4.8% of all 480 routed)
strata serve: resident RAM: 63.28 GiB of experts in RAM, 0 exchanged with the VRAM tier, 0 blob reads from the file
safetensors residency metrics: ram_bytes=67948118016 os_locked_bytes=0 cuda_pinned_bytes=67948118016 promotions=4553 promoted_payload_bytes=12588207248 expert_file_bytes=0 (cumulative; payload is not a physical PCIe counter)
safetensors ngram metrics: ple io: 659856 rows, 54.4% row-cache hits, 259427 SSD reads (1063.2 MB), read p50 232 us p99 17089 us, blocked 1294.597 ms total (submit 3.267 ms), cache 250282/1048576 rows, SSD kept awake by 120 reads (slowest 40.5 ms)
strata serve: expert tiers: GPU 349 hits this request; since the start RAM 246970 blobs, files 0 blobs 0.0 MB read
strata serve: prompt 24656 tokens = 24655 reused + 1 read in 0 ms (6825.9 tok/s), 1 generated in 17 ms (60.5 tok/s), drafts accepted 0 of 0, 2 checkpoints
strata serve: decode expert cache hit rate: 84.4% (401 hits / 475 lookups); 5 more read by the GPU over PCIe or from another GPU (1.0% of all 480 routed)
strata serve: resident RAM: 63.28 GiB of experts in RAM, 0 exchanged with the VRAM tier, 0 blob reads from the file
safetensors residency metrics: ram_bytes=67948118016 os_locked_bytes=0 cuda_pinned_bytes=67948118016 promotions=4649 promoted_payload_bytes=12853629584 expert_file_bytes=0 (cumulative; payload is not a physical PCIe counter)
safetensors ngram metrics: ple io: 659872 rows, 54.4% row-cache hits, 259443 SSD reads (1063.3 MB), read p50 232 us p99 17089 us, blocked 1296.153 ms total (submit 3.281 ms), cache 250298/1048576 rows, SSD kept awake by 120 reads (slowest 40.5 ms)
strata serve: expert tiers: GPU 401 hits this request; since the start RAM 247049 blobs, files 0 blobs 0.0 MB read
strata serve: prompt 24657 tokens = 24656 reused + 1 read in 0 ms (14598.5 tok/s), 1 generated in 17 ms (59.2 tok/s), drafts accepted 0 of 0, 2 checkpoints
strata serve: decode expert cache hit rate: 70.5% (327 hits / 464 lookups); 16 more read by the GPU over PCIe or from another GPU (3.3% of all 480 routed)
strata serve: resident RAM: 63.28 GiB of experts in RAM, 0 exchanged with the VRAM tier, 0 blob reads from the file
safetensors residency metrics: ram_bytes=67948118016 os_locked_bytes=0 cuda_pinned_bytes=67948118016 promotions=4649 promoted_payload_bytes=12853629584 expert_file_bytes=0 (cumulative; payload is not a physical PCIe counter)
safetensors ngram metrics: ple io: 659888 rows, 54.4% row-cache hits, 259459 SSD reads (1063.4 MB), read p50 232 us p99 17089 us, blocked 1296.154 ms total (submit 3.299 ms), cache 250314/1048576 rows, SSD kept awake by 120 reads (slowest 40.5 ms)
strata serve: expert tiers: GPU 327 hits this request; since the start RAM 247202 blobs, files 0 blobs 0.0 MB read
strata serve: prompt 24658 tokens = 24657 reused + 1 read in 0 ms (11919.0 tok/s), 1 generated in 18 ms (57.0 tok/s), drafts accepted 0 of 0, 2 checkpoints
strata serve: decode expert cache hit rate: 68.3% (312 hits / 457 lookups); 23 more read by the GPU over PCIe or from another GPU (4.8% of all 480 routed)
strata serve: resident RAM: 63.28 GiB of experts in RAM, 0 exchanged with the VRAM tier, 0 blob reads from the file
safetensors residency metrics: ram_bytes=67948118016 os_locked_bytes=0 cuda_pinned_bytes=67948118016 promotions=4649 promoted_payload_bytes=12853629584 expert_file_bytes=0 (cumulative; payload is not a physical PCIe counter)
safetensors ngram metrics: ple io: 659904 rows, 54.4% row-cache hits, 259475 SSD reads (1063.4 MB), read p50 232 us p99 17089 us, blocked 1296.154 ms total (submit 3.316 ms), cache 250330/1048576 rows, SSD kept awake by 120 reads (slowest 40.5 ms)
strata serve: expert tiers: GPU 312 hits this request; since the start RAM 247370 blobs, files 0 blobs 0.0 MB read
strata serve: prompt 24659 tokens = 24658 reused + 1 read in 0 ms (14598.5 tok/s), 1 generated in 18 ms (54.4 tok/s), drafts accepted 0 of 0, 2 checkpoints
strata serve: decode expert cache hit rate: 70.4% (323 hits / 459 lookups); 21 more read by the GPU over PCIe or from another GPU (4.4% of all 480 routed)
strata serve: resident RAM: 63.28 GiB of experts in RAM, 0 exchanged with the VRAM tier, 0 blob reads from the file
safetensors residency metrics: ram_bytes=67948118016 os_locked_bytes=0 cuda_pinned_bytes=67948118016 promotions=4649 promoted_payload_bytes=12853629584 expert_file_bytes=0 (cumulative; payload is not a physical PCIe counter)
safetensors ngram metrics: ple io: 659920 rows, 54.4% row-cache hits, 259483 SSD reads (1063.5 MB), read p50 232 us p99 17089 us, blocked 1296.155 ms total (submit 3.328 ms), cache 250338/1048576 rows, SSD kept awake by 120 reads (slowest 40.5 ms)
strata serve: expert tiers: GPU 323 hits this request; since the start RAM 247623 blobs, files 0 blobs 0.0 MB read
strata serve: prompt 24660 tokens = 24659 reused + 1 read in 0 ms (6523.2 tok/s), 1 generated in 20 ms (49.6 tok/s), drafts accepted 0 of 0, 2 checkpoints
strata serve: decode expert cache hit rate: 50.0% (214 hits / 428 lookups); 52 more read by the GPU over PCIe or from another GPU (10.8% of all 480 routed)
strata serve: resident RAM: 63.28 GiB of experts in RAM, 0 exchanged with the VRAM tier, 0 blob reads from the file
safetensors residency metrics: ram_bytes=67948118016 os_locked_bytes=0 cuda_pinned_bytes=67948118016 promotions=4745 promoted_payload_bytes=13119051920 expert_file_bytes=0 (cumulative; payload is not a physical PCIe counter)
safetensors ngram metrics: ple io: 659936 rows, 54.4% row-cache hits, 259483 SSD reads (1063.5 MB), read p50 232 us p99 17089 us, blocked 1296.155 ms total (submit 3.328 ms), cache 250338/1048576 rows, SSD kept awake by 120 reads (slowest 40.5 ms)
strata serve: expert tiers: GPU 214 hits this request; since the start RAM 247889 blobs, files 0 blobs 0.0 MB read
strata serve: prompt 24661 tokens = 24660 reused + 1 read in 0 ms (13037.8 tok/s), 1 generated in 17 ms (60.5 tok/s), drafts accepted 0 of 0, 2 checkpoints
strata serve: decode expert cache hit rate: 74.1% (344 hits / 464 lookups); 16 more read by the GPU over PCIe or from another GPU (3.3% of all 480 routed)
strata serve: resident RAM: 63.28 GiB of experts in RAM, 0 exchanged with the VRAM tier, 0 blob reads from the file
safetensors residency metrics: ram_bytes=67948118016 os_locked_bytes=0 cuda_pinned_bytes=67948118016 promotions=4745 promoted_payload_bytes=13119051920 expert_file_bytes=0 (cumulative; payload is not a physical PCIe counter)
safetensors ngram metrics: ple io: 659952 rows, 54.4% row-cache hits, 259483 SSD reads (1063.5 MB), read p50 232 us p99 17089 us, blocked 1296.155 ms total (submit 3.328 ms), cache 250338/1048576 rows, SSD kept awake by 120 reads (slowest 40.5 ms)
strata serve: expert tiers: GPU 344 hits this request; since the start RAM 248025 blobs, files 0 blobs 0.0 MB read
strata serve: prompt 24662 tokens = 24661 reused + 1 read in 0 ms (14104.4 tok/s), 1 generated in 16 ms (63.0 tok/s), drafts accepted 0 of 0, 2 checkpoints
strata serve: decode expert cache hit rate: 80.7% (380 hits / 471 lookups); 9 more read by the GPU over PCIe or from another GPU (1.9% of all 480 routed)
strata serve: resident RAM: 63.28 GiB of experts in RAM, 0 exchanged with the VRAM tier, 0 blob reads from the file
safetensors residency metrics: ram_bytes=67948118016 os_locked_bytes=0 cuda_pinned_bytes=67948118016 promotions=4745 promoted_payload_bytes=13119051920 expert_file_bytes=0 (cumulative; payload is not a physical PCIe counter)
safetensors ngram metrics: ple io: 659968 rows, 54.4% row-cache hits, 259491 SSD reads (1063.5 MB), read p50 232 us p99 17089 us, blocked 1296.155 ms total (submit 3.342 ms), cache 250346/1048576 rows, SSD kept awake by 120 reads (slowest 40.5 ms)
strata serve: expert tiers: GPU 380 hits this request; since the start RAM 248125 blobs, files 0 blobs 0.0 MB read
strata serve: prompt 24663 tokens = 24662 reused + 1 read in 0 ms (14144.3 tok/s), 1 generated in 18 ms (54.8 tok/s), drafts accepted 0 of 0, 2 checkpoints
strata serve: decode expert cache hit rate: 71.2% (327 hits / 459 lookups); 21 more read by the GPU over PCIe or from another GPU (4.4% of all 480 routed)
strata serve: resident RAM: 63.28 GiB of experts in RAM, 0 exchanged with the VRAM tier, 0 blob reads from the file
safetensors residency metrics: ram_bytes=67948118016 os_locked_bytes=0 cuda_pinned_bytes=67948118016 promotions=4745 promoted_payload_bytes=13119051920 expert_file_bytes=0 (cumulative; payload is not a physical PCIe counter)
safetensors ngram metrics: ple io: 659984 rows, 54.4% row-cache hits, 259499 SSD reads (1063.5 MB), read p50 232 us p99 17089 us, blocked 1296.156 ms total (submit 3.356 ms), cache 250354/1048576 rows, SSD kept awake by 120 reads (slowest 40.5 ms)
strata serve: expert tiers: GPU 327 hits this request; since the start RAM 248374 blobs, files 0 blobs 0.0 MB read
strata serve: prompt 24664 tokens = 24663 reused + 1 read in 0 ms (6523.2 tok/s), 1 generated in 15 ms (66.3 tok/s), drafts accepted 0 of 0, 2 checkpoints
strata serve: decode expert cache hit rate: 84.4% (399 hits / 473 lookups); 7 more read by the GPU over PCIe or from another GPU (1.5% of all 480 routed)
strata serve: resident RAM: 63.28 GiB of experts in RAM, 0 exchanged with the VRAM tier, 0 blob reads from the file
safetensors residency metrics: ram_bytes=67948118016 os_locked_bytes=0 cuda_pinned_bytes=67948118016 promotions=4841 promoted_payload_bytes=13384474256 expert_file_bytes=0 (cumulative; payload is not a physical PCIe counter)
safetensors ngram metrics: ple io: 660000 rows, 54.4% row-cache hits, 259515 SSD reads (1063.6 MB), read p50 232 us p99 17089 us, blocked 1296.156 ms total (submit 3.372 ms), cache 250370/1048576 rows, SSD kept awake by 120 reads (slowest 40.5 ms)
strata serve: expert tiers: GPU 399 hits this request; since the start RAM 248455 blobs, files 0 blobs 0.0 MB read
strata serve: prompt 24665 tokens = 24664 reused + 1 read in 0 ms (15151.5 tok/s), 1 generated in 18 ms (55.9 tok/s), drafts accepted 0 of 0, 2 checkpoints
strata serve: decode expert cache hit rate: 67.7% (306 hits / 452 lookups); 28 more read by the GPU over PCIe or from another GPU (5.8% of all 480 routed)
strata serve: resident RAM: 63.28 GiB of experts in RAM, 0 exchanged with the VRAM tier, 0 blob reads from the file
safetensors residency metrics: ram_bytes=67948118016 os_locked_bytes=0 cuda_pinned_bytes=67948118016 promotions=4841 promoted_payload_bytes=13384474256 expert_file_bytes=0 (cumulative; payload is not a physical PCIe counter)
safetensors ngram metrics: ple io: 660016 rows, 54.4% row-cache hits, 259531 SSD reads (1063.7 MB), read p50 232 us p99 17089 us, blocked 1296.157 ms total (submit 3.392 ms), cache 250386/1048576 rows, SSD kept awake by 120 reads (slowest 40.5 ms)
strata serve: expert tiers: GPU 306 hits this request; since the start RAM 248629 blobs, files 0 blobs 0.0 MB read
strata serve: prompt 24666 tokens = 24665 reused + 1 read in 0 ms (14430.0 tok/s), 1 generated in 16 ms (62.4 tok/s), drafts accepted 0 of 0, 2 checkpoints
strata serve: decode expert cache hit rate: 77.5% (366 hits / 472 lookups); 8 more read by the GPU over PCIe or from another GPU (1.7% of all 480 routed)
strata serve: resident RAM: 63.28 GiB of experts in RAM, 0 exchanged with the VRAM tier, 0 blob reads from the file
safetensors residency metrics: ram_bytes=67948118016 os_locked_bytes=0 cuda_pinned_bytes=67948118016 promotions=4841 promoted_payload_bytes=13384474256 expert_file_bytes=0 (cumulative; payload is not a physical PCIe counter)
safetensors ngram metrics: ple io: 660032 rows, 54.4% row-cache hits, 259539 SSD reads (1063.7 MB), read p50 232 us p99 17089 us, blocked 1296.157 ms total (submit 3.406 ms), cache 250394/1048576 rows, SSD kept awake by 120 reads (slowest 40.5 ms)
strata serve: expert tiers: GPU 366 hits this request; since the start RAM 248743 blobs, files 0 blobs 0.0 MB read
strata serve: prompt 24667 tokens = 24666 reused + 1 read in 0 ms (14285.7 tok/s), 1 generated in 18 ms (55.9 tok/s), drafts accepted 0 of 0, 2 checkpoints
strata serve: decode expert cache hit rate: 72.2% (333 hits / 461 lookups); 19 more read by the GPU over PCIe or from another GPU (4.0% of all 480 routed)
strata serve: resident RAM: 63.28 GiB of experts in RAM, 0 exchanged with the VRAM tier, 0 blob reads from the file
safetensors residency metrics: ram_bytes=67948118016 os_locked_bytes=0 cuda_pinned_bytes=67948118016 promotions=4841 promoted_payload_bytes=13384474256 expert_file_bytes=0 (cumulative; payload is not a physical PCIe counter)
safetensors ngram metrics: ple io: 660048 rows, 54.4% row-cache hits, 259539 SSD reads (1063.7 MB), read p50 232 us p99 17089 us, blocked 1296.158 ms total (submit 3.406 ms), cache 250394/1048576 rows, SSD kept awake by 120 reads (slowest 40.5 ms)
strata serve: expert tiers: GPU 333 hits this request; since the start RAM 248986 blobs, files 0 blobs 0.0 MB read
strata serve: prompt 24668 tokens = 24667 reused + 1 read in 0 ms (6410.3 tok/s), 1 generated in 16 ms (62.6 tok/s), drafts accepted 0 of 0, 2 checkpoints
strata serve: decode expert cache hit rate: 83.8% (399 hits / 476 lookups); 4 more read by the GPU over PCIe or from another GPU (0.8% of all 480 routed)
strata serve: resident RAM: 63.28 GiB of experts in RAM, 0 exchanged with the VRAM tier, 0 blob reads from the file
safetensors residency metrics: ram_bytes=67948118016 os_locked_bytes=0 cuda_pinned_bytes=67948118016 promotions=4937 promoted_payload_bytes=13649896592 expert_file_bytes=0 (cumulative; payload is not a physical PCIe counter)
safetensors ngram metrics: ple io: 660064 rows, 54.4% row-cache hits, 259555 SSD reads (1063.8 MB), read p50 232 us p99 17089 us, blocked 1297.178 ms total (submit 3.423 ms), cache 250410/1048576 rows, SSD kept awake by 120 reads (slowest 40.5 ms)
strata serve: expert tiers: GPU 399 hits this request; since the start RAM 249067 blobs, files 0 blobs 0.0 MB read
strata serve: prompt 24669 tokens = 24668 reused + 1 read in 0 ms (13812.2 tok/s), 1 generated in 17 ms (57.2 tok/s), drafts accepted 0 of 0, 2 checkpoints
strata serve: decode expert cache hit rate: 68.8% (313 hits / 455 lookups); 25 more read by the GPU over PCIe or from another GPU (5.2% of all 480 routed)
strata serve: resident RAM: 63.28 GiB of experts in RAM, 0 exchanged with the VRAM tier, 0 blob reads from the file
safetensors residency metrics: ram_bytes=67948118016 os_locked_bytes=0 cuda_pinned_bytes=67948118016 promotions=4937 promoted_payload_bytes=13649896592 expert_file_bytes=0 (cumulative; payload is not a physical PCIe counter)
safetensors ngram metrics: ple io: 660080 rows, 54.4% row-cache hits, 259563 SSD reads (1063.8 MB), read p50 232 us p99 17089 us, blocked 1297.179 ms total (submit 3.437 ms), cache 250418/1048576 rows, SSD kept awake by 120 reads (slowest 40.5 ms)
strata serve: expert tiers: GPU 313 hits this request; since the start RAM 249234 blobs, files 0 blobs 0.0 MB read
strata serve: prompt 24670 tokens = 24669 reused + 1 read in 0 ms (14306.2 tok/s), 1 generated in 16 ms (62.4 tok/s), drafts accepted 0 of 0, 2 checkpoints
strata serve: decode expert cache hit rate: 78.2% (363 hits / 464 lookups); 16 more read by the GPU over PCIe or from another GPU (3.3% of all 480 routed)
strata serve: resident RAM: 63.28 GiB of experts in RAM, 0 exchanged with the VRAM tier, 0 blob reads from the file
safetensors residency metrics: ram_bytes=67948118016 os_locked_bytes=0 cuda_pinned_bytes=67948118016 promotions=4937 promoted_payload_bytes=13649896592 expert_file_bytes=0 (cumulative; payload is not a physical PCIe counter)
safetensors ngram metrics: ple io: 660096 rows, 54.4% row-cache hits, 259571 SSD reads (1063.8 MB), read p50 232 us p99 17089 us, blocked 1297.180 ms total (submit 3.450 ms), cache 250426/1048576 rows, SSD kept awake by 120 reads (slowest 40.5 ms)
strata serve: expert tiers: GPU 363 hits this request; since the start RAM 249351 blobs, files 0 blobs 0.0 MB read
strata serve: prompt 24671 tokens = 24670 reused + 1 read in 0 ms (14450.9 tok/s), 1 generated in 16 ms (61.2 tok/s), drafts accepted 0 of 0, 2 checkpoints
strata serve: decode expert cache hit rate: 84.6% (401 hits / 474 lookups); 6 more read by the GPU over PCIe or from another GPU (1.2% of all 480 routed)
strata serve: resident RAM: 63.28 GiB of experts in RAM, 0 exchanged with the VRAM tier, 0 blob reads from the file
safetensors residency metrics: ram_bytes=67948118016 os_locked_bytes=0 cuda_pinned_bytes=67948118016 promotions=4937 promoted_payload_bytes=13649896592 expert_file_bytes=0 (cumulative; payload is not a physical PCIe counter)
safetensors ngram metrics: ple io: 660112 rows, 54.4% row-cache hits, 259587 SSD reads (1063.9 MB), read p50 232 us p99 17089 us, blocked 1297.180 ms total (submit 3.466 ms), cache 250442/1048576 rows, SSD kept awake by 120 reads (slowest 40.5 ms)
strata serve: expert tiers: GPU 401 hits this request; since the start RAM 249526 blobs, files 0 blobs 0.0 MB read
strata serve: prompt 24672 tokens = 24671 reused + 1 read in 0 ms (6218.9 tok/s), 1 generated in 15 ms (67.6 tok/s), drafts accepted 0 of 0, 2 checkpoints
strata serve: decode expert cache hit rate: 87.0% (414 hits / 476 lookups); 4 more read by the GPU over PCIe or from another GPU (0.8% of all 480 routed)
strata serve: resident RAM: 63.28 GiB of experts in RAM, 0 exchanged with the VRAM tier, 0 blob reads from the file
safetensors residency metrics: ram_bytes=67948118016 os_locked_bytes=0 cuda_pinned_bytes=67948118016 promotions=5033 promoted_payload_bytes=13915318928 expert_file_bytes=0 (cumulative; payload is not a physical PCIe counter)
safetensors ngram metrics: ple io: 660128 rows, 54.4% row-cache hits, 259595 SSD reads (1063.9 MB), read p50 232 us p99 17089 us, blocked 1297.469 ms total (submit 3.478 ms), cache 250450/1048576 rows, SSD kept awake by 120 reads (slowest 40.5 ms)
strata serve: expert tiers: GPU 414 hits this request; since the start RAM 249592 blobs, files 0 blobs 0.0 MB read
strata serve: prompt 24673 tokens = 24672 reused + 1 read in 0 ms (13106.2 tok/s), 1 generated in 16 ms (62.9 tok/s), drafts accepted 0 of 0, 2 checkpoints
strata serve: decode expert cache hit rate: 83.6% (399 hits / 477 lookups); 3 more read by the GPU over PCIe or from another GPU (0.6% of all 480 routed)
strata serve: resident RAM: 63.28 GiB of experts in RAM, 0 exchanged with the VRAM tier, 0 blob reads from the file
safetensors residency metrics: ram_bytes=67948118016 os_locked_bytes=0 cuda_pinned_bytes=67948118016 promotions=5033 promoted_payload_bytes=13915318928 expert_file_bytes=0 (cumulative; payload is not a physical PCIe counter)
safetensors ngram metrics: ple io: 660144 rows, 54.4% row-cache hits, 259611 SSD reads (1064.0 MB), read p50 232 us p99 17089 us, blocked 1297.469 ms total (submit 3.495 ms), cache 250466/1048576 rows, SSD kept awake by 120 reads (slowest 40.5 ms)
strata serve: expert tiers: GPU 399 hits this request; since the start RAM 249673 blobs, files 0 blobs 0.0 MB read
strata serve: prompt 24674 tokens = 24673 reused + 1 read in 0 ms (13966.5 tok/s), 1 generated in 15 ms (68.7 tok/s), drafts accepted 0 of 0, 2 checkpoints
strata serve: decode expert cache hit rate: 90.8% (434 hits / 478 lookups); 2 more read by the GPU over PCIe or from another GPU (0.4% of all 480 routed)
strata serve: resident RAM: 63.28 GiB of experts in RAM, 0 exchanged with the VRAM tier, 0 blob reads from the file
safetensors residency metrics: ram_bytes=67948118016 os_locked_bytes=0 cuda_pinned_bytes=67948118016 promotions=5033 promoted_payload_bytes=13915318928 expert_file_bytes=0 (cumulative; payload is not a physical PCIe counter)
safetensors ngram metrics: ple io: 660160 rows, 54.4% row-cache hits, 259627 SSD reads (1064.1 MB), read p50 232 us p99 17089 us, blocked 1297.839 ms total (submit 3.511 ms), cache 250482/1048576 rows, SSD kept awake by 120 reads (slowest 40.5 ms)
strata serve: expert tiers: GPU 434 hits this request; since the start RAM 249719 blobs, files 0 blobs 0.0 MB read
strata serve: prompt 24675 tokens = 24674 reused + 1 read in 0 ms (13793.1 tok/s), 1 generated in 18 ms (55.6 tok/s), drafts accepted 0 of 0, 2 checkpoints
strata serve: decode expert cache hit rate: 84.1% (396 hits / 471 lookups); 9 more read by the GPU over PCIe or from another GPU (1.9% of all 480 routed)
strata serve: resident RAM: 63.28 GiB of experts in RAM, 0 exchanged with the VRAM tier, 0 blob reads from the file
safetensors residency metrics: ram_bytes=67948118016 os_locked_bytes=0 cuda_pinned_bytes=67948118016 promotions=5033 promoted_payload_bytes=13915318928 expert_file_bytes=0 (cumulative; payload is not a physical PCIe counter)
safetensors ngram metrics: ple io: 660176 rows, 54.4% row-cache hits, 259643 SSD reads (1064.2 MB), read p50 232 us p99 17089 us, blocked 1299.279 ms total (submit 3.529 ms), cache 250498/1048576 rows, SSD kept awake by 120 reads (slowest 40.5 ms)
strata serve: expert tiers: GPU 396 hits this request; since the start RAM 249880 blobs, files 0 blobs 0.0 MB read
strata serve: prompt 24676 tokens = 24675 reused + 1 read in 0 ms (6389.8 tok/s), 1 generated in 14 ms (69.4 tok/s), drafts accepted 0 of 0, 2 checkpoints
strata serve: decode expert cache hit rate: 89.9% (429 hits / 477 lookups); 3 more read by the GPU over PCIe or from another GPU (0.6% of all 480 routed)
strata serve: resident RAM: 63.28 GiB of experts in RAM, 0 exchanged with the VRAM tier, 0 blob reads from the file
safetensors residency metrics: ram_bytes=67948118016 os_locked_bytes=0 cuda_pinned_bytes=67948118016 promotions=5110 promoted_payload_bytes=14128209760 expert_file_bytes=0 (cumulative; payload is not a physical PCIe counter)
safetensors ngram metrics: ple io: 660192 rows, 54.4% row-cache hits, 259659 SSD reads (1064.2 MB), read p50 232 us p99 17089 us, blocked 1299.279 ms total (submit 3.545 ms), cache 250514/1048576 rows, SSD kept awake by 120 reads (slowest 40.5 ms)
strata serve: expert tiers: GPU 429 hits this request; since the start RAM 249931 blobs, files 0 blobs 0.0 MB read
strata serve: prompt 24677 tokens = 24676 reused + 1 read in 0 ms (12658.2 tok/s), 1 generated in 15 ms (68.1 tok/s), drafts accepted 0 of 0, 2 checkpoints
strata serve: decode expert cache hit rate: 89.2% (428 hits / 480 lookups)
strata serve: resident RAM: 63.28 GiB of experts in RAM, 0 exchanged with the VRAM tier, 0 blob reads from the file
safetensors residency metrics: ram_bytes=67948118016 os_locked_bytes=0 cuda_pinned_bytes=67948118016 promotions=5110 promoted_payload_bytes=14128209760 expert_file_bytes=0 (cumulative; payload is not a physical PCIe counter)
safetensors ngram metrics: ple io: 660208 rows, 54.4% row-cache hits, 259667 SSD reads (1064.3 MB), read p50 232 us p99 17089 us, blocked 1299.280 ms total (submit 3.558 ms), cache 250522/1048576 rows, SSD kept awake by 120 reads (slowest 40.5 ms)
strata serve: expert tiers: GPU 428 hits this request; since the start RAM 249983 blobs, files 0 blobs 0.0 MB read
strata serve: prompt 24678 tokens = 24677 reused + 1 read in 0 ms (14144.3 tok/s), 1 generated in 22 ms (46.0 tok/s), drafts accepted 0 of 0, 2 checkpoints
strata serve: decode expert cache hit rate: 86.2% (412 hits / 478 lookups); 2 more read by the GPU over PCIe or from another GPU (0.4% of all 480 routed)
strata serve: resident RAM: 63.28 GiB of experts in RAM, 0 exchanged with the VRAM tier, 0 blob reads from the file
safetensors residency metrics: ram_bytes=67948118016 os_locked_bytes=0 cuda_pinned_bytes=67948118016 promotions=5110 promoted_payload_bytes=14128209760 expert_file_bytes=0 (cumulative; payload is not a physical PCIe counter)
safetensors ngram metrics: ple io: 660224 rows, 54.4% row-cache hits, 259683 SSD reads (1064.3 MB), read p50 232 us p99 17089 us, blocked 1305.894 ms total (submit 3.575 ms), cache 250538/1048576 rows, SSD kept awake by 120 reads (slowest 40.5 ms)
strata serve: expert tiers: GPU 412 hits this request; since the start RAM 250051 blobs, files 0 blobs 0.0 MB read
strata serve: prompt 24679 tokens = 24678 reused + 1 read in 0 ms (14124.3 tok/s), 1 generated in 16 ms (62.8 tok/s), drafts accepted 0 of 0, 2 checkpoints
strata serve: decode expert cache hit rate: 84.8% (403 hits / 475 lookups); 5 more read by the GPU over PCIe or from another GPU (1.0% of all 480 routed)
strata serve: resident RAM: 63.28 GiB of experts in RAM, 0 exchanged with the VRAM tier, 0 blob reads from the file
safetensors residency metrics: ram_bytes=67948118016 os_locked_bytes=0 cuda_pinned_bytes=67948118016 promotions=5110 promoted_payload_bytes=14128209760 expert_file_bytes=0 (cumulative; payload is not a physical PCIe counter)
safetensors ngram metrics: ple io: 660240 rows, 54.4% row-cache hits, 259691 SSD reads (1064.4 MB), read p50 232 us p99 17089 us, blocked 1305.894 ms total (submit 3.587 ms), cache 250546/1048576 rows, SSD kept awake by 120 reads (slowest 40.5 ms)
strata serve: expert tiers: GPU 403 hits this request; since the start RAM 250177 blobs, files 0 blobs 0.0 MB read
strata serve: prompt 24680 tokens = 24679 reused + 1 read in 0 ms (6410.3 tok/s), 1 generated in 15 ms (66.7 tok/s), drafts accepted 0 of 0, 2 checkpoints
strata serve: decode expert cache hit rate: 83.2% (392 hits / 471 lookups); 9 more read by the GPU over PCIe or from another GPU (1.9% of all 480 routed)
strata serve: resident RAM: 63.28 GiB of experts in RAM, 0 exchanged with the VRAM tier, 0 blob reads from the file
safetensors residency metrics: ram_bytes=67948118016 os_locked_bytes=0 cuda_pinned_bytes=67948118016 promotions=5159 promoted_payload_bytes=14263685744 expert_file_bytes=0 (cumulative; payload is not a physical PCIe counter)
safetensors ngram metrics: ple io: 660256 rows, 54.4% row-cache hits, 259691 SSD reads (1064.4 MB), read p50 232 us p99 17089 us, blocked 1305.895 ms total (submit 3.587 ms), cache 250546/1048576 rows, SSD kept awake by 120 reads (slowest 40.5 ms)
strata serve: expert tiers: GPU 392 hits this request; since the start RAM 250265 blobs, files 0 blobs 0.0 MB read
strata serve: prompt 24681 tokens = 24680 reused + 1 read in 0 ms (14064.7 tok/s), 1 generated in 16 ms (60.6 tok/s), drafts accepted 0 of 0, 2 checkpoints
strata serve: decode expert cache hit rate: 80.9% (381 hits / 471 lookups); 9 more read by the GPU over PCIe or from another GPU (1.9% of all 480 routed)
strata serve: resident RAM: 63.28 GiB of experts in RAM, 0 exchanged with the VRAM tier, 0 blob reads from the file
safetensors residency metrics: ram_bytes=67948118016 os_locked_bytes=0 cuda_pinned_bytes=67948118016 promotions=5159 promoted_payload_bytes=14263685744 expert_file_bytes=0 (cumulative; payload is not a physical PCIe counter)
safetensors ngram metrics: ple io: 660272 rows, 54.4% row-cache hits, 259699 SSD reads (1064.4 MB), read p50 232 us p99 17089 us, blocked 1307.146 ms total (submit 3.601 ms), cache 250554/1048576 rows, SSD kept awake by 120 reads (slowest 40.5 ms)
strata serve: expert tiers: GPU 381 hits this request; since the start RAM 250364 blobs, files 0 blobs 0.0 MB read
strata serve: prompt 24682 tokens = 24681 reused + 1 read in 0 ms (15361.0 tok/s), 1 generated in 17 ms (57.7 tok/s), drafts accepted 0 of 0, 2 checkpoints
strata serve: decode expert cache hit rate: 70.7% (326 hits / 461 lookups); 19 more read by the GPU over PCIe or from another GPU (4.0% of all 480 routed)
strata serve: resident RAM: 63.28 GiB of experts in RAM, 0 exchanged with the VRAM tier, 0 blob reads from the file
safetensors residency metrics: ram_bytes=67948118016 os_locked_bytes=0 cuda_pinned_bytes=67948118016 promotions=5159 promoted_payload_bytes=14263685744 expert_file_bytes=0 (cumulative; payload is not a physical PCIe counter)
safetensors ngram metrics: ple io: 660288 rows, 54.4% row-cache hits, 259715 SSD reads (1064.5 MB), read p50 232 us p99 17089 us, blocked 1307.147 ms total (submit 3.616 ms), cache 250570/1048576 rows, SSD kept awake by 120 reads (slowest 40.5 ms)
strata serve: expert tiers: GPU 326 hits this request; since the start RAM 250518 blobs, files 0 blobs 0.0 MB read
strata serve: prompt 24683 tokens = 24682 reused + 1 read in 0 ms (13698.6 tok/s), 1 generated in 23 ms (43.6 tok/s), drafts accepted 0 of 0, 2 checkpoints
strata serve: decode expert cache hit rate: 85.1% (406 hits / 477 lookups); 3 more read by the GPU over PCIe or from another GPU (0.6% of all 480 routed)
strata serve: resident RAM: 63.28 GiB of experts in RAM, 0 exchanged with the VRAM tier, 0 blob reads from the file
safetensors residency metrics: ram_bytes=67948118016 os_locked_bytes=0 cuda_pinned_bytes=67948118016 promotions=5159 promoted_payload_bytes=14263685744 expert_file_bytes=0 (cumulative; payload is not a physical PCIe counter)
safetensors ngram metrics: ple io: 660304 rows, 54.4% row-cache hits, 259731 SSD reads (1064.5 MB), read p50 232 us p99 17089 us, blocked 1314.170 ms total (submit 3.633 ms), cache 250586/1048576 rows, SSD kept awake by 120 reads (slowest 40.5 ms)
strata serve: expert tiers: GPU 406 hits this request; since the start RAM 250665 blobs, files 0 blobs 0.0 MB read
strata serve: prompt 24684 tokens = 24683 reused + 1 read in 0 ms (6329.1 tok/s), 1 generated in 16 ms (61.3 tok/s), drafts accepted 0 of 0, 2 checkpoints
strata serve: decode expert cache hit rate: 76.1% (351 hits / 461 lookups); 19 more read by the GPU over PCIe or from another GPU (4.0% of all 480 routed)
strata serve: resident RAM: 63.28 GiB of experts in RAM, 0 exchanged with the VRAM tier, 0 blob reads from the file
safetensors residency metrics: ram_bytes=67948118016 os_locked_bytes=0 cuda_pinned_bytes=67948118016 promotions=5232 promoted_payload_bytes=14465517312 expert_file_bytes=0 (cumulative; payload is not a physical PCIe counter)
safetensors ngram metrics: ple io: 660320 rows, 54.4% row-cache hits, 259747 SSD reads (1064.6 MB), read p50 232 us p99 17089 us, blocked 1314.170 ms total (submit 3.648 ms), cache 250602/1048576 rows, SSD kept awake by 120 reads (slowest 40.5 ms)
strata serve: expert tiers: GPU 351 hits this request; since the start RAM 250794 blobs, files 0 blobs 0.0 MB read
strata serve: prompt 24685 tokens = 24684 reused + 1 read in 0 ms (12135.9 tok/s), 1 generated in 15 ms (68.6 tok/s), drafts accepted 0 of 0, 2 checkpoints
strata serve: decode expert cache hit rate: 86.7% (412 hits / 475 lookups); 5 more read by the GPU over PCIe or from another GPU (1.0% of all 480 routed)
strata serve: resident RAM: 63.28 GiB of experts in RAM, 0 exchanged with the VRAM tier, 0 blob reads from the file
safetensors residency metrics: ram_bytes=67948118016 os_locked_bytes=0 cuda_pinned_bytes=67948118016 promotions=5232 promoted_payload_bytes=14465517312 expert_file_bytes=0 (cumulative; payload is not a physical PCIe counter)
safetensors ngram metrics: ple io: 660336 rows, 54.4% row-cache hits, 259763 SSD reads (1064.7 MB), read p50 232 us p99 17089 us, blocked 1314.171 ms total (submit 3.665 ms), cache 250617/1048576 rows, SSD kept awake by 120 reads (slowest 40.5 ms)
strata serve: expert tiers: GPU 412 hits this request; since the start RAM 250862 blobs, files 0 blobs 0.0 MB read
strata serve: prompt 24686 tokens = 24685 reused + 1 read in 0 ms (12610.3 tok/s), 1 generated in 15 ms (66.9 tok/s), drafts accepted 0 of 0, 2 checkpoints
strata serve: decode expert cache hit rate: 84.4% (401 hits / 475 lookups); 5 more read by the GPU over PCIe or from another GPU (1.0% of all 480 routed)
strata serve: resident RAM: 63.28 GiB of experts in RAM, 0 exchanged with the VRAM tier, 0 blob reads from the file
safetensors residency metrics: ram_bytes=67948118016 os_locked_bytes=0 cuda_pinned_bytes=67948118016 promotions=5232 promoted_payload_bytes=14465517312 expert_file_bytes=0 (cumulative; payload is not a physical PCIe counter)
safetensors ngram metrics: ple io: 660352 rows, 54.4% row-cache hits, 259779 SSD reads (1064.7 MB), read p50 232 us p99 17089 us, blocked 1314.171 ms total (submit 3.684 ms), cache 250633/1048576 rows, SSD kept awake by 120 reads (slowest 40.5 ms)
strata serve: expert tiers: GPU 401 hits this request; since the start RAM 250941 blobs, files 0 blobs 0.0 MB read
strata serve: prompt 24687 tokens = 24686 reused + 1 read in 0 ms (12285.0 tok/s), 1 generated in 17 ms (59.2 tok/s), drafts accepted 0 of 0, 2 checkpoints
strata serve: decode expert cache hit rate: 81.5% (387 hits / 475 lookups); 5 more read by the GPU over PCIe or from another GPU (1.0% of all 480 routed)
strata serve: resident RAM: 63.28 GiB of experts in RAM, 0 exchanged with the VRAM tier, 0 blob reads from the file
safetensors residency metrics: ram_bytes=67948118016 os_locked_bytes=0 cuda_pinned_bytes=67948118016 promotions=5232 promoted_payload_bytes=14465517312 expert_file_bytes=0 (cumulative; payload is not a physical PCIe counter)
safetensors ngram metrics: ple io: 660368 rows, 54.4% row-cache hits, 259795 SSD reads (1064.8 MB), read p50 232 us p99 17089 us, blocked 1314.172 ms total (submit 3.701 ms), cache 250649/1048576 rows, SSD kept awake by 120 reads (slowest 40.5 ms)
strata serve: expert tiers: GPU 387 hits this request; since the start RAM 251122 blobs, files 0 blobs 0.0 MB read
strata serve: prompt 24688 tokens = 24687 reused + 1 read in 0 ms (6027.7 tok/s), 1 generated in 16 ms (64.3 tok/s), drafts accepted 0 of 0, 2 checkpoints
strata serve: decode expert cache hit rate: 80.8% (382 hits / 473 lookups); 7 more read by the GPU over PCIe or from another GPU (1.5% of all 480 routed)
strata serve: resident RAM: 63.28 GiB of experts in RAM, 0 exchanged with the VRAM tier, 0 blob reads from the file
safetensors residency metrics: ram_bytes=67948118016 os_locked_bytes=0 cuda_pinned_bytes=67948118016 promotions=5320 promoted_payload_bytes=14708821120 expert_file_bytes=0 (cumulative; payload is not a physical PCIe counter)
safetensors ngram metrics: ple io: 660384 rows, 54.4% row-cache hits, 259811 SSD reads (1064.9 MB), read p50 232 us p99 17089 us, blocked 1314.172 ms total (submit 3.717 ms), cache 250665/1048576 rows, SSD kept awake by 120 reads (slowest 40.5 ms)
strata serve: expert tiers: GPU 382 hits this request; since the start RAM 251220 blobs, files 0 blobs 0.0 MB read
strata serve: prompt 24689 tokens = 24688 reused + 1 read in 0 ms (12804.1 tok/s), 1 generated in 16 ms (63.8 tok/s), drafts accepted 0 of 0, 2 checkpoints
strata serve: decode expert cache hit rate: 80.3% (378 hits / 471 lookups); 9 more read by the GPU over PCIe or from another GPU (1.9% of all 480 routed)
strata serve: resident RAM: 63.28 GiB of experts in RAM, 0 exchanged with the VRAM tier, 0 blob reads from the file
safetensors residency metrics: ram_bytes=67948118016 os_locked_bytes=0 cuda_pinned_bytes=67948118016 promotions=5320 promoted_payload_bytes=14708821120 expert_file_bytes=0 (cumulative; payload is not a physical PCIe counter)
safetensors ngram metrics: ple io: 660400 rows, 54.4% row-cache hits, 259819 SSD reads (1064.9 MB), read p50 232 us p99 17089 us, blocked 1314.173 ms total (submit 3.727 ms), cache 250673/1048576 rows, SSD kept awake by 120 reads (slowest 40.5 ms)
strata serve: expert tiers: GPU 378 hits this request; since the start RAM 251322 blobs, files 0 blobs 0.0 MB read
safetensors: post-residency expert source bytes=0
safetensors: post-residency MTP source bytes=0
