[strata] 2026-10-10 13:50:57 engine started: G:\Strata\Strata-Safetensors\build-native-engine\strata-efficiency5.exe --serve --model D:\迅雷下载\Qwen3.8-flash-next-nvfp4 --max-context 4096 --prefill 256 --expert-cache 4500 --vram-reserve-mib 2048 --spec 2 --suffix-draft 0 --pcie-frac 1 --pcie-mode kernel --kv int8 --no-prefill-borrow --adapt-every 0 --adapt-swaps 0 --conversation-cache-mib 4096 --conversation-cache-slots 4 --prompt-cache 6 --stats --check-logits --expert-profile G:\Strata\Strata-Safetensors\data\expert-profile.bin --mtp native --mtp-max-t 1 --spec-min-p 0 --pool-tasks 40
strata generate: native pack:  experts (largest blob 2.76 MB), token embedding BF16 in mapped host memory (1212 MiB, 1.7 s)
strata generate: 7016 MiB of weights loaded from  in 10.2 s (1 canonical tensors skipped: served natively)
strata generate: GPU 0: NVIDIA GeForce RTX 5090, compute capability 12.0
strata generate: the SSD is kept awake while rows are read: one page of the table after 100 ms without a read, until 60 s after the last request (STRATA_SSD_KEEPALIVE=0 turns it off)
strata generate: profile G:\Strata\Strata-Safetensors\data\expert-profile.bin: 24576 ranked pairs, built for 24576 slots
safetensors MTP: 29 dense tensors, 512 original FP8 experts; 2573.1 MiB, no requantization
strata mtp: original safetensors draft, 2576 MiB total VRAM, startup 4.75 s
strata generate: native BF16 head, 1271398400 bytes, in 1.5 s
safetensors: allocating 63.282 GiB expert RAM (CUDA pinned); startup batch=64 workers=4
safetensors: expert RAM allocated and locked in 4.91 s
safetensors: resident experts 1/48 layers (elapsed 5.50 s, read 0.49 s, pack 0.07 s)
safetensors: resident experts 2/48 layers (elapsed 5.97 s, read 0.89 s, pack 0.14 s)
safetensors: resident experts 3/48 layers (elapsed 6.45 s, read 1.30 s, pack 0.21 s)
safetensors: resident experts 4/48 layers (elapsed 6.91 s, read 1.69 s, pack 0.27 s)
safetensors: resident experts 5/48 layers (elapsed 7.36 s, read 2.07 s, pack 0.34 s)
safetensors: resident experts 6/48 layers (elapsed 7.81 s, read 2.46 s, pack 0.40 s)
safetensors: resident experts 7/48 layers (elapsed 8.28 s, read 2.86 s, pack 0.47 s)
safetensors: resident experts 8/48 layers (elapsed 8.83 s, read 3.35 s, pack 0.53 s)
safetensors: resident experts 9/48 layers (elapsed 9.24 s, read 3.69 s, pack 0.59 s)
safetensors: resident experts 10/48 layers (elapsed 9.75 s, read 4.14 s, pack 0.66 s)
safetensors: resident experts 11/48 layers (elapsed 10.27 s, read 4.59 s, pack 0.72 s)
safetensors: resident experts 12/48 layers (elapsed 10.73 s, read 4.99 s, pack 0.79 s)
safetensors: resident experts 13/48 layers (elapsed 11.19 s, read 5.38 s, pack 0.85 s)
safetensors: resident experts 14/48 layers (elapsed 11.64 s, read 5.77 s, pack 0.92 s)
safetensors: resident experts 15/48 layers (elapsed 12.13 s, read 6.20 s, pack 0.98 s)
safetensors: resident experts 16/48 layers (elapsed 12.57 s, read 6.57 s, pack 1.04 s)
safetensors: resident experts 17/48 layers (elapsed 13.00 s, read 6.94 s, pack 1.11 s)
safetensors: resident experts 18/48 layers (elapsed 13.45 s, read 7.32 s, pack 1.17 s)
safetensors: resident experts 19/48 layers (elapsed 13.90 s, read 7.71 s, pack 1.23 s)
safetensors: resident experts 20/48 layers (elapsed 14.40 s, read 8.14 s, pack 1.30 s)
safetensors: resident experts 21/48 layers (elapsed 14.90 s, read 8.57 s, pack 1.36 s)
safetensors: resident experts 22/48 layers (elapsed 15.38 s, read 8.99 s, pack 1.43 s)
safetensors: resident experts 23/48 layers (elapsed 15.86 s, read 9.41 s, pack 1.49 s)
safetensors: resident experts 24/48 layers (elapsed 16.34 s, read 9.82 s, pack 1.56 s)
safetensors: resident experts 25/48 layers (elapsed 16.78 s, read 10.20 s, pack 1.62 s)
safetensors: resident experts 26/48 layers (elapsed 17.23 s, read 10.58 s, pack 1.68 s)
safetensors: resident experts 27/48 layers (elapsed 17.67 s, read 10.96 s, pack 1.75 s)
safetensors: resident experts 28/48 layers (elapsed 18.07 s, read 11.29 s, pack 1.81 s)
safetensors: resident experts 29/48 layers (elapsed 18.52 s, read 11.67 s, pack 1.88 s)
safetensors: resident experts 30/48 layers (elapsed 18.98 s, read 12.06 s, pack 1.94 s)
safetensors: resident experts 31/48 layers (elapsed 19.44 s, read 12.45 s, pack 2.00 s)
safetensors: resident experts 32/48 layers (elapsed 19.88 s, read 12.83 s, pack 2.07 s)
safetensors: resident experts 33/48 layers (elapsed 20.43 s, read 13.32 s, pack 2.13 s)
safetensors: resident experts 34/48 layers (elapsed 20.91 s, read 13.73 s, pack 2.20 s)
safetensors: resident experts 35/48 layers (elapsed 21.38 s, read 14.13 s, pack 2.26 s)
safetensors: resident experts 36/48 layers (elapsed 21.83 s, read 14.52 s, pack 2.33 s)
safetensors: resident experts 37/48 layers (elapsed 22.37 s, read 15.00 s, pack 2.39 s)
safetensors: resident experts 38/48 layers (elapsed 23.34 s, read 15.90 s, pack 2.46 s)
safetensors: resident experts 39/48 layers (elapsed 23.78 s, read 16.27 s, pack 2.52 s)
safetensors: resident experts 40/48 layers (elapsed 24.21 s, read 16.64 s, pack 2.58 s)
safetensors: resident experts 41/48 layers (elapsed 24.60 s, read 16.97 s, pack 2.65 s)
safetensors: resident experts 42/48 layers (elapsed 25.04 s, read 17.34 s, pack 2.71 s)
safetensors: resident experts 43/48 layers (elapsed 25.50 s, read 17.73 s, pack 2.78 s)
safetensors: resident experts 44/48 layers (elapsed 25.94 s, read 18.11 s, pack 2.84 s)
safetensors: resident experts 45/48 layers (elapsed 26.39 s, read 18.49 s, pack 2.91 s)
safetensors: resident experts 46/48 layers (elapsed 26.85 s, read 18.89 s, pack 2.97 s)
safetensors: resident experts 47/48 layers (elapsed 27.28 s, read 19.25 s, pack 3.03 s)
safetensors: resident experts 48/48 layers (elapsed 27.72 s, read 19.63 s, pack 3.10 s)
safetensors: 63.282 GiB physically page-locked and GPU-mapped via cudaHostAlloc, 0.0 MiB GPU staging
safetensors: startup weight handles closed; all resident payload reads sealed
safetensors: expert startup complete: 27.72 s, batch=64 workers=4 scratch_peak_mib=168.75 read_s=19.63 pack_s=3.10 source_read_calls=29980
safetensors: all expert weights in locked RAM; expert source reads sealed
strata generate: CPU pool tasks/phase: 40 (capped by rows), participating threads: 16
strata generate: 15 pool workers on logical processors 2,4,6,8,10,12,14,16,18,20,22,24,26,28,30, the host thread on 0 (draining too) (--host-core first)
strata generate: expert cache 4499 slots, 11.59 GiB of VRAM; policy is
strata generate: the GPU computes the experts in the cache; it rounds differently from the CPU,
                 so a reply can differ slightly from a run without the cache (same quality:
                 bench/results/2026-09-27-cache-parity).
                 PROFILE, ranked by routing frequency, no eviction.
strata generate: the profile fill asks for 0 pairs ahead (STRATA_FILL_AHEAD)
strata generate: pre-filled 4499 of 4499 slots from the profile in 1.6 s (7998 MB/s); slot 0 verified
strata generate: R4 hit path ON - resident experts are computed on the GPU
strata generate: 15 expert-pool workers + the host thread
strata generate: session is up (engine 0.1.41)
strata generate: token graph hit path: 4499 resident experts, decided on the device
strata generate: resident RAM mode: 63.28 GiB of experts in RAM (page-locked), 4499 in the GPU cache; adaptive swaps off
strata serve: the prompt path allocates its own buffers (dedicated workspace: --no-prefill-borrow)
strata prefill allocation: requested=256 effective=256 capacity=256 workspace_bytes=291768320 free_vram_bytes=7234924544
strata generate: elastic K/V: 4096 of 4096 cells in VRAM (0.10 of 0.10 GiB); the expert cache (4499 slots) gives the K/V room below slot 4499 as the context grows
strata hc: CUDA0: the hyper-connection read runs as staged (the norm per token and stream, the down projection's activations staged ahead by cp.async); checked bit for bit against the plain read on this card (STRATA_HC_SPLIT=1 or 0 for the earlier ones)
strata verify: window up to 2 tokens, 348.8 MiB of device buffers
strata serve: STRATA_ADAPT_FETCH is off (the adaptive tier is off)
strata serve: 6547 MiB of VRAM free with everything loaded
safetensors: engine ready after 57.30 s from main entry
strata verify: capturing the 2-token window (6547 MiB of VRAM free)
strata: the hyper-connection read v4 (programmatic dependent launch)
strata verify: captured the 2-token window (upload no error, sync no error)
strata verify: capturing the 1-token window (6543 MiB of VRAM free)
strata verify: captured the 1-token window (upload no error, sync no error)
strata serve: prompt 23 tokens = 0 reused + 23 read in 597 ms (38.6 tok/s), 1 generated in 34 ms (29.1 tok/s), drafts accepted 0 of 0, 1 checkpoints
strata serve: decode expert cache hit rate: 100.0% (237 hits / 237 lookups); 243 more read by the GPU over PCIe or from another GPU (50.6% of all 480 routed)
strata serve: resident RAM: 63.28 GiB of experts in RAM, 0 exchanged with the VRAM tier, 0 blob reads from the file
safetensors residency metrics: ram_bytes=67948118016 os_locked_bytes=0 cuda_pinned_bytes=67948118016 promotions=0 promoted_payload_bytes=0 expert_file_bytes=0 (cumulative; payload is not a physical PCIe counter)
safetensors ngram metrics: ple io: 368 rows, 0.0% row-cache hits, 368 SSD reads (1.6 MB), read p50 149 us p99 1448 us, blocked 8.261 ms total (submit 0.208 ms), cache 368/1048576 rows, SSD kept awake by 1 reads (slowest 4.4 ms)
strata serve: expert tiers: GPU 237 hits this request; since the start RAM 10574 blobs, files 0 blobs 0.0 MB read
strata serve: prompt 24 tokens = 23 reused + 1 read in 0 ms (43859.6 tok/s), 1 generated in 26 ms (38.7 tok/s), drafts accepted 0 of 0, 1 checkpoints
strata serve: decode expert cache hit rate: 100.0% (263 hits / 263 lookups); 217 more read by the GPU over PCIe or from another GPU (45.2% of all 480 routed)
strata serve: resident RAM: 63.28 GiB of experts in RAM, 0 exchanged with the VRAM tier, 0 blob reads from the file
safetensors residency metrics: ram_bytes=67948118016 os_locked_bytes=0 cuda_pinned_bytes=67948118016 promotions=0 promoted_payload_bytes=0 expert_file_bytes=0 (cumulative; payload is not a physical PCIe counter)
safetensors ngram metrics: ple io: 384 rows, 0.0% row-cache hits, 384 SSD reads (1.6 MB), read p50 149 us p99 1660 us, blocked 9.797 ms total (submit 0.217 ms), cache 384/1048576 rows, SSD kept awake by 1 reads (slowest 4.4 ms)
strata serve: expert tiers: GPU 263 hits this request; since the start RAM 10791 blobs, files 0 blobs 0.0 MB read
strata serve: prompt 25 tokens = 24 reused + 1 read in 0 ms (59171.6 tok/s), 1 generated in 30 ms (33.4 tok/s), drafts accepted 0 of 0, 1 checkpoints
strata serve: decode expert cache hit rate: 100.0% (169 hits / 169 lookups); 311 more read by the GPU over PCIe or from another GPU (64.8% of all 480 routed)
strata serve: resident RAM: 63.28 GiB of experts in RAM, 0 exchanged with the VRAM tier, 0 blob reads from the file
safetensors residency metrics: ram_bytes=67948118016 os_locked_bytes=0 cuda_pinned_bytes=67948118016 promotions=0 promoted_payload_bytes=0 expert_file_bytes=0 (cumulative; payload is not a physical PCIe counter)
safetensors ngram metrics: ple io: 400 rows, 0.0% row-cache hits, 400 SSD reads (1.7 MB), read p50 148 us p99 1660 us, blocked 9.844 ms total (submit 0.227 ms), cache 400/1048576 rows, SSD kept awake by 1 reads (slowest 4.4 ms)
strata serve: expert tiers: GPU 169 hits this request; since the start RAM 11102 blobs, files 0 blobs 0.0 MB read
strata serve: prompt 26 tokens = 25 reused + 1 read in 0 ms (43478.3 tok/s), 1 generated in 30 ms (32.9 tok/s), drafts accepted 0 of 0, 1 checkpoints
strata serve: decode expert cache hit rate: 100.0% (164 hits / 164 lookups); 316 more read by the GPU over PCIe or from another GPU (65.8% of all 480 routed)
strata serve: resident RAM: 63.28 GiB of experts in RAM, 0 exchanged with the VRAM tier, 0 blob reads from the file
safetensors residency metrics: ram_bytes=67948118016 os_locked_bytes=0 cuda_pinned_bytes=67948118016 promotions=0 promoted_payload_bytes=0 expert_file_bytes=0 (cumulative; payload is not a physical PCIe counter)
safetensors ngram metrics: ple io: 416 rows, 1.9% row-cache hits, 408 SSD reads (1.8 MB), read p50 148 us p99 1660 us, blocked 9.939 ms total (submit 0.235 ms), cache 408/1048576 rows, SSD kept awake by 1 reads (slowest 4.4 ms)
strata serve: expert tiers: GPU 164 hits this request; since the start RAM 11418 blobs, files 0 blobs 0.0 MB read
strata serve: prompt 27 tokens = 26 reused + 1 read in 0 ms (63291.1 tok/s), 1 generated in 29 ms (34.2 tok/s), drafts accepted 0 of 0, 1 checkpoints
strata serve: decode expert cache hit rate: 100.0% (183 hits / 183 lookups); 297 more read by the GPU over PCIe or from another GPU (61.9% of all 480 routed)
strata serve: resident RAM: 63.28 GiB of experts in RAM, 0 exchanged with the VRAM tier, 0 blob reads from the file
safetensors residency metrics: ram_bytes=67948118016 os_locked_bytes=0 cuda_pinned_bytes=67948118016 promotions=0 promoted_payload_bytes=0 expert_file_bytes=0 (cumulative; payload is not a physical PCIe counter)
safetensors ngram metrics: ple io: 432 rows, 5.6% row-cache hits, 408 SSD reads (1.8 MB), read p50 148 us p99 1660 us, blocked 9.939 ms total (submit 0.235 ms), cache 408/1048576 rows, SSD kept awake by 1 reads (slowest 4.4 ms)
strata serve: expert tiers: GPU 183 hits this request; since the start RAM 11715 blobs, files 0 blobs 0.0 MB read
strata serve: prompt 28 tokens = 27 reused + 1 read in 0 ms (51020.4 tok/s), 1 generated in 26 ms (37.7 tok/s), drafts accepted 0 of 0, 1 checkpoints
strata serve: decode expert cache hit rate: 100.0% (233 hits / 233 lookups); 247 more read by the GPU over PCIe or from another GPU (51.5% of all 480 routed)
strata serve: resident RAM: 63.28 GiB of experts in RAM, 0 exchanged with the VRAM tier, 0 blob reads from the file
safetensors residency metrics: ram_bytes=67948118016 os_locked_bytes=0 cuda_pinned_bytes=67948118016 promotions=0 promoted_payload_bytes=0 expert_file_bytes=0 (cumulative; payload is not a physical PCIe counter)
safetensors ngram metrics: ple io: 448 rows, 8.9% row-cache hits, 408 SSD reads (1.8 MB), read p50 148 us p99 1660 us, blocked 9.939 ms total (submit 0.235 ms), cache 408/1048576 rows, SSD kept awake by 1 reads (slowest 4.4 ms)
strata serve: expert tiers: GPU 233 hits this request; since the start RAM 11962 blobs, files 0 blobs 0.0 MB read
strata serve: prompt 29 tokens = 28 reused + 1 read in 0 ms (64935.1 tok/s), 1 generated in 26 ms (39.2 tok/s), drafts accepted 0 of 0, 1 checkpoints
strata serve: decode expert cache hit rate: 100.0% (250 hits / 250 lookups); 230 more read by the GPU over PCIe or from another GPU (47.9% of all 480 routed)
strata serve: resident RAM: 63.28 GiB of experts in RAM, 0 exchanged with the VRAM tier, 0 blob reads from the file
safetensors residency metrics: ram_bytes=67948118016 os_locked_bytes=0 cuda_pinned_bytes=67948118016 promotions=0 promoted_payload_bytes=0 expert_file_bytes=0 (cumulative; payload is not a physical PCIe counter)
safetensors ngram metrics: ple io: 464 rows, 8.6% row-cache hits, 424 SSD reads (1.8 MB), read p50 148 us p99 1660 us, blocked 10.030 ms total (submit 0.249 ms), cache 424/1048576 rows, SSD kept awake by 1 reads (slowest 4.4 ms)
strata serve: expert tiers: GPU 250 hits this request; since the start RAM 12192 blobs, files 0 blobs 0.0 MB read
strata serve: prompt 30 tokens = 29 reused + 1 read in 0 ms (64935.1 tok/s), 1 generated in 28 ms (36.0 tok/s), drafts accepted 0 of 0, 1 checkpoints
strata serve: decode expert cache hit rate: 100.0% (211 hits / 211 lookups); 269 more read by the GPU over PCIe or from another GPU (56.0% of all 480 routed)
strata serve: resident RAM: 63.28 GiB of experts in RAM, 0 exchanged with the VRAM tier, 0 blob reads from the file
safetensors residency metrics: ram_bytes=67948118016 os_locked_bytes=0 cuda_pinned_bytes=67948118016 promotions=0 promoted_payload_bytes=0 expert_file_bytes=0 (cumulative; payload is not a physical PCIe counter)
safetensors ngram metrics: ple io: 480 rows, 8.3% row-cache hits, 440 SSD reads (1.9 MB), read p50 147 us p99 1660 us, blocked 10.106 ms total (submit 0.264 ms), cache 440/1048576 rows, SSD kept awake by 1 reads (slowest 4.4 ms)
strata serve: expert tiers: GPU 211 hits this request; since the start RAM 12461 blobs, files 0 blobs 0.0 MB read
strata serve: prompt 31 tokens = 30 reused + 1 read in 0 ms (50251.3 tok/s), 1 generated in 28 ms (35.4 tok/s), drafts accepted 0 of 0, 1 checkpoints
strata serve: decode expert cache hit rate: 100.0% (201 hits / 201 lookups); 279 more read by the GPU over PCIe or from another GPU (58.1% of all 480 routed)
strata serve: resident RAM: 63.28 GiB of experts in RAM, 0 exchanged with the VRAM tier, 0 blob reads from the file
safetensors residency metrics: ram_bytes=67948118016 os_locked_bytes=0 cuda_pinned_bytes=67948118016 promotions=0 promoted_payload_bytes=0 expert_file_bytes=0 (cumulative; payload is not a physical PCIe counter)
safetensors ngram metrics: ple io: 496 rows, 8.1% row-cache hits, 456 SSD reads (2.0 MB), read p50 146 us p99 1448 us, blocked 10.145 ms total (submit 0.275 ms), cache 456/1048576 rows, SSD kept awake by 1 reads (slowest 4.4 ms)
strata serve: expert tiers: GPU 201 hits this request; since the start RAM 12740 blobs, files 0 blobs 0.0 MB read
strata serve: prompt 32 tokens = 31 reused + 1 read in 0 ms (54644.8 tok/s), 1 generated in 25 ms (39.3 tok/s), drafts accepted 0 of 0, 1 checkpoints
strata serve: decode expert cache hit rate: 100.0% (252 hits / 252 lookups); 228 more read by the GPU over PCIe or from another GPU (47.5% of all 480 routed)
strata serve: resident RAM: 63.28 GiB of experts in RAM, 0 exchanged with the VRAM tier, 0 blob reads from the file
safetensors residency metrics: ram_bytes=67948118016 os_locked_bytes=0 cuda_pinned_bytes=67948118016 promotions=0 promoted_payload_bytes=0 expert_file_bytes=0 (cumulative; payload is not a physical PCIe counter)
safetensors ngram metrics: ple io: 512 rows, 7.8% row-cache hits, 472 SSD reads (2.0 MB), read p50 146 us p99 1448 us, blocked 10.186 ms total (submit 0.286 ms), cache 472/1048576 rows, SSD kept awake by 1 reads (slowest 4.4 ms)
strata serve: expert tiers: GPU 252 hits this request; since the start RAM 12968 blobs, files 0 blobs 0.0 MB read
strata serve: prompt 33 tokens = 32 reused + 1 read in 0 ms (67114.1 tok/s), 1 generated in 29 ms (34.0 tok/s), drafts accepted 0 of 0, 1 checkpoints
strata serve: decode expert cache hit rate: 100.0% (180 hits / 180 lookups); 300 more read by the GPU over PCIe or from another GPU (62.5% of all 480 routed)
strata serve: resident RAM: 63.28 GiB of experts in RAM, 0 exchanged with the VRAM tier, 0 blob reads from the file
safetensors residency metrics: ram_bytes=67948118016 os_locked_bytes=0 cuda_pinned_bytes=67948118016 promotions=0 promoted_payload_bytes=0 expert_file_bytes=0 (cumulative; payload is not a physical PCIe counter)
safetensors ngram metrics: ple io: 528 rows, 7.6% row-cache hits, 488 SSD reads (2.1 MB), read p50 145 us p99 1448 us, blocked 10.220 ms total (submit 0.296 ms), cache 488/1048576 rows, SSD kept awake by 1 reads (slowest 4.4 ms)
strata serve: expert tiers: GPU 180 hits this request; since the start RAM 13268 blobs, files 0 blobs 0.0 MB read
strata serve: prompt 34 tokens = 33 reused + 1 read in 0 ms (67114.1 tok/s), 1 generated in 29 ms (34.8 tok/s), drafts accepted 0 of 0, 1 checkpoints
strata serve: decode expert cache hit rate: 100.0% (193 hits / 193 lookups); 287 more read by the GPU over PCIe or from another GPU (59.8% of all 480 routed)
strata serve: resident RAM: 63.28 GiB of experts in RAM, 0 exchanged with the VRAM tier, 0 blob reads from the file
safetensors residency metrics: ram_bytes=67948118016 os_locked_bytes=0 cuda_pinned_bytes=67948118016 promotions=0 promoted_payload_bytes=0 expert_file_bytes=0 (cumulative; payload is not a physical PCIe counter)
safetensors ngram metrics: ple io: 544 rows, 7.4% row-cache hits, 504 SSD reads (2.2 MB), read p50 146 us p99 1448 us, blocked 10.287 ms total (submit 0.305 ms), cache 504/1048576 rows, SSD kept awake by 1 reads (slowest 4.4 ms)
strata serve: expert tiers: GPU 193 hits this request; since the start RAM 13555 blobs, files 0 blobs 0.0 MB read
strata serve: prompt 35 tokens = 34 reused + 1 read in 0 ms (57803.5 tok/s), 1 generated in 30 ms (32.9 tok/s), drafts accepted 0 of 0, 1 checkpoints
strata serve: decode expert cache hit rate: 100.0% (163 hits / 163 lookups); 317 more read by the GPU over PCIe or from another GPU (66.0% of all 480 routed)
strata serve: resident RAM: 63.28 GiB of experts in RAM, 0 exchanged with the VRAM tier, 0 blob reads from the file
safetensors residency metrics: ram_bytes=67948118016 os_locked_bytes=0 cuda_pinned_bytes=67948118016 promotions=0 promoted_payload_bytes=0 expert_file_bytes=0 (cumulative; payload is not a physical PCIe counter)
safetensors ngram metrics: ple io: 560 rows, 7.1% row-cache hits, 520 SSD reads (2.2 MB), read p50 146 us p99 1448 us, blocked 10.352 ms total (submit 0.315 ms), cache 520/1048576 rows, SSD kept awake by 1 reads (slowest 4.4 ms)
strata serve: expert tiers: GPU 163 hits this request; since the start RAM 13872 blobs, files 0 blobs 0.0 MB read
strata serve: prompt 36 tokens = 35 reused + 1 read in 0 ms (65359.5 tok/s), 1 generated in 28 ms (35.1 tok/s), drafts accepted 0 of 0, 1 checkpoints
strata serve: decode expert cache hit rate: 100.0% (199 hits / 199 lookups); 281 more read by the GPU over PCIe or from another GPU (58.5% of all 480 routed)
strata serve: resident RAM: 63.28 GiB of experts in RAM, 0 exchanged with the VRAM tier, 0 blob reads from the file
safetensors residency metrics: ram_bytes=67948118016 os_locked_bytes=0 cuda_pinned_bytes=67948118016 promotions=0 promoted_payload_bytes=0 expert_file_bytes=0 (cumulative; payload is not a physical PCIe counter)
safetensors ngram metrics: ple io: 576 rows, 6.9% row-cache hits, 536 SSD reads (2.3 MB), read p50 145 us p99 1448 us, blocked 10.423 ms total (submit 0.324 ms), cache 536/1048576 rows, SSD kept awake by 1 reads (slowest 4.4 ms)
strata serve: expert tiers: GPU 199 hits this request; since the start RAM 14153 blobs, files 0 blobs 0.0 MB read
strata serve: prompt 37 tokens = 36 reused + 1 read in 0 ms (63694.3 tok/s), 1 generated in 25 ms (40.2 tok/s), drafts accepted 0 of 0, 1 checkpoints
strata serve: decode expert cache hit rate: 100.0% (265 hits / 265 lookups); 215 more read by the GPU over PCIe or from another GPU (44.8% of all 480 routed)
strata serve: resident RAM: 63.28 GiB of experts in RAM, 0 exchanged with the VRAM tier, 0 blob reads from the file
safetensors residency metrics: ram_bytes=67948118016 os_locked_bytes=0 cuda_pinned_bytes=67948118016 promotions=0 promoted_payload_bytes=0 expert_file_bytes=0 (cumulative; payload is not a physical PCIe counter)
safetensors ngram metrics: ple io: 592 rows, 6.8% row-cache hits, 552 SSD reads (2.4 MB), read p50 144 us p99 1158 us, blocked 10.447 ms total (submit 0.343 ms), cache 552/1048576 rows, SSD kept awake by 1 reads (slowest 4.4 ms)
strata serve: expert tiers: GPU 265 hits this request; since the start RAM 14368 blobs, files 0 blobs 0.0 MB read
strata serve: prompt 38 tokens = 37 reused + 1 read in 0 ms (21459.2 tok/s), 1 generated in 22 ms (46.3 tok/s), drafts accepted 0 of 0, 1 checkpoints
strata serve: decode expert cache hit rate: 100.0% (322 hits / 322 lookups); 158 more read by the GPU over PCIe or from another GPU (32.9% of all 480 routed)
strata serve: resident RAM: 63.28 GiB of experts in RAM, 0 exchanged with the VRAM tier, 0 blob reads from the file
safetensors residency metrics: ram_bytes=67948118016 os_locked_bytes=0 cuda_pinned_bytes=67948118016 promotions=0 promoted_payload_bytes=0 expert_file_bytes=0 (cumulative; payload is not a physical PCIe counter)
safetensors ngram metrics: ple io: 608 rows, 6.6% row-cache hits, 568 SSD reads (2.4 MB), read p50 144 us p99 1158 us, blocked 10.505 ms total (submit 0.351 ms), cache 568/1048576 rows, SSD kept awake by 1 reads (slowest 4.4 ms)
strata serve: expert tiers: GPU 322 hits this request; since the start RAM 14526 blobs, files 0 blobs 0.0 MB read
strata serve: prompt 39 tokens = 38 reused + 1 read in 0 ms (60241.0 tok/s), 1 generated in 33 ms (30.2 tok/s), drafts accepted 0 of 0, 1 checkpoints
strata serve: decode expert cache hit rate: 100.0% (286 hits / 286 lookups); 194 more read by the GPU over PCIe or from another GPU (40.4% of all 480 routed)
strata serve: resident RAM: 63.28 GiB of experts in RAM, 0 exchanged with the VRAM tier, 0 blob reads from the file
safetensors residency metrics: ram_bytes=67948118016 os_locked_bytes=0 cuda_pinned_bytes=67948118016 promotions=0 promoted_payload_bytes=0 expert_file_bytes=0 (cumulative; payload is not a physical PCIe counter)
safetensors ngram metrics: ple io: 624 rows, 6.4% row-cache hits, 584 SSD reads (2.5 MB), read p50 143 us p99 1158 us, blocked 10.505 ms total (submit 0.362 ms), cache 584/1048576 rows, SSD kept awake by 1 reads (slowest 4.4 ms)
strata serve: expert tiers: GPU 286 hits this request; since the start RAM 14720 blobs, files 0 blobs 0.0 MB read
strata serve: prompt 40 tokens = 39 reused + 1 read in 0 ms (61728.4 tok/s), 1 generated in 24 ms (42.3 tok/s), drafts accepted 0 of 0, 1 checkpoints
strata serve: decode expert cache hit rate: 100.0% (287 hits / 287 lookups); 193 more read by the GPU over PCIe or from another GPU (40.2% of all 480 routed)
strata serve: resident RAM: 63.28 GiB of experts in RAM, 0 exchanged with the VRAM tier, 0 blob reads from the file
safetensors residency metrics: ram_bytes=67948118016 os_locked_bytes=0 cuda_pinned_bytes=67948118016 promotions=0 promoted_payload_bytes=0 expert_file_bytes=0 (cumulative; payload is not a physical PCIe counter)
safetensors ngram metrics: ple io: 640 rows, 6.2% row-cache hits, 600 SSD reads (2.6 MB), read p50 142 us p99 1158 us, blocked 10.575 ms total (submit 0.377 ms), cache 600/1048576 rows, SSD kept awake by 1 reads (slowest 4.4 ms)
strata serve: expert tiers: GPU 287 hits this request; since the start RAM 14913 blobs, files 0 blobs 0.0 MB read
strata serve: prompt 41 tokens = 40 reused + 1 read in 0 ms (63694.3 tok/s), 1 generated in 28 ms (36.1 tok/s), drafts accepted 0 of 0, 1 checkpoints
strata serve: decode expert cache hit rate: 100.0% (233 hits / 233 lookups); 247 more read by the GPU over PCIe or from another GPU (51.5% of all 480 routed)
strata serve: resident RAM: 63.28 GiB of experts in RAM, 0 exchanged with the VRAM tier, 0 blob reads from the file
safetensors residency metrics: ram_bytes=67948118016 os_locked_bytes=0 cuda_pinned_bytes=67948118016 promotions=0 promoted_payload_bytes=0 expert_file_bytes=0 (cumulative; payload is not a physical PCIe counter)
safetensors ngram metrics: ple io: 656 rows, 6.1% row-cache hits, 616 SSD reads (2.6 MB), read p50 142 us p99 1448 us, blocked 12.073 ms total (submit 0.394 ms), cache 616/1048576 rows, SSD kept awake by 1 reads (slowest 4.4 ms)
strata serve: expert tiers: GPU 233 hits this request; since the start RAM 15160 blobs, files 0 blobs 0.0 MB read
strata serve: prompt 42 tokens = 41 reused + 1 read in 0 ms (64935.1 tok/s), 1 generated in 28 ms (35.4 tok/s), drafts accepted 0 of 0, 1 checkpoints
strata serve: decode expert cache hit rate: 100.0% (204 hits / 204 lookups); 276 more read by the GPU over PCIe or from another GPU (57.5% of all 480 routed)
strata serve: resident RAM: 63.28 GiB of experts in RAM, 0 exchanged with the VRAM tier, 0 blob reads from the file
safetensors residency metrics: ram_bytes=67948118016 os_locked_bytes=0 cuda_pinned_bytes=67948118016 promotions=0 promoted_payload_bytes=0 expert_file_bytes=0 (cumulative; payload is not a physical PCIe counter)
safetensors ngram metrics: ple io: 672 rows, 6.0% row-cache hits, 632 SSD reads (2.7 MB), read p50 142 us p99 1448 us, blocked 12.095 ms total (submit 0.409 ms), cache 632/1048576 rows, SSD kept awake by 1 reads (slowest 4.4 ms)
strata serve: expert tiers: GPU 204 hits this request; since the start RAM 15436 blobs, files 0 blobs 0.0 MB read
strata serve: prompt 43 tokens = 42 reused + 1 read in 0 ms (38167.9 tok/s), 1 generated in 29 ms (34.1 tok/s), drafts accepted 0 of 0, 1 checkpoints
strata serve: decode expert cache hit rate: 100.0% (189 hits / 189 lookups); 291 more read by the GPU over PCIe or from another GPU (60.6% of all 480 routed)
strata serve: resident RAM: 63.28 GiB of experts in RAM, 0 exchanged with the VRAM tier, 0 blob reads from the file
safetensors residency metrics: ram_bytes=67948118016 os_locked_bytes=0 cuda_pinned_bytes=67948118016 promotions=0 promoted_payload_bytes=0 expert_file_bytes=0 (cumulative; payload is not a physical PCIe counter)
safetensors ngram metrics: ple io: 688 rows, 5.8% row-cache hits, 648 SSD reads (2.8 MB), read p50 141 us p99 1448 us, blocked 12.107 ms total (submit 0.417 ms), cache 648/1048576 rows, SSD kept awake by 1 reads (slowest 4.4 ms)
strata serve: expert tiers: GPU 189 hits this request; since the start RAM 15727 blobs, files 0 blobs 0.0 MB read
strata serve: prompt 44 tokens = 43 reused + 1 read in 0 ms (49505.0 tok/s), 1 generated in 25 ms (39.4 tok/s), drafts accepted 0 of 0, 1 checkpoints
strata serve: decode expert cache hit rate: 100.0% (255 hits / 255 lookups); 225 more read by the GPU over PCIe or from another GPU (46.9% of all 480 routed)
strata serve: resident RAM: 63.28 GiB of experts in RAM, 0 exchanged with the VRAM tier, 0 blob reads from the file
safetensors residency metrics: ram_bytes=67948118016 os_locked_bytes=0 cuda_pinned_bytes=67948118016 promotions=0 promoted_payload_bytes=0 expert_file_bytes=0 (cumulative; payload is not a physical PCIe counter)
safetensors ngram metrics: ple io: 704 rows, 5.7% row-cache hits, 664 SSD reads (2.8 MB), read p50 141 us p99 1158 us, blocked 12.140 ms total (submit 0.428 ms), cache 664/1048576 rows, SSD kept awake by 1 reads (slowest 4.4 ms)
strata serve: expert tiers: GPU 255 hits this request; since the start RAM 15952 blobs, files 0 blobs 0.0 MB read
strata serve: prompt 45 tokens = 44 reused + 1 read in 0 ms (53191.5 tok/s), 1 generated in 25 ms (39.3 tok/s), drafts accepted 0 of 0, 1 checkpoints
strata serve: decode expert cache hit rate: 100.0% (254 hits / 254 lookups); 226 more read by the GPU over PCIe or from another GPU (47.1% of all 480 routed)
strata serve: resident RAM: 63.28 GiB of experts in RAM, 0 exchanged with the VRAM tier, 0 blob reads from the file
safetensors residency metrics: ram_bytes=67948118016 os_locked_bytes=0 cuda_pinned_bytes=67948118016 promotions=0 promoted_payload_bytes=0 expert_file_bytes=0 (cumulative; payload is not a physical PCIe counter)
safetensors ngram metrics: ple io: 720 rows, 5.6% row-cache hits, 680 SSD reads (2.9 MB), read p50 141 us p99 1158 us, blocked 12.228 ms total (submit 0.435 ms), cache 680/1048576 rows, SSD kept awake by 1 reads (slowest 4.4 ms)
strata serve: expert tiers: GPU 254 hits this request; since the start RAM 16178 blobs, files 0 blobs 0.0 MB read
strata serve: prompt 46 tokens = 45 reused + 1 read in 0 ms (42918.5 tok/s), 1 generated in 26 ms (38.9 tok/s), drafts accepted 0 of 0, 1 checkpoints
strata serve: decode expert cache hit rate: 100.0% (252 hits / 252 lookups); 228 more read by the GPU over PCIe or from another GPU (47.5% of all 480 routed)
strata serve: resident RAM: 63.28 GiB of experts in RAM, 0 exchanged with the VRAM tier, 0 blob reads from the file
safetensors residency metrics: ram_bytes=67948118016 os_locked_bytes=0 cuda_pinned_bytes=67948118016 promotions=0 promoted_payload_bytes=0 expert_file_bytes=0 (cumulative; payload is not a physical PCIe counter)
safetensors ngram metrics: ple io: 736 rows, 5.4% row-cache hits, 696 SSD reads (3.0 MB), read p50 140 us p99 1158 us, blocked 12.259 ms total (submit 0.444 ms), cache 696/1048576 rows, SSD kept awake by 1 reads (slowest 4.4 ms)
strata serve: expert tiers: GPU 252 hits this request; since the start RAM 16406 blobs, files 0 blobs 0.0 MB read
strata serve: prompt 47 tokens = 46 reused + 1 read in 0 ms (54644.8 tok/s), 1 generated in 26 ms (39.0 tok/s), drafts accepted 0 of 0, 1 checkpoints
strata serve: decode expert cache hit rate: 100.0% (252 hits / 252 lookups); 228 more read by the GPU over PCIe or from another GPU (47.5% of all 480 routed)
strata serve: resident RAM: 63.28 GiB of experts in RAM, 0 exchanged with the VRAM tier, 0 blob reads from the file
safetensors residency metrics: ram_bytes=67948118016 os_locked_bytes=0 cuda_pinned_bytes=67948118016 promotions=0 promoted_payload_bytes=0 expert_file_bytes=0 (cumulative; payload is not a physical PCIe counter)
safetensors ngram metrics: ple io: 752 rows, 5.3% row-cache hits, 712 SSD reads (3.0 MB), read p50 139 us p99 1158 us, blocked 12.273 ms total (submit 0.452 ms), cache 712/1048576 rows, SSD kept awake by 1 reads (slowest 4.4 ms)
strata serve: expert tiers: GPU 252 hits this request; since the start RAM 16634 blobs, files 0 blobs 0.0 MB read
strata serve: prompt 48 tokens = 47 reused + 1 read in 0 ms (55865.9 tok/s), 1 generated in 24 ms (41.1 tok/s), drafts accepted 0 of 0, 1 checkpoints
strata serve: decode expert cache hit rate: 100.0% (277 hits / 277 lookups); 203 more read by the GPU over PCIe or from another GPU (42.3% of all 480 routed)
strata serve: resident RAM: 63.28 GiB of experts in RAM, 0 exchanged with the VRAM tier, 0 blob reads from the file
safetensors residency metrics: ram_bytes=67948118016 os_locked_bytes=0 cuda_pinned_bytes=67948118016 promotions=0 promoted_payload_bytes=0 expert_file_bytes=0 (cumulative; payload is not a physical PCIe counter)
safetensors ngram metrics: ple io: 768 rows, 5.2% row-cache hits, 728 SSD reads (3.1 MB), read p50 138 us p99 1158 us, blocked 12.667 ms total (submit 0.460 ms), cache 728/1048576 rows, SSD kept awake by 1 reads (slowest 4.4 ms)
strata serve: expert tiers: GPU 277 hits this request; since the start RAM 16837 blobs, files 0 blobs 0.0 MB read
strata serve: prompt 49 tokens = 48 reused + 1 read in 0 ms (54945.1 tok/s), 1 generated in 25 ms (39.8 tok/s), drafts accepted 0 of 0, 1 checkpoints
strata serve: decode expert cache hit rate: 100.0% (261 hits / 261 lookups); 219 more read by the GPU over PCIe or from another GPU (45.6% of all 480 routed)
strata serve: resident RAM: 63.28 GiB of experts in RAM, 0 exchanged with the VRAM tier, 0 blob reads from the file
safetensors residency metrics: ram_bytes=67948118016 os_locked_bytes=0 cuda_pinned_bytes=67948118016 promotions=0 promoted_payload_bytes=0 expert_file_bytes=0 (cumulative; payload is not a physical PCIe counter)
safetensors ngram metrics: ple io: 784 rows, 5.1% row-cache hits, 744 SSD reads (3.2 MB), read p50 138 us p99 1158 us, blocked 12.686 ms total (submit 0.468 ms), cache 744/1048576 rows, SSD kept awake by 1 reads (slowest 4.4 ms)
strata serve: expert tiers: GPU 261 hits this request; since the start RAM 17056 blobs, files 0 blobs 0.0 MB read
strata serve: prompt 50 tokens = 49 reused + 1 read in 0 ms (43478.3 tok/s), 1 generated in 27 ms (37.5 tok/s), drafts accepted 0 of 0, 1 checkpoints
strata serve: decode expert cache hit rate: 100.0% (234 hits / 234 lookups); 246 more read by the GPU over PCIe or from another GPU (51.2% of all 480 routed)
strata serve: resident RAM: 63.28 GiB of experts in RAM, 0 exchanged with the VRAM tier, 0 blob reads from the file
safetensors residency metrics: ram_bytes=67948118016 os_locked_bytes=0 cuda_pinned_bytes=67948118016 promotions=0 promoted_payload_bytes=0 expert_file_bytes=0 (cumulative; payload is not a physical PCIe counter)
safetensors ngram metrics: ple io: 800 rows, 5.0% row-cache hits, 760 SSD reads (3.2 MB), read p50 137 us p99 613 us, blocked 12.767 ms total (submit 0.476 ms), cache 760/1048576 rows, SSD kept awake by 1 reads (slowest 4.4 ms)
strata serve: expert tiers: GPU 234 hits this request; since the start RAM 17302 blobs, files 0 blobs 0.0 MB read
strata serve: prompt 51 tokens = 50 reused + 1 read in 0 ms (55555.6 tok/s), 1 generated in 27 ms (37.0 tok/s), drafts accepted 0 of 0, 1 checkpoints
strata serve: decode expert cache hit rate: 100.0% (228 hits / 228 lookups); 252 more read by the GPU over PCIe or from another GPU (52.5% of all 480 routed)
strata serve: resident RAM: 63.28 GiB of experts in RAM, 0 exchanged with the VRAM tier, 0 blob reads from the file
safetensors residency metrics: ram_bytes=67948118016 os_locked_bytes=0 cuda_pinned_bytes=67948118016 promotions=0 promoted_payload_bytes=0 expert_file_bytes=0 (cumulative; payload is not a physical PCIe counter)
safetensors ngram metrics: ple io: 816 rows, 4.9% row-cache hits, 776 SSD reads (3.3 MB), read p50 137 us p99 613 us, blocked 12.823 ms total (submit 0.483 ms), cache 776/1048576 rows, SSD kept awake by 1 reads (slowest 4.4 ms)
strata serve: expert tiers: GPU 228 hits this request; since the start RAM 17554 blobs, files 0 blobs 0.0 MB read
strata serve: prompt 52 tokens = 51 reused + 1 read in 0 ms (56179.8 tok/s), 1 generated in 31 ms (32.8 tok/s), drafts accepted 0 of 0, 1 checkpoints
strata serve: decode expert cache hit rate: 100.0% (167 hits / 167 lookups); 313 more read by the GPU over PCIe or from another GPU (65.2% of all 480 routed)
strata serve: resident RAM: 63.28 GiB of experts in RAM, 0 exchanged with the VRAM tier, 0 blob reads from the file
safetensors residency metrics: ram_bytes=67948118016 os_locked_bytes=0 cuda_pinned_bytes=67948118016 promotions=0 promoted_payload_bytes=0 expert_file_bytes=0 (cumulative; payload is not a physical PCIe counter)
safetensors ngram metrics: ple io: 832 rows, 4.8% row-cache hits, 792 SSD reads (3.4 MB), read p50 136 us p99 613 us, blocked 12.861 ms total (submit 0.491 ms), cache 792/1048576 rows, SSD kept awake by 1 reads (slowest 4.4 ms)
strata serve: expert tiers: GPU 167 hits this request; since the start RAM 17867 blobs, files 0 blobs 0.0 MB read
strata serve: prompt 53 tokens = 52 reused + 1 read in 0 ms (58139.5 tok/s), 1 generated in 26 ms (38.8 tok/s), drafts accepted 0 of 0, 1 checkpoints
strata serve: decode expert cache hit rate: 100.0% (251 hits / 251 lookups); 229 more read by the GPU over PCIe or from another GPU (47.7% of all 480 routed)
strata serve: resident RAM: 63.28 GiB of experts in RAM, 0 exchanged with the VRAM tier, 0 blob reads from the file
safetensors residency metrics: ram_bytes=67948118016 os_locked_bytes=0 cuda_pinned_bytes=67948118016 promotions=0 promoted_payload_bytes=0 expert_file_bytes=0 (cumulative; payload is not a physical PCIe counter)
safetensors ngram metrics: ple io: 848 rows, 4.7% row-cache hits, 808 SSD reads (3.4 MB), read p50 135 us p99 613 us, blocked 12.890 ms total (submit 0.501 ms), cache 808/1048576 rows, SSD kept awake by 1 reads (slowest 4.4 ms)
strata serve: expert tiers: GPU 251 hits this request; since the start RAM 18096 blobs, files 0 blobs 0.0 MB read
strata serve: prompt 54 tokens = 53 reused + 1 read in 0 ms (54054.1 tok/s), 1 generated in 23 ms (44.0 tok/s), drafts accepted 0 of 0, 1 checkpoints
strata serve: decode expert cache hit rate: 100.0% (306 hits / 306 lookups); 174 more read by the GPU over PCIe or from another GPU (36.2% of all 480 routed)
strata serve: resident RAM: 63.28 GiB of experts in RAM, 0 exchanged with the VRAM tier, 0 blob reads from the file
safetensors residency metrics: ram_bytes=67948118016 os_locked_bytes=0 cuda_pinned_bytes=67948118016 promotions=0 promoted_payload_bytes=0 expert_file_bytes=0 (cumulative; payload is not a physical PCIe counter)
safetensors ngram metrics: ple io: 864 rows, 4.6% row-cache hits, 824 SSD reads (3.5 MB), read p50 136 us p99 613 us, blocked 12.928 ms total (submit 0.512 ms), cache 824/1048576 rows, SSD kept awake by 1 reads (slowest 4.4 ms)
strata serve: expert tiers: GPU 306 hits this request; since the start RAM 18270 blobs, files 0 blobs 0.0 MB read
strata serve: prompt 55 tokens = 54 reused + 1 read in 0 ms (51282.1 tok/s), 1 generated in 25 ms (39.4 tok/s), drafts accepted 0 of 0, 1 checkpoints
strata serve: decode expert cache hit rate: 100.0% (261 hits / 261 lookups); 219 more read by the GPU over PCIe or from another GPU (45.6% of all 480 routed)
strata serve: resident RAM: 63.28 GiB of experts in RAM, 0 exchanged with the VRAM tier, 0 blob reads from the file
safetensors residency metrics: ram_bytes=67948118016 os_locked_bytes=0 cuda_pinned_bytes=67948118016 promotions=0 promoted_payload_bytes=0 expert_file_bytes=0 (cumulative; payload is not a physical PCIe counter)
safetensors ngram metrics: ple io: 880 rows, 4.5% row-cache hits, 840 SSD reads (3.6 MB), read p50 135 us p99 613 us, blocked 12.951 ms total (submit 0.529 ms), cache 840/1048576 rows, SSD kept awake by 1 reads (slowest 4.4 ms)
strata serve: expert tiers: GPU 261 hits this request; since the start RAM 18489 blobs, files 0 blobs 0.0 MB read
strata serve: prompt 56 tokens = 55 reused + 1 read in 0 ms (48309.2 tok/s), 1 generated in 29 ms (35.0 tok/s), drafts accepted 0 of 0, 1 checkpoints
strata serve: decode expert cache hit rate: 100.0% (201 hits / 201 lookups); 279 more read by the GPU over PCIe or from another GPU (58.1% of all 480 routed)
strata serve: resident RAM: 63.28 GiB of experts in RAM, 0 exchanged with the VRAM tier, 0 blob reads from the file
safetensors residency metrics: ram_bytes=67948118016 os_locked_bytes=0 cuda_pinned_bytes=67948118016 promotions=0 promoted_payload_bytes=0 expert_file_bytes=0 (cumulative; payload is not a physical PCIe counter)
safetensors ngram metrics: ple io: 896 rows, 4.5% row-cache hits, 856 SSD reads (3.6 MB), read p50 135 us p99 594 us, blocked 12.975 ms total (submit 0.537 ms), cache 856/1048576 rows, SSD kept awake by 1 reads (slowest 4.4 ms)
strata serve: expert tiers: GPU 201 hits this request; since the start RAM 18768 blobs, files 0 blobs 0.0 MB read
strata serve: prompt 57 tokens = 56 reused + 1 read in 0 ms (56497.2 tok/s), 1 generated in 26 ms (38.3 tok/s), drafts accepted 0 of 0, 1 checkpoints
strata serve: decode expert cache hit rate: 100.0% (247 hits / 247 lookups); 233 more read by the GPU over PCIe or from another GPU (48.5% of all 480 routed)
strata serve: resident RAM: 63.28 GiB of experts in RAM, 0 exchanged with the VRAM tier, 0 blob reads from the file
safetensors residency metrics: ram_bytes=67948118016 os_locked_bytes=0 cuda_pinned_bytes=67948118016 promotions=0 promoted_payload_bytes=0 expert_file_bytes=0 (cumulative; payload is not a physical PCIe counter)
safetensors ngram metrics: ple io: 912 rows, 4.4% row-cache hits, 872 SSD reads (3.7 MB), read p50 135 us p99 594 us, blocked 13.015 ms total (submit 0.547 ms), cache 872/1048576 rows, SSD kept awake by 1 reads (slowest 4.4 ms)
strata serve: expert tiers: GPU 247 hits this request; since the start RAM 19001 blobs, files 0 blobs 0.0 MB read
strata serve: prompt 58 tokens = 57 reused + 1 read in 0 ms (39062.5 tok/s), 1 generated in 28 ms (36.3 tok/s), drafts accepted 0 of 0, 1 checkpoints
strata serve: decode expert cache hit rate: 100.0% (223 hits / 223 lookups); 257 more read by the GPU over PCIe or from another GPU (53.5% of all 480 routed)
strata serve: resident RAM: 63.28 GiB of experts in RAM, 0 exchanged with the VRAM tier, 0 blob reads from the file
safetensors residency metrics: ram_bytes=67948118016 os_locked_bytes=0 cuda_pinned_bytes=67948118016 promotions=0 promoted_payload_bytes=0 expert_file_bytes=0 (cumulative; payload is not a physical PCIe counter)
safetensors ngram metrics: ple io: 928 rows, 4.3% row-cache hits, 888 SSD reads (3.8 MB), read p50 135 us p99 594 us, blocked 13.082 ms total (submit 0.555 ms), cache 888/1048576 rows, SSD kept awake by 1 reads (slowest 4.4 ms)
strata serve: expert tiers: GPU 223 hits this request; since the start RAM 19258 blobs, files 0 blobs 0.0 MB read
strata serve: prompt 59 tokens = 58 reused + 1 read in 0 ms (46948.4 tok/s), 1 generated in 24 ms (41.3 tok/s), drafts accepted 0 of 0, 1 checkpoints
strata serve: decode expert cache hit rate: 100.0% (281 hits / 281 lookups); 199 more read by the GPU over PCIe or from another GPU (41.5% of all 480 routed)
strata serve: resident RAM: 63.28 GiB of experts in RAM, 0 exchanged with the VRAM tier, 0 blob reads from the file
safetensors residency metrics: ram_bytes=67948118016 os_locked_bytes=0 cuda_pinned_bytes=67948118016 promotions=0 promoted_payload_bytes=0 expert_file_bytes=0 (cumulative; payload is not a physical PCIe counter)
safetensors ngram metrics: ple io: 944 rows, 4.2% row-cache hits, 904 SSD reads (3.8 MB), read p50 134 us p99 594 us, blocked 13.114 ms total (submit 0.564 ms), cache 904/1048576 rows, SSD kept awake by 1 reads (slowest 4.4 ms)
strata serve: expert tiers: GPU 281 hits this request; since the start RAM 19457 blobs, files 0 blobs 0.0 MB read
strata serve: prompt 60 tokens = 59 reused + 1 read in 0 ms (52083.3 tok/s), 1 generated in 27 ms (37.4 tok/s), drafts accepted 0 of 0, 1 checkpoints
strata serve: decode expert cache hit rate: 100.0% (235 hits / 235 lookups); 245 more read by the GPU over PCIe or from another GPU (51.0% of all 480 routed)
strata serve: resident RAM: 63.28 GiB of experts in RAM, 0 exchanged with the VRAM tier, 0 blob reads from the file
safetensors residency metrics: ram_bytes=67948118016 os_locked_bytes=0 cuda_pinned_bytes=67948118016 promotions=0 promoted_payload_bytes=0 expert_file_bytes=0 (cumulative; payload is not a physical PCIe counter)
safetensors ngram metrics: ple io: 960 rows, 4.2% row-cache hits, 920 SSD reads (3.9 MB), read p50 134 us p99 594 us, blocked 13.160 ms total (submit 0.571 ms), cache 920/1048576 rows, SSD kept awake by 1 reads (slowest 4.4 ms)
strata serve: expert tiers: GPU 235 hits this request; since the start RAM 19702 blobs, files 0 blobs 0.0 MB read
strata serve: prompt 61 tokens = 60 reused + 1 read in 0 ms (40485.8 tok/s), 1 generated in 29 ms (34.7 tok/s), drafts accepted 0 of 0, 1 checkpoints
strata serve: decode expert cache hit rate: 100.0% (197 hits / 197 lookups); 283 more read by the GPU over PCIe or from another GPU (59.0% of all 480 routed)
strata serve: resident RAM: 63.28 GiB of experts in RAM, 0 exchanged with the VRAM tier, 0 blob reads from the file
safetensors residency metrics: ram_bytes=67948118016 os_locked_bytes=0 cuda_pinned_bytes=67948118016 promotions=0 promoted_payload_bytes=0 expert_file_bytes=0 (cumulative; payload is not a physical PCIe counter)
safetensors ngram metrics: ple io: 976 rows, 4.1% row-cache hits, 936 SSD reads (4.0 MB), read p50 133 us p99 594 us, blocked 13.175 ms total (submit 0.579 ms), cache 936/1048576 rows, SSD kept awake by 1 reads (slowest 4.4 ms)
strata serve: expert tiers: GPU 197 hits this request; since the start RAM 19985 blobs, files 0 blobs 0.0 MB read
strata serve: prompt 62 tokens = 61 reused + 1 read in 0 ms (41841.0 tok/s), 1 generated in 30 ms (33.0 tok/s), drafts accepted 0 of 0, 1 checkpoints
strata serve: decode expert cache hit rate: 100.0% (170 hits / 170 lookups); 310 more read by the GPU over PCIe or from another GPU (64.6% of all 480 routed)
strata serve: resident RAM: 63.28 GiB of experts in RAM, 0 exchanged with the VRAM tier, 0 blob reads from the file
safetensors residency metrics: ram_bytes=67948118016 os_locked_bytes=0 cuda_pinned_bytes=67948118016 promotions=0 promoted_payload_bytes=0 expert_file_bytes=0 (cumulative; payload is not a physical PCIe counter)
safetensors ngram metrics: ple io: 992 rows, 4.0% row-cache hits, 952 SSD reads (4.0 MB), read p50 134 us p99 545 us, blocked 13.231 ms total (submit 0.592 ms), cache 952/1048576 rows, SSD kept awake by 1 reads (slowest 4.4 ms)
strata serve: expert tiers: GPU 170 hits this request; since the start RAM 20295 blobs, files 0 blobs 0.0 MB read
strata serve: prompt 63 tokens = 62 reused + 1 read in 0 ms (55248.6 tok/s), 1 generated in 29 ms (34.9 tok/s), drafts accepted 0 of 0, 1 checkpoints
strata serve: decode expert cache hit rate: 100.0% (199 hits / 199 lookups); 281 more read by the GPU over PCIe or from another GPU (58.5% of all 480 routed)
strata serve: resident RAM: 63.28 GiB of experts in RAM, 0 exchanged with the VRAM tier, 0 blob reads from the file
safetensors residency metrics: ram_bytes=67948118016 os_locked_bytes=0 cuda_pinned_bytes=67948118016 promotions=0 promoted_payload_bytes=0 expert_file_bytes=0 (cumulative; payload is not a physical PCIe counter)
safetensors ngram metrics: ple io: 1008 rows, 4.0% row-cache hits, 968 SSD reads (4.1 MB), read p50 134 us p99 545 us, blocked 13.311 ms total (submit 0.608 ms), cache 968/1048576 rows, SSD kept awake by 1 reads (slowest 4.4 ms)
strata serve: expert tiers: GPU 199 hits this request; since the start RAM 20576 blobs, files 0 blobs 0.0 MB read
strata serve: prompt 64 tokens = 63 reused + 1 read in 0 ms (54054.1 tok/s), 1 generated in 27 ms (37.2 tok/s), drafts accepted 0 of 0, 1 checkpoints
strata serve: decode expert cache hit rate: 100.0% (231 hits / 231 lookups); 249 more read by the GPU over PCIe or from another GPU (51.9% of all 480 routed)
strata serve: resident RAM: 63.28 GiB of experts in RAM, 0 exchanged with the VRAM tier, 0 blob reads from the file
safetensors residency metrics: ram_bytes=67948118016 os_locked_bytes=0 cuda_pinned_bytes=67948118016 promotions=0 promoted_payload_bytes=0 expert_file_bytes=0 (cumulative; payload is not a physical PCIe counter)
safetensors ngram metrics: ple io: 1024 rows, 3.9% row-cache hits, 984 SSD reads (4.2 MB), read p50 134 us p99 545 us, blocked 13.366 ms total (submit 0.619 ms), cache 984/1048576 rows, SSD kept awake by 1 reads (slowest 4.4 ms)
strata serve: expert tiers: GPU 231 hits this request; since the start RAM 20825 blobs, files 0 blobs 0.0 MB read
strata serve: prompt 65 tokens = 64 reused + 1 read in 0 ms (39525.7 tok/s), 1 generated in 22 ms (45.5 tok/s), drafts accepted 0 of 0, 1 checkpoints
strata serve: decode expert cache hit rate: 100.0% (319 hits / 319 lookups); 161 more read by the GPU over PCIe or from another GPU (33.5% of all 480 routed)
strata serve: resident RAM: 63.28 GiB of experts in RAM, 0 exchanged with the VRAM tier, 0 blob reads from the file
safetensors residency metrics: ram_bytes=67948118016 os_locked_bytes=0 cuda_pinned_bytes=67948118016 promotions=0 promoted_payload_bytes=0 expert_file_bytes=0 (cumulative; payload is not a physical PCIe counter)
safetensors ngram metrics: ple io: 1040 rows, 3.8% row-cache hits, 1000 SSD reads (4.3 MB), read p50 134 us p99 545 us, blocked 13.459 ms total (submit 0.629 ms), cache 1000/1048576 rows, SSD kept awake by 1 reads (slowest 4.4 ms)
strata serve: expert tiers: GPU 319 hits this request; since the start RAM 20986 blobs, files 0 blobs 0.0 MB read
strata serve: prompt 66 tokens = 65 reused + 1 read in 0 ms (54945.1 tok/s), 1 generated in 27 ms (37.5 tok/s), drafts accepted 0 of 0, 1 checkpoints
strata serve: decode expert cache hit rate: 100.0% (235 hits / 235 lookups); 245 more read by the GPU over PCIe or from another GPU (51.0% of all 480 routed)
strata serve: resident RAM: 63.28 GiB of experts in RAM, 0 exchanged with the VRAM tier, 0 blob reads from the file
safetensors residency metrics: ram_bytes=67948118016 os_locked_bytes=0 cuda_pinned_bytes=67948118016 promotions=0 promoted_payload_bytes=0 expert_file_bytes=0 (cumulative; payload is not a physical PCIe counter)
safetensors ngram metrics: ple io: 1056 rows, 3.8% row-cache hits, 1016 SSD reads (4.3 MB), read p50 134 us p99 545 us, blocked 13.479 ms total (submit 0.638 ms), cache 1016/1048576 rows, SSD kept awake by 1 reads (slowest 4.4 ms)
strata serve: expert tiers: GPU 235 hits this request; since the start RAM 21231 blobs, files 0 blobs 0.0 MB read
strata serve: prompt 67 tokens = 66 reused + 1 read in 0 ms (55865.9 tok/s), 1 generated in 25 ms (39.9 tok/s), drafts accepted 0 of 0, 1 checkpoints
strata serve: decode expert cache hit rate: 100.0% (263 hits / 263 lookups); 217 more read by the GPU over PCIe or from another GPU (45.2% of all 480 routed)
strata serve: resident RAM: 63.28 GiB of experts in RAM, 0 exchanged with the VRAM tier, 0 blob reads from the file
safetensors residency metrics: ram_bytes=67948118016 os_locked_bytes=0 cuda_pinned_bytes=67948118016 promotions=0 promoted_payload_bytes=0 expert_file_bytes=0 (cumulative; payload is not a physical PCIe counter)
safetensors ngram metrics: ple io: 1072 rows, 3.7% row-cache hits, 1032 SSD reads (4.4 MB), read p50 134 us p99 545 us, blocked 13.501 ms total (submit 0.646 ms), cache 1032/1048576 rows, SSD kept awake by 1 reads (slowest 4.4 ms)
strata serve: expert tiers: GPU 263 hits this request; since the start RAM 21448 blobs, files 0 blobs 0.0 MB read
strata serve: prompt 68 tokens = 67 reused + 1 read in 0 ms (54644.8 tok/s), 1 generated in 28 ms (35.7 tok/s), drafts accepted 0 of 0, 1 checkpoints
strata serve: decode expert cache hit rate: 100.0% (210 hits / 210 lookups); 270 more read by the GPU over PCIe or from another GPU (56.2% of all 480 routed)
strata serve: resident RAM: 63.28 GiB of experts in RAM, 0 exchanged with the VRAM tier, 0 blob reads from the file
safetensors residency metrics: ram_bytes=67948118016 os_locked_bytes=0 cuda_pinned_bytes=67948118016 promotions=0 promoted_payload_bytes=0 expert_file_bytes=0 (cumulative; payload is not a physical PCIe counter)
safetensors ngram metrics: ple io: 1088 rows, 3.7% row-cache hits, 1048 SSD reads (4.5 MB), read p50 133 us p99 545 us, blocked 13.520 ms total (submit 0.654 ms), cache 1048/1048576 rows, SSD kept awake by 1 reads (slowest 4.4 ms)
strata serve: expert tiers: GPU 210 hits this request; since the start RAM 21718 blobs, files 0 blobs 0.0 MB read
strata serve: prompt 69 tokens = 68 reused + 1 read in 0 ms (42372.9 tok/s), 1 generated in 27 ms (36.8 tok/s), drafts accepted 0 of 0, 1 checkpoints
strata serve: decode expert cache hit rate: 100.0% (225 hits / 225 lookups); 255 more read by the GPU over PCIe or from another GPU (53.1% of all 480 routed)
strata serve: resident RAM: 63.28 GiB of experts in RAM, 0 exchanged with the VRAM tier, 0 blob reads from the file
safetensors residency metrics: ram_bytes=67948118016 os_locked_bytes=0 cuda_pinned_bytes=67948118016 promotions=0 promoted_payload_bytes=0 expert_file_bytes=0 (cumulative; payload is not a physical PCIe counter)
safetensors ngram metrics: ple io: 1104 rows, 3.6% row-cache hits, 1064 SSD reads (4.5 MB), read p50 133 us p99 545 us, blocked 13.543 ms total (submit 0.662 ms), cache 1064/1048576 rows, SSD kept awake by 1 reads (slowest 4.4 ms)
strata serve: expert tiers: GPU 225 hits this request; since the start RAM 21973 blobs, files 0 blobs 0.0 MB read
strata serve: prompt 70 tokens = 69 reused + 1 read in 0 ms (42194.1 tok/s), 1 generated in 27 ms (37.3 tok/s), drafts accepted 0 of 0, 1 checkpoints
strata serve: decode expert cache hit rate: 100.0% (232 hits / 232 lookups); 248 more read by the GPU over PCIe or from another GPU (51.7% of all 480 routed)
strata serve: resident RAM: 63.28 GiB of experts in RAM, 0 exchanged with the VRAM tier, 0 blob reads from the file
safetensors residency metrics: ram_bytes=67948118016 os_locked_bytes=0 cuda_pinned_bytes=67948118016 promotions=0 promoted_payload_bytes=0 expert_file_bytes=0 (cumulative; payload is not a physical PCIe counter)
safetensors ngram metrics: ple io: 1120 rows, 3.6% row-cache hits, 1080 SSD reads (4.6 MB), read p50 133 us p99 545 us, blocked 13.586 ms total (submit 0.672 ms), cache 1080/1048576 rows, SSD kept awake by 1 reads (slowest 4.4 ms)
strata serve: expert tiers: GPU 232 hits this request; since the start RAM 22221 blobs, files 0 blobs 0.0 MB read
strata serve: prompt 71 tokens = 70 reused + 1 read in 0 ms (56497.2 tok/s), 1 generated in 28 ms (36.3 tok/s), drafts accepted 0 of 0, 1 checkpoints
strata serve: decode expert cache hit rate: 100.0% (225 hits / 225 lookups); 255 more read by the GPU over PCIe or from another GPU (53.1% of all 480 routed)
strata serve: resident RAM: 63.28 GiB of experts in RAM, 0 exchanged with the VRAM tier, 0 blob reads from the file
safetensors residency metrics: ram_bytes=67948118016 os_locked_bytes=0 cuda_pinned_bytes=67948118016 promotions=0 promoted_payload_bytes=0 expert_file_bytes=0 (cumulative; payload is not a physical PCIe counter)
safetensors ngram metrics: ple io: 1136 rows, 3.5% row-cache hits, 1096 SSD reads (4.7 MB), read p50 133 us p99 545 us, blocked 13.651 ms total (submit 0.681 ms), cache 1096/1048576 rows, SSD kept awake by 1 reads (slowest 4.4 ms)
strata serve: expert tiers: GPU 225 hits this request; since the start RAM 22476 blobs, files 0 blobs 0.0 MB read
strata serve: prompt 72 tokens = 71 reused + 1 read in 0 ms (59523.8 tok/s), 1 generated in 26 ms (38.3 tok/s), drafts accepted 0 of 0, 1 checkpoints
strata serve: decode expert cache hit rate: 100.0% (244 hits / 244 lookups); 236 more read by the GPU over PCIe or from another GPU (49.2% of all 480 routed)
strata serve: resident RAM: 63.28 GiB of experts in RAM, 0 exchanged with the VRAM tier, 0 blob reads from the file
safetensors residency metrics: ram_bytes=67948118016 os_locked_bytes=0 cuda_pinned_bytes=67948118016 promotions=0 promoted_payload_bytes=0 expert_file_bytes=0 (cumulative; payload is not a physical PCIe counter)
safetensors ngram metrics: ple io: 1152 rows, 3.5% row-cache hits, 1112 SSD reads (4.8 MB), read p50 132 us p99 545 us, blocked 13.716 ms total (submit 0.695 ms), cache 1112/1048576 rows, SSD kept awake by 1 reads (slowest 4.4 ms)
strata serve: expert tiers: GPU 244 hits this request; since the start RAM 22712 blobs, files 0 blobs 0.0 MB read
strata serve: prompt 73 tokens = 72 reused + 1 read in 0 ms (65359.5 tok/s), 1 generated in 26 ms (38.9 tok/s), drafts accepted 0 of 0, 1 checkpoints
strata serve: decode expert cache hit rate: 100.0% (251 hits / 251 lookups); 229 more read by the GPU over PCIe or from another GPU (47.7% of all 480 routed)
strata serve: resident RAM: 63.28 GiB of experts in RAM, 0 exchanged with the VRAM tier, 0 blob reads from the file
safetensors residency metrics: ram_bytes=67948118016 os_locked_bytes=0 cuda_pinned_bytes=67948118016 promotions=0 promoted_payload_bytes=0 expert_file_bytes=0 (cumulative; payload is not a physical PCIe counter)
safetensors ngram metrics: ple io: 1168 rows, 3.4% row-cache hits, 1128 SSD reads (4.8 MB), read p50 132 us p99 545 us, blocked 13.763 ms total (submit 0.711 ms), cache 1128/1048576 rows, SSD kept awake by 1 reads (slowest 4.4 ms)
strata serve: expert tiers: GPU 251 hits this request; since the start RAM 22941 blobs, files 0 blobs 0.0 MB read
strata serve: prompt 74 tokens = 73 reused + 1 read in 0 ms (65359.5 tok/s), 1 generated in 31 ms (32.1 tok/s), drafts accepted 0 of 0, 1 checkpoints
strata serve: decode expert cache hit rate: 100.0% (154 hits / 154 lookups); 326 more read by the GPU over PCIe or from another GPU (67.9% of all 480 routed)
strata serve: resident RAM: 63.28 GiB of experts in RAM, 0 exchanged with the VRAM tier, 0 blob reads from the file
safetensors residency metrics: ram_bytes=67948118016 os_locked_bytes=0 cuda_pinned_bytes=67948118016 promotions=0 promoted_payload_bytes=0 expert_file_bytes=0 (cumulative; payload is not a physical PCIe counter)
safetensors ngram metrics: ple io: 1184 rows, 3.4% row-cache hits, 1144 SSD reads (4.9 MB), read p50 132 us p99 545 us, blocked 13.807 ms total (submit 0.725 ms), cache 1144/1048576 rows, SSD kept awake by 1 reads (slowest 4.4 ms)
strata serve: expert tiers: GPU 154 hits this request; since the start RAM 23267 blobs, files 0 blobs 0.0 MB read
strata serve: prompt 75 tokens = 74 reused + 1 read in 0 ms (62893.1 tok/s), 1 generated in 39 ms (25.9 tok/s), drafts accepted 0 of 0, 1 checkpoints
strata serve: decode expert cache hit rate: 100.0% (187 hits / 187 lookups); 293 more read by the GPU over PCIe or from another GPU (61.0% of all 480 routed)
strata serve: resident RAM: 63.28 GiB of experts in RAM, 0 exchanged with the VRAM tier, 0 blob reads from the file
safetensors residency metrics: ram_bytes=67948118016 os_locked_bytes=0 cuda_pinned_bytes=67948118016 promotions=0 promoted_payload_bytes=0 expert_file_bytes=0 (cumulative; payload is not a physical PCIe counter)
safetensors ngram metrics: ple io: 1200 rows, 3.3% row-cache hits, 1160 SSD reads (5.0 MB), read p50 132 us p99 517 us, blocked 13.820 ms total (submit 0.741 ms), cache 1160/1048576 rows, SSD kept awake by 1 reads (slowest 4.4 ms)
strata serve: expert tiers: GPU 187 hits this request; since the start RAM 23560 blobs, files 0 blobs 0.0 MB read
strata serve: prompt 76 tokens = 75 reused + 1 read in 0 ms (50505.1 tok/s), 1 generated in 27 ms (36.8 tok/s), drafts accepted 0 of 0, 1 checkpoints
strata serve: decode expert cache hit rate: 100.0% (227 hits / 227 lookups); 253 more read by the GPU over PCIe or from another GPU (52.7% of all 480 routed)
strata serve: resident RAM: 63.28 GiB of experts in RAM, 0 exchanged with the VRAM tier, 0 blob reads from the file
safetensors residency metrics: ram_bytes=67948118016 os_locked_bytes=0 cuda_pinned_bytes=67948118016 promotions=0 promoted_payload_bytes=0 expert_file_bytes=0 (cumulative; payload is not a physical PCIe counter)
safetensors ngram metrics: ple io: 1216 rows, 3.3% row-cache hits, 1176 SSD reads (5.0 MB), read p50 131 us p99 517 us, blocked 13.838 ms total (submit 0.748 ms), cache 1176/1048576 rows, SSD kept awake by 1 reads (slowest 4.4 ms)
strata serve: expert tiers: GPU 227 hits this request; since the start RAM 23813 blobs, files 0 blobs 0.0 MB read
strata serve: prompt 77 tokens = 76 reused + 1 read in 0 ms (50761.4 tok/s), 1 generated in 27 ms (36.8 tok/s), drafts accepted 0 of 0, 1 checkpoints
strata serve: decode expert cache hit rate: 100.0% (232 hits / 232 lookups); 248 more read by the GPU over PCIe or from another GPU (51.7% of all 480 routed)
strata serve: resident RAM: 63.28 GiB of experts in RAM, 0 exchanged with the VRAM tier, 0 blob reads from the file
safetensors residency metrics: ram_bytes=67948118016 os_locked_bytes=0 cuda_pinned_bytes=67948118016 promotions=0 promoted_payload_bytes=0 expert_file_bytes=0 (cumulative; payload is not a physical PCIe counter)
safetensors ngram metrics: ple io: 1232 rows, 3.2% row-cache hits, 1192 SSD reads (5.1 MB), read p50 131 us p99 517 us, blocked 13.865 ms total (submit 0.756 ms), cache 1192/1048576 rows, SSD kept awake by 1 reads (slowest 4.4 ms)
strata serve: expert tiers: GPU 232 hits this request; since the start RAM 24061 blobs, files 0 blobs 0.0 MB read
strata serve: prompt 78 tokens = 77 reused + 1 read in 0 ms (52910.1 tok/s), 1 generated in 26 ms (38.1 tok/s), drafts accepted 0 of 0, 1 checkpoints
strata serve: decode expert cache hit rate: 100.0% (245 hits / 245 lookups); 235 more read by the GPU over PCIe or from another GPU (49.0% of all 480 routed)
strata serve: resident RAM: 63.28 GiB of experts in RAM, 0 exchanged with the VRAM tier, 0 blob reads from the file
safetensors residency metrics: ram_bytes=67948118016 os_locked_bytes=0 cuda_pinned_bytes=67948118016 promotions=0 promoted_payload_bytes=0 expert_file_bytes=0 (cumulative; payload is not a physical PCIe counter)
safetensors ngram metrics: ple io: 1248 rows, 3.2% row-cache hits, 1208 SSD reads (5.2 MB), read p50 130 us p99 517 us, blocked 13.900 ms total (submit 0.766 ms), cache 1208/1048576 rows, SSD kept awake by 1 reads (slowest 4.4 ms)
strata serve: expert tiers: GPU 245 hits this request; since the start RAM 24296 blobs, files 0 blobs 0.0 MB read
strata serve: prompt 79 tokens = 78 reused + 1 read in 0 ms (52356.0 tok/s), 1 generated in 27 ms (36.6 tok/s), drafts accepted 0 of 0, 1 checkpoints
strata serve: decode expert cache hit rate: 100.0% (224 hits / 224 lookups); 256 more read by the GPU over PCIe or from another GPU (53.3% of all 480 routed)
strata serve: resident RAM: 63.28 GiB of experts in RAM, 0 exchanged with the VRAM tier, 0 blob reads from the file
safetensors residency metrics: ram_bytes=67948118016 os_locked_bytes=0 cuda_pinned_bytes=67948118016 promotions=0 promoted_payload_bytes=0 expert_file_bytes=0 (cumulative; payload is not a physical PCIe counter)
safetensors ngram metrics: ple io: 1264 rows, 3.2% row-cache hits, 1224 SSD reads (5.2 MB), read p50 130 us p99 517 us, blocked 13.941 ms total (submit 0.774 ms), cache 1224/1048576 rows, SSD kept awake by 1 reads (slowest 4.4 ms)
strata serve: expert tiers: GPU 224 hits this request; since the start RAM 24552 blobs, files 0 blobs 0.0 MB read
strata serve: prompt 80 tokens = 79 reused + 1 read in 0 ms (68027.2 tok/s), 1 generated in 27 ms (37.5 tok/s), drafts accepted 0 of 0, 1 checkpoints
strata serve: decode expert cache hit rate: 100.0% (234 hits / 234 lookups); 246 more read by the GPU over PCIe or from another GPU (51.2% of all 480 routed)
strata serve: resident RAM: 63.28 GiB of experts in RAM, 0 exchanged with the VRAM tier, 0 blob reads from the file
safetensors residency metrics: ram_bytes=67948118016 os_locked_bytes=0 cuda_pinned_bytes=67948118016 promotions=0 promoted_payload_bytes=0 expert_file_bytes=0 (cumulative; payload is not a physical PCIe counter)
safetensors ngram metrics: ple io: 1280 rows, 3.1% row-cache hits, 1240 SSD reads (5.3 MB), read p50 130 us p99 517 us, blocked 13.982 ms total (submit 0.790 ms), cache 1240/1048576 rows, SSD kept awake by 1 reads (slowest 4.4 ms)
strata serve: expert tiers: GPU 234 hits this request; since the start RAM 24798 blobs, files 0 blobs 0.0 MB read
strata serve: prompt 81 tokens = 80 reused + 1 read in 0 ms (65359.5 tok/s), 1 generated in 24 ms (41.5 tok/s), drafts accepted 0 of 0, 1 checkpoints
strata serve: decode expert cache hit rate: 100.0% (279 hits / 279 lookups); 201 more read by the GPU over PCIe or from another GPU (41.9% of all 480 routed)
strata serve: resident RAM: 63.28 GiB of experts in RAM, 0 exchanged with the VRAM tier, 0 blob reads from the file
safetensors residency metrics: ram_bytes=67948118016 os_locked_bytes=0 cuda_pinned_bytes=67948118016 promotions=0 promoted_payload_bytes=0 expert_file_bytes=0 (cumulative; payload is not a physical PCIe counter)
safetensors ngram metrics: ple io: 1296 rows, 3.1% row-cache hits, 1256 SSD reads (5.4 MB), read p50 130 us p99 493 us, blocked 14.024 ms total (submit 0.799 ms), cache 1256/1048576 rows, SSD kept awake by 1 reads (slowest 4.4 ms)
strata serve: expert tiers: GPU 279 hits this request; since the start RAM 24999 blobs, files 0 blobs 0.0 MB read
strata serve: prompt 82 tokens = 81 reused + 1 read in 0 ms (65789.5 tok/s), 1 generated in 23 ms (43.4 tok/s), drafts accepted 0 of 0, 1 checkpoints
strata serve: decode expert cache hit rate: 100.0% (299 hits / 299 lookups); 181 more read by the GPU over PCIe or from another GPU (37.7% of all 480 routed)
strata serve: resident RAM: 63.28 GiB of experts in RAM, 0 exchanged with the VRAM tier, 0 blob reads from the file
safetensors residency metrics: ram_bytes=67948118016 os_locked_bytes=0 cuda_pinned_bytes=67948118016 promotions=0 promoted_payload_bytes=0 expert_file_bytes=0 (cumulative; payload is not a physical PCIe counter)
safetensors ngram metrics: ple io: 1312 rows, 3.0% row-cache hits, 1272 SSD reads (5.4 MB), read p50 130 us p99 493 us, blocked 14.072 ms total (submit 0.814 ms), cache 1272/1048576 rows, SSD kept awake by 1 reads (slowest 4.4 ms)
strata serve: expert tiers: GPU 299 hits this request; since the start RAM 25180 blobs, files 0 blobs 0.0 MB read
strata serve: prompt 83 tokens = 82 reused + 1 read in 0 ms (69444.4 tok/s), 1 generated in 26 ms (38.4 tok/s), drafts accepted 0 of 0, 1 checkpoints
strata serve: decode expert cache hit rate: 100.0% (246 hits / 246 lookups); 234 more read by the GPU over PCIe or from another GPU (48.8% of all 480 routed)
strata serve: resident RAM: 63.28 GiB of experts in RAM, 0 exchanged with the VRAM tier, 0 blob reads from the file
safetensors residency metrics: ram_bytes=67948118016 os_locked_bytes=0 cuda_pinned_bytes=67948118016 promotions=0 promoted_payload_bytes=0 expert_file_bytes=0 (cumulative; payload is not a physical PCIe counter)
safetensors ngram metrics: ple io: 1328 rows, 3.0% row-cache hits, 1288 SSD reads (5.5 MB), read p50 130 us p99 493 us, blocked 14.115 ms total (submit 0.822 ms), cache 1288/1048576 rows, SSD kept awake by 1 reads (slowest 4.4 ms)
strata serve: expert tiers: GPU 246 hits this request; since the start RAM 25414 blobs, files 0 blobs 0.0 MB read
strata serve: prompt 84 tokens = 83 reused + 1 read in 0 ms (54347.8 tok/s), 1 generated in 26 ms (38.0 tok/s), drafts accepted 0 of 0, 1 checkpoints
strata serve: decode expert cache hit rate: 100.0% (241 hits / 241 lookups); 239 more read by the GPU over PCIe or from another GPU (49.8% of all 480 routed)
strata serve: resident RAM: 63.28 GiB of experts in RAM, 0 exchanged with the VRAM tier, 0 blob reads from the file
safetensors residency metrics: ram_bytes=67948118016 os_locked_bytes=0 cuda_pinned_bytes=67948118016 promotions=0 promoted_payload_bytes=0 expert_file_bytes=0 (cumulative; payload is not a physical PCIe counter)
safetensors ngram metrics: ple io: 1344 rows, 3.0% row-cache hits, 1304 SSD reads (5.6 MB), read p50 130 us p99 493 us, blocked 14.152 ms total (submit 0.829 ms), cache 1304/1048576 rows, SSD kept awake by 1 reads (slowest 4.4 ms)
strata serve: expert tiers: GPU 241 hits this request; since the start RAM 25653 blobs, files 0 blobs 0.0 MB read
strata serve: prompt 85 tokens = 84 reused + 1 read in 0 ms (67114.1 tok/s), 1 generated in 28 ms (35.2 tok/s), drafts accepted 0 of 0, 1 checkpoints
strata serve: decode expert cache hit rate: 100.0% (202 hits / 202 lookups); 278 more read by the GPU over PCIe or from another GPU (57.9% of all 480 routed)
strata serve: resident RAM: 63.28 GiB of experts in RAM, 0 exchanged with the VRAM tier, 0 blob reads from the file
safetensors residency metrics: ram_bytes=67948118016 os_locked_bytes=0 cuda_pinned_bytes=67948118016 promotions=0 promoted_payload_bytes=0 expert_file_bytes=0 (cumulative; payload is not a physical PCIe counter)
safetensors ngram metrics: ple io: 1360 rows, 2.9% row-cache hits, 1320 SSD reads (5.6 MB), read p50 130 us p99 493 us, blocked 14.187 ms total (submit 0.839 ms), cache 1320/1048576 rows, SSD kept awake by 1 reads (slowest 4.4 ms)
strata serve: expert tiers: GPU 202 hits this request; since the start RAM 25931 blobs, files 0 blobs 0.0 MB read
strata serve: prompt 86 tokens = 85 reused + 1 read in 0 ms (68027.2 tok/s), 1 generated in 25 ms (40.2 tok/s), drafts accepted 0 of 0, 1 checkpoints
strata serve: decode expert cache hit rate: 100.0% (268 hits / 268 lookups); 212 more read by the GPU over PCIe or from another GPU (44.2% of all 480 routed)
strata serve: resident RAM: 63.28 GiB of experts in RAM, 0 exchanged with the VRAM tier, 0 blob reads from the file
safetensors residency metrics: ram_bytes=67948118016 os_locked_bytes=0 cuda_pinned_bytes=67948118016 promotions=0 promoted_payload_bytes=0 expert_file_bytes=0 (cumulative; payload is not a physical PCIe counter)
safetensors ngram metrics: ple io: 1376 rows, 2.9% row-cache hits, 1336 SSD reads (5.7 MB), read p50 129 us p99 493 us, blocked 14.226 ms total (submit 0.851 ms), cache 1336/1048576 rows, SSD kept awake by 1 reads (slowest 4.4 ms)
strata serve: expert tiers: GPU 268 hits this request; since the start RAM 26143 blobs, files 0 blobs 0.0 MB read
strata serve: prompt 87 tokens = 86 reused + 1 read in 0 ms (68027.2 tok/s), 1 generated in 27 ms (36.7 tok/s), drafts accepted 0 of 0, 1 checkpoints
strata serve: decode expert cache hit rate: 100.0% (227 hits / 227 lookups); 253 more read by the GPU over PCIe or from another GPU (52.7% of all 480 routed)
strata serve: resident RAM: 63.28 GiB of experts in RAM, 0 exchanged with the VRAM tier, 0 blob reads from the file
safetensors residency metrics: ram_bytes=67948118016 os_locked_bytes=0 cuda_pinned_bytes=67948118016 promotions=0 promoted_payload_bytes=0 expert_file_bytes=0 (cumulative; payload is not a physical PCIe counter)
safetensors ngram metrics: ple io: 1392 rows, 2.9% row-cache hits, 1352 SSD reads (5.8 MB), read p50 129 us p99 271 us, blocked 14.268 ms total (submit 0.858 ms), cache 1352/1048576 rows, SSD kept awake by 1 reads (slowest 4.4 ms)
strata serve: expert tiers: GPU 227 hits this request; since the start RAM 26396 blobs, files 0 blobs 0.0 MB read
strata serve: prompt 88 tokens = 87 reused + 1 read in 0 ms (69930.1 tok/s), 1 generated in 29 ms (33.9 tok/s), drafts accepted 0 of 0, 1 checkpoints
strata serve: decode expert cache hit rate: 100.0% (182 hits / 182 lookups); 298 more read by the GPU over PCIe or from another GPU (62.1% of all 480 routed)
strata serve: resident RAM: 63.28 GiB of experts in RAM, 0 exchanged with the VRAM tier, 0 blob reads from the file
safetensors residency metrics: ram_bytes=67948118016 os_locked_bytes=0 cuda_pinned_bytes=67948118016 promotions=0 promoted_payload_bytes=0 expert_file_bytes=0 (cumulative; payload is not a physical PCIe counter)
safetensors ngram metrics: ple io: 1408 rows, 2.8% row-cache hits, 1368 SSD reads (5.8 MB), read p50 129 us p99 271 us, blocked 14.287 ms total (submit 0.867 ms), cache 1368/1048576 rows, SSD kept awake by 1 reads (slowest 4.4 ms)
strata serve: expert tiers: GPU 182 hits this request; since the start RAM 26694 blobs, files 0 blobs 0.0 MB read
strata serve: prompt 89 tokens = 88 reused + 1 read in 0 ms (46082.9 tok/s), 1 generated in 30 ms (33.0 tok/s), drafts accepted 0 of 0, 1 checkpoints
strata serve: decode expert cache hit rate: 100.0% (168 hits / 168 lookups); 312 more read by the GPU over PCIe or from another GPU (65.0% of all 480 routed)
strata serve: resident RAM: 63.28 GiB of experts in RAM, 0 exchanged with the VRAM tier, 0 blob reads from the file
safetensors residency metrics: ram_bytes=67948118016 os_locked_bytes=0 cuda_pinned_bytes=67948118016 promotions=0 promoted_payload_bytes=0 expert_file_bytes=0 (cumulative; payload is not a physical PCIe counter)
safetensors ngram metrics: ple io: 1424 rows, 2.8% row-cache hits, 1384 SSD reads (5.9 MB), read p50 129 us p99 271 us, blocked 14.322 ms total (submit 0.876 ms), cache 1384/1048576 rows, SSD kept awake by 1 reads (slowest 4.4 ms)
strata serve: expert tiers: GPU 168 hits this request; since the start RAM 27006 blobs, files 0 blobs 0.0 MB read
strata serve: prompt 90 tokens = 89 reused + 1 read in 0 ms (67567.6 tok/s), 1 generated in 26 ms (38.3 tok/s), drafts accepted 0 of 0, 1 checkpoints
strata serve: decode expert cache hit rate: 100.0% (245 hits / 245 lookups); 235 more read by the GPU over PCIe or from another GPU (49.0% of all 480 routed)
strata serve: resident RAM: 63.28 GiB of experts in RAM, 0 exchanged with the VRAM tier, 0 blob reads from the file
safetensors residency metrics: ram_bytes=67948118016 os_locked_bytes=0 cuda_pinned_bytes=67948118016 promotions=0 promoted_payload_bytes=0 expert_file_bytes=0 (cumulative; payload is not a physical PCIe counter)
safetensors ngram metrics: ple io: 1440 rows, 2.8% row-cache hits, 1400 SSD reads (6.0 MB), read p50 129 us p99 271 us, blocked 14.393 ms total (submit 0.883 ms), cache 1400/1048576 rows, SSD kept awake by 1 reads (slowest 4.4 ms)
strata serve: expert tiers: GPU 245 hits this request; since the start RAM 27241 blobs, files 0 blobs 0.0 MB read
strata serve: conversation cache: parked 90 tokens in 53.4 ms; parked=1 bytes=237535568 evictions=0 snapshot_bytes=237535568 reused_kv_bytes=0
strata serve: prompt 21 tokens = 0 reused + 21 read in 550 ms (38.2 tok/s), 1 generated in 28 ms (35.7 tok/s), drafts accepted 0 of 0, 1 checkpoints
strata serve: decode expert cache hit rate: 100.0% (207 hits / 207 lookups); 273 more read by the GPU over PCIe or from another GPU (56.9% of all 480 routed)
strata serve: resident RAM: 63.28 GiB of experts in RAM, 0 exchanged with the VRAM tier, 0 blob reads from the file
safetensors residency metrics: ram_bytes=67948118016 os_locked_bytes=0 cuda_pinned_bytes=67948118016 promotions=0 promoted_payload_bytes=0 expert_file_bytes=0 (cumulative; payload is not a physical PCIe counter)
safetensors ngram metrics: ple io: 1776 rows, 11.7% row-cache hits, 1568 SSD reads (6.7 MB), read p50 132 us p99 245 us, blocked 14.415 ms total (submit 0.989 ms), cache 1568/1048576 rows, SSD kept awake by 4 reads (slowest 4.4 ms)
strata serve: expert tiers: GPU 207 hits this request; since the start RAM 33254 blobs, files 0 blobs 0.0 MB read
strata serve: prompt 22 tokens = 21 reused + 1 read in 0 ms (62111.8 tok/s), 1 generated in 32 ms (31.1 tok/s), drafts accepted 0 of 0, 1 checkpoints
strata serve: decode expert cache hit rate: 100.0% (128 hits / 128 lookups); 352 more read by the GPU over PCIe or from another GPU (73.3% of all 480 routed)
strata serve: resident RAM: 63.28 GiB of experts in RAM, 0 exchanged with the VRAM tier, 0 blob reads from the file
safetensors residency metrics: ram_bytes=67948118016 os_locked_bytes=0 cuda_pinned_bytes=67948118016 promotions=0 promoted_payload_bytes=0 expert_file_bytes=0 (cumulative; payload is not a physical PCIe counter)
safetensors ngram metrics: ple io: 1792 rows, 11.6% row-cache hits, 1584 SSD reads (6.8 MB), read p50 132 us p99 245 us, blocked 14.547 ms total (submit 1.000 ms), cache 1584/1048576 rows, SSD kept awake by 4 reads (slowest 4.4 ms)
strata serve: expert tiers: GPU 128 hits this request; since the start RAM 33606 blobs, files 0 blobs 0.0 MB read
strata serve: prompt 23 tokens = 22 reused + 1 read in 0 ms (66225.2 tok/s), 1 generated in 40 ms (25.0 tok/s), drafts accepted 0 of 0, 1 checkpoints
strata serve: decode expert cache hit rate: 100.0% (156 hits / 156 lookups); 324 more read by the GPU over PCIe or from another GPU (67.5% of all 480 routed)
strata serve: resident RAM: 63.28 GiB of experts in RAM, 0 exchanged with the VRAM tier, 0 blob reads from the file
safetensors residency metrics: ram_bytes=67948118016 os_locked_bytes=0 cuda_pinned_bytes=67948118016 promotions=0 promoted_payload_bytes=0 expert_file_bytes=0 (cumulative; payload is not a physical PCIe counter)
safetensors ngram metrics: ple io: 1808 rows, 11.9% row-cache hits, 1592 SSD reads (6.8 MB), read p50 132 us p99 245 us, blocked 14.624 ms total (submit 1.014 ms), cache 1592/1048576 rows, SSD kept awake by 4 reads (slowest 4.4 ms)
strata serve: expert tiers: GPU 156 hits this request; since the start RAM 33930 blobs, files 0 blobs 0.0 MB read
strata serve: prompt 24 tokens = 23 reused + 1 read in 0 ms (62111.8 tok/s), 1 generated in 31 ms (32.3 tok/s), drafts accepted 0 of 0, 1 checkpoints
strata serve: decode expert cache hit rate: 100.0% (151 hits / 151 lookups); 329 more read by the GPU over PCIe or from another GPU (68.5% of all 480 routed)
strata serve: resident RAM: 63.28 GiB of experts in RAM, 0 exchanged with the VRAM tier, 0 blob reads from the file
safetensors residency metrics: ram_bytes=67948118016 os_locked_bytes=0 cuda_pinned_bytes=67948118016 promotions=0 promoted_payload_bytes=0 expert_file_bytes=0 (cumulative; payload is not a physical PCIe counter)
safetensors ngram metrics: ple io: 1824 rows, 11.8% row-cache hits, 1608 SSD reads (6.9 MB), read p50 132 us p99 245 us, blocked 14.625 ms total (submit 1.024 ms), cache 1608/1048576 rows, SSD kept awake by 4 reads (slowest 4.4 ms)
strata serve: expert tiers: GPU 151 hits this request; since the start RAM 34259 blobs, files 0 blobs 0.0 MB read
strata serve: prompt 25 tokens = 24 reused + 1 read in 0 ms (68493.2 tok/s), 1 generated in 32 ms (31.2 tok/s), drafts accepted 0 of 0, 1 checkpoints
strata serve: decode expert cache hit rate: 100.0% (129 hits / 129 lookups); 351 more read by the GPU over PCIe or from another GPU (73.1% of all 480 routed)
strata serve: resident RAM: 63.28 GiB of experts in RAM, 0 exchanged with the VRAM tier, 0 blob reads from the file
safetensors residency metrics: ram_bytes=67948118016 os_locked_bytes=0 cuda_pinned_bytes=67948118016 promotions=0 promoted_payload_bytes=0 expert_file_bytes=0 (cumulative; payload is not a physical PCIe counter)
safetensors ngram metrics: ple io: 1840 rows, 11.7% row-cache hits, 1624 SSD reads (6.9 MB), read p50 131 us p99 245 us, blocked 14.671 ms total (submit 1.040 ms), cache 1624/1048576 rows, SSD kept awake by 4 reads (slowest 4.4 ms)
strata serve: expert tiers: GPU 129 hits this request; since the start RAM 34610 blobs, files 0 blobs 0.0 MB read
strata serve: prompt 26 tokens = 25 reused + 1 read in 0 ms (11494.3 tok/s), 1 generated in 33 ms (30.5 tok/s), drafts accepted 0 of 0, 1 checkpoints
strata serve: decode expert cache hit rate: 100.0% (118 hits / 118 lookups); 362 more read by the GPU over PCIe or from another GPU (75.4% of all 480 routed)
strata serve: resident RAM: 63.28 GiB of experts in RAM, 0 exchanged with the VRAM tier, 0 blob reads from the file
safetensors residency metrics: ram_bytes=67948118016 os_locked_bytes=0 cuda_pinned_bytes=67948118016 promotions=0 promoted_payload_bytes=0 expert_file_bytes=0 (cumulative; payload is not a physical PCIe counter)
safetensors ngram metrics: ple io: 1856 rows, 11.6% row-cache hits, 1640 SSD reads (7.0 MB), read p50 131 us p99 245 us, blocked 14.703 ms total (submit 1.059 ms), cache 1640/1048576 rows, SSD kept awake by 4 reads (slowest 4.4 ms)
strata serve: expert tiers: GPU 118 hits this request; since the start RAM 34972 blobs, files 0 blobs 0.0 MB read
strata serve: prompt 27 tokens = 26 reused + 1 read in 0 ms (66225.2 tok/s), 1 generated in 26 ms (38.4 tok/s), drafts accepted 0 of 0, 1 checkpoints
strata serve: decode expert cache hit rate: 100.0% (239 hits / 239 lookups); 241 more read by the GPU over PCIe or from another GPU (50.2% of all 480 routed)
strata serve: resident RAM: 63.28 GiB of experts in RAM, 0 exchanged with the VRAM tier, 0 blob reads from the file
safetensors residency metrics: ram_bytes=67948118016 os_locked_bytes=0 cuda_pinned_bytes=67948118016 promotions=0 promoted_payload_bytes=0 expert_file_bytes=0 (cumulative; payload is not a physical PCIe counter)
safetensors ngram metrics: ple io: 1872 rows, 11.5% row-cache hits, 1656 SSD reads (7.1 MB), read p50 131 us p99 244 us, blocked 14.757 ms total (submit 1.073 ms), cache 1656/1048576 rows, SSD kept awake by 4 reads (slowest 4.4 ms)
strata serve: expert tiers: GPU 239 hits this request; since the start RAM 35213 blobs, files 0 blobs 0.0 MB read
strata serve: prompt 28 tokens = 27 reused + 1 read in 0 ms (65789.5 tok/s), 1 generated in 32 ms (31.3 tok/s), drafts accepted 0 of 0, 1 checkpoints
strata serve: decode expert cache hit rate: 100.0% (138 hits / 138 lookups); 342 more read by the GPU over PCIe or from another GPU (71.2% of all 480 routed)
strata serve: resident RAM: 63.28 GiB of experts in RAM, 0 exchanged with the VRAM tier, 0 blob reads from the file
safetensors residency metrics: ram_bytes=67948118016 os_locked_bytes=0 cuda_pinned_bytes=67948118016 promotions=0 promoted_payload_bytes=0 expert_file_bytes=0 (cumulative; payload is not a physical PCIe counter)
safetensors ngram metrics: ple io: 1888 rows, 11.4% row-cache hits, 1672 SSD reads (7.1 MB), read p50 130 us p99 244 us, blocked 14.777 ms total (submit 1.081 ms), cache 1672/1048576 rows, SSD kept awake by 4 reads (slowest 4.4 ms)
strata serve: expert tiers: GPU 138 hits this request; since the start RAM 35555 blobs, files 0 blobs 0.0 MB read
strata serve: prompt 29 tokens = 28 reused + 1 read in 0 ms (62500.0 tok/s), 1 generated in 34 ms (29.8 tok/s), drafts accepted 0 of 0, 1 checkpoints
strata serve: decode expert cache hit rate: 100.0% (103 hits / 103 lookups); 377 more read by the GPU over PCIe or from another GPU (78.5% of all 480 routed)
strata serve: resident RAM: 63.28 GiB of experts in RAM, 0 exchanged with the VRAM tier, 0 blob reads from the file
safetensors residency metrics: ram_bytes=67948118016 os_locked_bytes=0 cuda_pinned_bytes=67948118016 promotions=0 promoted_payload_bytes=0 expert_file_bytes=0 (cumulative; payload is not a physical PCIe counter)
safetensors ngram metrics: ple io: 1904 rows, 11.3% row-cache hits, 1688 SSD reads (7.2 MB), read p50 130 us p99 245 us, blocked 15.223 ms total (submit 1.089 ms), cache 1688/1048576 rows, SSD kept awake by 4 reads (slowest 4.4 ms)
strata serve: expert tiers: GPU 103 hits this request; since the start RAM 35932 blobs, files 0 blobs 0.0 MB read
strata serve: prompt 30 tokens = 29 reused + 1 read in 0 ms (64516.1 tok/s), 1 generated in 34 ms (29.2 tok/s), drafts accepted 0 of 0, 1 checkpoints
strata serve: decode expert cache hit rate: 100.0% (93 hits / 93 lookups); 387 more read by the GPU over PCIe or from another GPU (80.6% of all 480 routed)
strata serve: resident RAM: 63.28 GiB of experts in RAM, 0 exchanged with the VRAM tier, 0 blob reads from the file
safetensors residency metrics: ram_bytes=67948118016 os_locked_bytes=0 cuda_pinned_bytes=67948118016 promotions=0 promoted_payload_bytes=0 expert_file_bytes=0 (cumulative; payload is not a physical PCIe counter)
safetensors ngram metrics: ple io: 1920 rows, 11.2% row-cache hits, 1704 SSD reads (7.3 MB), read p50 130 us p99 245 us, blocked 15.273 ms total (submit 1.104 ms), cache 1704/1048576 rows, SSD kept awake by 4 reads (slowest 4.4 ms)
strata serve: expert tiers: GPU 93 hits this request; since the start RAM 36319 blobs, files 0 blobs 0.0 MB read
strata serve: prompt 31 tokens = 30 reused + 1 read in 0 ms (51546.4 tok/s), 1 generated in 35 ms (28.2 tok/s), drafts accepted 0 of 0, 1 checkpoints
strata serve: decode expert cache hit rate: 100.0% (73 hits / 73 lookups); 407 more read by the GPU over PCIe or from another GPU (84.8% of all 480 routed)
strata serve: resident RAM: 63.28 GiB of experts in RAM, 0 exchanged with the VRAM tier, 0 blob reads from the file
safetensors residency metrics: ram_bytes=67948118016 os_locked_bytes=0 cuda_pinned_bytes=67948118016 promotions=0 promoted_payload_bytes=0 expert_file_bytes=0 (cumulative; payload is not a physical PCIe counter)
safetensors ngram metrics: ple io: 1936 rows, 11.2% row-cache hits, 1720 SSD reads (7.3 MB), read p50 130 us p99 245 us, blocked 15.274 ms total (submit 1.113 ms), cache 1720/1048576 rows, SSD kept awake by 4 reads (slowest 4.4 ms)
strata serve: expert tiers: GPU 73 hits this request; since the start RAM 36726 blobs, files 0 blobs 0.0 MB read
strata serve: prompt 32 tokens = 31 reused + 1 read in 0 ms (66225.2 tok/s), 1 generated in 33 ms (30.3 tok/s), drafts accepted 0 of 0, 1 checkpoints
strata serve: decode expert cache hit rate: 100.0% (115 hits / 115 lookups); 365 more read by the GPU over PCIe or from another GPU (76.0% of all 480 routed)
strata serve: resident RAM: 63.28 GiB of experts in RAM, 0 exchanged with the VRAM tier, 0 blob reads from the file
safetensors residency metrics: ram_bytes=67948118016 os_locked_bytes=0 cuda_pinned_bytes=67948118016 promotions=0 promoted_payload_bytes=0 expert_file_bytes=0 (cumulative; payload is not a physical PCIe counter)
safetensors ngram metrics: ple io: 1952 rows, 11.1% row-cache hits, 1736 SSD reads (7.4 MB), read p50 130 us p99 245 us, blocked 15.333 ms total (submit 1.121 ms), cache 1736/1048576 rows, SSD kept awake by 4 reads (slowest 4.4 ms)
strata serve: expert tiers: GPU 115 hits this request; since the start RAM 37091 blobs, files 0 blobs 0.0 MB read
strata serve: prompt 33 tokens = 32 reused + 1 read in 0 ms (53763.4 tok/s), 1 generated in 33 ms (30.0 tok/s), drafts accepted 0 of 0, 1 checkpoints
strata serve: decode expert cache hit rate: 100.0% (110 hits / 110 lookups); 370 more read by the GPU over PCIe or from another GPU (77.1% of all 480 routed)
strata serve: resident RAM: 63.28 GiB of experts in RAM, 0 exchanged with the VRAM tier, 0 blob reads from the file
safetensors residency metrics: ram_bytes=67948118016 os_locked_bytes=0 cuda_pinned_bytes=67948118016 promotions=0 promoted_payload_bytes=0 expert_file_bytes=0 (cumulative; payload is not a physical PCIe counter)
safetensors ngram metrics: ple io: 1968 rows, 11.0% row-cache hits, 1752 SSD reads (7.5 MB), read p50 130 us p99 244 us, blocked 15.359 ms total (submit 1.135 ms), cache 1752/1048576 rows, SSD kept awake by 4 reads (slowest 4.4 ms)
strata serve: expert tiers: GPU 110 hits this request; since the start RAM 37461 blobs, files 0 blobs 0.0 MB read
strata serve: prompt 34 tokens = 33 reused + 1 read in 0 ms (49019.6 tok/s), 1 generated in 33 ms (30.0 tok/s), drafts accepted 0 of 0, 1 checkpoints
strata serve: decode expert cache hit rate: 100.0% (108 hits / 108 lookups); 372 more read by the GPU over PCIe or from another GPU (77.5% of all 480 routed)
strata serve: resident RAM: 63.28 GiB of experts in RAM, 0 exchanged with the VRAM tier, 0 blob reads from the file
safetensors residency metrics: ram_bytes=67948118016 os_locked_bytes=0 cuda_pinned_bytes=67948118016 promotions=0 promoted_payload_bytes=0 expert_file_bytes=0 (cumulative; payload is not a physical PCIe counter)
safetensors ngram metrics: ple io: 1984 rows, 10.9% row-cache hits, 1768 SSD reads (7.5 MB), read p50 130 us p99 244 us, blocked 15.466 ms total (submit 1.155 ms), cache 1768/1048576 rows, SSD kept awake by 4 reads (slowest 4.4 ms)
strata serve: expert tiers: GPU 108 hits this request; since the start RAM 37833 blobs, files 0 blobs 0.0 MB read
strata serve: prompt 35 tokens = 34 reused + 1 read in 0 ms (64516.1 tok/s), 1 generated in 35 ms (28.9 tok/s), drafts accepted 0 of 0, 1 checkpoints
strata serve: decode expert cache hit rate: 100.0% (87 hits / 87 lookups); 393 more read by the GPU over PCIe or from another GPU (81.9% of all 480 routed)
strata serve: resident RAM: 63.28 GiB of experts in RAM, 0 exchanged with the VRAM tier, 0 blob reads from the file
safetensors residency metrics: ram_bytes=67948118016 os_locked_bytes=0 cuda_pinned_bytes=67948118016 promotions=0 promoted_payload_bytes=0 expert_file_bytes=0 (cumulative; payload is not a physical PCIe counter)
safetensors ngram metrics: ple io: 2000 rows, 10.8% row-cache hits, 1784 SSD reads (7.6 MB), read p50 130 us p99 244 us, blocked 15.506 ms total (submit 1.170 ms), cache 1784/1048576 rows, SSD kept awake by 4 reads (slowest 4.4 ms)
strata serve: expert tiers: GPU 87 hits this request; since the start RAM 38226 blobs, files 0 blobs 0.0 MB read
strata serve: prompt 36 tokens = 35 reused + 1 read in 0 ms (62893.1 tok/s), 1 generated in 32 ms (31.3 tok/s), drafts accepted 0 of 0, 1 checkpoints
strata serve: decode expert cache hit rate: 100.0% (136 hits / 136 lookups); 344 more read by the GPU over PCIe or from another GPU (71.7% of all 480 routed)
strata serve: resident RAM: 63.28 GiB of experts in RAM, 0 exchanged with the VRAM tier, 0 blob reads from the file
safetensors residency metrics: ram_bytes=67948118016 os_locked_bytes=0 cuda_pinned_bytes=67948118016 promotions=0 promoted_payload_bytes=0 expert_file_bytes=0 (cumulative; payload is not a physical PCIe counter)
safetensors ngram metrics: ple io: 2016 rows, 10.7% row-cache hits, 1800 SSD reads (7.7 MB), read p50 130 us p99 531 us, blocked 15.970 ms total (submit 1.186 ms), cache 1800/1048576 rows, SSD kept awake by 4 reads (slowest 4.4 ms)
strata serve: expert tiers: GPU 136 hits this request; since the start RAM 38570 blobs, files 0 blobs 0.0 MB read
strata serve: prompt 37 tokens = 36 reused + 1 read in 0 ms (66666.7 tok/s), 1 generated in 35 ms (28.9 tok/s), drafts accepted 0 of 0, 1 checkpoints
strata serve: decode expert cache hit rate: 100.0% (87 hits / 87 lookups); 393 more read by the GPU over PCIe or from another GPU (81.9% of all 480 routed)
strata serve: resident RAM: 63.28 GiB of experts in RAM, 0 exchanged with the VRAM tier, 0 blob reads from the file
safetensors residency metrics: ram_bytes=67948118016 os_locked_bytes=0 cuda_pinned_bytes=67948118016 promotions=0 promoted_payload_bytes=0 expert_file_bytes=0 (cumulative; payload is not a physical PCIe counter)
safetensors ngram metrics: ple io: 2032 rows, 10.6% row-cache hits, 1816 SSD reads (7.7 MB), read p50 130 us p99 531 us, blocked 16.062 ms total (submit 1.203 ms), cache 1816/1048576 rows, SSD kept awake by 4 reads (slowest 4.4 ms)
strata serve: expert tiers: GPU 87 hits this request; since the start RAM 38963 blobs, files 0 blobs 0.0 MB read
strata serve: prompt 38 tokens = 37 reused + 1 read in 0 ms (48076.9 tok/s), 1 generated in 31 ms (32.0 tok/s), drafts accepted 0 of 0, 1 checkpoints
strata serve: decode expert cache hit rate: 100.0% (148 hits / 148 lookups); 332 more read by the GPU over PCIe or from another GPU (69.2% of all 480 routed)
strata serve: resident RAM: 63.28 GiB of experts in RAM, 0 exchanged with the VRAM tier, 0 blob reads from the file
safetensors residency metrics: ram_bytes=67948118016 os_locked_bytes=0 cuda_pinned_bytes=67948118016 promotions=0 promoted_payload_bytes=0 expert_file_bytes=0 (cumulative; payload is not a physical PCIe counter)
safetensors ngram metrics: ple io: 2048 rows, 10.5% row-cache hits, 1832 SSD reads (7.8 MB), read p50 130 us p99 531 us, blocked 16.074 ms total (submit 1.211 ms), cache 1832/1048576 rows, SSD kept awake by 4 reads (slowest 4.4 ms)
strata serve: expert tiers: GPU 148 hits this request; since the start RAM 39295 blobs, files 0 blobs 0.0 MB read
strata serve: prompt 39 tokens = 38 reused + 1 read in 0 ms (64102.6 tok/s), 1 generated in 33 ms (30.3 tok/s), drafts accepted 0 of 0, 1 checkpoints
strata serve: decode expert cache hit rate: 100.0% (116 hits / 116 lookups); 364 more read by the GPU over PCIe or from another GPU (75.8% of all 480 routed)
strata serve: resident RAM: 63.28 GiB of experts in RAM, 0 exchanged with the VRAM tier, 0 blob reads from the file
safetensors residency metrics: ram_bytes=67948118016 os_locked_bytes=0 cuda_pinned_bytes=67948118016 promotions=0 promoted_payload_bytes=0 expert_file_bytes=0 (cumulative; payload is not a physical PCIe counter)
safetensors ngram metrics: ple io: 2064 rows, 10.5% row-cache hits, 1848 SSD reads (7.9 MB), read p50 130 us p99 531 us, blocked 16.101 ms total (submit 1.221 ms), cache 1848/1048576 rows, SSD kept awake by 4 reads (slowest 4.4 ms)
strata serve: expert tiers: GPU 116 hits this request; since the start RAM 39659 blobs, files 0 blobs 0.0 MB read
strata serve: prompt 40 tokens = 39 reused + 1 read in 0 ms (51546.4 tok/s), 1 generated in 33 ms (30.1 tok/s), drafts accepted 0 of 0, 1 checkpoints
strata serve: decode expert cache hit rate: 100.0% (113 hits / 113 lookups); 367 more read by the GPU over PCIe or from another GPU (76.5% of all 480 routed)
strata serve: resident RAM: 63.28 GiB of experts in RAM, 0 exchanged with the VRAM tier, 0 blob reads from the file
safetensors residency metrics: ram_bytes=67948118016 os_locked_bytes=0 cuda_pinned_bytes=67948118016 promotions=0 promoted_payload_bytes=0 expert_file_bytes=0 (cumulative; payload is not a physical PCIe counter)
safetensors ngram metrics: ple io: 2080 rows, 10.4% row-cache hits, 1864 SSD reads (8.0 MB), read p50 130 us p99 531 us, blocked 16.133 ms total (submit 1.229 ms), cache 1864/1048576 rows, SSD kept awake by 4 reads (slowest 4.4 ms)
strata serve: expert tiers: GPU 113 hits this request; since the start RAM 40026 blobs, files 0 blobs 0.0 MB read
strata serve: prompt 41 tokens = 40 reused + 1 read in 0 ms (68965.5 tok/s), 1 generated in 34 ms (29.4 tok/s), drafts accepted 0 of 0, 1 checkpoints
strata serve: decode expert cache hit rate: 100.0% (100 hits / 100 lookups); 380 more read by the GPU over PCIe or from another GPU (79.2% of all 480 routed)
strata serve: resident RAM: 63.28 GiB of experts in RAM, 0 exchanged with the VRAM tier, 0 blob reads from the file
safetensors residency metrics: ram_bytes=67948118016 os_locked_bytes=0 cuda_pinned_bytes=67948118016 promotions=0 promoted_payload_bytes=0 expert_file_bytes=0 (cumulative; payload is not a physical PCIe counter)
safetensors ngram metrics: ple io: 2096 rows, 10.3% row-cache hits, 1880 SSD reads (8.0 MB), read p50 129 us p99 531 us, blocked 16.134 ms total (submit 1.236 ms), cache 1880/1048576 rows, SSD kept awake by 4 reads (slowest 4.4 ms)
strata serve: expert tiers: GPU 100 hits this request; since the start RAM 40406 blobs, files 0 blobs 0.0 MB read
strata serve: prompt 42 tokens = 41 reused + 1 read in 0 ms (19417.5 tok/s), 1 generated in 34 ms (29.2 tok/s), drafts accepted 0 of 0, 1 checkpoints
strata serve: decode expert cache hit rate: 100.0% (94 hits / 94 lookups); 386 more read by the GPU over PCIe or from another GPU (80.4% of all 480 routed)
strata serve: resident RAM: 63.28 GiB of experts in RAM, 0 exchanged with the VRAM tier, 0 blob reads from the file
safetensors residency metrics: ram_bytes=67948118016 os_locked_bytes=0 cuda_pinned_bytes=67948118016 promotions=0 promoted_payload_bytes=0 expert_file_bytes=0 (cumulative; payload is not a physical PCIe counter)
safetensors ngram metrics: ple io: 2112 rows, 10.2% row-cache hits, 1896 SSD reads (8.1 MB), read p50 129 us p99 531 us, blocked 16.163 ms total (submit 1.244 ms), cache 1896/1048576 rows, SSD kept awake by 4 reads (slowest 4.4 ms)
strata serve: expert tiers: GPU 94 hits this request; since the start RAM 40792 blobs, files 0 blobs 0.0 MB read
strata serve: prompt 43 tokens = 42 reused + 1 read in 0 ms (68965.5 tok/s), 1 generated in 34 ms (29.8 tok/s), drafts accepted 0 of 0, 1 checkpoints
strata serve: decode expert cache hit rate: 100.0% (104 hits / 104 lookups); 376 more read by the GPU over PCIe or from another GPU (78.3% of all 480 routed)
strata serve: resident RAM: 63.28 GiB of experts in RAM, 0 exchanged with the VRAM tier, 0 blob reads from the file
safetensors residency metrics: ram_bytes=67948118016 os_locked_bytes=0 cuda_pinned_bytes=67948118016 promotions=0 promoted_payload_bytes=0 expert_file_bytes=0 (cumulative; payload is not a physical PCIe counter)
safetensors ngram metrics: ple io: 2128 rows, 10.2% row-cache hits, 1912 SSD reads (8.2 MB), read p50 129 us p99 531 us, blocked 16.203 ms total (submit 1.256 ms), cache 1912/1048576 rows, SSD kept awake by 4 reads (slowest 4.4 ms)
strata serve: expert tiers: GPU 104 hits this request; since the start RAM 41168 blobs, files 0 blobs 0.0 MB read
strata serve: prompt 44 tokens = 43 reused + 1 read in 0 ms (52910.1 tok/s), 1 generated in 27 ms (37.3 tok/s), drafts accepted 0 of 0, 1 checkpoints
strata serve: decode expert cache hit rate: 100.0% (234 hits / 234 lookups); 246 more read by the GPU over PCIe or from another GPU (51.2% of all 480 routed)
strata serve: resident RAM: 63.28 GiB of experts in RAM, 0 exchanged with the VRAM tier, 0 blob reads from the file
safetensors residency metrics: ram_bytes=67948118016 os_locked_bytes=0 cuda_pinned_bytes=67948118016 promotions=0 promoted_payload_bytes=0 expert_file_bytes=0 (cumulative; payload is not a physical PCIe counter)
safetensors ngram metrics: ple io: 2144 rows, 10.1% row-cache hits, 1928 SSD reads (8.2 MB), read p50 129 us p99 531 us, blocked 16.260 ms total (submit 1.269 ms), cache 1928/1048576 rows, SSD kept awake by 4 reads (slowest 4.4 ms)
strata serve: expert tiers: GPU 234 hits this request; since the start RAM 41414 blobs, files 0 blobs 0.0 MB read
strata serve: prompt 45 tokens = 44 reused + 1 read in 0 ms (52910.1 tok/s), 1 generated in 33 ms (30.0 tok/s), drafts accepted 0 of 0, 1 checkpoints
strata serve: decode expert cache hit rate: 100.0% (111 hits / 111 lookups); 369 more read by the GPU over PCIe or from another GPU (76.9% of all 480 routed)
strata serve: resident RAM: 63.28 GiB of experts in RAM, 0 exchanged with the VRAM tier, 0 blob reads from the file
safetensors residency metrics: ram_bytes=67948118016 os_locked_bytes=0 cuda_pinned_bytes=67948118016 promotions=0 promoted_payload_bytes=0 expert_file_bytes=0 (cumulative; payload is not a physical PCIe counter)
safetensors ngram metrics: ple io: 2160 rows, 10.0% row-cache hits, 1944 SSD reads (8.3 MB), read p50 128 us p99 531 us, blocked 16.306 ms total (submit 1.282 ms), cache 1944/1048576 rows, SSD kept awake by 4 reads (slowest 4.4 ms)
strata serve: expert tiers: GPU 111 hits this request; since the start RAM 41783 blobs, files 0 blobs 0.0 MB read
strata serve: prompt 46 tokens = 45 reused + 1 read in 0 ms (66666.7 tok/s), 1 generated in 34 ms (29.4 tok/s), drafts accepted 0 of 0, 1 checkpoints
strata serve: decode expert cache hit rate: 100.0% (97 hits / 97 lookups); 383 more read by the GPU over PCIe or from another GPU (79.8% of all 480 routed)
strata serve: resident RAM: 63.28 GiB of experts in RAM, 0 exchanged with the VRAM tier, 0 blob reads from the file
safetensors residency metrics: ram_bytes=67948118016 os_locked_bytes=0 cuda_pinned_bytes=67948118016 promotions=0 promoted_payload_bytes=0 expert_file_bytes=0 (cumulative; payload is not a physical PCIe counter)
safetensors ngram metrics: ple io: 2176 rows, 9.9% row-cache hits, 1960 SSD reads (8.4 MB), read p50 128 us p99 530 us, blocked 16.334 ms total (submit 1.295 ms), cache 1960/1048576 rows, SSD kept awake by 4 reads (slowest 4.4 ms)
strata serve: expert tiers: GPU 97 hits this request; since the start RAM 42166 blobs, files 0 blobs 0.0 MB read
strata serve: prompt 47 tokens = 46 reused + 1 read in 0 ms (46948.4 tok/s), 1 generated in 34 ms (29.0 tok/s), drafts accepted 0 of 0, 1 checkpoints
strata serve: decode expert cache hit rate: 100.0% (97 hits / 97 lookups); 383 more read by the GPU over PCIe or from another GPU (79.8% of all 480 routed)
strata serve: resident RAM: 63.28 GiB of experts in RAM, 0 exchanged with the VRAM tier, 0 blob reads from the file
safetensors residency metrics: ram_bytes=67948118016 os_locked_bytes=0 cuda_pinned_bytes=67948118016 promotions=0 promoted_payload_bytes=0 expert_file_bytes=0 (cumulative; payload is not a physical PCIe counter)
safetensors ngram metrics: ple io: 2192 rows, 10.2% row-cache hits, 1968 SSD reads (8.4 MB), read p50 128 us p99 530 us, blocked 16.342 ms total (submit 1.304 ms), cache 1968/1048576 rows, SSD kept awake by 4 reads (slowest 4.4 ms)
strata serve: expert tiers: GPU 97 hits this request; since the start RAM 42549 blobs, files 0 blobs 0.0 MB read
strata serve: prompt 48 tokens = 47 reused + 1 read in 0 ms (67114.1 tok/s), 1 generated in 35 ms (28.9 tok/s), drafts accepted 0 of 0, 1 checkpoints
strata serve: decode expert cache hit rate: 100.0% (88 hits / 88 lookups); 392 more read by the GPU over PCIe or from another GPU (81.7% of all 480 routed)
strata serve: resident RAM: 63.28 GiB of experts in RAM, 0 exchanged with the VRAM tier, 0 blob reads from the file
safetensors residency metrics: ram_bytes=67948118016 os_locked_bytes=0 cuda_pinned_bytes=67948118016 promotions=0 promoted_payload_bytes=0 expert_file_bytes=0 (cumulative; payload is not a physical PCIe counter)
safetensors ngram metrics: ple io: 2208 rows, 10.1% row-cache hits, 1984 SSD reads (8.5 MB), read p50 128 us p99 530 us, blocked 16.430 ms total (submit 1.311 ms), cache 1984/1048576 rows, SSD kept awake by 4 reads (slowest 4.4 ms)
strata serve: expert tiers: GPU 88 hits this request; since the start RAM 42941 blobs, files 0 blobs 0.0 MB read
strata serve: prompt 49 tokens = 48 reused + 1 read in 0 ms (53763.4 tok/s), 1 generated in 35 ms (28.5 tok/s), drafts accepted 0 of 0, 1 checkpoints
strata serve: decode expert cache hit rate: 100.0% (80 hits / 80 lookups); 400 more read by the GPU over PCIe or from another GPU (83.3% of all 480 routed)
strata serve: resident RAM: 63.28 GiB of experts in RAM, 0 exchanged with the VRAM tier, 0 blob reads from the file
safetensors residency metrics: ram_bytes=67948118016 os_locked_bytes=0 cuda_pinned_bytes=67948118016 promotions=0 promoted_payload_bytes=0 expert_file_bytes=0 (cumulative; payload is not a physical PCIe counter)
safetensors ngram metrics: ple io: 2224 rows, 10.1% row-cache hits, 2000 SSD reads (8.5 MB), read p50 128 us p99 530 us, blocked 16.488 ms total (submit 1.324 ms), cache 2000/1048576 rows, SSD kept awake by 4 reads (slowest 4.4 ms)
strata serve: expert tiers: GPU 80 hits this request; since the start RAM 43341 blobs, files 0 blobs 0.0 MB read
strata serve: prompt 50 tokens = 49 reused + 1 read in 0 ms (51020.4 tok/s), 1 generated in 34 ms (29.1 tok/s), drafts accepted 0 of 0, 1 checkpoints
strata serve: decode expert cache hit rate: 100.0% (91 hits / 91 lookups); 389 more read by the GPU over PCIe or from another GPU (81.0% of all 480 routed)
strata serve: resident RAM: 63.28 GiB of experts in RAM, 0 exchanged with the VRAM tier, 0 blob reads from the file
safetensors residency metrics: ram_bytes=67948118016 os_locked_bytes=0 cuda_pinned_bytes=67948118016 promotions=0 promoted_payload_bytes=0 expert_file_bytes=0 (cumulative; payload is not a physical PCIe counter)
safetensors ngram metrics: ple io: 2240 rows, 10.0% row-cache hits, 2016 SSD reads (8.6 MB), read p50 128 us p99 530 us, blocked 16.516 ms total (submit 1.332 ms), cache 2016/1048576 rows, SSD kept awake by 4 reads (slowest 4.4 ms)
strata serve: expert tiers: GPU 91 hits this request; since the start RAM 43730 blobs, files 0 blobs 0.0 MB read
strata serve: prompt 51 tokens = 50 reused + 1 read in 0 ms (65789.5 tok/s), 1 generated in 34 ms (29.5 tok/s), drafts accepted 0 of 0, 1 checkpoints
strata serve: decode expert cache hit rate: 100.0% (100 hits / 100 lookups); 380 more read by the GPU over PCIe or from another GPU (79.2% of all 480 routed)
strata serve: resident RAM: 63.28 GiB of experts in RAM, 0 exchanged with the VRAM tier, 0 blob reads from the file
safetensors residency metrics: ram_bytes=67948118016 os_locked_bytes=0 cuda_pinned_bytes=67948118016 promotions=0 promoted_payload_bytes=0 expert_file_bytes=0 (cumulative; payload is not a physical PCIe counter)
safetensors ngram metrics: ple io: 2256 rows, 9.9% row-cache hits, 2032 SSD reads (8.7 MB), read p50 128 us p99 530 us, blocked 16.553 ms total (submit 1.339 ms), cache 2032/1048576 rows, SSD kept awake by 4 reads (slowest 4.4 ms)
strata serve: expert tiers: GPU 100 hits this request; since the start RAM 44110 blobs, files 0 blobs 0.0 MB read
strata serve: prompt 52 tokens = 51 reused + 1 read in 0 ms (54347.8 tok/s), 1 generated in 33 ms (30.1 tok/s), drafts accepted 0 of 0, 1 checkpoints
strata serve: decode expert cache hit rate: 100.0% (114 hits / 114 lookups); 366 more read by the GPU over PCIe or from another GPU (76.2% of all 480 routed)
strata serve: resident RAM: 63.28 GiB of experts in RAM, 0 exchanged with the VRAM tier, 0 blob reads from the file
safetensors residency metrics: ram_bytes=67948118016 os_locked_bytes=0 cuda_pinned_bytes=67948118016 promotions=0 promoted_payload_bytes=0 expert_file_bytes=0 (cumulative; payload is not a physical PCIe counter)
safetensors ngram metrics: ple io: 2272 rows, 9.9% row-cache hits, 2048 SSD reads (8.7 MB), read p50 128 us p99 530 us, blocked 16.598 ms total (submit 1.355 ms), cache 2048/1048576 rows, SSD kept awake by 4 reads (slowest 4.4 ms)
strata serve: expert tiers: GPU 114 hits this request; since the start RAM 44476 blobs, files 0 blobs 0.0 MB read
strata serve: prompt 53 tokens = 52 reused + 1 read in 0 ms (64935.1 tok/s), 1 generated in 34 ms (29.6 tok/s), drafts accepted 0 of 0, 1 checkpoints
strata serve: decode expert cache hit rate: 100.0% (103 hits / 103 lookups); 377 more read by the GPU over PCIe or from another GPU (78.5% of all 480 routed)
strata serve: resident RAM: 63.28 GiB of experts in RAM, 0 exchanged with the VRAM tier, 0 blob reads from the file
safetensors residency metrics: ram_bytes=67948118016 os_locked_bytes=0 cuda_pinned_bytes=67948118016 promotions=0 promoted_payload_bytes=0 expert_file_bytes=0 (cumulative; payload is not a physical PCIe counter)
safetensors ngram metrics: ple io: 2288 rows, 9.8% row-cache hits, 2064 SSD reads (8.8 MB), read p50 128 us p99 526 us, blocked 16.622 ms total (submit 1.364 ms), cache 2064/1048576 rows, SSD kept awake by 4 reads (slowest 4.4 ms)
strata serve: expert tiers: GPU 103 hits this request; since the start RAM 44853 blobs, files 0 blobs 0.0 MB read
strata serve: prompt 54 tokens = 53 reused + 1 read in 0 ms (47393.4 tok/s), 1 generated in 34 ms (29.6 tok/s), drafts accepted 0 of 0, 1 checkpoints
strata serve: decode expert cache hit rate: 100.0% (103 hits / 103 lookups); 377 more read by the GPU over PCIe or from another GPU (78.5% of all 480 routed)
strata serve: resident RAM: 63.28 GiB of experts in RAM, 0 exchanged with the VRAM tier, 0 blob reads from the file
safetensors residency metrics: ram_bytes=67948118016 os_locked_bytes=0 cuda_pinned_bytes=67948118016 promotions=0 promoted_payload_bytes=0 expert_file_bytes=0 (cumulative; payload is not a physical PCIe counter)
safetensors ngram metrics: ple io: 2304 rows, 9.7% row-cache hits, 2080 SSD reads (8.9 MB), read p50 127 us p99 526 us, blocked 16.692 ms total (submit 1.384 ms), cache 2080/1048576 rows, SSD kept awake by 4 reads (slowest 4.4 ms)
strata serve: expert tiers: GPU 103 hits this request; since the start RAM 45230 blobs, files 0 blobs 0.0 MB read
strata serve: prompt 55 tokens = 54 reused + 1 read in 0 ms (68965.5 tok/s), 1 generated in 33 ms (30.2 tok/s), drafts accepted 0 of 0, 1 checkpoints
strata serve: decode expert cache hit rate: 100.0% (113 hits / 113 lookups); 367 more read by the GPU over PCIe or from another GPU (76.5% of all 480 routed)
strata serve: resident RAM: 63.28 GiB of experts in RAM, 0 exchanged with the VRAM tier, 0 blob reads from the file
safetensors residency metrics: ram_bytes=67948118016 os_locked_bytes=0 cuda_pinned_bytes=67948118016 promotions=0 promoted_payload_bytes=0 expert_file_bytes=0 (cumulative; payload is not a physical PCIe counter)
safetensors ngram metrics: ple io: 2320 rows, 9.7% row-cache hits, 2096 SSD reads (8.9 MB), read p50 127 us p99 526 us, blocked 16.720 ms total (submit 1.398 ms), cache 2096/1048576 rows, SSD kept awake by 4 reads (slowest 4.4 ms)
strata serve: expert tiers: GPU 113 hits this request; since the start RAM 45597 blobs, files 0 blobs 0.0 MB read
strata serve: prompt 56 tokens = 55 reused + 1 read in 0 ms (50000.0 tok/s), 1 generated in 34 ms (29.4 tok/s), drafts accepted 0 of 0, 1 checkpoints
strata serve: decode expert cache hit rate: 100.0% (99 hits / 99 lookups); 381 more read by the GPU over PCIe or from another GPU (79.4% of all 480 routed)
strata serve: resident RAM: 63.28 GiB of experts in RAM, 0 exchanged with the VRAM tier, 0 blob reads from the file
safetensors residency metrics: ram_bytes=67948118016 os_locked_bytes=0 cuda_pinned_bytes=67948118016 promotions=0 promoted_payload_bytes=0 expert_file_bytes=0 (cumulative; payload is not a physical PCIe counter)
safetensors ngram metrics: ple io: 2336 rows, 9.6% row-cache hits, 2112 SSD reads (9.0 MB), read p50 127 us p99 526 us, blocked 16.773 ms total (submit 1.420 ms), cache 2112/1048576 rows, SSD kept awake by 4 reads (slowest 4.4 ms)
strata serve: expert tiers: GPU 99 hits this request; since the start RAM 45978 blobs, files 0 blobs 0.0 MB read
strata serve: prompt 57 tokens = 56 reused + 1 read in 0 ms (18518.5 tok/s), 1 generated in 35 ms (28.5 tok/s), drafts accepted 0 of 0, 1 checkpoints
strata serve: decode expert cache hit rate: 100.0% (84 hits / 84 lookups); 396 more read by the GPU over PCIe or from another GPU (82.5% of all 480 routed)
strata serve: resident RAM: 63.28 GiB of experts in RAM, 0 exchanged with the VRAM tier, 0 blob reads from the file
safetensors residency metrics: ram_bytes=67948118016 os_locked_bytes=0 cuda_pinned_bytes=67948118016 promotions=0 promoted_payload_bytes=0 expert_file_bytes=0 (cumulative; payload is not a physical PCIe counter)
safetensors ngram metrics: ple io: 2352 rows, 9.5% row-cache hits, 2128 SSD reads (9.1 MB), read p50 128 us p99 526 us, blocked 16.817 ms total (submit 1.427 ms), cache 2128/1048576 rows, SSD kept awake by 4 reads (slowest 4.4 ms)
strata serve: expert tiers: GPU 84 hits this request; since the start RAM 46374 blobs, files 0 blobs 0.0 MB read
strata serve: prompt 58 tokens = 57 reused + 1 read in 0 ms (66666.7 tok/s), 1 generated in 43 ms (23.3 tok/s), drafts accepted 0 of 0, 1 checkpoints
strata serve: decode expert cache hit rate: 100.0% (113 hits / 113 lookups); 367 more read by the GPU over PCIe or from another GPU (76.5% of all 480 routed)
strata serve: resident RAM: 63.28 GiB of experts in RAM, 0 exchanged with the VRAM tier, 0 blob reads from the file
safetensors residency metrics: ram_bytes=67948118016 os_locked_bytes=0 cuda_pinned_bytes=67948118016 promotions=0 promoted_payload_bytes=0 expert_file_bytes=0 (cumulative; payload is not a physical PCIe counter)
safetensors ngram metrics: ple io: 2368 rows, 9.5% row-cache hits, 2144 SSD reads (9.2 MB), read p50 127 us p99 526 us, blocked 16.892 ms total (submit 1.442 ms), cache 2144/1048576 rows, SSD kept awake by 4 reads (slowest 4.4 ms)
strata serve: expert tiers: GPU 113 hits this request; since the start RAM 46741 blobs, files 0 blobs 0.0 MB read
strata serve: prompt 59 tokens = 58 reused + 1 read in 0 ms (61349.7 tok/s), 1 generated in 30 ms (33.6 tok/s), drafts accepted 0 of 0, 1 checkpoints
strata serve: decode expert cache hit rate: 100.0% (178 hits / 178 lookups); 302 more read by the GPU over PCIe or from another GPU (62.9% of all 480 routed)
strata serve: resident RAM: 63.28 GiB of experts in RAM, 0 exchanged with the VRAM tier, 0 blob reads from the file
safetensors residency metrics: ram_bytes=67948118016 os_locked_bytes=0 cuda_pinned_bytes=67948118016 promotions=0 promoted_payload_bytes=0 expert_file_bytes=0 (cumulative; payload is not a physical PCIe counter)
safetensors ngram metrics: ple io: 2384 rows, 9.4% row-cache hits, 2160 SSD reads (9.2 MB), read p50 127 us p99 525 us, blocked 16.920 ms total (submit 1.452 ms), cache 2160/1048576 rows, SSD kept awake by 4 reads (slowest 4.4 ms)
strata serve: expert tiers: GPU 178 hits this request; since the start RAM 47043 blobs, files 0 blobs 0.0 MB read
strata serve: prompt 60 tokens = 59 reused + 1 read in 0 ms (49505.0 tok/s), 1 generated in 32 ms (31.2 tok/s), drafts accepted 0 of 0, 1 checkpoints
strata serve: decode expert cache hit rate: 100.0% (136 hits / 136 lookups); 344 more read by the GPU over PCIe or from another GPU (71.7% of all 480 routed)
strata serve: resident RAM: 63.28 GiB of experts in RAM, 0 exchanged with the VRAM tier, 0 blob reads from the file
safetensors residency metrics: ram_bytes=67948118016 os_locked_bytes=0 cuda_pinned_bytes=67948118016 promotions=0 promoted_payload_bytes=0 expert_file_bytes=0 (cumulative; payload is not a physical PCIe counter)
safetensors ngram metrics: ple io: 2400 rows, 9.3% row-cache hits, 2176 SSD reads (9.3 MB), read p50 127 us p99 525 us, blocked 16.948 ms total (submit 1.468 ms), cache 2176/1048576 rows, SSD kept awake by 4 reads (slowest 4.4 ms)
strata serve: expert tiers: GPU 136 hits this request; since the start RAM 47387 blobs, files 0 blobs 0.0 MB read
strata serve: prompt 61 tokens = 60 reused + 1 read in 0 ms (64516.1 tok/s), 1 generated in 29 ms (34.3 tok/s), drafts accepted 0 of 0, 1 checkpoints
strata serve: decode expert cache hit rate: 100.0% (188 hits / 188 lookups); 292 more read by the GPU over PCIe or from another GPU (60.8% of all 480 routed)
strata serve: resident RAM: 63.28 GiB of experts in RAM, 0 exchanged with the VRAM tier, 0 blob reads from the file
safetensors residency metrics: ram_bytes=67948118016 os_locked_bytes=0 cuda_pinned_bytes=67948118016 promotions=0 promoted_payload_bytes=0 expert_file_bytes=0 (cumulative; payload is not a physical PCIe counter)
safetensors ngram metrics: ple io: 2416 rows, 9.3% row-cache hits, 2192 SSD reads (9.4 MB), read p50 127 us p99 525 us, blocked 16.978 ms total (submit 1.482 ms), cache 2192/1048576 rows, SSD kept awake by 4 reads (slowest 4.4 ms)
strata serve: expert tiers: GPU 188 hits this request; since the start RAM 47679 blobs, files 0 blobs 0.0 MB read
strata serve: prompt 62 tokens = 61 reused + 1 read in 0 ms (50000.0 tok/s), 1 generated in 34 ms (29.4 tok/s), drafts accepted 0 of 0, 1 checkpoints
strata serve: decode expert cache hit rate: 100.0% (102 hits / 102 lookups); 378 more read by the GPU over PCIe or from another GPU (78.8% of all 480 routed)
strata serve: resident RAM: 63.28 GiB of experts in RAM, 0 exchanged with the VRAM tier, 0 blob reads from the file
safetensors residency metrics: ram_bytes=67948118016 os_locked_bytes=0 cuda_pinned_bytes=67948118016 promotions=0 promoted_payload_bytes=0 expert_file_bytes=0 (cumulative; payload is not a physical PCIe counter)
safetensors ngram metrics: ple io: 2432 rows, 9.2% row-cache hits, 2208 SSD reads (9.4 MB), read p50 127 us p99 525 us, blocked 17.022 ms total (submit 1.490 ms), cache 2208/1048576 rows, SSD kept awake by 4 reads (slowest 4.4 ms)
strata serve: expert tiers: GPU 102 hits this request; since the start RAM 48057 blobs, files 0 blobs 0.0 MB read
strata serve: prompt 63 tokens = 62 reused + 1 read in 0 ms (64935.1 tok/s), 1 generated in 33 ms (30.2 tok/s), drafts accepted 0 of 0, 1 checkpoints
strata serve: decode expert cache hit rate: 100.0% (119 hits / 119 lookups); 361 more read by the GPU over PCIe or from another GPU (75.2% of all 480 routed)
strata serve: resident RAM: 63.28 GiB of experts in RAM, 0 exchanged with the VRAM tier, 0 blob reads from the file
safetensors residency metrics: ram_bytes=67948118016 os_locked_bytes=0 cuda_pinned_bytes=67948118016 promotions=0 promoted_payload_bytes=0 expert_file_bytes=0 (cumulative; payload is not a physical PCIe counter)
safetensors ngram metrics: ple io: 2448 rows, 9.2% row-cache hits, 2224 SSD reads (9.5 MB), read p50 127 us p99 525 us, blocked 17.034 ms total (submit 1.504 ms), cache 2224/1048576 rows, SSD kept awake by 4 reads (slowest 4.4 ms)
strata serve: expert tiers: GPU 119 hits this request; since the start RAM 48418 blobs, files 0 blobs 0.0 MB read
strata serve: prompt 64 tokens = 63 reused + 1 read in 0 ms (51546.4 tok/s), 1 generated in 34 ms (29.4 tok/s), drafts accepted 0 of 0, 1 checkpoints
strata serve: decode expert cache hit rate: 100.0% (100 hits / 100 lookups); 380 more read by the GPU over PCIe or from another GPU (79.2% of all 480 routed)
strata serve: resident RAM: 63.28 GiB of experts in RAM, 0 exchanged with the VRAM tier, 0 blob reads from the file
safetensors residency metrics: ram_bytes=67948118016 os_locked_bytes=0 cuda_pinned_bytes=67948118016 promotions=0 promoted_payload_bytes=0 expert_file_bytes=0 (cumulative; payload is not a physical PCIe counter)
safetensors ngram metrics: ple io: 2464 rows, 9.1% row-cache hits, 2240 SSD reads (9.6 MB), read p50 127 us p99 525 us, blocked 17.110 ms total (submit 1.515 ms), cache 2240/1048576 rows, SSD kept awake by 4 reads (slowest 4.4 ms)
strata serve: expert tiers: GPU 100 hits this request; since the start RAM 48798 blobs, files 0 blobs 0.0 MB read
strata serve: prompt 65 tokens = 64 reused + 1 read in 0 ms (67114.1 tok/s), 1 generated in 33 ms (30.5 tok/s), drafts accepted 0 of 0, 1 checkpoints
strata serve: decode expert cache hit rate: 100.0% (121 hits / 121 lookups); 359 more read by the GPU over PCIe or from another GPU (74.8% of all 480 routed)
strata serve: resident RAM: 63.28 GiB of experts in RAM, 0 exchanged with the VRAM tier, 0 blob reads from the file
safetensors residency metrics: ram_bytes=67948118016 os_locked_bytes=0 cuda_pinned_bytes=67948118016 promotions=0 promoted_payload_bytes=0 expert_file_bytes=0 (cumulative; payload is not a physical PCIe counter)
safetensors ngram metrics: ple io: 2480 rows, 9.0% row-cache hits, 2256 SSD reads (9.6 MB), read p50 127 us p99 524 us, blocked 17.140 ms total (submit 1.523 ms), cache 2256/1048576 rows, SSD kept awake by 4 reads (slowest 4.4 ms)
strata serve: expert tiers: GPU 121 hits this request; since the start RAM 49157 blobs, files 0 blobs 0.0 MB read
strata serve: prompt 66 tokens = 65 reused + 1 read in 0 ms (50000.0 tok/s), 1 generated in 32 ms (31.6 tok/s), drafts accepted 0 of 0, 1 checkpoints
strata serve: decode expert cache hit rate: 100.0% (146 hits / 146 lookups); 334 more read by the GPU over PCIe or from another GPU (69.6% of all 480 routed)
strata serve: resident RAM: 63.28 GiB of experts in RAM, 0 exchanged with the VRAM tier, 0 blob reads from the file
safetensors residency metrics: ram_bytes=67948118016 os_locked_bytes=0 cuda_pinned_bytes=67948118016 promotions=0 promoted_payload_bytes=0 expert_file_bytes=0 (cumulative; payload is not a physical PCIe counter)
safetensors ngram metrics: ple io: 2496 rows, 9.3% row-cache hits, 2264 SSD reads (9.7 MB), read p50 127 us p99 524 us, blocked 17.141 ms total (submit 1.532 ms), cache 2264/1048576 rows, SSD kept awake by 4 reads (slowest 4.4 ms)
strata serve: expert tiers: GPU 146 hits this request; since the start RAM 49491 blobs, files 0 blobs 0.0 MB read
strata serve: prompt 67 tokens = 66 reused + 1 read in 0 ms (65359.5 tok/s), 1 generated in 34 ms (29.6 tok/s), drafts accepted 0 of 0, 1 checkpoints
strata serve: decode expert cache hit rate: 100.0% (104 hits / 104 lookups); 376 more read by the GPU over PCIe or from another GPU (78.3% of all 480 routed)
strata serve: resident RAM: 63.28 GiB of experts in RAM, 0 exchanged with the VRAM tier, 0 blob reads from the file
safetensors residency metrics: ram_bytes=67948118016 os_locked_bytes=0 cuda_pinned_bytes=67948118016 promotions=0 promoted_payload_bytes=0 expert_file_bytes=0 (cumulative; payload is not a physical PCIe counter)
safetensors ngram metrics: ple io: 2512 rows, 9.9% row-cache hits, 2264 SSD reads (9.7 MB), read p50 127 us p99 524 us, blocked 17.141 ms total (submit 1.532 ms), cache 2264/1048576 rows, SSD kept awake by 4 reads (slowest 4.4 ms)
strata serve: expert tiers: GPU 104 hits this request; since the start RAM 49867 blobs, files 0 blobs 0.0 MB read
strata serve: prompt 68 tokens = 67 reused + 1 read in 0 ms (64516.1 tok/s), 1 generated in 33 ms (30.6 tok/s), drafts accepted 0 of 0, 1 checkpoints
strata serve: decode expert cache hit rate: 100.0% (124 hits / 124 lookups); 356 more read by the GPU over PCIe or from another GPU (74.2% of all 480 routed)
strata serve: resident RAM: 63.28 GiB of experts in RAM, 0 exchanged with the VRAM tier, 0 blob reads from the file
safetensors residency metrics: ram_bytes=67948118016 os_locked_bytes=0 cuda_pinned_bytes=67948118016 promotions=0 promoted_payload_bytes=0 expert_file_bytes=0 (cumulative; payload is not a physical PCIe counter)
safetensors ngram metrics: ple io: 2528 rows, 10.4% row-cache hits, 2264 SSD reads (9.7 MB), read p50 127 us p99 524 us, blocked 17.141 ms total (submit 1.532 ms), cache 2264/1048576 rows, SSD kept awake by 4 reads (slowest 4.4 ms)
strata serve: expert tiers: GPU 124 hits this request; since the start RAM 50223 blobs, files 0 blobs 0.0 MB read
strata serve: prompt 69 tokens = 68 reused + 1 read in 0 ms (68965.5 tok/s), 1 generated in 27 ms (36.5 tok/s), drafts accepted 0 of 0, 1 checkpoints
strata serve: decode expert cache hit rate: 100.0% (221 hits / 221 lookups); 259 more read by the GPU over PCIe or from another GPU (54.0% of all 480 routed)
strata serve: resident RAM: 63.28 GiB of experts in RAM, 0 exchanged with the VRAM tier, 0 blob reads from the file
safetensors residency metrics: ram_bytes=67948118016 os_locked_bytes=0 cuda_pinned_bytes=67948118016 promotions=0 promoted_payload_bytes=0 expert_file_bytes=0 (cumulative; payload is not a physical PCIe counter)
safetensors ngram metrics: ple io: 2544 rows, 10.4% row-cache hits, 2280 SSD reads (9.7 MB), read p50 127 us p99 524 us, blocked 17.165 ms total (submit 1.550 ms), cache 2280/1048576 rows, SSD kept awake by 5 reads (slowest 4.5 ms)
strata serve: expert tiers: GPU 221 hits this request; since the start RAM 50482 blobs, files 0 blobs 0.0 MB read
strata serve: prompt 70 tokens = 69 reused + 1 read in 0 ms (67567.6 tok/s), 1 generated in 33 ms (30.6 tok/s), drafts accepted 0 of 0, 1 checkpoints
strata serve: decode expert cache hit rate: 100.0% (125 hits / 125 lookups); 355 more read by the GPU over PCIe or from another GPU (74.0% of all 480 routed)
strata serve: resident RAM: 63.28 GiB of experts in RAM, 0 exchanged with the VRAM tier, 0 blob reads from the file
safetensors residency metrics: ram_bytes=67948118016 os_locked_bytes=0 cuda_pinned_bytes=67948118016 promotions=0 promoted_payload_bytes=0 expert_file_bytes=0 (cumulative; payload is not a physical PCIe counter)
safetensors ngram metrics: ple io: 2560 rows, 10.3% row-cache hits, 2296 SSD reads (9.8 MB), read p50 127 us p99 524 us, blocked 17.179 ms total (submit 1.557 ms), cache 2296/1048576 rows, SSD kept awake by 5 reads (slowest 4.5 ms)
strata serve: expert tiers: GPU 125 hits this request; since the start RAM 50837 blobs, files 0 blobs 0.0 MB read
strata serve: prompt 71 tokens = 70 reused + 1 read in 0 ms (49751.2 tok/s), 1 generated in 34 ms (29.4 tok/s), drafts accepted 0 of 0, 1 checkpoints
strata serve: decode expert cache hit rate: 100.0% (104 hits / 104 lookups); 376 more read by the GPU over PCIe or from another GPU (78.3% of all 480 routed)
strata serve: resident RAM: 63.28 GiB of experts in RAM, 0 exchanged with the VRAM tier, 0 blob reads from the file
safetensors residency metrics: ram_bytes=67948118016 os_locked_bytes=0 cuda_pinned_bytes=67948118016 promotions=0 promoted_payload_bytes=0 expert_file_bytes=0 (cumulative; payload is not a physical PCIe counter)
safetensors ngram metrics: ple io: 2576 rows, 10.2% row-cache hits, 2312 SSD reads (9.9 MB), read p50 127 us p99 524 us, blocked 17.202 ms total (submit 1.564 ms), cache 2312/1048576 rows, SSD kept awake by 5 reads (slowest 4.5 ms)
strata serve: expert tiers: GPU 104 hits this request; since the start RAM 51213 blobs, files 0 blobs 0.0 MB read
strata serve: prompt 72 tokens = 71 reused + 1 read in 0 ms (64935.1 tok/s), 1 generated in 34 ms (29.8 tok/s), drafts accepted 0 of 0, 1 checkpoints
strata serve: decode expert cache hit rate: 100.0% (110 hits / 110 lookups); 370 more read by the GPU over PCIe or from another GPU (77.1% of all 480 routed)
strata serve: resident RAM: 63.28 GiB of experts in RAM, 0 exchanged with the VRAM tier, 0 blob reads from the file
safetensors residency metrics: ram_bytes=67948118016 os_locked_bytes=0 cuda_pinned_bytes=67948118016 promotions=0 promoted_payload_bytes=0 expert_file_bytes=0 (cumulative; payload is not a physical PCIe counter)
safetensors ngram metrics: ple io: 2592 rows, 10.2% row-cache hits, 2328 SSD reads (9.9 MB), read p50 127 us p99 524 us, blocked 17.229 ms total (submit 1.581 ms), cache 2328/1048576 rows, SSD kept awake by 5 reads (slowest 4.5 ms)
strata serve: expert tiers: GPU 110 hits this request; since the start RAM 51583 blobs, files 0 blobs 0.0 MB read
strata serve: prompt 73 tokens = 72 reused + 1 read in 0 ms (59523.8 tok/s), 1 generated in 34 ms (29.5 tok/s), drafts accepted 0 of 0, 1 checkpoints
strata serve: decode expert cache hit rate: 100.0% (102 hits / 102 lookups); 378 more read by the GPU over PCIe or from another GPU (78.8% of all 480 routed)
strata serve: resident RAM: 63.28 GiB of experts in RAM, 0 exchanged with the VRAM tier, 0 blob reads from the file
safetensors residency metrics: ram_bytes=67948118016 os_locked_bytes=0 cuda_pinned_bytes=67948118016 promotions=0 promoted_payload_bytes=0 expert_file_bytes=0 (cumulative; payload is not a physical PCIe counter)
safetensors ngram metrics: ple io: 2608 rows, 10.1% row-cache hits, 2344 SSD reads (10.0 MB), read p50 127 us p99 524 us, blocked 17.263 ms total (submit 1.595 ms), cache 2344/1048576 rows, SSD kept awake by 5 reads (slowest 4.5 ms)
strata serve: expert tiers: GPU 102 hits this request; since the start RAM 51961 blobs, files 0 blobs 0.0 MB read
strata serve: prompt 74 tokens = 73 reused + 1 read in 0 ms (65789.5 tok/s), 1 generated in 34 ms (29.5 tok/s), drafts accepted 0 of 0, 1 checkpoints
strata serve: decode expert cache hit rate: 100.0% (105 hits / 105 lookups); 375 more read by the GPU over PCIe or from another GPU (78.1% of all 480 routed)
strata serve: resident RAM: 63.28 GiB of experts in RAM, 0 exchanged with the VRAM tier, 0 blob reads from the file
safetensors residency metrics: ram_bytes=67948118016 os_locked_bytes=0 cuda_pinned_bytes=67948118016 promotions=0 promoted_payload_bytes=0 expert_file_bytes=0 (cumulative; payload is not a physical PCIe counter)
safetensors ngram metrics: ple io: 2624 rows, 10.1% row-cache hits, 2360 SSD reads (10.1 MB), read p50 127 us p99 521 us, blocked 17.280 ms total (submit 1.604 ms), cache 2360/1048576 rows, SSD kept awake by 5 reads (slowest 4.5 ms)
strata serve: expert tiers: GPU 105 hits this request; since the start RAM 52336 blobs, files 0 blobs 0.0 MB read
strata serve: prompt 75 tokens = 74 reused + 1 read in 0 ms (65359.5 tok/s), 1 generated in 33 ms (30.5 tok/s), drafts accepted 0 of 0, 1 checkpoints
strata serve: decode expert cache hit rate: 100.0% (120 hits / 120 lookups); 360 more read by the GPU over PCIe or from another GPU (75.0% of all 480 routed)
strata serve: resident RAM: 63.28 GiB of experts in RAM, 0 exchanged with the VRAM tier, 0 blob reads from the file
safetensors residency metrics: ram_bytes=67948118016 os_locked_bytes=0 cuda_pinned_bytes=67948118016 promotions=0 promoted_payload_bytes=0 expert_file_bytes=0 (cumulative; payload is not a physical PCIe counter)
safetensors ngram metrics: ple io: 2640 rows, 10.0% row-cache hits, 2376 SSD reads (10.1 MB), read p50 127 us p99 521 us, blocked 17.316 ms total (submit 1.613 ms), cache 2376/1048576 rows, SSD kept awake by 5 reads (slowest 4.5 ms)
strata serve: expert tiers: GPU 120 hits this request; since the start RAM 52696 blobs, files 0 blobs 0.0 MB read
strata serve: prompt 76 tokens = 75 reused + 1 read in 0 ms (66225.2 tok/s), 1 generated in 33 ms (29.9 tok/s), drafts accepted 0 of 0, 1 checkpoints
strata serve: decode expert cache hit rate: 100.0% (111 hits / 111 lookups); 369 more read by the GPU over PCIe or from another GPU (76.9% of all 480 routed)
strata serve: resident RAM: 63.28 GiB of experts in RAM, 0 exchanged with the VRAM tier, 0 blob reads from the file
safetensors residency metrics: ram_bytes=67948118016 os_locked_bytes=0 cuda_pinned_bytes=67948118016 promotions=0 promoted_payload_bytes=0 expert_file_bytes=0 (cumulative; payload is not a physical PCIe counter)
safetensors ngram metrics: ple io: 2656 rows, 9.9% row-cache hits, 2392 SSD reads (10.2 MB), read p50 126 us p99 521 us, blocked 17.385 ms total (submit 1.627 ms), cache 2392/1048576 rows, SSD kept awake by 5 reads (slowest 4.5 ms)
strata serve: expert tiers: GPU 111 hits this request; since the start RAM 53065 blobs, files 0 blobs 0.0 MB read
strata serve: prompt 77 tokens = 76 reused + 1 read in 0 ms (66666.7 tok/s), 1 generated in 33 ms (29.9 tok/s), drafts accepted 0 of 0, 1 checkpoints
strata serve: decode expert cache hit rate: 100.0% (111 hits / 111 lookups); 369 more read by the GPU over PCIe or from another GPU (76.9% of all 480 routed)
strata serve: resident RAM: 63.28 GiB of experts in RAM, 0 exchanged with the VRAM tier, 0 blob reads from the file
safetensors residency metrics: ram_bytes=67948118016 os_locked_bytes=0 cuda_pinned_bytes=67948118016 promotions=0 promoted_payload_bytes=0 expert_file_bytes=0 (cumulative; payload is not a physical PCIe counter)
safetensors ngram metrics: ple io: 2672 rows, 9.9% row-cache hits, 2408 SSD reads (10.3 MB), read p50 126 us p99 521 us, blocked 17.411 ms total (submit 1.641 ms), cache 2408/1048576 rows, SSD kept awake by 5 reads (slowest 4.5 ms)
strata serve: expert tiers: GPU 111 hits this request; since the start RAM 53434 blobs, files 0 blobs 0.0 MB read
strata serve: prompt 78 tokens = 77 reused + 1 read in 0 ms (68027.2 tok/s), 1 generated in 35 ms (28.3 tok/s), drafts accepted 0 of 0, 1 checkpoints
strata serve: decode expert cache hit rate: 100.0% (80 hits / 80 lookups); 400 more read by the GPU over PCIe or from another GPU (83.3% of all 480 routed)
strata serve: resident RAM: 63.28 GiB of experts in RAM, 0 exchanged with the VRAM tier, 0 blob reads from the file
safetensors residency metrics: ram_bytes=67948118016 os_locked_bytes=0 cuda_pinned_bytes=67948118016 promotions=0 promoted_payload_bytes=0 expert_file_bytes=0 (cumulative; payload is not a physical PCIe counter)
safetensors ngram metrics: ple io: 2688 rows, 9.8% row-cache hits, 2424 SSD reads (10.4 MB), read p50 126 us p99 521 us, blocked 17.495 ms total (submit 1.654 ms), cache 2424/1048576 rows, SSD kept awake by 5 reads (slowest 4.5 ms)
strata serve: expert tiers: GPU 80 hits this request; since the start RAM 53834 blobs, files 0 blobs 0.0 MB read
strata serve: prompt 79 tokens = 78 reused + 1 read in 0 ms (66225.2 tok/s), 1 generated in 35 ms (28.6 tok/s), drafts accepted 0 of 0, 1 checkpoints
strata serve: decode expert cache hit rate: 100.0% (80 hits / 80 lookups); 400 more read by the GPU over PCIe or from another GPU (83.3% of all 480 routed)
strata serve: resident RAM: 63.28 GiB of experts in RAM, 0 exchanged with the VRAM tier, 0 blob reads from the file
safetensors residency metrics: ram_bytes=67948118016 os_locked_bytes=0 cuda_pinned_bytes=67948118016 promotions=0 promoted_payload_bytes=0 expert_file_bytes=0 (cumulative; payload is not a physical PCIe counter)
safetensors ngram metrics: ple io: 2704 rows, 9.8% row-cache hits, 2440 SSD reads (10.4 MB), read p50 126 us p99 521 us, blocked 17.520 ms total (submit 1.671 ms), cache 2440/1048576 rows, SSD kept awake by 5 reads (slowest 4.5 ms)
strata serve: expert tiers: GPU 80 hits this request; since the start RAM 54234 blobs, files 0 blobs 0.0 MB read
strata serve: prompt 80 tokens = 79 reused + 1 read in 0 ms (51813.5 tok/s), 1 generated in 32 ms (31.4 tok/s), drafts accepted 0 of 0, 1 checkpoints
strata serve: decode expert cache hit rate: 100.0% (141 hits / 141 lookups); 339 more read by the GPU over PCIe or from another GPU (70.6% of all 480 routed)
strata serve: resident RAM: 63.28 GiB of experts in RAM, 0 exchanged with the VRAM tier, 0 blob reads from the file
safetensors residency metrics: ram_bytes=67948118016 os_locked_bytes=0 cuda_pinned_bytes=67948118016 promotions=0 promoted_payload_bytes=0 expert_file_bytes=0 (cumulative; payload is not a physical PCIe counter)
safetensors ngram metrics: ple io: 2720 rows, 9.7% row-cache hits, 2456 SSD reads (10.5 MB), read p50 126 us p99 520 us, blocked 17.552 ms total (submit 1.686 ms), cache 2456/1048576 rows, SSD kept awake by 5 reads (slowest 4.5 ms)
strata serve: expert tiers: GPU 141 hits this request; since the start RAM 54573 blobs, files 0 blobs 0.0 MB read
strata serve: prompt 81 tokens = 80 reused + 1 read in 0 ms (63291.1 tok/s), 1 generated in 27 ms (37.4 tok/s), drafts accepted 0 of 0, 1 checkpoints
strata serve: decode expert cache hit rate: 100.0% (233 hits / 233 lookups); 247 more read by the GPU over PCIe or from another GPU (51.5% of all 480 routed)
strata serve: resident RAM: 63.28 GiB of experts in RAM, 0 exchanged with the VRAM tier, 0 blob reads from the file
safetensors residency metrics: ram_bytes=67948118016 os_locked_bytes=0 cuda_pinned_bytes=67948118016 promotions=0 promoted_payload_bytes=0 expert_file_bytes=0 (cumulative; payload is not a physical PCIe counter)
safetensors ngram metrics: ple io: 2736 rows, 9.6% row-cache hits, 2472 SSD reads (10.6 MB), read p50 126 us p99 520 us, blocked 17.632 ms total (submit 1.702 ms), cache 2472/1048576 rows, SSD kept awake by 5 reads (slowest 4.5 ms)
strata serve: expert tiers: GPU 233 hits this request; since the start RAM 54820 blobs, files 0 blobs 0.0 MB read
strata serve: prompt 82 tokens = 81 reused + 1 read in 0 ms (64516.1 tok/s), 1 generated in 32 ms (30.8 tok/s), drafts accepted 0 of 0, 1 checkpoints
strata serve: decode expert cache hit rate: 100.0% (130 hits / 130 lookups); 350 more read by the GPU over PCIe or from another GPU (72.9% of all 480 routed)
strata serve: resident RAM: 63.28 GiB of experts in RAM, 0 exchanged with the VRAM tier, 0 blob reads from the file
safetensors residency metrics: ram_bytes=67948118016 os_locked_bytes=0 cuda_pinned_bytes=67948118016 promotions=0 promoted_payload_bytes=0 expert_file_bytes=0 (cumulative; payload is not a physical PCIe counter)
safetensors ngram metrics: ple io: 2752 rows, 9.6% row-cache hits, 2488 SSD reads (10.6 MB), read p50 126 us p99 520 us, blocked 17.778 ms total (submit 1.712 ms), cache 2488/1048576 rows, SSD kept awake by 5 reads (slowest 4.5 ms)
strata serve: expert tiers: GPU 130 hits this request; since the start RAM 55170 blobs, files 0 blobs 0.0 MB read
strata serve: prompt 83 tokens = 82 reused + 1 read in 0 ms (65789.5 tok/s), 1 generated in 32 ms (31.4 tok/s), drafts accepted 0 of 0, 1 checkpoints
strata serve: decode expert cache hit rate: 100.0% (138 hits / 138 lookups); 342 more read by the GPU over PCIe or from another GPU (71.2% of all 480 routed)
strata serve: resident RAM: 63.28 GiB of experts in RAM, 0 exchanged with the VRAM tier, 0 blob reads from the file
safetensors residency metrics: ram_bytes=67948118016 os_locked_bytes=0 cuda_pinned_bytes=67948118016 promotions=0 promoted_payload_bytes=0 expert_file_bytes=0 (cumulative; payload is not a physical PCIe counter)
safetensors ngram metrics: ple io: 2768 rows, 9.5% row-cache hits, 2504 SSD reads (10.7 MB), read p50 126 us p99 520 us, blocked 17.848 ms total (submit 1.721 ms), cache 2504/1048576 rows, SSD kept awake by 5 reads (slowest 4.5 ms)
strata serve: expert tiers: GPU 138 hits this request; since the start RAM 55512 blobs, files 0 blobs 0.0 MB read
strata serve: prompt 84 tokens = 83 reused + 1 read in 0 ms (65359.5 tok/s), 1 generated in 32 ms (31.3 tok/s), drafts accepted 0 of 0, 1 checkpoints
strata serve: decode expert cache hit rate: 100.0% (138 hits / 138 lookups); 342 more read by the GPU over PCIe or from another GPU (71.2% of all 480 routed)
strata serve: resident RAM: 63.28 GiB of experts in RAM, 0 exchanged with the VRAM tier, 0 blob reads from the file
safetensors residency metrics: ram_bytes=67948118016 os_locked_bytes=0 cuda_pinned_bytes=67948118016 promotions=0 promoted_payload_bytes=0 expert_file_bytes=0 (cumulative; payload is not a physical PCIe counter)
safetensors ngram metrics: ple io: 2784 rows, 9.5% row-cache hits, 2520 SSD reads (10.8 MB), read p50 126 us p99 520 us, blocked 17.915 ms total (submit 1.735 ms), cache 2520/1048576 rows, SSD kept awake by 5 reads (slowest 4.5 ms)
strata serve: expert tiers: GPU 138 hits this request; since the start RAM 55854 blobs, files 0 blobs 0.0 MB read
strata serve: prompt 85 tokens = 84 reused + 1 read in 0 ms (51813.5 tok/s), 1 generated in 34 ms (29.8 tok/s), drafts accepted 0 of 0, 1 checkpoints
strata serve: decode expert cache hit rate: 100.0% (109 hits / 109 lookups); 371 more read by the GPU over PCIe or from another GPU (77.3% of all 480 routed)
strata serve: resident RAM: 63.28 GiB of experts in RAM, 0 exchanged with the VRAM tier, 0 blob reads from the file
safetensors residency metrics: ram_bytes=67948118016 os_locked_bytes=0 cuda_pinned_bytes=67948118016 promotions=0 promoted_payload_bytes=0 expert_file_bytes=0 (cumulative; payload is not a physical PCIe counter)
safetensors ngram metrics: ple io: 2800 rows, 9.4% row-cache hits, 2536 SSD reads (10.8 MB), read p50 126 us p99 520 us, blocked 17.915 ms total (submit 1.747 ms), cache 2536/1048576 rows, SSD kept awake by 5 reads (slowest 4.5 ms)
strata serve: expert tiers: GPU 109 hits this request; since the start RAM 56225 blobs, files 0 blobs 0.0 MB read
strata serve: prompt 86 tokens = 85 reused + 1 read in 0 ms (67567.6 tok/s), 1 generated in 32 ms (30.8 tok/s), drafts accepted 0 of 0, 1 checkpoints
strata serve: decode expert cache hit rate: 100.0% (127 hits / 127 lookups); 353 more read by the GPU over PCIe or from another GPU (73.5% of all 480 routed)
strata serve: resident RAM: 63.28 GiB of experts in RAM, 0 exchanged with the VRAM tier, 0 blob reads from the file
safetensors residency metrics: ram_bytes=67948118016 os_locked_bytes=0 cuda_pinned_bytes=67948118016 promotions=0 promoted_payload_bytes=0 expert_file_bytes=0 (cumulative; payload is not a physical PCIe counter)
safetensors ngram metrics: ple io: 2816 rows, 9.4% row-cache hits, 2552 SSD reads (10.9 MB), read p50 126 us p99 520 us, blocked 17.954 ms total (submit 1.757 ms), cache 2552/1048576 rows, SSD kept awake by 5 reads (slowest 4.5 ms)
strata serve: expert tiers: GPU 127 hits this request; since the start RAM 56578 blobs, files 0 blobs 0.0 MB read
strata serve: prompt 87 tokens = 86 reused + 1 read in 0 ms (51813.5 tok/s), 1 generated in 33 ms (30.3 tok/s), drafts accepted 0 of 0, 1 checkpoints
strata serve: decode expert cache hit rate: 100.0% (119 hits / 119 lookups); 361 more read by the GPU over PCIe or from another GPU (75.2% of all 480 routed)
strata serve: resident RAM: 63.28 GiB of experts in RAM, 0 exchanged with the VRAM tier, 0 blob reads from the file
safetensors residency metrics: ram_bytes=67948118016 os_locked_bytes=0 cuda_pinned_bytes=67948118016 promotions=0 promoted_payload_bytes=0 expert_file_bytes=0 (cumulative; payload is not a physical PCIe counter)
safetensors ngram metrics: ple io: 2832 rows, 9.3% row-cache hits, 2568 SSD reads (11.0 MB), read p50 126 us p99 520 us, blocked 18.012 ms total (submit 1.769 ms), cache 2568/1048576 rows, SSD kept awake by 5 reads (slowest 4.5 ms)
strata serve: expert tiers: GPU 119 hits this request; since the start RAM 56939 blobs, files 0 blobs 0.0 MB read
strata serve: prompt 88 tokens = 87 reused + 1 read in 0 ms (23419.2 tok/s), 1 generated in 33 ms (30.6 tok/s), drafts accepted 0 of 0, 1 checkpoints
strata serve: decode expert cache hit rate: 100.0% (124 hits / 124 lookups); 356 more read by the GPU over PCIe or from another GPU (74.2% of all 480 routed)
strata serve: resident RAM: 63.28 GiB of experts in RAM, 0 exchanged with the VRAM tier, 0 blob reads from the file
safetensors residency metrics: ram_bytes=67948118016 os_locked_bytes=0 cuda_pinned_bytes=67948118016 promotions=0 promoted_payload_bytes=0 expert_file_bytes=0 (cumulative; payload is not a physical PCIe counter)
safetensors ngram metrics: ple io: 2848 rows, 9.3% row-cache hits, 2584 SSD reads (11.0 MB), read p50 126 us p99 520 us, blocked 18.057 ms total (submit 1.777 ms), cache 2584/1048576 rows, SSD kept awake by 5 reads (slowest 4.5 ms)
strata serve: expert tiers: GPU 124 hits this request; since the start RAM 57295 blobs, files 0 blobs 0.0 MB read
strata serve: prompt 89 tokens = 88 reused + 1 read in 0 ms (50761.4 tok/s), 1 generated in 33 ms (30.3 tok/s), drafts accepted 0 of 0, 1 checkpoints
strata serve: decode expert cache hit rate: 100.0% (118 hits / 118 lookups); 362 more read by the GPU over PCIe or from another GPU (75.4% of all 480 routed)
strata serve: resident RAM: 63.28 GiB of experts in RAM, 0 exchanged with the VRAM tier, 0 blob reads from the file
safetensors residency metrics: ram_bytes=67948118016 os_locked_bytes=0 cuda_pinned_bytes=67948118016 promotions=0 promoted_payload_bytes=0 expert_file_bytes=0 (cumulative; payload is not a physical PCIe counter)
safetensors ngram metrics: ple io: 2864 rows, 9.2% row-cache hits, 2600 SSD reads (11.1 MB), read p50 125 us p99 520 us, blocked 18.058 ms total (submit 1.787 ms), cache 2600/1048576 rows, SSD kept awake by 5 reads (slowest 4.5 ms)
strata serve: expert tiers: GPU 118 hits this request; since the start RAM 57657 blobs, files 0 blobs 0.0 MB read
strata serve: prompt 90 tokens = 89 reused + 1 read in 0 ms (59880.2 tok/s), 1 generated in 32 ms (31.2 tok/s), drafts accepted 0 of 0, 1 checkpoints
strata serve: decode expert cache hit rate: 100.0% (139 hits / 139 lookups); 341 more read by the GPU over PCIe or from another GPU (71.0% of all 480 routed)
strata serve: resident RAM: 63.28 GiB of experts in RAM, 0 exchanged with the VRAM tier, 0 blob reads from the file
safetensors residency metrics: ram_bytes=67948118016 os_locked_bytes=0 cuda_pinned_bytes=67948118016 promotions=0 promoted_payload_bytes=0 expert_file_bytes=0 (cumulative; payload is not a physical PCIe counter)
safetensors ngram metrics: ple io: 2880 rows, 9.2% row-cache hits, 2616 SSD reads (11.2 MB), read p50 126 us p99 520 us, blocked 18.098 ms total (submit 1.797 ms), cache 2616/1048576 rows, SSD kept awake by 5 reads (slowest 4.5 ms)
strata serve: expert tiers: GPU 139 hits this request; since the start RAM 57998 blobs, files 0 blobs 0.0 MB read
strata serve: prompt 91 tokens = 90 reused + 1 read in 0 ms (51282.1 tok/s), 1 generated in 34 ms (29.7 tok/s), drafts accepted 0 of 0, 1 checkpoints
strata serve: decode expert cache hit rate: 100.0% (106 hits / 106 lookups); 374 more read by the GPU over PCIe or from another GPU (77.9% of all 480 routed)
strata serve: resident RAM: 63.28 GiB of experts in RAM, 0 exchanged with the VRAM tier, 0 blob reads from the file
safetensors residency metrics: ram_bytes=67948118016 os_locked_bytes=0 cuda_pinned_bytes=67948118016 promotions=0 promoted_payload_bytes=0 expert_file_bytes=0 (cumulative; payload is not a physical PCIe counter)
safetensors ngram metrics: ple io: 2896 rows, 9.1% row-cache hits, 2632 SSD reads (11.3 MB), read p50 126 us p99 520 us, blocked 18.137 ms total (submit 1.807 ms), cache 2632/1048576 rows, SSD kept awake by 5 reads (slowest 4.5 ms)
strata serve: expert tiers: GPU 106 hits this request; since the start RAM 58372 blobs, files 0 blobs 0.0 MB read
strata serve: prompt 92 tokens = 91 reused + 1 read in 0 ms (47393.4 tok/s), 1 generated in 33 ms (30.1 tok/s), drafts accepted 0 of 0, 1 checkpoints
strata serve: decode expert cache hit rate: 100.0% (112 hits / 112 lookups); 368 more read by the GPU over PCIe or from another GPU (76.7% of all 480 routed)
strata serve: resident RAM: 63.28 GiB of experts in RAM, 0 exchanged with the VRAM tier, 0 blob reads from the file
safetensors residency metrics: ram_bytes=67948118016 os_locked_bytes=0 cuda_pinned_bytes=67948118016 promotions=0 promoted_payload_bytes=0 expert_file_bytes=0 (cumulative; payload is not a physical PCIe counter)
safetensors ngram metrics: ple io: 2912 rows, 9.1% row-cache hits, 2648 SSD reads (11.3 MB), read p50 126 us p99 520 us, blocked 18.174 ms total (submit 1.817 ms), cache 2648/1048576 rows, SSD kept awake by 5 reads (slowest 4.5 ms)
strata serve: expert tiers: GPU 112 hits this request; since the start RAM 58740 blobs, files 0 blobs 0.0 MB read
strata serve: prompt 93 tokens = 92 reused + 1 read in 0 ms (69444.4 tok/s), 1 generated in 34 ms (29.3 tok/s), drafts accepted 0 of 0, 1 checkpoints
strata serve: decode expert cache hit rate: 100.0% (99 hits / 99 lookups); 381 more read by the GPU over PCIe or from another GPU (79.4% of all 480 routed)
strata serve: resident RAM: 63.28 GiB of experts in RAM, 0 exchanged with the VRAM tier, 0 blob reads from the file
safetensors residency metrics: ram_bytes=67948118016 os_locked_bytes=0 cuda_pinned_bytes=67948118016 promotions=0 promoted_payload_bytes=0 expert_file_bytes=0 (cumulative; payload is not a physical PCIe counter)
safetensors ngram metrics: ple io: 2928 rows, 9.0% row-cache hits, 2664 SSD reads (11.4 MB), read p50 126 us p99 520 us, blocked 18.195 ms total (submit 1.829 ms), cache 2664/1048576 rows, SSD kept awake by 5 reads (slowest 4.5 ms)
strata serve: expert tiers: GPU 99 hits this request; since the start RAM 59121 blobs, files 0 blobs 0.0 MB read
strata serve: prompt 94 tokens = 93 reused + 1 read in 0 ms (49019.6 tok/s), 1 generated in 34 ms (29.4 tok/s), drafts accepted 0 of 0, 1 checkpoints
strata serve: decode expert cache hit rate: 100.0% (104 hits / 104 lookups); 376 more read by the GPU over PCIe or from another GPU (78.3% of all 480 routed)
strata serve: resident RAM: 63.28 GiB of experts in RAM, 0 exchanged with the VRAM tier, 0 blob reads from the file
safetensors residency metrics: ram_bytes=67948118016 os_locked_bytes=0 cuda_pinned_bytes=67948118016 promotions=0 promoted_payload_bytes=0 expert_file_bytes=0 (cumulative; payload is not a physical PCIe counter)
safetensors ngram metrics: ple io: 2944 rows, 9.0% row-cache hits, 2680 SSD reads (11.5 MB), read p50 125 us p99 520 us, blocked 18.236 ms total (submit 1.837 ms), cache 2680/1048576 rows, SSD kept awake by 5 reads (slowest 4.5 ms)
strata serve: expert tiers: GPU 104 hits this request; since the start RAM 59497 blobs, files 0 blobs 0.0 MB read
strata serve: prompt 95 tokens = 94 reused + 1 read in 0 ms (63291.1 tok/s), 1 generated in 31 ms (31.9 tok/s), drafts accepted 0 of 0, 1 checkpoints
strata serve: decode expert cache hit rate: 100.0% (146 hits / 146 lookups); 334 more read by the GPU over PCIe or from another GPU (69.6% of all 480 routed)
strata serve: resident RAM: 63.28 GiB of experts in RAM, 0 exchanged with the VRAM tier, 0 blob reads from the file
safetensors residency metrics: ram_bytes=67948118016 os_locked_bytes=0 cuda_pinned_bytes=67948118016 promotions=0 promoted_payload_bytes=0 expert_file_bytes=0 (cumulative; payload is not a physical PCIe counter)
safetensors ngram metrics: ple io: 2960 rows, 8.9% row-cache hits, 2696 SSD reads (11.5 MB), read p50 126 us p99 520 us, blocked 18.292 ms total (submit 1.847 ms), cache 2696/1048576 rows, SSD kept awake by 5 reads (slowest 4.5 ms)
strata serve: expert tiers: GPU 146 hits this request; since the start RAM 59831 blobs, files 0 blobs 0.0 MB read
strata serve: prompt 96 tokens = 95 reused + 1 read in 0 ms (48780.5 tok/s), 1 generated in 27 ms (37.3 tok/s), drafts accepted 0 of 0, 1 checkpoints
strata serve: decode expert cache hit rate: 100.0% (232 hits / 232 lookups); 248 more read by the GPU over PCIe or from another GPU (51.7% of all 480 routed)
strata serve: resident RAM: 63.28 GiB of experts in RAM, 0 exchanged with the VRAM tier, 0 blob reads from the file
safetensors residency metrics: ram_bytes=67948118016 os_locked_bytes=0 cuda_pinned_bytes=67948118016 promotions=0 promoted_payload_bytes=0 expert_file_bytes=0 (cumulative; payload is not a physical PCIe counter)
safetensors ngram metrics: ple io: 2976 rows, 8.9% row-cache hits, 2712 SSD reads (11.6 MB), read p50 125 us p99 520 us, blocked 18.380 ms total (submit 1.855 ms), cache 2712/1048576 rows, SSD kept awake by 5 reads (slowest 4.5 ms)
strata serve: expert tiers: GPU 232 hits this request; since the start RAM 60079 blobs, files 0 blobs 0.0 MB read
strata serve: prompt 97 tokens = 96 reused + 1 read in 0 ms (51813.5 tok/s), 1 generated in 32 ms (30.8 tok/s), drafts accepted 0 of 0, 1 checkpoints
strata serve: decode expert cache hit rate: 100.0% (127 hits / 127 lookups); 353 more read by the GPU over PCIe or from another GPU (73.5% of all 480 routed)
strata serve: resident RAM: 63.28 GiB of experts in RAM, 0 exchanged with the VRAM tier, 0 blob reads from the file
safetensors residency metrics: ram_bytes=67948118016 os_locked_bytes=0 cuda_pinned_bytes=67948118016 promotions=0 promoted_payload_bytes=0 expert_file_bytes=0 (cumulative; payload is not a physical PCIe counter)
safetensors ngram metrics: ple io: 2992 rows, 8.8% row-cache hits, 2728 SSD reads (11.7 MB), read p50 125 us p99 520 us, blocked 18.438 ms total (submit 1.874 ms), cache 2728/1048576 rows, SSD kept awake by 5 reads (slowest 4.5 ms)
strata serve: expert tiers: GPU 127 hits this request; since the start RAM 60432 blobs, files 0 blobs 0.0 MB read
strata serve: prompt 98 tokens = 97 reused + 1 read in 0 ms (67567.6 tok/s), 1 generated in 33 ms (30.4 tok/s), drafts accepted 0 of 0, 1 checkpoints
strata serve: decode expert cache hit rate: 100.0% (125 hits / 125 lookups); 355 more read by the GPU over PCIe or from another GPU (74.0% of all 480 routed)
strata serve: resident RAM: 63.28 GiB of experts in RAM, 0 exchanged with the VRAM tier, 0 blob reads from the file
safetensors residency metrics: ram_bytes=67948118016 os_locked_bytes=0 cuda_pinned_bytes=67948118016 promotions=0 promoted_payload_bytes=0 expert_file_bytes=0 (cumulative; payload is not a physical PCIe counter)
safetensors ngram metrics: ple io: 3008 rows, 8.8% row-cache hits, 2744 SSD reads (11.7 MB), read p50 125 us p99 520 us, blocked 18.475 ms total (submit 1.890 ms), cache 2744/1048576 rows, SSD kept awake by 5 reads (slowest 4.5 ms)
strata serve: expert tiers: GPU 125 hits this request; since the start RAM 60787 blobs, files 0 blobs 0.0 MB read
strata serve: prompt 99 tokens = 98 reused + 1 read in 0 ms (18181.8 tok/s), 1 generated in 34 ms (29.4 tok/s), drafts accepted 0 of 0, 1 checkpoints
strata serve: decode expert cache hit rate: 100.0% (100 hits / 100 lookups); 380 more read by the GPU over PCIe or from another GPU (79.2% of all 480 routed)
strata serve: resident RAM: 63.28 GiB of experts in RAM, 0 exchanged with the VRAM tier, 0 blob reads from the file
safetensors residency metrics: ram_bytes=67948118016 os_locked_bytes=0 cuda_pinned_bytes=67948118016 promotions=0 promoted_payload_bytes=0 expert_file_bytes=0 (cumulative; payload is not a physical PCIe counter)
safetensors ngram metrics: ple io: 3024 rows, 8.7% row-cache hits, 2760 SSD reads (11.8 MB), read p50 125 us p99 517 us, blocked 18.564 ms total (submit 1.912 ms), cache 2760/1048576 rows, SSD kept awake by 5 reads (slowest 4.5 ms)
strata serve: expert tiers: GPU 100 hits this request; since the start RAM 61167 blobs, files 0 blobs 0.0 MB read
strata serve: prompt 100 tokens = 99 reused + 1 read in 0 ms (20876.8 tok/s), 1 generated in 34 ms (29.1 tok/s), drafts accepted 0 of 0, 1 checkpoints
strata serve: decode expert cache hit rate: 100.0% (92 hits / 92 lookups); 388 more read by the GPU over PCIe or from another GPU (80.8% of all 480 routed)
strata serve: resident RAM: 63.28 GiB of experts in RAM, 0 exchanged with the VRAM tier, 0 blob reads from the file
safetensors residency metrics: ram_bytes=67948118016 os_locked_bytes=0 cuda_pinned_bytes=67948118016 promotions=0 promoted_payload_bytes=0 expert_file_bytes=0 (cumulative; payload is not a physical PCIe counter)
safetensors ngram metrics: ple io: 3040 rows, 8.7% row-cache hits, 2776 SSD reads (11.9 MB), read p50 125 us p99 517 us, blocked 18.591 ms total (submit 1.923 ms), cache 2776/1048576 rows, SSD kept awake by 5 reads (slowest 4.5 ms)
strata serve: expert tiers: GPU 92 hits this request; since the start RAM 61555 blobs, files 0 blobs 0.0 MB read
strata serve: prompt 101 tokens = 100 reused + 1 read in 0 ms (64516.1 tok/s), 1 generated in 34 ms (29.0 tok/s), drafts accepted 0 of 0, 1 checkpoints
strata serve: decode expert cache hit rate: 100.0% (90 hits / 90 lookups); 390 more read by the GPU over PCIe or from another GPU (81.2% of all 480 routed)
strata serve: resident RAM: 63.28 GiB of experts in RAM, 0 exchanged with the VRAM tier, 0 blob reads from the file
safetensors residency metrics: ram_bytes=67948118016 os_locked_bytes=0 cuda_pinned_bytes=67948118016 promotions=0 promoted_payload_bytes=0 expert_file_bytes=0 (cumulative; payload is not a physical PCIe counter)
safetensors ngram metrics: ple io: 3056 rows, 8.6% row-cache hits, 2792 SSD reads (11.9 MB), read p50 125 us p99 517 us, blocked 18.644 ms total (submit 1.937 ms), cache 2792/1048576 rows, SSD kept awake by 5 reads (slowest 4.5 ms)
strata serve: expert tiers: GPU 90 hits this request; since the start RAM 61945 blobs, files 0 blobs 0.0 MB read
strata serve: prompt 102 tokens = 101 reused + 1 read in 0 ms (48076.9 tok/s), 1 generated in 32 ms (30.9 tok/s), drafts accepted 0 of 0, 1 checkpoints
strata serve: decode expert cache hit rate: 100.0% (135 hits / 135 lookups); 345 more read by the GPU over PCIe or from another GPU (71.9% of all 480 routed)
strata serve: resident RAM: 63.28 GiB of experts in RAM, 0 exchanged with the VRAM tier, 0 blob reads from the file
safetensors residency metrics: ram_bytes=67948118016 os_locked_bytes=0 cuda_pinned_bytes=67948118016 promotions=0 promoted_payload_bytes=0 expert_file_bytes=0 (cumulative; payload is not a physical PCIe counter)
safetensors ngram metrics: ple io: 3072 rows, 8.6% row-cache hits, 2808 SSD reads (12.0 MB), read p50 125 us p99 517 us, blocked 18.699 ms total (submit 1.951 ms), cache 2808/1048576 rows, SSD kept awake by 5 reads (slowest 4.5 ms)
strata serve: expert tiers: GPU 135 hits this request; since the start RAM 62290 blobs, files 0 blobs 0.0 MB read
strata serve: conversation cache: parked 102 tokens in 51.8 ms; parked=2 bytes=475254344 evictions=0 snapshot_bytes=237718776 reused_kv_bytes=0
strata serve: prompt 25 tokens = 0 reused + 25 read in 608 ms (41.1 tok/s), 1 generated in 26 ms (38.6 tok/s), drafts accepted 0 of 0, 1 checkpoints
strata serve: decode expert cache hit rate: 100.0% (246 hits / 246 lookups); 234 more read by the GPU over PCIe or from another GPU (48.8% of all 480 routed)
strata serve: resident RAM: 63.28 GiB of experts in RAM, 0 exchanged with the VRAM tier, 0 blob reads from the file
safetensors residency metrics: ram_bytes=67948118016 os_locked_bytes=0 cuda_pinned_bytes=67948118016 promotions=0 promoted_payload_bytes=0 expert_file_bytes=0 (cumulative; payload is not a physical PCIe counter)
safetensors ngram metrics: ple io: 3472 rows, 12.9% row-cache hits, 3024 SSD reads (12.9 MB), read p50 127 us p99 493 us, blocked 18.733 ms total (submit 2.069 ms), cache 3024/1048576 rows, SSD kept awake by 8 reads (slowest 4.5 ms)
strata serve: expert tiers: GPU 246 hits this request; since the start RAM 68918 blobs, files 0 blobs 0.0 MB read
strata serve: prompt 26 tokens = 25 reused + 1 read in 0 ms (39370.1 tok/s), 1 generated in 30 ms (33.1 tok/s), drafts accepted 0 of 0, 1 checkpoints
strata serve: decode expert cache hit rate: 100.0% (164 hits / 164 lookups); 316 more read by the GPU over PCIe or from another GPU (65.8% of all 480 routed)
strata serve: resident RAM: 63.28 GiB of experts in RAM, 0 exchanged with the VRAM tier, 0 blob reads from the file
safetensors residency metrics: ram_bytes=67948118016 os_locked_bytes=0 cuda_pinned_bytes=67948118016 promotions=0 promoted_payload_bytes=0 expert_file_bytes=0 (cumulative; payload is not a physical PCIe counter)
safetensors ngram metrics: ple io: 3488 rows, 12.8% row-cache hits, 3040 SSD reads (13.0 MB), read p50 127 us p99 493 us, blocked 18.794 ms total (submit 2.082 ms), cache 3040/1048576 rows, SSD kept awake by 8 reads (slowest 4.5 ms)
strata serve: expert tiers: GPU 164 hits this request; since the start RAM 69234 blobs, files 0 blobs 0.0 MB read
strata serve: prompt 27 tokens = 26 reused + 1 read in 0 ms (34602.1 tok/s), 1 generated in 34 ms (29.6 tok/s), drafts accepted 0 of 0, 1 checkpoints
strata serve: decode expert cache hit rate: 100.0% (104 hits / 104 lookups); 376 more read by the GPU over PCIe or from another GPU (78.3% of all 480 routed)
strata serve: resident RAM: 63.28 GiB of experts in RAM, 0 exchanged with the VRAM tier, 0 blob reads from the file
safetensors residency metrics: ram_bytes=67948118016 os_locked_bytes=0 cuda_pinned_bytes=67948118016 promotions=0 promoted_payload_bytes=0 expert_file_bytes=0 (cumulative; payload is not a physical PCIe counter)
safetensors ngram metrics: ple io: 3504 rows, 12.8% row-cache hits, 3056 SSD reads (13.1 MB), read p50 127 us p99 271 us, blocked 18.865 ms total (submit 2.097 ms), cache 3056/1048576 rows, SSD kept awake by 8 reads (slowest 4.5 ms)
strata serve: expert tiers: GPU 104 hits this request; since the start RAM 69610 blobs, files 0 blobs 0.0 MB read
strata serve: prompt 28 tokens = 27 reused + 1 read in 0 ms (43478.3 tok/s), 1 generated in 35 ms (29.0 tok/s), drafts accepted 0 of 0, 1 checkpoints
strata serve: decode expert cache hit rate: 100.0% (87 hits / 87 lookups); 393 more read by the GPU over PCIe or from another GPU (81.9% of all 480 routed)
strata serve: resident RAM: 63.28 GiB of experts in RAM, 0 exchanged with the VRAM tier, 0 blob reads from the file
safetensors residency metrics: ram_bytes=67948118016 os_locked_bytes=0 cuda_pinned_bytes=67948118016 promotions=0 promoted_payload_bytes=0 expert_file_bytes=0 (cumulative; payload is not a physical PCIe counter)
safetensors ngram metrics: ple io: 3520 rows, 12.7% row-cache hits, 3072 SSD reads (13.1 MB), read p50 128 us p99 271 us, blocked 18.928 ms total (submit 2.109 ms), cache 3072/1048576 rows, SSD kept awake by 8 reads (slowest 4.5 ms)
strata serve: expert tiers: GPU 87 hits this request; since the start RAM 70003 blobs, files 0 blobs 0.0 MB read
strata serve: prompt 29 tokens = 28 reused + 1 read in 0 ms (46511.6 tok/s), 1 generated in 35 ms (28.4 tok/s), drafts accepted 0 of 0, 1 checkpoints
strata serve: decode expert cache hit rate: 100.0% (75 hits / 75 lookups); 405 more read by the GPU over PCIe or from another GPU (84.4% of all 480 routed)
strata serve: resident RAM: 63.28 GiB of experts in RAM, 0 exchanged with the VRAM tier, 0 blob reads from the file
safetensors residency metrics: ram_bytes=67948118016 os_locked_bytes=0 cuda_pinned_bytes=67948118016 promotions=0 promoted_payload_bytes=0 expert_file_bytes=0 (cumulative; payload is not a physical PCIe counter)
safetensors ngram metrics: ple io: 3536 rows, 12.7% row-cache hits, 3088 SSD reads (13.2 MB), read p50 128 us p99 271 us, blocked 18.988 ms total (submit 2.119 ms), cache 3088/1048576 rows, SSD kept awake by 8 reads (slowest 4.5 ms)
strata serve: expert tiers: GPU 75 hits this request; since the start RAM 70408 blobs, files 0 blobs 0.0 MB read
strata serve: prompt 30 tokens = 29 reused + 1 read in 0 ms (38910.5 tok/s), 1 generated in 36 ms (27.7 tok/s), drafts accepted 0 of 0, 1 checkpoints
strata serve: decode expert cache hit rate: 100.0% (53 hits / 53 lookups); 427 more read by the GPU over PCIe or from another GPU (89.0% of all 480 routed)
strata serve: resident RAM: 63.28 GiB of experts in RAM, 0 exchanged with the VRAM tier, 0 blob reads from the file
safetensors residency metrics: ram_bytes=67948118016 os_locked_bytes=0 cuda_pinned_bytes=67948118016 promotions=0 promoted_payload_bytes=0 expert_file_bytes=0 (cumulative; payload is not a physical PCIe counter)
safetensors ngram metrics: ple io: 3552 rows, 12.6% row-cache hits, 3104 SSD reads (13.3 MB), read p50 128 us p99 271 us, blocked 19.005 ms total (submit 2.130 ms), cache 3104/1048576 rows, SSD kept awake by 8 reads (slowest 4.5 ms)
strata serve: expert tiers: GPU 53 hits this request; since the start RAM 70835 blobs, files 0 blobs 0.0 MB read
strata serve: prompt 31 tokens = 30 reused + 1 read in 0 ms (46082.9 tok/s), 1 generated in 37 ms (27.2 tok/s), drafts accepted 0 of 0, 1 checkpoints
strata serve: decode expert cache hit rate: 100.0% (63 hits / 63 lookups); 417 more read by the GPU over PCIe or from another GPU (86.9% of all 480 routed)
strata serve: resident RAM: 63.28 GiB of experts in RAM, 0 exchanged with the VRAM tier, 0 blob reads from the file
safetensors residency metrics: ram_bytes=67948118016 os_locked_bytes=0 cuda_pinned_bytes=67948118016 promotions=0 promoted_payload_bytes=0 expert_file_bytes=0 (cumulative; payload is not a physical PCIe counter)
safetensors ngram metrics: ple io: 3568 rows, 12.6% row-cache hits, 3120 SSD reads (13.3 MB), read p50 128 us p99 536 us, blocked 20.566 ms total (submit 2.140 ms), cache 3120/1048576 rows, SSD kept awake by 8 reads (slowest 4.5 ms)
strata serve: expert tiers: GPU 63 hits this request; since the start RAM 71252 blobs, files 0 blobs 0.0 MB read
strata serve: prompt 32 tokens = 31 reused + 1 read in 0 ms (36363.6 tok/s), 1 generated in 82 ms (12.1 tok/s), drafts accepted 0 of 0, 1 checkpoints
strata serve: decode expert cache hit rate: 100.0% (67 hits / 67 lookups); 413 more read by the GPU over PCIe or from another GPU (86.0% of all 480 routed)
strata serve: resident RAM: 63.28 GiB of experts in RAM, 0 exchanged with the VRAM tier, 0 blob reads from the file
safetensors residency metrics: ram_bytes=67948118016 os_locked_bytes=0 cuda_pinned_bytes=67948118016 promotions=0 promoted_payload_bytes=0 expert_file_bytes=0 (cumulative; payload is not a physical PCIe counter)
safetensors ngram metrics: ple io: 3584 rows, 12.5% row-cache hits, 3136 SSD reads (13.4 MB), read p50 128 us p99 1609 us, blocked 67.868 ms total (submit 2.150 ms), cache 3136/1048576 rows, SSD kept awake by 8 reads (slowest 4.5 ms)
strata serve: expert tiers: GPU 67 hits this request; since the start RAM 71665 blobs, files 0 blobs 0.0 MB read
strata serve: prompt 33 tokens = 32 reused + 1 read in 0 ms (39840.6 tok/s), 1 generated in 31 ms (32.2 tok/s), drafts accepted 0 of 0, 1 checkpoints
strata serve: decode expert cache hit rate: 100.0% (151 hits / 151 lookups); 329 more read by the GPU over PCIe or from another GPU (68.5% of all 480 routed)
strata serve: resident RAM: 63.28 GiB of experts in RAM, 0 exchanged with the VRAM tier, 0 blob reads from the file
safetensors residency metrics: ram_bytes=67948118016 os_locked_bytes=0 cuda_pinned_bytes=67948118016 promotions=0 promoted_payload_bytes=0 expert_file_bytes=0 (cumulative; payload is not a physical PCIe counter)
safetensors ngram metrics: ple io: 3600 rows, 12.4% row-cache hits, 3152 SSD reads (13.5 MB), read p50 128 us p99 1606 us, blocked 67.888 ms total (submit 2.160 ms), cache 3152/1048576 rows, SSD kept awake by 8 reads (slowest 4.5 ms)
strata serve: expert tiers: GPU 151 hits this request; since the start RAM 71994 blobs, files 0 blobs 0.0 MB read
strata serve: prompt 34 tokens = 33 reused + 1 read in 0 ms (37453.2 tok/s), 1 generated in 35 ms (28.5 tok/s), drafts accepted 0 of 0, 1 checkpoints
strata serve: decode expert cache hit rate: 100.0% (73 hits / 73 lookups); 407 more read by the GPU over PCIe or from another GPU (84.8% of all 480 routed)
strata serve: resident RAM: 63.28 GiB of experts in RAM, 0 exchanged with the VRAM tier, 0 blob reads from the file
safetensors residency metrics: ram_bytes=67948118016 os_locked_bytes=0 cuda_pinned_bytes=67948118016 promotions=0 promoted_payload_bytes=0 expert_file_bytes=0 (cumulative; payload is not a physical PCIe counter)
safetensors ngram metrics: ple io: 3616 rows, 12.4% row-cache hits, 3168 SSD reads (13.5 MB), read p50 128 us p99 1606 us, blocked 67.932 ms total (submit 2.176 ms), cache 3168/1048576 rows, SSD kept awake by 8 reads (slowest 4.5 ms)
strata serve: expert tiers: GPU 73 hits this request; since the start RAM 72401 blobs, files 0 blobs 0.0 MB read
strata serve: prompt 35 tokens = 34 reused + 1 read in 0 ms (38022.8 tok/s), 1 generated in 36 ms (27.8 tok/s), drafts accepted 0 of 0, 1 checkpoints
strata serve: decode expert cache hit rate: 100.0% (55 hits / 55 lookups); 425 more read by the GPU over PCIe or from another GPU (88.5% of all 480 routed)
strata serve: resident RAM: 63.28 GiB of experts in RAM, 0 exchanged with the VRAM tier, 0 blob reads from the file
safetensors residency metrics: ram_bytes=67948118016 os_locked_bytes=0 cuda_pinned_bytes=67948118016 promotions=0 promoted_payload_bytes=0 expert_file_bytes=0 (cumulative; payload is not a physical PCIe counter)
safetensors ngram metrics: ple io: 3632 rows, 12.3% row-cache hits, 3184 SSD reads (13.6 MB), read p50 128 us p99 1606 us, blocked 68.365 ms total (submit 2.204 ms), cache 3184/1048576 rows, SSD kept awake by 8 reads (slowest 4.5 ms)
strata serve: expert tiers: GPU 55 hits this request; since the start RAM 72826 blobs, files 0 blobs 0.0 MB read
strata serve: prompt 36 tokens = 35 reused + 1 read in 0 ms (46296.3 tok/s), 1 generated in 36 ms (28.0 tok/s), drafts accepted 0 of 0, 1 checkpoints
strata serve: decode expert cache hit rate: 100.0% (87 hits / 87 lookups); 393 more read by the GPU over PCIe or from another GPU (81.9% of all 480 routed)
strata serve: resident RAM: 63.28 GiB of experts in RAM, 0 exchanged with the VRAM tier, 0 blob reads from the file
safetensors residency metrics: ram_bytes=67948118016 os_locked_bytes=0 cuda_pinned_bytes=67948118016 promotions=0 promoted_payload_bytes=0 expert_file_bytes=0 (cumulative; payload is not a physical PCIe counter)
safetensors ngram metrics: ple io: 3648 rows, 12.3% row-cache hits, 3200 SSD reads (13.7 MB), read p50 128 us p99 1609 us, blocked 70.139 ms total (submit 2.220 ms), cache 3200/1048576 rows, SSD kept awake by 8 reads (slowest 4.5 ms)
strata serve: expert tiers: GPU 87 hits this request; since the start RAM 73219 blobs, files 0 blobs 0.0 MB read
strata serve: prompt 37 tokens = 36 reused + 1 read in 0 ms (37453.2 tok/s), 1 generated in 36 ms (27.8 tok/s), drafts accepted 0 of 0, 1 checkpoints
strata serve: decode expert cache hit rate: 100.0% (58 hits / 58 lookups); 422 more read by the GPU over PCIe or from another GPU (87.9% of all 480 routed)
strata serve: resident RAM: 63.28 GiB of experts in RAM, 0 exchanged with the VRAM tier, 0 blob reads from the file
safetensors residency metrics: ram_bytes=67948118016 os_locked_bytes=0 cuda_pinned_bytes=67948118016 promotions=0 promoted_payload_bytes=0 expert_file_bytes=0 (cumulative; payload is not a physical PCIe counter)
safetensors ngram metrics: ple io: 3664 rows, 12.4% row-cache hits, 3208 SSD reads (13.7 MB), read p50 128 us p99 1609 us, blocked 70.160 ms total (submit 2.233 ms), cache 3208/1048576 rows, SSD kept awake by 8 reads (slowest 4.5 ms)
strata serve: expert tiers: GPU 58 hits this request; since the start RAM 73641 blobs, files 0 blobs 0.0 MB read
strata serve: prompt 38 tokens = 37 reused + 1 read in 0 ms (44052.9 tok/s), 1 generated in 36 ms (27.7 tok/s), drafts accepted 0 of 0, 1 checkpoints
strata serve: decode expert cache hit rate: 100.0% (88 hits / 88 lookups); 392 more read by the GPU over PCIe or from another GPU (81.7% of all 480 routed)
strata serve: resident RAM: 63.28 GiB of experts in RAM, 0 exchanged with the VRAM tier, 0 blob reads from the file
safetensors residency metrics: ram_bytes=67948118016 os_locked_bytes=0 cuda_pinned_bytes=67948118016 promotions=0 promoted_payload_bytes=0 expert_file_bytes=0 (cumulative; payload is not a physical PCIe counter)
safetensors ngram metrics: ple io: 3680 rows, 12.4% row-cache hits, 3224 SSD reads (13.8 MB), read p50 128 us p99 1616 us, blocked 72.539 ms total (submit 2.248 ms), cache 3224/1048576 rows, SSD kept awake by 8 reads (slowest 4.5 ms)
strata serve: expert tiers: GPU 88 hits this request; since the start RAM 74033 blobs, files 0 blobs 0.0 MB read
strata serve: prompt 39 tokens = 38 reused + 1 read in 0 ms (46511.6 tok/s), 1 generated in 31 ms (32.1 tok/s), drafts accepted 0 of 0, 1 checkpoints
strata serve: decode expert cache hit rate: 100.0% (151 hits / 151 lookups); 329 more read by the GPU over PCIe or from another GPU (68.5% of all 480 routed)
strata serve: resident RAM: 63.28 GiB of experts in RAM, 0 exchanged with the VRAM tier, 0 blob reads from the file
safetensors residency metrics: ram_bytes=67948118016 os_locked_bytes=0 cuda_pinned_bytes=67948118016 promotions=0 promoted_payload_bytes=0 expert_file_bytes=0 (cumulative; payload is not a physical PCIe counter)
safetensors ngram metrics: ple io: 3696 rows, 12.3% row-cache hits, 3240 SSD reads (13.8 MB), read p50 128 us p99 1616 us, blocked 72.605 ms total (submit 2.259 ms), cache 3240/1048576 rows, SSD kept awake by 8 reads (slowest 4.5 ms)
strata serve: expert tiers: GPU 151 hits this request; since the start RAM 74362 blobs, files 0 blobs 0.0 MB read
strata serve: prompt 40 tokens = 39 reused + 1 read in 0 ms (44247.8 tok/s), 1 generated in 36 ms (27.9 tok/s), drafts accepted 0 of 0, 1 checkpoints
strata serve: decode expert cache hit rate: 100.0% (67 hits / 67 lookups); 413 more read by the GPU over PCIe or from another GPU (86.0% of all 480 routed)
strata serve: resident RAM: 63.28 GiB of experts in RAM, 0 exchanged with the VRAM tier, 0 blob reads from the file
safetensors residency metrics: ram_bytes=67948118016 os_locked_bytes=0 cuda_pinned_bytes=67948118016 promotions=0 promoted_payload_bytes=0 expert_file_bytes=0 (cumulative; payload is not a physical PCIe counter)
safetensors ngram metrics: ple io: 3712 rows, 12.3% row-cache hits, 3256 SSD reads (13.9 MB), read p50 128 us p99 1609 us, blocked 72.686 ms total (submit 2.267 ms), cache 3256/1048576 rows, SSD kept awake by 8 reads (slowest 4.5 ms)
strata serve: expert tiers: GPU 67 hits this request; since the start RAM 74775 blobs, files 0 blobs 0.0 MB read
strata serve: prompt 41 tokens = 40 reused + 1 read in 0 ms (58823.5 tok/s), 1 generated in 37 ms (27.3 tok/s), drafts accepted 0 of 0, 1 checkpoints
strata serve: decode expert cache hit rate: 100.0% (40 hits / 40 lookups); 440 more read by the GPU over PCIe or from another GPU (91.7% of all 480 routed)
strata serve: resident RAM: 63.28 GiB of experts in RAM, 0 exchanged with the VRAM tier, 0 blob reads from the file
safetensors residency metrics: ram_bytes=67948118016 os_locked_bytes=0 cuda_pinned_bytes=67948118016 promotions=0 promoted_payload_bytes=0 expert_file_bytes=0 (cumulative; payload is not a physical PCIe counter)
safetensors ngram metrics: ple io: 3728 rows, 12.2% row-cache hits, 3272 SSD reads (14.0 MB), read p50 128 us p99 1609 us, blocked 72.720 ms total (submit 2.275 ms), cache 3272/1048576 rows, SSD kept awake by 8 reads (slowest 4.5 ms)
strata serve: expert tiers: GPU 40 hits this request; since the start RAM 75215 blobs, files 0 blobs 0.0 MB read
strata serve: prompt 42 tokens = 41 reused + 1 read in 0 ms (63694.3 tok/s), 1 generated in 35 ms (28.7 tok/s), drafts accepted 0 of 0, 1 checkpoints
strata serve: decode expert cache hit rate: 100.0% (80 hits / 80 lookups); 400 more read by the GPU over PCIe or from another GPU (83.3% of all 480 routed)
strata serve: resident RAM: 63.28 GiB of experts in RAM, 0 exchanged with the VRAM tier, 0 blob reads from the file
safetensors residency metrics: ram_bytes=67948118016 os_locked_bytes=0 cuda_pinned_bytes=67948118016 promotions=0 promoted_payload_bytes=0 expert_file_bytes=0 (cumulative; payload is not a physical PCIe counter)
safetensors ngram metrics: ple io: 3744 rows, 12.2% row-cache hits, 3288 SSD reads (14.0 MB), read p50 128 us p99 1609 us, blocked 73.119 ms total (submit 2.290 ms), cache 3288/1048576 rows, SSD kept awake by 8 reads (slowest 4.5 ms)
strata serve: expert tiers: GPU 80 hits this request; since the start RAM 75615 blobs, files 0 blobs 0.0 MB read
strata serve: prompt 43 tokens = 42 reused + 1 read in 0 ms (51020.4 tok/s), 1 generated in 35 ms (28.6 tok/s), drafts accepted 0 of 0, 1 checkpoints
strata serve: decode expert cache hit rate: 100.0% (83 hits / 83 lookups); 397 more read by the GPU over PCIe or from another GPU (82.7% of all 480 routed)
strata serve: resident RAM: 63.28 GiB of experts in RAM, 0 exchanged with the VRAM tier, 0 blob reads from the file
safetensors residency metrics: ram_bytes=67948118016 os_locked_bytes=0 cuda_pinned_bytes=67948118016 promotions=0 promoted_payload_bytes=0 expert_file_bytes=0 (cumulative; payload is not a physical PCIe counter)
safetensors ngram metrics: ple io: 3760 rows, 12.1% row-cache hits, 3304 SSD reads (14.1 MB), read p50 128 us p99 1609 us, blocked 73.499 ms total (submit 2.305 ms), cache 3304/1048576 rows, SSD kept awake by 8 reads (slowest 4.5 ms)
strata serve: expert tiers: GPU 83 hits this request; since the start RAM 76012 blobs, files 0 blobs 0.0 MB read
strata serve: prompt 44 tokens = 43 reused + 1 read in 0 ms (65789.5 tok/s), 1 generated in 33 ms (30.2 tok/s), drafts accepted 0 of 0, 1 checkpoints
strata serve: decode expert cache hit rate: 100.0% (115 hits / 115 lookups); 365 more read by the GPU over PCIe or from another GPU (76.0% of all 480 routed)
strata serve: resident RAM: 63.28 GiB of experts in RAM, 0 exchanged with the VRAM tier, 0 blob reads from the file
safetensors residency metrics: ram_bytes=67948118016 os_locked_bytes=0 cuda_pinned_bytes=67948118016 promotions=0 promoted_payload_bytes=0 expert_file_bytes=0 (cumulative; payload is not a physical PCIe counter)
safetensors ngram metrics: ple io: 3776 rows, 12.1% row-cache hits, 3320 SSD reads (14.2 MB), read p50 128 us p99 1609 us, blocked 73.530 ms total (submit 2.314 ms), cache 3320/1048576 rows, SSD kept awake by 8 reads (slowest 4.5 ms)
strata serve: expert tiers: GPU 115 hits this request; since the start RAM 76377 blobs, files 0 blobs 0.0 MB read
strata serve: prompt 45 tokens = 44 reused + 1 read in 0 ms (51546.4 tok/s), 1 generated in 36 ms (28.1 tok/s), drafts accepted 0 of 0, 1 checkpoints
strata serve: decode expert cache hit rate: 100.0% (69 hits / 69 lookups); 411 more read by the GPU over PCIe or from another GPU (85.6% of all 480 routed)
strata serve: resident RAM: 63.28 GiB of experts in RAM, 0 exchanged with the VRAM tier, 0 blob reads from the file
safetensors residency metrics: ram_bytes=67948118016 os_locked_bytes=0 cuda_pinned_bytes=67948118016 promotions=0 promoted_payload_bytes=0 expert_file_bytes=0 (cumulative; payload is not a physical PCIe counter)
safetensors ngram metrics: ple io: 3792 rows, 12.0% row-cache hits, 3336 SSD reads (14.2 MB), read p50 128 us p99 1609 us, blocked 73.578 ms total (submit 2.329 ms), cache 3336/1048576 rows, SSD kept awake by 8 reads (slowest 4.5 ms)
strata serve: expert tiers: GPU 69 hits this request; since the start RAM 76788 blobs, files 0 blobs 0.0 MB read
strata serve: prompt 46 tokens = 45 reused + 1 read in 0 ms (60241.0 tok/s), 1 generated in 38 ms (26.3 tok/s), drafts accepted 0 of 0, 1 checkpoints
strata serve: decode expert cache hit rate: 100.0% (44 hits / 44 lookups); 436 more read by the GPU over PCIe or from another GPU (90.8% of all 480 routed)
strata serve: resident RAM: 63.28 GiB of experts in RAM, 0 exchanged with the VRAM tier, 0 blob reads from the file
safetensors residency metrics: ram_bytes=67948118016 os_locked_bytes=0 cuda_pinned_bytes=67948118016 promotions=0 promoted_payload_bytes=0 expert_file_bytes=0 (cumulative; payload is not a physical PCIe counter)
safetensors ngram metrics: ple io: 3808 rows, 12.2% row-cache hits, 3344 SSD reads (14.3 MB), read p50 128 us p99 1616 us, blocked 75.568 ms total (submit 2.344 ms), cache 3344/1048576 rows, SSD kept awake by 8 reads (slowest 4.5 ms)
strata serve: expert tiers: GPU 44 hits this request; since the start RAM 77224 blobs, files 0 blobs 0.0 MB read
strata serve: prompt 47 tokens = 46 reused + 1 read in 0 ms (63694.3 tok/s), 1 generated in 36 ms (27.8 tok/s), drafts accepted 0 of 0, 1 checkpoints
strata serve: decode expert cache hit rate: 100.0% (59 hits / 59 lookups); 421 more read by the GPU over PCIe or from another GPU (87.7% of all 480 routed)
strata serve: resident RAM: 63.28 GiB of experts in RAM, 0 exchanged with the VRAM tier, 0 blob reads from the file
safetensors residency metrics: ram_bytes=67948118016 os_locked_bytes=0 cuda_pinned_bytes=67948118016 promotions=0 promoted_payload_bytes=0 expert_file_bytes=0 (cumulative; payload is not a physical PCIe counter)
safetensors ngram metrics: ple io: 3824 rows, 12.1% row-cache hits, 3360 SSD reads (14.3 MB), read p50 128 us p99 1609 us, blocked 75.583 ms total (submit 2.358 ms), cache 3360/1048576 rows, SSD kept awake by 8 reads (slowest 4.5 ms)
strata serve: expert tiers: GPU 59 hits this request; since the start RAM 77645 blobs, files 0 blobs 0.0 MB read
strata serve: prompt 48 tokens = 47 reused + 1 read in 0 ms (65359.5 tok/s), 1 generated in 36 ms (27.5 tok/s), drafts accepted 0 of 0, 1 checkpoints
strata serve: decode expert cache hit rate: 100.0% (51 hits / 51 lookups); 429 more read by the GPU over PCIe or from another GPU (89.4% of all 480 routed)
strata serve: resident RAM: 63.28 GiB of experts in RAM, 0 exchanged with the VRAM tier, 0 blob reads from the file
safetensors residency metrics: ram_bytes=67948118016 os_locked_bytes=0 cuda_pinned_bytes=67948118016 promotions=0 promoted_payload_bytes=0 expert_file_bytes=0 (cumulative; payload is not a physical PCIe counter)
safetensors ngram metrics: ple io: 3840 rows, 12.1% row-cache hits, 3376 SSD reads (14.4 MB), read p50 128 us p99 1609 us, blocked 75.601 ms total (submit 2.367 ms), cache 3376/1048576 rows, SSD kept awake by 8 reads (slowest 4.5 ms)
strata serve: expert tiers: GPU 51 hits this request; since the start RAM 78074 blobs, files 0 blobs 0.0 MB read
strata serve: prompt 49 tokens = 48 reused + 1 read in 0 ms (50251.3 tok/s), 1 generated in 36 ms (28.1 tok/s), drafts accepted 0 of 0, 1 checkpoints
strata serve: decode expert cache hit rate: 100.0% (65 hits / 65 lookups); 415 more read by the GPU over PCIe or from another GPU (86.5% of all 480 routed)
strata serve: resident RAM: 63.28 GiB of experts in RAM, 0 exchanged with the VRAM tier, 0 blob reads from the file
safetensors residency metrics: ram_bytes=67948118016 os_locked_bytes=0 cuda_pinned_bytes=67948118016 promotions=0 promoted_payload_bytes=0 expert_file_bytes=0 (cumulative; payload is not a physical PCIe counter)
safetensors ngram metrics: ple io: 3856 rows, 12.0% row-cache hits, 3392 SSD reads (14.5 MB), read p50 128 us p99 1609 us, blocked 75.687 ms total (submit 2.384 ms), cache 3392/1048576 rows, SSD kept awake by 8 reads (slowest 4.5 ms)
strata serve: expert tiers: GPU 65 hits this request; since the start RAM 78489 blobs, files 0 blobs 0.0 MB read
strata serve: prompt 50 tokens = 49 reused + 1 read in 0 ms (62893.1 tok/s), 1 generated in 36 ms (28.0 tok/s), drafts accepted 0 of 0, 1 checkpoints
strata serve: decode expert cache hit rate: 100.0% (65 hits / 65 lookups); 415 more read by the GPU over PCIe or from another GPU (86.5% of all 480 routed)
strata serve: resident RAM: 63.28 GiB of experts in RAM, 0 exchanged with the VRAM tier, 0 blob reads from the file
safetensors residency metrics: ram_bytes=67948118016 os_locked_bytes=0 cuda_pinned_bytes=67948118016 promotions=0 promoted_payload_bytes=0 expert_file_bytes=0 (cumulative; payload is not a physical PCIe counter)
safetensors ngram metrics: ple io: 3872 rows, 12.0% row-cache hits, 3408 SSD reads (14.5 MB), read p50 128 us p99 1609 us, blocked 75.728 ms total (submit 2.399 ms), cache 3408/1048576 rows, SSD kept awake by 8 reads (slowest 4.5 ms)
strata serve: expert tiers: GPU 65 hits this request; since the start RAM 78904 blobs, files 0 blobs 0.0 MB read
strata serve: prompt 51 tokens = 50 reused + 1 read in 0 ms (21052.6 tok/s), 1 generated in 35 ms (28.6 tok/s), drafts accepted 0 of 0, 1 checkpoints
strata serve: decode expert cache hit rate: 100.0% (81 hits / 81 lookups); 399 more read by the GPU over PCIe or from another GPU (83.1% of all 480 routed)
strata serve: resident RAM: 63.28 GiB of experts in RAM, 0 exchanged with the VRAM tier, 0 blob reads from the file
safetensors residency metrics: ram_bytes=67948118016 os_locked_bytes=0 cuda_pinned_bytes=67948118016 promotions=0 promoted_payload_bytes=0 expert_file_bytes=0 (cumulative; payload is not a physical PCIe counter)
safetensors ngram metrics: ple io: 3888 rows, 11.9% row-cache hits, 3424 SSD reads (14.6 MB), read p50 128 us p99 1609 us, blocked 75.770 ms total (submit 2.407 ms), cache 3424/1048576 rows, SSD kept awake by 8 reads (slowest 4.5 ms)
strata serve: expert tiers: GPU 81 hits this request; since the start RAM 79303 blobs, files 0 blobs 0.0 MB read
strata serve: prompt 52 tokens = 51 reused + 1 read in 0 ms (70422.5 tok/s), 1 generated in 36 ms (27.6 tok/s), drafts accepted 0 of 0, 1 checkpoints
strata serve: decode expert cache hit rate: 100.0% (52 hits / 52 lookups); 428 more read by the GPU over PCIe or from another GPU (89.2% of all 480 routed)
strata serve: resident RAM: 63.28 GiB of experts in RAM, 0 exchanged with the VRAM tier, 0 blob reads from the file
safetensors residency metrics: ram_bytes=67948118016 os_locked_bytes=0 cuda_pinned_bytes=67948118016 promotions=0 promoted_payload_bytes=0 expert_file_bytes=0 (cumulative; payload is not a physical PCIe counter)
safetensors ngram metrics: ple io: 3904 rows, 11.9% row-cache hits, 3440 SSD reads (14.7 MB), read p50 128 us p99 1609 us, blocked 75.801 ms total (submit 2.423 ms), cache 3440/1048576 rows, SSD kept awake by 8 reads (slowest 4.5 ms)
strata serve: expert tiers: GPU 52 hits this request; since the start RAM 79731 blobs, files 0 blobs 0.0 MB read
strata serve: prompt 53 tokens = 52 reused + 1 read in 0 ms (53191.5 tok/s), 1 generated in 37 ms (27.1 tok/s), drafts accepted 0 of 0, 1 checkpoints
strata serve: decode expert cache hit rate: 100.0% (37 hits / 37 lookups); 443 more read by the GPU over PCIe or from another GPU (92.3% of all 480 routed)
strata serve: resident RAM: 63.28 GiB of experts in RAM, 0 exchanged with the VRAM tier, 0 blob reads from the file
safetensors residency metrics: ram_bytes=67948118016 os_locked_bytes=0 cuda_pinned_bytes=67948118016 promotions=0 promoted_payload_bytes=0 expert_file_bytes=0 (cumulative; payload is not a physical PCIe counter)
safetensors ngram metrics: ple io: 3920 rows, 11.8% row-cache hits, 3456 SSD reads (14.7 MB), read p50 128 us p99 1606 us, blocked 75.819 ms total (submit 2.433 ms), cache 3456/1048576 rows, SSD kept awake by 8 reads (slowest 4.5 ms)
strata serve: expert tiers: GPU 37 hits this request; since the start RAM 80174 blobs, files 0 blobs 0.0 MB read
strata serve: prompt 54 tokens = 53 reused + 1 read in 0 ms (67114.1 tok/s), 1 generated in 37 ms (27.3 tok/s), drafts accepted 0 of 0, 1 checkpoints
strata serve: decode expert cache hit rate: 100.0% (47 hits / 47 lookups); 433 more read by the GPU over PCIe or from another GPU (90.2% of all 480 routed)
strata serve: resident RAM: 63.28 GiB of experts in RAM, 0 exchanged with the VRAM tier, 0 blob reads from the file
safetensors residency metrics: ram_bytes=67948118016 os_locked_bytes=0 cuda_pinned_bytes=67948118016 promotions=0 promoted_payload_bytes=0 expert_file_bytes=0 (cumulative; payload is not a physical PCIe counter)
safetensors ngram metrics: ple io: 3936 rows, 11.8% row-cache hits, 3472 SSD reads (14.8 MB), read p50 128 us p99 1606 us, blocked 75.848 ms total (submit 2.443 ms), cache 3472/1048576 rows, SSD kept awake by 8 reads (slowest 4.5 ms)
strata serve: expert tiers: GPU 47 hits this request; since the start RAM 80607 blobs, files 0 blobs 0.0 MB read
strata serve: prompt 55 tokens = 54 reused + 1 read in 0 ms (62111.8 tok/s), 1 generated in 37 ms (26.7 tok/s), drafts accepted 0 of 0, 1 checkpoints
strata serve: decode expert cache hit rate: 100.0% (26 hits / 26 lookups); 454 more read by the GPU over PCIe or from another GPU (94.6% of all 480 routed)
strata serve: resident RAM: 63.28 GiB of experts in RAM, 0 exchanged with the VRAM tier, 0 blob reads from the file
safetensors residency metrics: ram_bytes=67948118016 os_locked_bytes=0 cuda_pinned_bytes=67948118016 promotions=0 promoted_payload_bytes=0 expert_file_bytes=0 (cumulative; payload is not a physical PCIe counter)
safetensors ngram metrics: ple io: 3952 rows, 11.7% row-cache hits, 3488 SSD reads (14.9 MB), read p50 128 us p99 1606 us, blocked 75.905 ms total (submit 2.465 ms), cache 3488/1048576 rows, SSD kept awake by 8 reads (slowest 4.5 ms)
strata serve: expert tiers: GPU 26 hits this request; since the start RAM 81061 blobs, files 0 blobs 0.0 MB read
strata serve: prompt 56 tokens = 55 reused + 1 read in 0 ms (67114.1 tok/s), 1 generated in 37 ms (27.4 tok/s), drafts accepted 0 of 0, 1 checkpoints
strata serve: decode expert cache hit rate: 100.0% (53 hits / 53 lookups); 427 more read by the GPU over PCIe or from another GPU (89.0% of all 480 routed)
strata serve: resident RAM: 63.28 GiB of experts in RAM, 0 exchanged with the VRAM tier, 0 blob reads from the file
safetensors residency metrics: ram_bytes=67948118016 os_locked_bytes=0 cuda_pinned_bytes=67948118016 promotions=0 promoted_payload_bytes=0 expert_file_bytes=0 (cumulative; payload is not a physical PCIe counter)
safetensors ngram metrics: ple io: 3968 rows, 11.7% row-cache hits, 3504 SSD reads (14.9 MB), read p50 128 us p99 1606 us, blocked 75.999 ms total (submit 2.484 ms), cache 3504/1048576 rows, SSD kept awake by 8 reads (slowest 4.5 ms)
strata serve: expert tiers: GPU 53 hits this request; since the start RAM 81488 blobs, files 0 blobs 0.0 MB read
strata serve: prompt 57 tokens = 56 reused + 1 read in 0 ms (46729.0 tok/s), 1 generated in 36 ms (27.4 tok/s), drafts accepted 0 of 0, 1 checkpoints
strata serve: decode expert cache hit rate: 100.0% (47 hits / 47 lookups); 433 more read by the GPU over PCIe or from another GPU (90.2% of all 480 routed)
strata serve: resident RAM: 63.28 GiB of experts in RAM, 0 exchanged with the VRAM tier, 0 blob reads from the file
safetensors residency metrics: ram_bytes=67948118016 os_locked_bytes=0 cuda_pinned_bytes=67948118016 promotions=0 promoted_payload_bytes=0 expert_file_bytes=0 (cumulative; payload is not a physical PCIe counter)
safetensors ngram metrics: ple io: 3984 rows, 11.6% row-cache hits, 3520 SSD reads (15.0 MB), read p50 128 us p99 1606 us, blocked 76.069 ms total (submit 2.499 ms), cache 3520/1048576 rows, SSD kept awake by 8 reads (slowest 4.5 ms)
strata serve: expert tiers: GPU 47 hits this request; since the start RAM 81921 blobs, files 0 blobs 0.0 MB read
strata serve: prompt 58 tokens = 57 reused + 1 read in 0 ms (34843.2 tok/s), 1 generated in 34 ms (29.1 tok/s), drafts accepted 0 of 0, 1 checkpoints
strata serve: decode expert cache hit rate: 100.0% (91 hits / 91 lookups); 389 more read by the GPU over PCIe or from another GPU (81.0% of all 480 routed)
strata serve: resident RAM: 63.28 GiB of experts in RAM, 0 exchanged with the VRAM tier, 0 blob reads from the file
safetensors residency metrics: ram_bytes=67948118016 os_locked_bytes=0 cuda_pinned_bytes=67948118016 promotions=0 promoted_payload_bytes=0 expert_file_bytes=0 (cumulative; payload is not a physical PCIe counter)
safetensors ngram metrics: ple io: 4000 rows, 11.6% row-cache hits, 3536 SSD reads (15.1 MB), read p50 128 us p99 1606 us, blocked 76.128 ms total (submit 2.515 ms), cache 3536/1048576 rows, SSD kept awake by 8 reads (slowest 4.5 ms)
strata serve: expert tiers: GPU 91 hits this request; since the start RAM 82310 blobs, files 0 blobs 0.0 MB read
strata serve: prompt 59 tokens = 58 reused + 1 read in 0 ms (63694.3 tok/s), 1 generated in 37 ms (26.9 tok/s), drafts accepted 0 of 0, 1 checkpoints
strata serve: decode expert cache hit rate: 100.0% (32 hits / 32 lookups); 448 more read by the GPU over PCIe or from another GPU (93.3% of all 480 routed)
strata serve: resident RAM: 63.28 GiB of experts in RAM, 0 exchanged with the VRAM tier, 0 blob reads from the file
safetensors residency metrics: ram_bytes=67948118016 os_locked_bytes=0 cuda_pinned_bytes=67948118016 promotions=0 promoted_payload_bytes=0 expert_file_bytes=0 (cumulative; payload is not a physical PCIe counter)
safetensors ngram metrics: ple io: 4016 rows, 11.6% row-cache hits, 3552 SSD reads (15.1 MB), read p50 128 us p99 1606 us, blocked 76.182 ms total (submit 2.524 ms), cache 3552/1048576 rows, SSD kept awake by 8 reads (slowest 4.5 ms)
strata serve: expert tiers: GPU 32 hits this request; since the start RAM 82758 blobs, files 0 blobs 0.0 MB read
strata serve: prompt 60 tokens = 59 reused + 1 read in 0 ms (64935.1 tok/s), 1 generated in 33 ms (29.9 tok/s), drafts accepted 0 of 0, 1 checkpoints
strata serve: decode expert cache hit rate: 100.0% (111 hits / 111 lookups); 369 more read by the GPU over PCIe or from another GPU (76.9% of all 480 routed)
strata serve: resident RAM: 63.28 GiB of experts in RAM, 0 exchanged with the VRAM tier, 0 blob reads from the file
safetensors residency metrics: ram_bytes=67948118016 os_locked_bytes=0 cuda_pinned_bytes=67948118016 promotions=0 promoted_payload_bytes=0 expert_file_bytes=0 (cumulative; payload is not a physical PCIe counter)
safetensors ngram metrics: ple io: 4032 rows, 11.5% row-cache hits, 3568 SSD reads (15.2 MB), read p50 128 us p99 1606 us, blocked 76.251 ms total (submit 2.534 ms), cache 3568/1048576 rows, SSD kept awake by 8 reads (slowest 4.5 ms)
strata serve: expert tiers: GPU 111 hits this request; since the start RAM 83127 blobs, files 0 blobs 0.0 MB read
strata serve: prompt 61 tokens = 60 reused + 1 read in 0 ms (60975.6 tok/s), 1 generated in 35 ms (28.3 tok/s), drafts accepted 0 of 0, 1 checkpoints
strata serve: decode expert cache hit rate: 100.0% (77 hits / 77 lookups); 403 more read by the GPU over PCIe or from another GPU (84.0% of all 480 routed)
strata serve: resident RAM: 63.28 GiB of experts in RAM, 0 exchanged with the VRAM tier, 0 blob reads from the file
safetensors residency metrics: ram_bytes=67948118016 os_locked_bytes=0 cuda_pinned_bytes=67948118016 promotions=0 promoted_payload_bytes=0 expert_file_bytes=0 (cumulative; payload is not a physical PCIe counter)
safetensors ngram metrics: ple io: 4048 rows, 11.5% row-cache hits, 3584 SSD reads (15.3 MB), read p50 128 us p99 1606 us, blocked 76.952 ms total (submit 2.546 ms), cache 3584/1048576 rows, SSD kept awake by 8 reads (slowest 4.5 ms)
strata serve: expert tiers: GPU 77 hits this request; since the start RAM 83530 blobs, files 0 blobs 0.0 MB read
strata serve: prompt 62 tokens = 61 reused + 1 read in 0 ms (57471.3 tok/s), 1 generated in 31 ms (32.7 tok/s), drafts accepted 0 of 0, 1 checkpoints
strata serve: decode expert cache hit rate: 100.0% (163 hits / 163 lookups); 317 more read by the GPU over PCIe or from another GPU (66.0% of all 480 routed)
strata serve: resident RAM: 63.28 GiB of experts in RAM, 0 exchanged with the VRAM tier, 0 blob reads from the file
safetensors residency metrics: ram_bytes=67948118016 os_locked_bytes=0 cuda_pinned_bytes=67948118016 promotions=0 promoted_payload_bytes=0 expert_file_bytes=0 (cumulative; payload is not a physical PCIe counter)
safetensors ngram metrics: ple io: 4064 rows, 11.4% row-cache hits, 3600 SSD reads (15.4 MB), read p50 128 us p99 1606 us, blocked 77.438 ms total (submit 2.558 ms), cache 3600/1048576 rows, SSD kept awake by 8 reads (slowest 4.5 ms)
strata serve: expert tiers: GPU 163 hits this request; since the start RAM 83847 blobs, files 0 blobs 0.0 MB read
strata serve: prompt 63 tokens = 62 reused + 1 read in 0 ms (58139.5 tok/s), 1 generated in 35 ms (28.4 tok/s), drafts accepted 0 of 0, 1 checkpoints
strata serve: decode expert cache hit rate: 100.0% (80 hits / 80 lookups); 400 more read by the GPU over PCIe or from another GPU (83.3% of all 480 routed)
strata serve: resident RAM: 63.28 GiB of experts in RAM, 0 exchanged with the VRAM tier, 0 blob reads from the file
safetensors residency metrics: ram_bytes=67948118016 os_locked_bytes=0 cuda_pinned_bytes=67948118016 promotions=0 promoted_payload_bytes=0 expert_file_bytes=0 (cumulative; payload is not a physical PCIe counter)
safetensors ngram metrics: ple io: 4080 rows, 11.4% row-cache hits, 3616 SSD reads (15.4 MB), read p50 128 us p99 1606 us, blocked 77.843 ms total (submit 2.568 ms), cache 3616/1048576 rows, SSD kept awake by 8 reads (slowest 4.5 ms)
strata serve: expert tiers: GPU 80 hits this request; since the start RAM 84247 blobs, files 0 blobs 0.0 MB read
strata serve: prompt 64 tokens = 63 reused + 1 read in 0 ms (59880.2 tok/s), 1 generated in 37 ms (27.3 tok/s), drafts accepted 0 of 0, 1 checkpoints
strata serve: decode expert cache hit rate: 100.0% (49 hits / 49 lookups); 431 more read by the GPU over PCIe or from another GPU (89.8% of all 480 routed)
strata serve: resident RAM: 63.28 GiB of experts in RAM, 0 exchanged with the VRAM tier, 0 blob reads from the file
safetensors residency metrics: ram_bytes=67948118016 os_locked_bytes=0 cuda_pinned_bytes=67948118016 promotions=0 promoted_payload_bytes=0 expert_file_bytes=0 (cumulative; payload is not a physical PCIe counter)
safetensors ngram metrics: ple io: 4096 rows, 11.3% row-cache hits, 3632 SSD reads (15.5 MB), read p50 128 us p99 1606 us, blocked 77.895 ms total (submit 2.576 ms), cache 3632/1048576 rows, SSD kept awake by 8 reads (slowest 4.5 ms)
strata serve: expert tiers: GPU 49 hits this request; since the start RAM 84678 blobs, files 0 blobs 0.0 MB read
strata serve: prompt 65 tokens = 64 reused + 1 read in 0 ms (60241.0 tok/s), 1 generated in 37 ms (27.1 tok/s), drafts accepted 0 of 0, 1 checkpoints
strata serve: decode expert cache hit rate: 100.0% (42 hits / 42 lookups); 438 more read by the GPU over PCIe or from another GPU (91.2% of all 480 routed)
strata serve: resident RAM: 63.28 GiB of experts in RAM, 0 exchanged with the VRAM tier, 0 blob reads from the file
safetensors residency metrics: ram_bytes=67948118016 os_locked_bytes=0 cuda_pinned_bytes=67948118016 promotions=0 promoted_payload_bytes=0 expert_file_bytes=0 (cumulative; payload is not a physical PCIe counter)
safetensors ngram metrics: ple io: 4112 rows, 11.5% row-cache hits, 3640 SSD reads (15.5 MB), read p50 128 us p99 1606 us, blocked 77.955 ms total (submit 2.589 ms), cache 3640/1048576 rows, SSD kept awake by 8 reads (slowest 4.5 ms)
strata serve: expert tiers: GPU 42 hits this request; since the start RAM 85116 blobs, files 0 blobs 0.0 MB read
strata serve: prompt 66 tokens = 65 reused + 1 read in 0 ms (50000.0 tok/s), 1 generated in 37 ms (27.1 tok/s), drafts accepted 0 of 0, 1 checkpoints
strata serve: decode expert cache hit rate: 100.0% (39 hits / 39 lookups); 441 more read by the GPU over PCIe or from another GPU (91.9% of all 480 routed)
strata serve: resident RAM: 63.28 GiB of experts in RAM, 0 exchanged with the VRAM tier, 0 blob reads from the file
safetensors residency metrics: ram_bytes=67948118016 os_locked_bytes=0 cuda_pinned_bytes=67948118016 promotions=0 promoted_payload_bytes=0 expert_file_bytes=0 (cumulative; payload is not a physical PCIe counter)
safetensors ngram metrics: ple io: 4128 rows, 11.4% row-cache hits, 3656 SSD reads (15.6 MB), read p50 128 us p99 1606 us, blocked 78.438 ms total (submit 2.599 ms), cache 3656/1048576 rows, SSD kept awake by 8 reads (slowest 4.5 ms)
strata serve: expert tiers: GPU 39 hits this request; since the start RAM 85557 blobs, files 0 blobs 0.0 MB read
strata serve: prompt 67 tokens = 66 reused + 1 read in 0 ms (47393.4 tok/s), 1 generated in 36 ms (28.2 tok/s), drafts accepted 0 of 0, 1 checkpoints
strata serve: decode expert cache hit rate: 100.0% (72 hits / 72 lookups); 408 more read by the GPU over PCIe or from another GPU (85.0% of all 480 routed)
strata serve: resident RAM: 63.28 GiB of experts in RAM, 0 exchanged with the VRAM tier, 0 blob reads from the file
safetensors residency metrics: ram_bytes=67948118016 os_locked_bytes=0 cuda_pinned_bytes=67948118016 promotions=0 promoted_payload_bytes=0 expert_file_bytes=0 (cumulative; payload is not a physical PCIe counter)
safetensors ngram metrics: ple io: 4144 rows, 11.4% row-cache hits, 3672 SSD reads (15.7 MB), read p50 128 us p99 1606 us, blocked 78.474 ms total (submit 2.608 ms), cache 3672/1048576 rows, SSD kept awake by 8 reads (slowest 4.5 ms)
strata serve: expert tiers: GPU 72 hits this request; since the start RAM 85965 blobs, files 0 blobs 0.0 MB read
strata serve: prompt 68 tokens = 67 reused + 1 read in 0 ms (23809.5 tok/s), 1 generated in 37 ms (27.0 tok/s), drafts accepted 0 of 0, 1 checkpoints
strata serve: decode expert cache hit rate: 100.0% (46 hits / 46 lookups); 434 more read by the GPU over PCIe or from another GPU (90.4% of all 480 routed)
strata serve: resident RAM: 63.28 GiB of experts in RAM, 0 exchanged with the VRAM tier, 0 blob reads from the file
safetensors residency metrics: ram_bytes=67948118016 os_locked_bytes=0 cuda_pinned_bytes=67948118016 promotions=0 promoted_payload_bytes=0 expert_file_bytes=0 (cumulative; payload is not a physical PCIe counter)
safetensors ngram metrics: ple io: 4160 rows, 11.3% row-cache hits, 3688 SSD reads (15.7 MB), read p50 128 us p99 1606 us, blocked 78.905 ms total (submit 2.616 ms), cache 3688/1048576 rows, SSD kept awake by 8 reads (slowest 4.5 ms)
strata serve: expert tiers: GPU 46 hits this request; since the start RAM 86399 blobs, files 0 blobs 0.0 MB read
strata serve: prompt 69 tokens = 68 reused + 1 read in 0 ms (61728.4 tok/s), 1 generated in 37 ms (27.1 tok/s), drafts accepted 0 of 0, 1 checkpoints
strata serve: decode expert cache hit rate: 100.0% (38 hits / 38 lookups); 442 more read by the GPU over PCIe or from another GPU (92.1% of all 480 routed)
strata serve: resident RAM: 63.28 GiB of experts in RAM, 0 exchanged with the VRAM tier, 0 blob reads from the file
safetensors residency metrics: ram_bytes=67948118016 os_locked_bytes=0 cuda_pinned_bytes=67948118016 promotions=0 promoted_payload_bytes=0 expert_file_bytes=0 (cumulative; payload is not a physical PCIe counter)
safetensors ngram metrics: ple io: 4176 rows, 11.3% row-cache hits, 3704 SSD reads (15.8 MB), read p50 128 us p99 1606 us, blocked 78.936 ms total (submit 2.625 ms), cache 3704/1048576 rows, SSD kept awake by 8 reads (slowest 4.5 ms)
strata serve: expert tiers: GPU 38 hits this request; since the start RAM 86841 blobs, files 0 blobs 0.0 MB read
strata serve: prompt 70 tokens = 69 reused + 1 read in 0 ms (49751.2 tok/s), 1 generated in 35 ms (28.6 tok/s), drafts accepted 0 of 0, 1 checkpoints
strata serve: decode expert cache hit rate: 100.0% (79 hits / 79 lookups); 401 more read by the GPU over PCIe or from another GPU (83.5% of all 480 routed)
strata serve: resident RAM: 63.28 GiB of experts in RAM, 0 exchanged with the VRAM tier, 0 blob reads from the file
safetensors residency metrics: ram_bytes=67948118016 os_locked_bytes=0 cuda_pinned_bytes=67948118016 promotions=0 promoted_payload_bytes=0 expert_file_bytes=0 (cumulative; payload is not a physical PCIe counter)
safetensors ngram metrics: ple io: 4192 rows, 11.3% row-cache hits, 3720 SSD reads (15.9 MB), read p50 128 us p99 1606 us, blocked 78.983 ms total (submit 2.636 ms), cache 3720/1048576 rows, SSD kept awake by 8 reads (slowest 4.5 ms)
strata serve: expert tiers: GPU 79 hits this request; since the start RAM 87242 blobs, files 0 blobs 0.0 MB read
strata serve: prompt 71 tokens = 70 reused + 1 read in 0 ms (64516.1 tok/s), 1 generated in 35 ms (28.3 tok/s), drafts accepted 0 of 0, 1 checkpoints
strata serve: decode expert cache hit rate: 100.0% (73 hits / 73 lookups); 407 more read by the GPU over PCIe or from another GPU (84.8% of all 480 routed)
strata serve: resident RAM: 63.28 GiB of experts in RAM, 0 exchanged with the VRAM tier, 0 blob reads from the file
safetensors residency metrics: ram_bytes=67948118016 os_locked_bytes=0 cuda_pinned_bytes=67948118016 promotions=0 promoted_payload_bytes=0 expert_file_bytes=0 (cumulative; payload is not a physical PCIe counter)
safetensors ngram metrics: ple io: 4208 rows, 11.2% row-cache hits, 3736 SSD reads (15.9 MB), read p50 128 us p99 1606 us, blocked 79.023 ms total (submit 2.646 ms), cache 3736/1048576 rows, SSD kept awake by 8 reads (slowest 4.5 ms)
strata serve: expert tiers: GPU 73 hits this request; since the start RAM 87649 blobs, files 0 blobs 0.0 MB read
strata serve: prompt 72 tokens = 71 reused + 1 read in 0 ms (65789.5 tok/s), 1 generated in 36 ms (27.8 tok/s), drafts accepted 0 of 0, 1 checkpoints
strata serve: decode expert cache hit rate: 100.0% (60 hits / 60 lookups); 420 more read by the GPU over PCIe or from another GPU (87.5% of all 480 routed)
strata serve: resident RAM: 63.28 GiB of experts in RAM, 0 exchanged with the VRAM tier, 0 blob reads from the file
safetensors residency metrics: ram_bytes=67948118016 os_locked_bytes=0 cuda_pinned_bytes=67948118016 promotions=0 promoted_payload_bytes=0 expert_file_bytes=0 (cumulative; payload is not a physical PCIe counter)
safetensors ngram metrics: ple io: 4224 rows, 11.2% row-cache hits, 3752 SSD reads (16.0 MB), read p50 128 us p99 1605 us, blocked 79.053 ms total (submit 2.655 ms), cache 3752/1048576 rows, SSD kept awake by 8 reads (slowest 4.5 ms)
strata serve: expert tiers: GPU 60 hits this request; since the start RAM 88069 blobs, files 0 blobs 0.0 MB read
strata serve: prompt 73 tokens = 72 reused + 1 read in 0 ms (45248.9 tok/s), 1 generated in 36 ms (27.5 tok/s), drafts accepted 0 of 0, 1 checkpoints
strata serve: decode expert cache hit rate: 100.0% (51 hits / 51 lookups); 429 more read by the GPU over PCIe or from another GPU (89.4% of all 480 routed)
strata serve: resident RAM: 63.28 GiB of experts in RAM, 0 exchanged with the VRAM tier, 0 blob reads from the file
safetensors residency metrics: ram_bytes=67948118016 os_locked_bytes=0 cuda_pinned_bytes=67948118016 promotions=0 promoted_payload_bytes=0 expert_file_bytes=0 (cumulative; payload is not a physical PCIe counter)
safetensors ngram metrics: ple io: 4240 rows, 11.3% row-cache hits, 3760 SSD reads (16.0 MB), read p50 128 us p99 1605 us, blocked 79.055 ms total (submit 2.666 ms), cache 3760/1048576 rows, SSD kept awake by 8 reads (slowest 4.5 ms)
strata serve: expert tiers: GPU 51 hits this request; since the start RAM 88498 blobs, files 0 blobs 0.0 MB read
strata serve: prompt 74 tokens = 73 reused + 1 read in 0 ms (47393.4 tok/s), 1 generated in 35 ms (28.8 tok/s), drafts accepted 0 of 0, 1 checkpoints
strata serve: decode expert cache hit rate: 100.0% (88 hits / 88 lookups); 392 more read by the GPU over PCIe or from another GPU (81.7% of all 480 routed)
strata serve: resident RAM: 63.28 GiB of experts in RAM, 0 exchanged with the VRAM tier, 0 blob reads from the file
safetensors residency metrics: ram_bytes=67948118016 os_locked_bytes=0 cuda_pinned_bytes=67948118016 promotions=0 promoted_payload_bytes=0 expert_file_bytes=0 (cumulative; payload is not a physical PCIe counter)
safetensors ngram metrics: ple io: 4256 rows, 11.3% row-cache hits, 3776 SSD reads (16.1 MB), read p50 128 us p99 1605 us, blocked 79.507 ms total (submit 2.688 ms), cache 3776/1048576 rows, SSD kept awake by 8 reads (slowest 4.5 ms)
strata serve: expert tiers: GPU 88 hits this request; since the start RAM 88890 blobs, files 0 blobs 0.0 MB read
strata serve: prompt 75 tokens = 74 reused + 1 read in 0 ms (66225.2 tok/s), 1 generated in 36 ms (27.8 tok/s), drafts accepted 0 of 0, 1 checkpoints
strata serve: decode expert cache hit rate: 100.0% (61 hits / 61 lookups); 419 more read by the GPU over PCIe or from another GPU (87.3% of all 480 routed)
strata serve: resident RAM: 63.28 GiB of experts in RAM, 0 exchanged with the VRAM tier, 0 blob reads from the file
safetensors residency metrics: ram_bytes=67948118016 os_locked_bytes=0 cuda_pinned_bytes=67948118016 promotions=0 promoted_payload_bytes=0 expert_file_bytes=0 (cumulative; payload is not a physical PCIe counter)
safetensors ngram metrics: ple io: 4272 rows, 11.2% row-cache hits, 3792 SSD reads (16.2 MB), read p50 128 us p99 1605 us, blocked 79.570 ms total (submit 2.699 ms), cache 3792/1048576 rows, SSD kept awake by 8 reads (slowest 4.5 ms)
strata serve: expert tiers: GPU 61 hits this request; since the start RAM 89309 blobs, files 0 blobs 0.0 MB read
strata serve: prompt 76 tokens = 75 reused + 1 read in 0 ms (64102.6 tok/s), 1 generated in 36 ms (27.8 tok/s), drafts accepted 0 of 0, 1 checkpoints
strata serve: decode expert cache hit rate: 100.0% (58 hits / 58 lookups); 422 more read by the GPU over PCIe or from another GPU (87.9% of all 480 routed)
strata serve: resident RAM: 63.28 GiB of experts in RAM, 0 exchanged with the VRAM tier, 0 blob reads from the file
safetensors residency metrics: ram_bytes=67948118016 os_locked_bytes=0 cuda_pinned_bytes=67948118016 promotions=0 promoted_payload_bytes=0 expert_file_bytes=0 (cumulative; payload is not a physical PCIe counter)
safetensors ngram metrics: ple io: 4288 rows, 11.2% row-cache hits, 3808 SSD reads (16.2 MB), read p50 128 us p99 1605 us, blocked 79.609 ms total (submit 2.717 ms), cache 3808/1048576 rows, SSD kept awake by 8 reads (slowest 4.5 ms)
strata serve: expert tiers: GPU 58 hits this request; since the start RAM 89731 blobs, files 0 blobs 0.0 MB read
strata serve: prompt 77 tokens = 76 reused + 1 read in 0 ms (48543.7 tok/s), 1 generated in 36 ms (27.7 tok/s), drafts accepted 0 of 0, 1 checkpoints
strata serve: decode expert cache hit rate: 100.0% (58 hits / 58 lookups); 422 more read by the GPU over PCIe or from another GPU (87.9% of all 480 routed)
strata serve: resident RAM: 63.28 GiB of experts in RAM, 0 exchanged with the VRAM tier, 0 blob reads from the file
safetensors residency metrics: ram_bytes=67948118016 os_locked_bytes=0 cuda_pinned_bytes=67948118016 promotions=0 promoted_payload_bytes=0 expert_file_bytes=0 (cumulative; payload is not a physical PCIe counter)
safetensors ngram metrics: ple io: 4304 rows, 11.2% row-cache hits, 3824 SSD reads (16.3 MB), read p50 128 us p99 1605 us, blocked 79.635 ms total (submit 2.726 ms), cache 3824/1048576 rows, SSD kept awake by 8 reads (slowest 4.5 ms)
strata serve: expert tiers: GPU 58 hits this request; since the start RAM 90153 blobs, files 0 blobs 0.0 MB read
strata serve: prompt 78 tokens = 77 reused + 1 read in 0 ms (67114.1 tok/s), 1 generated in 35 ms (28.5 tok/s), drafts accepted 0 of 0, 1 checkpoints
strata serve: decode expert cache hit rate: 100.0% (76 hits / 76 lookups); 404 more read by the GPU over PCIe or from another GPU (84.2% of all 480 routed)
strata serve: resident RAM: 63.28 GiB of experts in RAM, 0 exchanged with the VRAM tier, 0 blob reads from the file
safetensors residency metrics: ram_bytes=67948118016 os_locked_bytes=0 cuda_pinned_bytes=67948118016 promotions=0 promoted_payload_bytes=0 expert_file_bytes=0 (cumulative; payload is not a physical PCIe counter)
safetensors ngram metrics: ple io: 4320 rows, 11.3% row-cache hits, 3832 SSD reads (16.3 MB), read p50 128 us p99 1605 us, blocked 79.636 ms total (submit 2.735 ms), cache 3832/1048576 rows, SSD kept awake by 8 reads (slowest 4.5 ms)
strata serve: expert tiers: GPU 76 hits this request; since the start RAM 90557 blobs, files 0 blobs 0.0 MB read
strata serve: prompt 79 tokens = 78 reused + 1 read in 0 ms (64935.1 tok/s), 1 generated in 33 ms (29.9 tok/s), drafts accepted 0 of 0, 1 checkpoints
strata serve: decode expert cache hit rate: 100.0% (107 hits / 107 lookups); 373 more read by the GPU over PCIe or from another GPU (77.7% of all 480 routed)
strata serve: resident RAM: 63.28 GiB of experts in RAM, 0 exchanged with the VRAM tier, 0 blob reads from the file
safetensors residency metrics: ram_bytes=67948118016 os_locked_bytes=0 cuda_pinned_bytes=67948118016 promotions=0 promoted_payload_bytes=0 expert_file_bytes=0 (cumulative; payload is not a physical PCIe counter)
safetensors ngram metrics: ple io: 4336 rows, 11.6% row-cache hits, 3832 SSD reads (16.3 MB), read p50 128 us p99 1605 us, blocked 79.636 ms total (submit 2.735 ms), cache 3832/1048576 rows, SSD kept awake by 8 reads (slowest 4.5 ms)
strata serve: expert tiers: GPU 107 hits this request; since the start RAM 90930 blobs, files 0 blobs 0.0 MB read
strata serve: prompt 80 tokens = 79 reused + 1 read in 0 ms (50761.4 tok/s), 1 generated in 35 ms (28.4 tok/s), drafts accepted 0 of 0, 1 checkpoints
strata serve: decode expert cache hit rate: 100.0% (80 hits / 80 lookups); 400 more read by the GPU over PCIe or from another GPU (83.3% of all 480 routed)
strata serve: resident RAM: 63.28 GiB of experts in RAM, 0 exchanged with the VRAM tier, 0 blob reads from the file
safetensors residency metrics: ram_bytes=67948118016 os_locked_bytes=0 cuda_pinned_bytes=67948118016 promotions=0 promoted_payload_bytes=0 expert_file_bytes=0 (cumulative; payload is not a physical PCIe counter)
safetensors ngram metrics: ple io: 4352 rows, 11.9% row-cache hits, 3832 SSD reads (16.3 MB), read p50 128 us p99 1605 us, blocked 79.636 ms total (submit 2.735 ms), cache 3832/1048576 rows, SSD kept awake by 9 reads (slowest 4.5 ms)
strata serve: expert tiers: GPU 80 hits this request; since the start RAM 91330 blobs, files 0 blobs 0.0 MB read
strata serve: prompt 81 tokens = 80 reused + 1 read in 0 ms (64935.1 tok/s), 1 generated in 32 ms (31.4 tok/s), drafts accepted 0 of 0, 1 checkpoints
strata serve: decode expert cache hit rate: 100.0% (143 hits / 143 lookups); 337 more read by the GPU over PCIe or from another GPU (70.2% of all 480 routed)
strata serve: resident RAM: 63.28 GiB of experts in RAM, 0 exchanged with the VRAM tier, 0 blob reads from the file
safetensors residency metrics: ram_bytes=67948118016 os_locked_bytes=0 cuda_pinned_bytes=67948118016 promotions=0 promoted_payload_bytes=0 expert_file_bytes=0 (cumulative; payload is not a physical PCIe counter)
safetensors ngram metrics: ple io: 4368 rows, 11.9% row-cache hits, 3848 SSD reads (16.4 MB), read p50 128 us p99 1605 us, blocked 79.714 ms total (submit 2.745 ms), cache 3848/1048576 rows, SSD kept awake by 9 reads (slowest 4.5 ms)
strata serve: expert tiers: GPU 143 hits this request; since the start RAM 91667 blobs, files 0 blobs 0.0 MB read
strata serve: prompt 82 tokens = 81 reused + 1 read in 0 ms (17182.1 tok/s), 1 generated in 36 ms (27.8 tok/s), drafts accepted 0 of 0, 1 checkpoints
strata serve: decode expert cache hit rate: 100.0% (60 hits / 60 lookups); 420 more read by the GPU over PCIe or from another GPU (87.5% of all 480 routed)
strata serve: resident RAM: 63.28 GiB of experts in RAM, 0 exchanged with the VRAM tier, 0 blob reads from the file
safetensors residency metrics: ram_bytes=67948118016 os_locked_bytes=0 cuda_pinned_bytes=67948118016 promotions=0 promoted_payload_bytes=0 expert_file_bytes=0 (cumulative; payload is not a physical PCIe counter)
safetensors ngram metrics: ple io: 4384 rows, 12.0% row-cache hits, 3856 SSD reads (16.4 MB), read p50 128 us p99 1605 us, blocked 79.786 ms total (submit 2.752 ms), cache 3856/1048576 rows, SSD kept awake by 9 reads (slowest 4.5 ms)
strata serve: expert tiers: GPU 60 hits this request; since the start RAM 92087 blobs, files 0 blobs 0.0 MB read
strata serve: prompt 83 tokens = 82 reused + 1 read in 0 ms (27624.3 tok/s), 1 generated in 35 ms (28.4 tok/s), drafts accepted 0 of 0, 1 checkpoints
strata serve: decode expert cache hit rate: 100.0% (76 hits / 76 lookups); 404 more read by the GPU over PCIe or from another GPU (84.2% of all 480 routed)
strata serve: resident RAM: 63.28 GiB of experts in RAM, 0 exchanged with the VRAM tier, 0 blob reads from the file
safetensors residency metrics: ram_bytes=67948118016 os_locked_bytes=0 cuda_pinned_bytes=67948118016 promotions=0 promoted_payload_bytes=0 expert_file_bytes=0 (cumulative; payload is not a physical PCIe counter)
safetensors ngram metrics: ple io: 4400 rows, 12.0% row-cache hits, 3872 SSD reads (16.5 MB), read p50 128 us p99 1605 us, blocked 79.841 ms total (submit 2.763 ms), cache 3872/1048576 rows, SSD kept awake by 9 reads (slowest 4.5 ms)
strata serve: expert tiers: GPU 76 hits this request; since the start RAM 92491 blobs, files 0 blobs 0.0 MB read
strata serve: prompt 84 tokens = 83 reused + 1 read in 0 ms (64102.6 tok/s), 1 generated in 31 ms (31.8 tok/s), drafts accepted 0 of 0, 1 checkpoints
strata serve: decode expert cache hit rate: 100.0% (150 hits / 150 lookups); 330 more read by the GPU over PCIe or from another GPU (68.8% of all 480 routed)
strata serve: resident RAM: 63.28 GiB of experts in RAM, 0 exchanged with the VRAM tier, 0 blob reads from the file
safetensors residency metrics: ram_bytes=67948118016 os_locked_bytes=0 cuda_pinned_bytes=67948118016 promotions=0 promoted_payload_bytes=0 expert_file_bytes=0 (cumulative; payload is not a physical PCIe counter)
safetensors ngram metrics: ple io: 4416 rows, 12.0% row-cache hits, 3888 SSD reads (16.6 MB), read p50 128 us p99 1605 us, blocked 79.895 ms total (submit 2.777 ms), cache 3888/1048576 rows, SSD kept awake by 9 reads (slowest 4.5 ms)
strata serve: expert tiers: GPU 150 hits this request; since the start RAM 92821 blobs, files 0 blobs 0.0 MB read
strata serve: prompt 85 tokens = 84 reused + 1 read in 0 ms (61728.4 tok/s), 1 generated in 36 ms (27.9 tok/s), drafts accepted 0 of 0, 1 checkpoints
strata serve: decode expert cache hit rate: 100.0% (65 hits / 65 lookups); 415 more read by the GPU over PCIe or from another GPU (86.5% of all 480 routed)
strata serve: resident RAM: 63.28 GiB of experts in RAM, 0 exchanged with the VRAM tier, 0 blob reads from the file
safetensors residency metrics: ram_bytes=67948118016 os_locked_bytes=0 cuda_pinned_bytes=67948118016 promotions=0 promoted_payload_bytes=0 expert_file_bytes=0 (cumulative; payload is not a physical PCIe counter)
safetensors ngram metrics: ple io: 4432 rows, 12.1% row-cache hits, 3896 SSD reads (16.6 MB), read p50 128 us p99 1605 us, blocked 79.911 ms total (submit 2.787 ms), cache 3896/1048576 rows, SSD kept awake by 9 reads (slowest 4.5 ms)
strata serve: expert tiers: GPU 65 hits this request; since the start RAM 93236 blobs, files 0 blobs 0.0 MB read
strata serve: prompt 86 tokens = 85 reused + 1 read in 0 ms (58823.5 tok/s), 1 generated in 32 ms (31.4 tok/s), drafts accepted 0 of 0, 1 checkpoints
strata serve: decode expert cache hit rate: 100.0% (139 hits / 139 lookups); 341 more read by the GPU over PCIe or from another GPU (71.0% of all 480 routed)
strata serve: resident RAM: 63.28 GiB of experts in RAM, 0 exchanged with the VRAM tier, 0 blob reads from the file
safetensors residency metrics: ram_bytes=67948118016 os_locked_bytes=0 cuda_pinned_bytes=67948118016 promotions=0 promoted_payload_bytes=0 expert_file_bytes=0 (cumulative; payload is not a physical PCIe counter)
safetensors ngram metrics: ple io: 4448 rows, 12.4% row-cache hits, 3896 SSD reads (16.6 MB), read p50 128 us p99 1605 us, blocked 79.911 ms total (submit 2.787 ms), cache 3896/1048576 rows, SSD kept awake by 9 reads (slowest 4.5 ms)
strata serve: expert tiers: GPU 139 hits this request; since the start RAM 93577 blobs, files 0 blobs 0.0 MB read
strata serve: prompt 87 tokens = 86 reused + 1 read in 0 ms (63291.1 tok/s), 1 generated in 36 ms (27.9 tok/s), drafts accepted 0 of 0, 1 checkpoints
strata serve: decode expert cache hit rate: 100.0% (63 hits / 63 lookups); 417 more read by the GPU over PCIe or from another GPU (86.9% of all 480 routed)
strata serve: resident RAM: 63.28 GiB of experts in RAM, 0 exchanged with the VRAM tier, 0 blob reads from the file
safetensors residency metrics: ram_bytes=67948118016 os_locked_bytes=0 cuda_pinned_bytes=67948118016 promotions=0 promoted_payload_bytes=0 expert_file_bytes=0 (cumulative; payload is not a physical PCIe counter)
safetensors ngram metrics: ple io: 4464 rows, 12.4% row-cache hits, 3912 SSD reads (16.7 MB), read p50 128 us p99 1605 us, blocked 79.944 ms total (submit 2.799 ms), cache 3912/1048576 rows, SSD kept awake by 9 reads (slowest 4.5 ms)
strata serve: expert tiers: GPU 63 hits this request; since the start RAM 93994 blobs, files 0 blobs 0.0 MB read
strata serve: prompt 88 tokens = 87 reused + 1 read in 0 ms (57142.9 tok/s), 1 generated in 35 ms (28.5 tok/s), drafts accepted 0 of 0, 1 checkpoints
strata serve: decode expert cache hit rate: 100.0% (80 hits / 80 lookups); 400 more read by the GPU over PCIe or from another GPU (83.3% of all 480 routed)
strata serve: resident RAM: 63.28 GiB of experts in RAM, 0 exchanged with the VRAM tier, 0 blob reads from the file
safetensors residency metrics: ram_bytes=67948118016 os_locked_bytes=0 cuda_pinned_bytes=67948118016 promotions=0 promoted_payload_bytes=0 expert_file_bytes=0 (cumulative; payload is not a physical PCIe counter)
safetensors ngram metrics: ple io: 4480 rows, 12.5% row-cache hits, 3920 SSD reads (16.7 MB), read p50 129 us p99 1605 us, blocked 79.980 ms total (submit 2.809 ms), cache 3920/1048576 rows, SSD kept awake by 9 reads (slowest 4.5 ms)
strata serve: expert tiers: GPU 80 hits this request; since the start RAM 94394 blobs, files 0 blobs 0.0 MB read
strata serve: prompt 89 tokens = 88 reused + 1 read in 0 ms (60241.0 tok/s), 1 generated in 37 ms (27.1 tok/s), drafts accepted 0 of 0, 1 checkpoints
strata serve: decode expert cache hit rate: 100.0% (44 hits / 44 lookups); 436 more read by the GPU over PCIe or from another GPU (90.8% of all 480 routed)
strata serve: resident RAM: 63.28 GiB of experts in RAM, 0 exchanged with the VRAM tier, 0 blob reads from the file
safetensors residency metrics: ram_bytes=67948118016 os_locked_bytes=0 cuda_pinned_bytes=67948118016 promotions=0 promoted_payload_bytes=0 expert_file_bytes=0 (cumulative; payload is not a physical PCIe counter)
safetensors ngram metrics: ple io: 4496 rows, 12.6% row-cache hits, 3928 SSD reads (16.7 MB), read p50 129 us p99 1605 us, blocked 80.070 ms total (submit 2.818 ms), cache 3928/1048576 rows, SSD kept awake by 9 reads (slowest 4.5 ms)
strata serve: expert tiers: GPU 44 hits this request; since the start RAM 94830 blobs, files 0 blobs 0.0 MB read
strata serve: prompt 90 tokens = 89 reused + 1 read in 0 ms (63291.1 tok/s), 1 generated in 36 ms (27.5 tok/s), drafts accepted 0 of 0, 1 checkpoints
strata serve: decode expert cache hit rate: 100.0% (52 hits / 52 lookups); 428 more read by the GPU over PCIe or from another GPU (89.2% of all 480 routed)
strata serve: resident RAM: 63.28 GiB of experts in RAM, 0 exchanged with the VRAM tier, 0 blob reads from the file
safetensors residency metrics: ram_bytes=67948118016 os_locked_bytes=0 cuda_pinned_bytes=67948118016 promotions=0 promoted_payload_bytes=0 expert_file_bytes=0 (cumulative; payload is not a physical PCIe counter)
safetensors ngram metrics: ple io: 4512 rows, 12.6% row-cache hits, 3944 SSD reads (16.8 MB), read p50 129 us p99 1605 us, blocked 80.284 ms total (submit 2.830 ms), cache 3944/1048576 rows, SSD kept awake by 9 reads (slowest 4.5 ms)
strata serve: expert tiers: GPU 52 hits this request; since the start RAM 95258 blobs, files 0 blobs 0.0 MB read
strata serve: prompt 91 tokens = 90 reused + 1 read in 0 ms (62500.0 tok/s), 1 generated in 37 ms (27.1 tok/s), drafts accepted 0 of 0, 1 checkpoints
strata serve: decode expert cache hit rate: 100.0% (40 hits / 40 lookups); 440 more read by the GPU over PCIe or from another GPU (91.7% of all 480 routed)
strata serve: resident RAM: 63.28 GiB of experts in RAM, 0 exchanged with the VRAM tier, 0 blob reads from the file
safetensors residency metrics: ram_bytes=67948118016 os_locked_bytes=0 cuda_pinned_bytes=67948118016 promotions=0 promoted_payload_bytes=0 expert_file_bytes=0 (cumulative; payload is not a physical PCIe counter)
safetensors ngram metrics: ple io: 4528 rows, 12.7% row-cache hits, 3952 SSD reads (16.8 MB), read p50 129 us p99 1448 us, blocked 80.295 ms total (submit 2.837 ms), cache 3952/1048576 rows, SSD kept awake by 9 reads (slowest 4.5 ms)
strata serve: expert tiers: GPU 40 hits this request; since the start RAM 95698 blobs, files 0 blobs 0.0 MB read
strata serve: prompt 92 tokens = 91 reused + 1 read in 0 ms (61349.7 tok/s), 1 generated in 37 ms (26.9 tok/s), drafts accepted 0 of 0, 1 checkpoints
strata serve: decode expert cache hit rate: 100.0% (41 hits / 41 lookups); 439 more read by the GPU over PCIe or from another GPU (91.5% of all 480 routed)
strata serve: resident RAM: 63.28 GiB of experts in RAM, 0 exchanged with the VRAM tier, 0 blob reads from the file
safetensors residency metrics: ram_bytes=67948118016 os_locked_bytes=0 cuda_pinned_bytes=67948118016 promotions=0 promoted_payload_bytes=0 expert_file_bytes=0 (cumulative; payload is not a physical PCIe counter)
safetensors ngram metrics: ple io: 4544 rows, 12.7% row-cache hits, 3968 SSD reads (16.9 MB), read p50 129 us p99 1448 us, blocked 80.406 ms total (submit 2.848 ms), cache 3968/1048576 rows, SSD kept awake by 9 reads (slowest 4.5 ms)
strata serve: expert tiers: GPU 41 hits this request; since the start RAM 96137 blobs, files 0 blobs 0.0 MB read
strata serve: prompt 93 tokens = 92 reused + 1 read in 0 ms (58139.5 tok/s), 1 generated in 37 ms (27.2 tok/s), drafts accepted 0 of 0, 1 checkpoints
strata serve: decode expert cache hit rate: 100.0% (51 hits / 51 lookups); 429 more read by the GPU over PCIe or from another GPU (89.4% of all 480 routed)
strata serve: resident RAM: 63.28 GiB of experts in RAM, 0 exchanged with the VRAM tier, 0 blob reads from the file
safetensors residency metrics: ram_bytes=67948118016 os_locked_bytes=0 cuda_pinned_bytes=67948118016 promotions=0 promoted_payload_bytes=0 expert_file_bytes=0 (cumulative; payload is not a physical PCIe counter)
safetensors ngram metrics: ple io: 4560 rows, 12.6% row-cache hits, 3984 SSD reads (17.0 MB), read p50 129 us p99 1448 us, blocked 80.424 ms total (submit 2.858 ms), cache 3984/1048576 rows, SSD kept awake by 9 reads (slowest 4.5 ms)
strata serve: expert tiers: GPU 51 hits this request; since the start RAM 96566 blobs, files 0 blobs 0.0 MB read
strata serve: prompt 94 tokens = 93 reused + 1 read in 0 ms (65359.5 tok/s), 1 generated in 36 ms (27.5 tok/s), drafts accepted 0 of 0, 1 checkpoints
strata serve: decode expert cache hit rate: 100.0% (53 hits / 53 lookups); 427 more read by the GPU over PCIe or from another GPU (89.0% of all 480 routed)
strata serve: resident RAM: 63.28 GiB of experts in RAM, 0 exchanged with the VRAM tier, 0 blob reads from the file
safetensors residency metrics: ram_bytes=67948118016 os_locked_bytes=0 cuda_pinned_bytes=67948118016 promotions=0 promoted_payload_bytes=0 expert_file_bytes=0 (cumulative; payload is not a physical PCIe counter)
safetensors ngram metrics: ple io: 4576 rows, 12.6% row-cache hits, 4000 SSD reads (17.1 MB), read p50 128 us p99 1448 us, blocked 80.506 ms total (submit 2.873 ms), cache 4000/1048576 rows, SSD kept awake by 9 reads (slowest 4.5 ms)
strata serve: expert tiers: GPU 53 hits this request; since the start RAM 96993 blobs, files 0 blobs 0.0 MB read
strata serve: prompt 95 tokens = 94 reused + 1 read in 0 ms (49019.6 tok/s), 1 generated in 37 ms (27.0 tok/s), drafts accepted 0 of 0, 1 checkpoints
strata serve: decode expert cache hit rate: 100.0% (39 hits / 39 lookups); 441 more read by the GPU over PCIe or from another GPU (91.9% of all 480 routed)
strata serve: resident RAM: 63.28 GiB of experts in RAM, 0 exchanged with the VRAM tier, 0 blob reads from the file
safetensors residency metrics: ram_bytes=67948118016 os_locked_bytes=0 cuda_pinned_bytes=67948118016 promotions=0 promoted_payload_bytes=0 expert_file_bytes=0 (cumulative; payload is not a physical PCIe counter)
safetensors ngram metrics: ple io: 4592 rows, 12.5% row-cache hits, 4016 SSD reads (17.1 MB), read p50 128 us p99 1448 us, blocked 80.586 ms total (submit 2.884 ms), cache 4016/1048576 rows, SSD kept awake by 9 reads (slowest 4.5 ms)
strata serve: expert tiers: GPU 39 hits this request; since the start RAM 97434 blobs, files 0 blobs 0.0 MB read
strata serve: prompt 96 tokens = 95 reused + 1 read in 0 ms (64102.6 tok/s), 1 generated in 37 ms (27.4 tok/s), drafts accepted 0 of 0, 1 checkpoints
strata serve: decode expert cache hit rate: 100.0% (50 hits / 50 lookups); 430 more read by the GPU over PCIe or from another GPU (89.6% of all 480 routed)
strata serve: resident RAM: 63.28 GiB of experts in RAM, 0 exchanged with the VRAM tier, 0 blob reads from the file
safetensors residency metrics: ram_bytes=67948118016 os_locked_bytes=0 cuda_pinned_bytes=67948118016 promotions=0 promoted_payload_bytes=0 expert_file_bytes=0 (cumulative; payload is not a physical PCIe counter)
safetensors ngram metrics: ple io: 4608 rows, 12.7% row-cache hits, 4024 SSD reads (17.2 MB), read p50 128 us p99 1448 us, blocked 80.663 ms total (submit 2.894 ms), cache 4024/1048576 rows, SSD kept awake by 9 reads (slowest 4.5 ms)
strata serve: expert tiers: GPU 50 hits this request; since the start RAM 97864 blobs, files 0 blobs 0.0 MB read
strata serve: prompt 97 tokens = 96 reused + 1 read in 0 ms (65359.5 tok/s), 1 generated in 35 ms (28.7 tok/s), drafts accepted 0 of 0, 1 checkpoints
strata serve: decode expert cache hit rate: 100.0% (82 hits / 82 lookups); 398 more read by the GPU over PCIe or from another GPU (82.9% of all 480 routed)
strata serve: resident RAM: 63.28 GiB of experts in RAM, 0 exchanged with the VRAM tier, 0 blob reads from the file
safetensors residency metrics: ram_bytes=67948118016 os_locked_bytes=0 cuda_pinned_bytes=67948118016 promotions=0 promoted_payload_bytes=0 expert_file_bytes=0 (cumulative; payload is not a physical PCIe counter)
safetensors ngram metrics: ple io: 4624 rows, 12.6% row-cache hits, 4040 SSD reads (17.2 MB), read p50 128 us p99 1448 us, blocked 80.689 ms total (submit 2.911 ms), cache 4040/1048576 rows, SSD kept awake by 9 reads (slowest 4.5 ms)
strata serve: expert tiers: GPU 82 hits this request; since the start RAM 98262 blobs, files 0 blobs 0.0 MB read
strata serve: prompt 98 tokens = 97 reused + 1 read in 0 ms (59523.8 tok/s), 1 generated in 35 ms (28.4 tok/s), drafts accepted 0 of 0, 1 checkpoints
strata serve: decode expert cache hit rate: 100.0% (72 hits / 72 lookups); 408 more read by the GPU over PCIe or from another GPU (85.0% of all 480 routed)
strata serve: resident RAM: 63.28 GiB of experts in RAM, 0 exchanged with the VRAM tier, 0 blob reads from the file
safetensors residency metrics: ram_bytes=67948118016 os_locked_bytes=0 cuda_pinned_bytes=67948118016 promotions=0 promoted_payload_bytes=0 expert_file_bytes=0 (cumulative; payload is not a physical PCIe counter)
safetensors ngram metrics: ple io: 4640 rows, 12.8% row-cache hits, 4048 SSD reads (17.3 MB), read p50 128 us p99 1448 us, blocked 80.690 ms total (submit 2.924 ms), cache 4048/1048576 rows, SSD kept awake by 9 reads (slowest 4.5 ms)
strata serve: expert tiers: GPU 72 hits this request; since the start RAM 98670 blobs, files 0 blobs 0.0 MB read
strata serve: prompt 99 tokens = 98 reused + 1 read in 0 ms (66666.7 tok/s), 1 generated in 34 ms (29.1 tok/s), drafts accepted 0 of 0, 1 checkpoints
strata serve: decode expert cache hit rate: 100.0% (90 hits / 90 lookups); 390 more read by the GPU over PCIe or from another GPU (81.2% of all 480 routed)
strata serve: resident RAM: 63.28 GiB of experts in RAM, 0 exchanged with the VRAM tier, 0 blob reads from the file
safetensors residency metrics: ram_bytes=67948118016 os_locked_bytes=0 cuda_pinned_bytes=67948118016 promotions=0 promoted_payload_bytes=0 expert_file_bytes=0 (cumulative; payload is not a physical PCIe counter)
safetensors ngram metrics: ple io: 4656 rows, 13.1% row-cache hits, 4048 SSD reads (17.3 MB), read p50 128 us p99 1448 us, blocked 80.690 ms total (submit 2.924 ms), cache 4048/1048576 rows, SSD kept awake by 9 reads (slowest 4.5 ms)
strata serve: expert tiers: GPU 90 hits this request; since the start RAM 99060 blobs, files 0 blobs 0.0 MB read
strata serve: prompt 100 tokens = 99 reused + 1 read in 0 ms (68027.2 tok/s), 1 generated in 36 ms (27.8 tok/s), drafts accepted 0 of 0, 1 checkpoints
strata serve: decode expert cache hit rate: 100.0% (60 hits / 60 lookups); 420 more read by the GPU over PCIe or from another GPU (87.5% of all 480 routed)
strata serve: resident RAM: 63.28 GiB of experts in RAM, 0 exchanged with the VRAM tier, 0 blob reads from the file
safetensors residency metrics: ram_bytes=67948118016 os_locked_bytes=0 cuda_pinned_bytes=67948118016 promotions=0 promoted_payload_bytes=0 expert_file_bytes=0 (cumulative; payload is not a physical PCIe counter)
safetensors ngram metrics: ple io: 4672 rows, 13.0% row-cache hits, 4064 SSD reads (17.3 MB), read p50 128 us p99 1390 us, blocked 80.736 ms total (submit 2.941 ms), cache 4064/1048576 rows, SSD kept awake by 9 reads (slowest 4.5 ms)
strata serve: expert tiers: GPU 60 hits this request; since the start RAM 99480 blobs, files 0 blobs 0.0 MB read
strata serve: prompt 101 tokens = 100 reused + 1 read in 0 ms (62500.0 tok/s), 1 generated in 35 ms (28.3 tok/s), drafts accepted 0 of 0, 1 checkpoints
strata serve: decode expert cache hit rate: 100.0% (66 hits / 66 lookups); 414 more read by the GPU over PCIe or from another GPU (86.2% of all 480 routed)
strata serve: resident RAM: 63.28 GiB of experts in RAM, 0 exchanged with the VRAM tier, 0 blob reads from the file
safetensors residency metrics: ram_bytes=67948118016 os_locked_bytes=0 cuda_pinned_bytes=67948118016 promotions=0 promoted_payload_bytes=0 expert_file_bytes=0 (cumulative; payload is not a physical PCIe counter)
safetensors ngram metrics: ple io: 4688 rows, 13.0% row-cache hits, 4080 SSD reads (17.4 MB), read p50 128 us p99 1390 us, blocked 80.750 ms total (submit 2.950 ms), cache 4080/1048576 rows, SSD kept awake by 9 reads (slowest 4.5 ms)
strata serve: expert tiers: GPU 66 hits this request; since the start RAM 99894 blobs, files 0 blobs 0.0 MB read
strata serve: prompt 102 tokens = 101 reused + 1 read in 0 ms (49751.2 tok/s), 1 generated in 36 ms (28.2 tok/s), drafts accepted 0 of 0, 1 checkpoints
strata serve: decode expert cache hit rate: 100.0% (67 hits / 67 lookups); 413 more read by the GPU over PCIe or from another GPU (86.0% of all 480 routed)
strata serve: resident RAM: 63.28 GiB of experts in RAM, 0 exchanged with the VRAM tier, 0 blob reads from the file
safetensors residency metrics: ram_bytes=67948118016 os_locked_bytes=0 cuda_pinned_bytes=67948118016 promotions=0 promoted_payload_bytes=0 expert_file_bytes=0 (cumulative; payload is not a physical PCIe counter)
safetensors ngram metrics: ple io: 4704 rows, 12.9% row-cache hits, 4096 SSD reads (17.5 MB), read p50 128 us p99 1390 us, blocked 80.769 ms total (submit 2.957 ms), cache 4096/1048576 rows, SSD kept awake by 9 reads (slowest 4.5 ms)
strata serve: expert tiers: GPU 67 hits this request; since the start RAM 100307 blobs, files 0 blobs 0.0 MB read
strata serve: prompt 103 tokens = 102 reused + 1 read in 0 ms (64102.6 tok/s), 1 generated in 34 ms (29.6 tok/s), drafts accepted 0 of 0, 1 checkpoints
strata serve: decode expert cache hit rate: 100.0% (100 hits / 100 lookups); 380 more read by the GPU over PCIe or from another GPU (79.2% of all 480 routed)
strata serve: resident RAM: 63.28 GiB of experts in RAM, 0 exchanged with the VRAM tier, 0 blob reads from the file
safetensors residency metrics: ram_bytes=67948118016 os_locked_bytes=0 cuda_pinned_bytes=67948118016 promotions=0 promoted_payload_bytes=0 expert_file_bytes=0 (cumulative; payload is not a physical PCIe counter)
safetensors ngram metrics: ple io: 4720 rows, 12.9% row-cache hits, 4112 SSD reads (17.5 MB), read p50 128 us p99 1390 us, blocked 80.823 ms total (submit 2.973 ms), cache 4112/1048576 rows, SSD kept awake by 9 reads (slowest 4.5 ms)
strata serve: expert tiers: GPU 100 hits this request; since the start RAM 100687 blobs, files 0 blobs 0.0 MB read
strata serve: prompt 104 tokens = 103 reused + 1 read in 0 ms (28490.0 tok/s), 1 generated in 35 ms (28.4 tok/s), drafts accepted 0 of 0, 1 checkpoints
strata serve: decode expert cache hit rate: 100.0% (76 hits / 76 lookups); 404 more read by the GPU over PCIe or from another GPU (84.2% of all 480 routed)
strata serve: resident RAM: 63.28 GiB of experts in RAM, 0 exchanged with the VRAM tier, 0 blob reads from the file
safetensors residency metrics: ram_bytes=67948118016 os_locked_bytes=0 cuda_pinned_bytes=67948118016 promotions=0 promoted_payload_bytes=0 expert_file_bytes=0 (cumulative; payload is not a physical PCIe counter)
safetensors ngram metrics: ple io: 4736 rows, 12.8% row-cache hits, 4128 SSD reads (17.6 MB), read p50 128 us p99 1390 us, blocked 80.854 ms total (submit 2.981 ms), cache 4128/1048576 rows, SSD kept awake by 9 reads (slowest 4.5 ms)
strata serve: expert tiers: GPU 76 hits this request; since the start RAM 101091 blobs, files 0 blobs 0.0 MB read
strata serve: prompt 105 tokens = 104 reused + 1 read in 0 ms (61349.7 tok/s), 1 generated in 35 ms (28.6 tok/s), drafts accepted 0 of 0, 1 checkpoints
strata serve: decode expert cache hit rate: 100.0% (79 hits / 79 lookups); 401 more read by the GPU over PCIe or from another GPU (83.5% of all 480 routed)
strata serve: resident RAM: 63.28 GiB of experts in RAM, 0 exchanged with the VRAM tier, 0 blob reads from the file
safetensors residency metrics: ram_bytes=67948118016 os_locked_bytes=0 cuda_pinned_bytes=67948118016 promotions=0 promoted_payload_bytes=0 expert_file_bytes=0 (cumulative; payload is not a physical PCIe counter)
safetensors ngram metrics: ple io: 4752 rows, 12.8% row-cache hits, 4144 SSD reads (17.7 MB), read p50 128 us p99 1390 us, blocked 80.879 ms total (submit 2.998 ms), cache 4144/1048576 rows, SSD kept awake by 9 reads (slowest 4.5 ms)
strata serve: expert tiers: GPU 79 hits this request; since the start RAM 101492 blobs, files 0 blobs 0.0 MB read
strata serve: prompt 106 tokens = 105 reused + 1 read in 0 ms (33003.3 tok/s), 1 generated in 36 ms (28.1 tok/s), drafts accepted 0 of 0, 1 checkpoints
strata serve: decode expert cache hit rate: 100.0% (72 hits / 72 lookups); 408 more read by the GPU over PCIe or from another GPU (85.0% of all 480 routed)
strata serve: resident RAM: 63.28 GiB of experts in RAM, 0 exchanged with the VRAM tier, 0 blob reads from the file
safetensors residency metrics: ram_bytes=67948118016 os_locked_bytes=0 cuda_pinned_bytes=67948118016 promotions=0 promoted_payload_bytes=0 expert_file_bytes=0 (cumulative; payload is not a physical PCIe counter)
safetensors ngram metrics: ple io: 4768 rows, 12.8% row-cache hits, 4160 SSD reads (17.7 MB), read p50 128 us p99 1384 us, blocked 80.915 ms total (submit 3.014 ms), cache 4160/1048576 rows, SSD kept awake by 9 reads (slowest 4.5 ms)
strata serve: expert tiers: GPU 72 hits this request; since the start RAM 101900 blobs, files 0 blobs 0.0 MB read
strata serve: prompt 107 tokens = 106 reused + 1 read in 0 ms (47393.4 tok/s), 1 generated in 34 ms (29.2 tok/s), drafts accepted 0 of 0, 1 checkpoints
strata serve: decode expert cache hit rate: 100.0% (93 hits / 93 lookups); 387 more read by the GPU over PCIe or from another GPU (80.6% of all 480 routed)
strata serve: resident RAM: 63.28 GiB of experts in RAM, 0 exchanged with the VRAM tier, 0 blob reads from the file
safetensors residency metrics: ram_bytes=67948118016 os_locked_bytes=0 cuda_pinned_bytes=67948118016 promotions=0 promoted_payload_bytes=0 expert_file_bytes=0 (cumulative; payload is not a physical PCIe counter)
safetensors ngram metrics: ple io: 4784 rows, 12.7% row-cache hits, 4176 SSD reads (17.8 MB), read p50 128 us p99 1384 us, blocked 80.985 ms total (submit 3.025 ms), cache 4176/1048576 rows, SSD kept awake by 9 reads (slowest 4.5 ms)
strata serve: expert tiers: GPU 93 hits this request; since the start RAM 102287 blobs, files 0 blobs 0.0 MB read
strata serve: prompt 108 tokens = 107 reused + 1 read in 0 ms (32894.7 tok/s), 1 generated in 34 ms (29.6 tok/s), drafts accepted 0 of 0, 1 checkpoints
strata serve: decode expert cache hit rate: 100.0% (107 hits / 107 lookups); 373 more read by the GPU over PCIe or from another GPU (77.7% of all 480 routed)
strata serve: resident RAM: 63.28 GiB of experts in RAM, 0 exchanged with the VRAM tier, 0 blob reads from the file
safetensors residency metrics: ram_bytes=67948118016 os_locked_bytes=0 cuda_pinned_bytes=67948118016 promotions=0 promoted_payload_bytes=0 expert_file_bytes=0 (cumulative; payload is not a physical PCIe counter)
safetensors ngram metrics: ple io: 4800 rows, 12.8% row-cache hits, 4184 SSD reads (17.9 MB), read p50 128 us p99 1384 us, blocked 81.023 ms total (submit 3.043 ms), cache 4184/1048576 rows, SSD kept awake by 9 reads (slowest 4.5 ms)
strata serve: expert tiers: GPU 107 hits this request; since the start RAM 102660 blobs, files 0 blobs 0.0 MB read
safetensors: post-residency expert source bytes=0
safetensors: post-residency MTP source bytes=0
